00001740	00831191
00001740	04080833
00001740	04250850
00001740	05200169
00001740	05616246
00002137	00692329
00002325	00831191
00002325	03110322
00002573	03110322
00002684	00532607
00002724	14058252
00002942	00833870
00003316	00836788
00003431	00117578
00003431	09229709
00003553	00050693
00003553	00367685
00003553	00368109
00003553	01462005
00003553	02625016
00003826	14359459
00004032	07129602
00004227	00835267
00004227	14842091
00004475	02614181
00004605	01253060
00004605	14842091
00004605	15109745
00004819	10616578
00004819	14314850
00005041	00836788
00005041	04080833
00005526	00834135
00005526	00834460
00005526	00835501
00005526	00837098
00005815	14359174
00006032	00652900
00006032	00653620
00006238	00118552
00006238	13477934
00006336	01539633
00006336	02765464
00006336	04940964
00006336	05010062
00006484	00327031
00006484	02685299
00006523	00834460
00006802	00834460
00006802	00835501
00007012	00835501
00007328	00837293
00007347	00770437
00007347	01645601
00007549	00836149
00007549	10616670
00007739	00117959
00007739	10783539
00007846	00388065
00007846	00727573
00007846	01557614
00007846	04618781
00008055	01265176
00008055	05313822
00008435	00117959
00008602	10643727
00009147	01318660
00009147	09438055
00009147	13516842
00009147	13555599
00009492	11445564
00009631	00335988
00009631	14361664
00009978	10132988
00011551	01225562
00011551	04838727
00011757	05854150
00011982	10497202
00012434	10274318
00012434	10682038
00012944	01219306
00013160	04759849
00013172	00074790
00013172	09879744
00013328	00041188
00013328	03964744
00013615	07014029
00013858	10098092
00013887	02715279
00013887	05115040
00014034	00867983
00014034	14004572
00014201	00348801
00014201	00867983
00014405	10524973
00014549	00165942
00014549	10484526
00014549	14004317
00014742	05681117
00014742	10610465
00014742	14024882
00014742	15273626
00014742	15273955
00015303	00858377
00015303	00858849
00015388	01617192
00015388	01680756
00015498	00858377
00015498	15273626
00016183	14014162
00016380	00858849
00016756	05116953
00017031	00835976
00017222	01567275
00017222	11531090
00017674	10026976
00018158	00324384
00018158	10532576
00018526	01259773
00018526	05678745
00018526	10763878
00018813	01259773
00018813	05678745
00018813	10763985
00019131	02007417
00019613	00625393
00019792	09821253
00020671	10195261
00020671	11176932
00020671	14026592
00020926	07491286
00021065	02710766
00021065	03041491
00021265	01204191
00021554	03299929
00021679	03060294
00021826	03022406
00022316	00695300
00022316	04470232
00022316	04903813
00022686	01046984
00022686	02309341
00022686	02888133
00022686	04320126
00022686	04836683
00022686	05035961
00022686	10056103
00022686	11452218
00022686	14050143
00023473	03930777
00023646	07478318
00023773	01649999
00023773	02766328
00024279	01048466
00024279	09402704
00024814	00401783
00025034	00255214
00025034	00255710
00025203	14544335
00025654	04072811
00025654	07515974
00025654	09407043
00025728	05039709
00025728	14712036
00026153	14544335
00026192	01771535
00026385	01064148
00026734	01065057
00027064	01144716
00027167	00413876
00027167	02286204
00027167	02333689
00027167	02694933
00027268	00628692
00027268	05294606
00027705	00944449
00027705	05294606
00028362	01048466
00028362	09402704
00028565	05601357
00028565	06878071
00028565	10614363
00029025	06878071
00029025	10147262
00029336	06878580
00029836	06778925
00029836	07121361
00029836	07126734
00030358	01643657
00030358	01649999
00030358	02367363
00030647	14066203
00030647	14066492
00031264	00656576
00031264	01089878
00031663	07127563
00031820	06778102
00031820	07127006
00031820	10248876
00031921	00713167
00031921	02724417
00031921	13780719
00031921	13812607
00031921	13928388
00032539	06716483
00032539	10616379
00032778	06716483
00032778	10616379
00032981	00878797
00032981	06877849
00033020	00740577
00033020	00742320
00033020	00760402
00033020	01070102
00033020	02231661
00033574	04635631
00033599	04674715
00033599	04679738
00033615	00489837
00033615	00647094
00033615	00681429
00033615	02645007
00033852	06877849
00034115	06691989
00034115	09926088
00034288	06877578
00034574	01372049
00034758	06877742
00034758	10627899
00034948	00835501
00035189	01640855
00035189	02526085
00035603	00255214
00035603	09843602
00035758	00251013
00035758	03040587
00036178	00255710
00036362	00255710
00036780	00251780
00036932	04253437
00036932	09439213
00037396	02367363
00037457	13440063
00037457	14006945
00037514	00254597
00037514	03177165
00037919	00257770
00037919	00427853
00037919	02807731
00037919	02808440
00037919	09843602
00038365	00256961
00038365	01244593
00038365	03074855
00038365	03075097
00038687	04947628
00038750	04635104
00038750	09764900
00038750	14006945
00038849	05256862
00038849	07938773
00039021	02376958
00039121	05259109
00039297	00743344
00039488	05259240
00039592	04635631
00039592	04636397
00039950	03794136
00040152	02257370
00040152	02372326
00040188	00256961
00040325	13518963
00040353	00828237
00040685	14010148
00040928	03714235
00040962	02458103
00040962	13928668
00041188	00013328
00041188	01072949
00041188	01079480
00041188	02418421
00041188	02418686
00041899	00094460
00041899	02208265
00041899	02210855
00042311	00770437
00042311	01645601
00042457	14006945
00042541	00056930
00042757	01848718
00042757	02008396
00042757	02014165
00043195	00598954
00043195	00721437
00043195	01637982
00043195	02128066
00043195	02154508
00043195	02248465
00043195	02285629
00043195	02286687
00043411	13518963
00043411	14006945
00043480	03916031
00043480	03916470
00043480	05714466
00043609	02222318
00043683	00828559
00043683	02728440
00043765	01644746
00043765	13954818
00043902	01111816
00043902	01405044
00044149	02756098
00044149	03859958
00044149	04092168
00044150	01642924
00044150	02408965
00044353	14481929
00044353	14482620
00044455	00423971
00044455	00528990
00044673	00417001
00044673	01115411
00044797	02756098
00044797	10033225
00044900	02457058
00045250	01643657
00045250	01649999
00045639	10644301
00045646	01097960
00045646	01381549
00045817	13547513
00045907	02247977
00046109	00150287
00046109	00299580
00046151	10117739
00046344	01713348
00046522	01206218
00046522	01206849
00046534	00828237
00046534	02728440
00046534	10033082
00047172	03497657
00047317	00795008
00047745	00830257
00047745	02539359
00047745	03051540
00047945	00828237
00047945	02728440
00047945	02742322
00047945	02756098
00047945	03051540
00047945	03419014
00047945	10033082
00048129	00640828
00048129	00949288
00048129	02679788
00048225	02022162
00048374	02005948
00048656	02006834
00048656	02020590
00048828	02005948
00048912	03236735
00049003	01720660
00049003	02016523
00049007	04197391
00049636	02018524
00049669	03112869
00049770	04199027
00049900	00531490
00049900	10664340
00050037	02471327
00050037	02471690
00050195	01721169
00050652	02539359
00050652	03051540
00050693	00003553
00050693	00426581
00050693	00528990
00050693	01990694
00050693	02625016
00051045	04792357
00051060	04143897
00051170	04241249
00051511	03057021
00051511	03058603
00051712	01227235
00051712	01229071
00051761	03113835
00051942	09991026
00052043	03051540
00052043	03450516
00052043	04097866
00052043	04532106
00052146	01305731
00052146	02085742
00052334	01981436
00052334	02087156
00052374	02539359
00052374	03051540
00052500	01979901
00052548	00845178
00052548	05404336
00052548	07436986
00052672	01356750
00052672	04935528
00052672	14702416
00052845	00919877
00053097	00613683
00053097	02009433
00053097	02014165
00053097	02015598
00053097	02030158
00053341	07436986
00053609	00426958
00053656	07437575
00053889	07437575
00053913	00173338
00053913	00495998
00053913	00799383
00053913	01511380
00053913	01994442
00053913	02428487
00054059	07437372
00054628	00849982
00054628	01323355
00054628	07324380
00054628	08368907
00054628	10080869
00054628	10102800
00054628	10332385
00055010	05404336
00055010	13471815
00055142	00849523
00055142	00849982
00055142	13550318
00055315	00614057
00055315	02584097
00055539	00849982
00055539	05171045
00055633	02073714
00055871	00849982
00056188	13134947
00056188	13485408
00056334	00849523
00056334	00849982
00056334	08101410
00056688	01994442
00056930	00042541
00056930	07320302
00056930	13532886
00056930	15142167
00057306	01904120
00057306	02015168
00057486	00570694
00057486	01113806
00057486	01994442
00057506	14048441
00057665	10734394
00057895	02376542
00058002	01979241
00058265	02412440
00058265	07667151
00058337	01979462
00058645	02395406
00058645	13479034
00058743	02074677
00058743	02075462
00059019	07510923
00059019	14046202
00059019	15226214
00059127	02074377
00059376	01888295
00059376	02074377
00059376	14486122
00059899	00230324
00059989	02073233
00060185	03567066
00060185	07990824
00060185	13441812
00060185	13491464
00060201	02074677
00060201	02075049
00060477	00667847
00060477	00692506
00060477	00692726
00060477	06329313
00060833	00692349
00060833	10066452
00061171	01990281
00061262	05642175
00061290	01950798
00061290	01955127
00061401	00716179
00061595	00692130
00061595	00692506
00061598	01641632
00061598	01641751
00061792	01641751
00061917	01644746
00061933	00674158
00062133	02197360
00062133	02487718
00062203	13513747
00062397	05457973
00062451	01640855
00062451	02671880
00062582	00253919
00062806	02526085
00063095	13491464
00063277	05648459
00063291	14531392
00063557	14336539
00063724	14336539
00064095	00354884
00064095	00355547
00064095	03879854
00064095	07493280
00064095	09784443
00064479	05155821
00064479	05160796
00064643	07495327
00064789	01062395
00065070	07495327
00065070	10595647
00065070	14285662
00065184	02512305
00065184	06200344
00065575	02523953
00065575	02679012
00065639	10595647
00065791	00796315
00065791	04859177
00066025	07211752
00066025	07211950
00066191	00868196
00066191	07014752
00066191	10773040
00066191	10773126
00066397	02529284
00066636	02528380
00066685	00868196
00066901	02523521
00066901	02523784
00066977	13505843
00067274	00836149
00067274	00868523
00067274	10776339
00067545	05405751
00067545	10418735
00067545	13535261
00067707	01115585
00067707	02385153
00067707	02528985
00067990	02558172
00067999	07432119
00067999	07432337
00067999	14852913
00068333	00093327
00068333	00268165
00068333	00387310
00068617	00093327
00068617	10511239
00068617	10511425
00068858	14008567
00069060	01327028
00069166	14898470
00069295	05327767
00069295	13549672
00069295	13553916
00069531	05968971
00069531	06161223
00069879	00403783
00069879	00744443
00069879	07313636
00069879	07340249
00069879	14285662
00070641	01649999
00070641	02766328
00070816	05724694
00070816	07289014
00070816	14055408
00070816	14322699
00070965	00617748
00070965	00842538
00071178	00421437
00071178	00422551
00071178	04456276
00071178	10716005
00071178	10716389
00071178	14324274
00071178	14333433
00071646	10296832
00071803	14299070
00072012	10435716
00072012	13515958
00072012	13533886
00072012	14855724
00072261	00846509
00072261	01537409
00072473	00619610
00072808	00639478
00072808	00712389
00072989	00865600
00072989	13473097
00073032	02005778
00073032	02378950
00073343	10000007
00073584	00842692
00073584	11517494
00073713	00835903
00073828	00608978
00073828	00617748
00073828	00618057
00074038	04446521
00074038	10000007
00074038	13459088
00074038	13555775
00074038	14854262
00074038	14854581
00074453	14854847
00074624	00614999
00074624	00615774
00074624	02613860
00074790	00013172
00074790	02566227
00074834	10170989
00074834	14288235
00075021	02382204
00075021	14016361
00075021	14562683
00075135	01011725
00075135	07203696
00075421	00356621
00075515	00666886
00075515	00823436
00075515	05167618
00075618	02527651
00076114	02382204
00076114	07540081
00076341	00796976
00076341	00807178
00076393	02174115
00076400	00118733
00076400	00226951
00076400	03283519
00076400	07950418
00076400	10759702
00076400	14855992
00076563	00599835
00076563	00618057
00076884	01972298
00076884	01976488
00076884	01984119
00076884	01984317
00076884	02097047
00077071	14008567
00077419	02210855
00077698	14043882
00077698	14058252
00077950	00225786
00077981	00087736
00078760	00658082
00079018	02207206
00079212	02207890
00079212	02256998
00079398	02244956
00080304	10020890
00080456	10749715
00080705	00665079
00080705	10366966
00081072	00694990
00081072	01083504
00081072	13285714
00081509	15060131
00081572	02207206
00081725	04074482
00081725	10707233
00081836	02325968
00082081	00654885
00082081	01207609
00082081	02298471
00082081	05154908
00082241	04837232
00082308	00354884
00082308	03075768
00082308	04033995
00082308	14445379
00082563	04074482
00082714	00696882
00082714	03237639
00082870	02274482
00082870	02301825
00082870	02381726
00082929	00718815
00082929	03993403
00083124	02785648
00083260	00632236
00083334	00149084
00083523	04333129
00083809	00671351
00083809	01169194
00084230	00612160
00084230	00664110
00084230	03740161
00084371	00601822
00084562	00664110
00084562	03740161
00084738	00695300
00084738	03225238
00084738	03247620
00085046	03990834
00085219	02273293
00085432	02274482
00085626	00712833
00085626	01041674
00085626	09795639
00085626	14966667
00085678	02273293
00085678	02274482
00085907	03845550
00086077	00698609
00086077	01937909
00086297	01302365
00086297	02273293
00086320	00697365
00086809	02648639
00086809	10523519
00086835	00823884
00086835	00824054
00086835	00828990
00086835	04517535
00086835	10207514
00086835	14364306
00086835	14919272
00087218	02273293
00087423	02216710
00087423	02217011
00087736	00077981
00087849	01165290
00088481	02272549
00088532	14018567
00088532	14509712
00088713	13498404
00088713	14174549
00088713	14487731
00088725	01215137
00088725	01215421
00089027	00462092
00089027	01114303
00089027	02272549
00089154	13066129
00089154	14283632
00089324	03208229
00089351	02247977
00089351	02310007
00089351	02310482
00090186	07298982
00090186	07510625
00090186	14285276
00090186	14285662
00090253	00892698
00090253	02210119
00090386	00839292
00090513	00662681
00090708	07433662
00090708	10341955
00090779	02199590
00090779	02200686
00090779	02308741
00090888	10341955
00091013	02228031
00091124	14299070
00091124	14299336
00091124	14361182
00091234	02222318
00091311	05705722
00091968	10214230
00091968	14548343
00092293	13460299
00092293	13464204
00092293	14440875
00092293	14561618
00092366	02244773
00092366	09608377
00092690	09961605
00092690	13452347
00093163	13452347
00093327	00068333
00093483	02551144
00093593	07427534
00093593	10246395
00093775	13574452
00093979	14365741
00094001	02551602
00094001	03109399
00094240	00903711
00094448	05005447
00094460	00041899
00094460	13489037
00095121	02520509
00095329	00199912
00095329	02250625
00095377	13164583
00095377	13487207
00095502	02421374
00095502	02422026
00095502	02497062
00095747	13152742
00095870	13139055
00095870	13140049
00095873	09994943
00095971	00167934
00095971	00384620
00095990	13565781
00096343	02550868
00096513	02550868
00096766	05417472
00096766	13479889
00096969	01439604
00097179	05417472
00097179	13479889
00097394	11486708
00097394	14313440
00097504	01712704
00098083	01048210
00098083	04082344
00098517	01048059
00098770	07327288
00099184	13491616
00099588	01728840
00099721	00624738
00099721	03472232
00099951	10280674
00100044	00893955
00100235	00434075
00100235	00437788
00100543	00938247
00100543	01686132
00100543	01732172
00100551	00624738
00100551	03472232
00100905	01144716
00101191	01724459
00101191	01725051
00101191	01726172
00101277	14544672
00101609	01205961
00101609	04833276
00101609	10421956
00101629	00839597
00101779	00836149
00101779	10618007
00101779	10776339
00101800	04835028
00101800	10047199
00101800	10047459
00101956	00118552
00101956	05416198
00101956	10636874
00101956	13543871
00102457	00479598
00102457	00479932
00102586	00403092
00102586	07420770
00102779	01718952
00102791	05416198
00102927	00480751
00102927	02226013
00102974	05416678
00102974	10033663
00103140	01514655
00103317	00118268
00103317	04112752
00103317	04963588
00103317	13003522
00103317	14050871
00103619	04977561
00103696	04821802
00103834	01506157
00103834	02062212
00103875	13565622
00104026	14290534
00104147	10675010
00104147	11485367
00104249	01511706
00104299	14290534
00104539	01508368
00104868	00116687
00104868	13466586
00104868	13549672
00105164	01512465
00105164	02222318
00105333	01253060
00105479	01507143
00105479	01632897
00105479	02062212
00105554	00431005
00105554	06778102
00105554	10221312
00105554	10224098
00105624	01606574
00105624	02038357
00105778	00427580
00105778	00513401
00105778	06781383
00105778	09930876
00105820	01512625
00106272	01509079
00106456	05113462
00106592	03450230
00106592	03450516
00106843	06608143
00107739	00376994
00107739	14292090
00107875	02033137
00107943	00376994
00107943	14292090
00108303	14292090
00109660	03005920
00109660	07296428
00109660	11412727
00111129	05774129
00112312	01447632
00112312	01871979
00112312	01872645
00112312	01872877
00112628	05774129
00112628	13565379
00112997	01231252
00113113	01387786
00113113	01390616
00113113	01447257
00113113	01447632
00113113	01754105
00113726	01871680
00113726	02094569
00113818	00758972
00113818	07516354
00113818	14036539
00113853	00271879
00114052	00271879
00114095	01871680
00114291	07595180
00114291	07601809
00114431	01448100
00114431	01505254
00114615	07595180
00114615	07601809
00114837	03099945
00114871	01453433
00114871	01454810
00115036	01448100
00115036	01452255
00115036	01454810
00115157	00400083
00115157	03099945
00115500	01452918
00115500	01453256
00115500	01592072
00115500	01891817
00115667	01448100
00115803	01662118
00116376	01455184
00116376	01455866
00116376	01973759
00116376	01974062
00116619	00931453
00116619	06367373
00116687	01375637
00116687	02076999
00117385	05005447
00117385	05677952
00117578	00003431
00117959	00007739
00117959	00008435
00117985	01053617
00118066	05005447
00118238	05006285
00118268	00103317
00118523	05051896
00118552	00006238
00118552	00101956
00118733	00076400
00119074	04748836
00119074	05748285
00119074	07366289
00119266	13559782
00119266	13560079
00119524	04748836
00119524	13559782
00119568	01963942
00119873	01324305
00119873	02987454
00119873	07425011
00119873	10341660
00120010	01966861
00120202	01892104
00120202	01965464
00120515	01967205
00121046	05984584
00121046	07285403
00121166	01031256
00121166	01062555
00121166	01437254
00121166	01951480
00121366	01435380
00121366	02079933
00121645	01955508
00121678	00196084
00121678	00351334
00121678	05789808
00121678	07443761
00121865	05047279
00121865	07326880
00121865	09792555
00122097	13572860
00122106	00949974
00122338	01031256
00122338	01437888
00122954	01134781
00122954	01137138
00123170	00191142
00123170	02504131
00123170	03005920
00123170	05840650
00123170	07296428
00123170	11412727
00123170	13859043
00123234	01133825
00123234	01134238
00123234	01489332
00123430	01136614
00124880	01205696
00125126	01249724
00125126	01392237
00125436	01233027
00125436	01243661
00125436	01247804
00125436	02185373
00125629	01137138
00125629	01152396
00125629	01236164
00125629	01400044
00125629	01405044
00125629	01410223
00125633	07424109
00125841	07324673
00125841	07423365
00126236	01561819
00126264	00191142
00126264	00199707
00126264	03005920
00126264	07296428
00126264	09609871
00126264	11412727
00126264	13859043
00126584	01413173
00126721	01081852
00126721	01082290
00127286	01113473
00127286	01140654
00127531	00227507
00128477	01408297
00128867	01401772
00129089	01406512
00129089	01966861
00130093	01615457
00130347	01154175
00131018	03398467
00131018	08573472
00131018	08626080
00131426	05559256
00132355	01101218
00132385	05556943
00132756	01409523
00132982	01409642
00133338	00863433
00133338	01238640
00133338	01412548
00133338	01414288
00133338	01415807
00133417	04995531
00133668	01414916
00133668	01416871
00133851	04996823
00133981	01412346
00134099	01414088
00134328	00272123
00134472	01420928
00134564	00272123
00134574	01398032
00134574	01411085
00134780	01412759
00134780	01414626
00134780	01415285
00134780	01415585
00135013	06147873
00135013	06372680
00135013	06769238
00135013	07978423
00135285	06366581
00135285	06372095
00135285	06880664
00135311	01229976
00135504	01147060
00135578	06769032
00135718	04721650
00135952	01230555
00136254	15006258
00136329	01371756
00136329	01372556
00136800	13446197
00136800	13897996
00136800	13934900
00136984	01372408
00137313	00157957
00137313	11414411
00137940	11416722
00138221	01431230
00138508	00234892
00138508	00346693
00138508	07351612
00138508	13858604
00138599	01425709
00138956	01350283
00138956	01439190
00138956	01439745
00138956	02304648
00139586	05778749
00139729	07884567
00139908	07884567
00140393	00405079
00140393	01510827
00140393	01606018
00140393	01606736
00140652	01210737
00140652	01211699
00140751	00196084
00140751	00196485
00140751	07443761
00140900	01209678
00140900	01209953
00140967	07358060
00141027	01314738
00141027	02530936
00141396	02150039
00141524	09290777
00141806	00661824
00141806	00662589
00141806	00663353
00141806	02658283
00142191	00925207
00142191	03384535
00142191	03385117
00142191	04184435
00142191	04677514
00142191	05064037
00142191	05930736
00142191	10284064
00142361	02760116
00142665	00652900
00142665	00653620
00143204	07441619
00143204	13875970
00143251	00230276
00143251	00486018
00143251	00696189
00143704	05772044
00143885	01210352
00143914	05259512
00144314	09385137
00144314	09442838
00144445	01431987
00144445	02120140
00144694	07375214
00144694	13899404
00145218	01069190
00145218	01069391
00145218	01291069
00145218	01295275
00145218	02389346
00145218	02622234
00145299	13874558
00145448	04291511
00145448	13878634
00145929	01355646
00146138	07423365
00146443	00190180
00146572	00368847
00146572	00612114
00146572	02032634
00146572	02710402
00146856	00367685
00147187	02023107
00147454	01205696
00147454	01295275
00147595	01296462
00147595	01340439
00147862	00419137
00147862	00419375
00148057	00420132
00148472	13556509
00148763	01017701
00148763	14591091
00148978	01354673
00149084	00083334
00149084	01285440
00149262	01284908
00149262	01344293
00149262	02074377
00149508	01595830
00149699	01596404
00150287	00046109
00150287	01027263
00150287	07369604
00150287	09957614
00150287	13427078
00150591	01170983
00150762	01240514
00150762	01248597
00150762	01608508
00151087	02154312
00151087	02154508
00151279	13815742
00151497	00700708
00151497	00918872
00151497	00920336
00151497	02154508
00151689	00351638
00151689	05109808
00151689	05111835
00151689	07355887
00151689	13457378
00151689	13458571
00152018	00714531
00152018	01026095
00152018	01030132
00152558	00360485
00152727	00645552
00152727	00645771
00152887	07355887
00153263	00363260
00153263	05108947
00153263	07356676
00153263	13497135
00153263	13754293
00153809	00733044
00153961	00665886
00153961	00667224
00153961	01012561
00154233	00664276
00154233	02444662
00154233	02447793
00154433	00665886
00154433	00666510
00154433	02663340
00154778	00365709
00155143	00364260
00155143	07370410
00155298	00667942
00155487	01711749
00155487	02286204
00155487	02509919
00155487	02694933
00155487	02695895
00155547	07358985
00156101	05167237
00156276	15274441
00156390	00539546
00156390	00770437
00156390	00829761
00156390	01628449
00156390	01643657
00156601	00363260
00156601	05108947
00156601	07356676
00156601	13497135
00156601	13754293
00156625	00771961
00156625	00851239
00156625	02585050
00156812	02504562
00156812	02506546
00157081	00701040
00157389	00713167
00157957	00137313
00157957	02569790
00158185	01803936
00158185	02536329
00158185	02600490
00158222	00364260
00158503	05110185
00158804	00372013
00158804	01014990
00158804	07375214
00158804	07961480
00158804	08418103
00158996	10195261
00159177	00770437
00159177	01644050
00159177	01644522
00159236	13368052
00159368	13424865
00159368	13425245
00159620	00776523
00159620	00782527
00159642	13434878
00159880	01128984
00159880	03139749
00159880	05984936
00159880	08287844
00159899	00768778
00159899	00880227
00160086	01152583
00160261	13434878
00160532	01428578
00160688	01428578
00161044	00781652
00161044	00793785
00161225	00916706
00161225	01093380
00161225	06548498
00161225	10069120
00161243	00674607
00161243	00676450
00161243	00679389
00161739	00283911
00161739	01696648
00161987	01165919
00161987	01166258
00161987	06548498
00162167	13354420
00162632	00634472
00162632	00697589
00162632	00699815
00162632	00763399
00162632	00918872
00162688	00197772
00162688	05696425
00162688	07443761
00162688	10680153
00163047	00698398
00163441	00265119
00163441	14424517
00163592	02170427
00163592	05702726
00163779	02391803
00163779	02396205
00163779	02396716
00164072	04083942
00164152	00879540
00164152	02396205
00164152	02396716
00164201	00265119
00164201	00270275
00164201	10514962
00164201	14424517
00164345	00740053
00164444	00401783
00164444	03395745
00164444	07914128
00164579	02234087
00164658	01047338
00164816	10056103
00164816	14049552
00164999	02397266
00165178	02391803
00165178	02395395
00165298	02427726
00165942	00014549
00165942	02367363
00166146	01807882
00166146	04686003
00166172	01076615
00167824	00269963
00167934	00095971
00167934	00261405
00168588	00268557
00168588	01047937
00168588	11505546
00168658	00414409
00168658	00414627
00168658	01855606
00168910	01047338
00169298	01047338
00169458	03005769
00169806	00199707
00169806	07296428
00169806	09609871
00170156	01131197
00170156	01506157
00170156	04781349
00171127	06320801
00171127	13800801
00171586	00264366
00171590	00726300
00171618	02575723
00171618	09998101
00171852	00948206
00171852	08549070
00172505	00260051
00172710	02607909
00172732	01150467
00172732	14493426
00173159	02670186
00173159	02670683
00173338	00053913
00173338	00391599
00173338	15003969
00173764	02169702
00173764	05018934
00176137	06300193
00176459	00671190
00176618	00673710
00176874	00670105
00177186	05161150
00177243	00531490
00177243	14456752
00177578	00393369
00177963	05162217
00178380	14956661
00178832	01728840
00178832	02587895
00179567	11684739
00179718	13135832
00179959	14805899
00180413	00719231
00180413	00797697
00180413	02346895
00180770	00601822
00180837	00251013
00181005	00677038
00181258	13139647
00181258	14805899
00181476	00479932
00181476	02760658
00181476	02760855
00181476	02761392
00181664	08632423
00181781	02400760
00181875	14500567
00182037	03047553
00182037	03864994
00182213	02461314
00182213	02462580
00182269	02902250
00182406	00363788
00182406	01417451
00183053	04718999
00183505	02461314
00183505	02462580
00183505	02463141
00184117	00380083
00184117	00509377
00184117	07374756
00184907	14641397
00185103	15015501
00185104	00482473
00185104	00482893
00185307	00653620
00185465	13531149
00185465	14648100
00185778	03029573
00185857	02769460
00185857	02840619
00186001	07888909
00186001	07926642
00186161	00365012
00186161	14871601
00186567	14634591
00186634	01111816
00186740	14796969
00186740	14798450
00187016	14632129
00187526	00320852
00187526	00321956
00187526	06473381
00188466	03573282
00188580	03438257
00188721	00321562
00189062	03147509
00189189	00381326
00189511	04169707
00189565	02525312
00189580	01388386
00189580	02750835
00189580	05202034
00190023	00390198
00190023	06841365
00190115	00594621
00190115	05675905
00190180	00146443
00190682	14723079
00190783	00634906
00190999	13426376
00190999	14841267
00191142	00123170
00191142	00126264
00191517	00233614
00191517	13496771
00191603	05679611
00191980	01457954
00191980	01458664
00192051	00272878
00192300	00400427
00192613	02269143
00192613	02357228
00192836	01048466
00192836	04631700
00192836	09402704
00192910	02269767
00193130	04632157
00193130	13985818
00193130	14526182
00193486	00378985
00193486	00870453
00193486	05870180
00193486	07373803
00193486	07963711
00194170	05399034
00194170	07844042
00194414	00530592
00194414	00530829
00194534	00394803
00194912	00394803
00194969	02661252
00195342	08541288
00195342	08632423
00195569	00436404
00195569	00436879
00195569	00437125
00195617	08541288
00195617	08632423
00196024	01262441
00196084	00121678
00196084	00140751
00196084	00380159
00196084	00550117
00196084	00555447
00196084	02259005
00196364	00403911
00196364	04694090
00196485	00140751
00196485	00380424
00196485	00553407
00196485	02257767
00196485	02393489
00197419	02405390
00197423	14757848
00197590	00670703
00197610	02405390
00197744	01904182
00197744	11683556
00197772	00162688
00197772	02257767
00197772	02405390
00198057	13139055
00198057	13140049
00198213	01465713
00198213	14757547
00198270	01186958
00198451	02397637
00198631	00679389
00198631	02400037
00198793	02399331
00198850	06741728
00199309	05849284
00199309	06762380
00199490	00269258
00199659	00258854
00199707	00126264
00199707	00169806
00199707	01667132
00199912	00095329
00199912	00258854
00199912	00259177
00199912	10512982
00200397	06427831
00200397	10044879
00200397	10513120
00200768	02433123
00200768	02433381
00200863	00394610
00200863	06428216
00201034	00396825
00201034	00397010
00201034	00397191
00201034	10073992
00201034	10859669
00201058	01915365
00201058	01972131
00201407	06722186
00201407	10076957
00201671	01435380
00201671	02232190
00201722	00945205
00201923	00462092
00201923	00795863
00202236	00751145
00202236	10076957
00202236	13960464
00202284	00775831
00202934	04642258
00202934	07518468
00202934	10326087
00203020	02378950
00203081	01249616
00203213	00742474
00203213	00947719
00203342	00807178
00203342	02237338
00203649	00800930
00203753	00809654
00203753	00811375
00203753	00812149
00203866	13464204
00203866	14422488
00204199	00810557
00204391	13556377
00204439	00613393
00204439	02227741
00204439	02584097
00204585	00068333
00204585	10511239
00204814	00757856
00204943	02073714
00205046	00261029
00205046	05143690
00205046	07357388
00205046	14422179
00205079	00798717
00205079	02379198
00205349	00796976
00205349	02237338
00205349	02502916
00205543	00614057
00205649	02213074
00205885	00248977
00205885	00261029
00205885	02679415
00205885	05143690
00205885	10191613
00205885	14422179
00205891	02303331
00205891	02343595
00206302	02503803
00206600	00864910
00206927	01468576
00206927	02401809
00206927	02501738
00206998	01207609
00206998	05154908
00207184	06903255
00207306	02499312
00207418	13920835
00207434	02465658
00207434	02504017
00207622	02504017
00207728	00271263
00207728	14440623
00208210	00266253
00208210	00374835
00208277	01030397
00208497	13464204
00208497	14561618
00208797	02401809
00208836	11444643
00208836	14560612
00208943	02405252
00209174	13458268
00209546	00795863
00209546	02473431
00209598	13467700
00209837	11444643
00209837	13458019
00209837	14560926
00209943	00352826
00209943	00715074
00210259	13560417
00210518	00484166
00210518	02609764
00210738	13077033
00210738	13077295
00210738	13516176
00210797	02610628
00211108	13460568
00211108	14040846
00211110	00352558
00211110	00484166
00211110	00484892
00211110	00485609
00211110	02425913
00211110	02610628
00211396	13460568
00211396	14040846
00211396	14536831
00211462	00481941
00211593	00486018
00212049	07642471
00212065	02264179
00212173	01900150
00212173	04683453
00212173	05254795
00212205	02379753
00212205	02380009
00212414	07642471
00212790	13460568
00212790	14536831
00212808	01474550
00212808	02227487
00212808	02316304
00213052	02235229
00213052	02316649
00213186	02293321
00213223	07824988
00213343	02235229
00213353	05717342
00213353	07813107
00213694	01097743
00213694	02303331
00213694	02316304
00213694	02534062
00213794	02946921
00213794	02949542
00213794	02950018
00214951	00277376
00214951	14535431
00215314	00355955
00215314	02431320
00215683	02402409
00215800	14535431
00215800	14535643
00215838	02402409
00216038	00355955
00216038	00364297
00216174	02402825
00216174	02422026
00216216	00277811
00216561	15008847
00216723	02404224
00217014	00388635
00217014	01564144
00217014	01619929
00217152	11454591
00217427	01257542
00217700	02472693
00217700	11454591
00217700	11502102
00217773	01564144
00217773	01566185
00217773	01566490
00217956	00278040
00217956	14535431
00218045	01656458
00218045	01661804
00218208	00311338
00218208	00470701
00218208	00472230
00218427	00470701
00218475	03251766
00218602	01133288
00218753	01656458
00219012	00716945
00219012	01323958
00219012	01325536
00219012	01325774
00219012	14578104
00219012	14890659
00219403	03251766
00219403	14779796
00219575	00358431
00219575	02109818
00220115	07338114
00220276	00390906
00220522	02484208
00220869	00264529
00220869	00374063
00220869	04336034
00222135	07926127
00222248	02482425
00222376	01258302
00222472	00971463
00222472	04336034
00222485	01620436
00223500	07427337
00223720	00471711
00223854	01322854
00223983	00479176
00223983	01322854
00224166	04846533
00224738	00532429
00224738	01323338
00224901	00362355
00224901	09476521
00225150	02484570
00225593	00359511
00225593	01569181
00225786	01570744
00225786	01570935
00226071	00362659
00226071	00363052
00226071	14835333
00226071	14835478
00226566	00374224
00226566	05036394
00226618	04840981
00226951	00076400
00227165	00374224
00227165	05036394
00227165	06321054
00227507	00127531
00227595	02325558
00228236	00278403
00228535	02254258
00228535	02352019
00228655	04289027
00228858	07902520
00228858	09866922
00229026	03212811
00229026	13468306
00229260	02140781
00229260	02425913
00229260	02426395
00229280	03212811
00229280	13468306
00229280	13478525
00229280	14836960
00229605	01340522
00229630	00127672
00229630	07295955
00229814	02403537
00229934	02761897
00230172	00427397
00230172	02156546
00230276	00143251
00230276	00455348
00230276	03377582
00230324	00059899
00230324	09757175
00230746	13497135
00231557	13489037
00231567	00470084
00231567	02478059
00231567	02544191
00231567	02644622
00231887	00799798
00231887	02478584
00232386	02477334
00232542	02598211
00232542	08436759
00232863	00799798
00233335	00808182
00233335	01148614
00233335	02003725
00233335	03669886
00233335	04181228
00233335	05124057
00233335	05162455
00233335	05846355
00233335	08512259
00233335	10525134
00233335	13903079
00233335	15224293
00233386	00470084
00233386	02543874
00233614	00191517
00233614	01137696
00233795	01098206
00234217	13930385
00234892	00138508
00234988	02772868
00235110	00318735
00235208	00249313
00235208	00387310
00235368	00808182
00235368	01149480
00235368	05124057
00235368	05162455
00235368	05846355
00235368	15224293
00235435	00345761
00235435	00348746
00235435	01075164
00235435	01628449
00235435	01650610
00235435	02379528
00235435	02600948
00235918	05121418
00235918	06425065
00235918	06807198
00235918	13582013
00236289	04181228
00236581	02381397
00236592	01146039
00236592	02003725
00236999	00375071
00236999	07413899
00236999	07567390
00237078	00404642
00237078	01647229
00237078	01651444
00237078	01659248
00237078	02427103
00237078	02432530
00237078	02434238
00237078	02448185
00237259	00375071
00237259	07413899
00237259	07567390
00237511	00375071
00237511	05038593
00237511	07413899
00237869	01753788
00237877	13547677
00237877	14780267
00238527	00829761
00238527	01644050
00238527	01644522
00238542	13453861
00238867	13530408
00238867	14780040
00238867	14971519
00239230	01008947
00239230	01077887
00239230	02425462
00239230	02426171
00239321	13530408
00239614	13552270
00239614	14889479
00239910	01650610
00239910	02395782
00240131	00351638
00240131	00883611
00240184	01628449
00240184	01641914
00240184	01642437
00240184	01647229
00240184	01753788
00240184	02348568
00240184	02427103
00240293	03709206
00240293	05090441
00240293	13822995
00240571	00365471
00240571	07313004
00240754	10126177
00240938	01569566
00240938	02384041
00241038	00351638
00242003	00346537
00242003	00349416
00242003	00350104
00242583	02434238
00242583	02435867
00242808	01759326
00242808	01762528
00243124	01238424
00243124	07373602
00243373	02395782
00243606	04977247
00243900	00365471
00243900	06468123
00243900	09433952
00243900	09754907
00243918	00322847
00243918	01664172
00243918	01665638
00244416	06468123
00244625	00375071
00244625	03087366
00244625	06468123
00244625	06593099
00245059	07368256
00245059	15274441
00245289	09754051
00245289	13556509
00245457	09779790
00245457	13489037
00246217	00803394
00246217	05860200
00246552	00322151
00246754	00326773
00246754	00328370
00246940	00325328
00246940	00326619
00247390	13517843
00247439	05399847
00247442	00324560
00247792	00323856
00247792	00324231
00248026	13489037
00248026	15145171
00248026	15153787
00248063	00514871
00248368	02191766
00248659	00249501
00248659	00282050
00248659	07357388
00248977	00205885
00249017	10618685
00249313	00235208
00249501	00252990
00249501	00558371
00249679	15153787
00249721	04858785
00249780	02554922
00249852	13512238
00249969	13512238
00250181	13489037
00250181	13512238
00250259	00411020
00250259	01738774
00250710	00251463
00250710	00400883
00251013	00035758
00251013	00180837
00251013	01532434
00251013	01532589
00251013	01533442
00251013	02741960
00251064	13464820
00251064	13477023
00251463	00250710
00251615	08508105
00251780	00036780
00251780	01251228
00251791	06744154
00251791	08508105
00251809	07522729
00252020	01244178
00252020	01393339
00252307	01393714
00252307	01393996
00252430	00455529
00252430	00475647
00252662	00475647
00252662	00475819
00252662	00905283
00252710	09772029
00252710	15147850
00252990	00249501
00253270	00475183
00253395	01815471
00253919	00062582
00254415	01245052
00254597	00037514
00255079	09260218
00255214	00025034
00255214	00035603
00255389	13557766
00255389	15055936
00255710	00025034
00255710	00036178
00255710	00036362
00255710	01535246
00255710	02742842
00256369	13894434
00256507	13570574
00256507	14315192
00256507	14317720
00256746	00038365
00256746	01596645
00256862	00366317
00256862	14063633
00256961	00038365
00256961	00040188
00257269	00946499
00257535	05555917
00257770	00037919
00258109	07436661
00258665	00376400
00258695	01232738
00258695	01254013
00258854	00199659
00258854	00199912
00258854	00384620
00258857	00403092
00258857	07420770
00259177	00199912
00259177	02519991
00259643	02249741
00259643	02250625
00259643	02253456
00259643	02519991
00259894	02250625
00259927	14477342
00260051	00172505
00260622	00265386
00260622	00265673
00260648	00266806
00260648	10308732
00261029	00205046
00261029	00205885
00261314	10712229
00261405	00167934
00261405	00384620
00261533	03338287
00261533	14706026
00261533	14868243
00261604	00293141
00261604	01675963
00261604	02748927
00261705	03932203
00261972	00532886
00262076	00268112
00262249	01675963
00262249	02748927
00262596	01675963
00262703	00267349
00262703	03745285
00262743	01675963
00262792	04857083
00263044	04692157
00263044	14463826
00263044	14464203
00263231	01353226
00263231	13894434
00263492	00293977
00263682	02655020
00263813	01276361
00263813	01582645
00263947	00510364
00263947	01696135
00264034	00367280
00264366	00171586
00264386	00946499
00264529	00220869
00264529	00222135
00264776	04860065
00264776	09614047
00264875	13426238
00264875	14599641
00264875	14607521
00265094	14618253
00265094	14712036
00265094	14778019
00265119	00163441
00265119	00164201
00265119	00926310
00265386	00095971
00265386	00800940
00265386	10515194
00265673	00260622
00265673	10515194
00266197	13538757
00266197	14994328
00266253	00208210
00266586	13538757
00266586	14994328
00266634	05032351
00266798	09315159
00266798	13502909
00266798	14577469
00266806	00260648
00267041	13502909
00267041	14577469
00267217	01330676
00267349	00262703
00267349	01590171
00267349	02357693
00267519	14723628
00267522	02280132
00267855	00353469
00267871	14369744
00267871	14370122
00268112	00262076
00268165	00068333
00268314	07419960
00268557	00168588
00268557	02552449
00269018	02552829
00269140	01146288
00269140	01525116
00269258	00199490
00269258	01655902
00269423	00808767
00269963	00167824
00269963	01631072
00270005	00368302
00270005	07312221
00270215	01156438
00270215	01230283
00270275	00164201
00270561	13491616
00270826	01159025
00270826	04294212
00270826	04294426
00271263	00207728
00271263	01800422
00271263	02579447
00271520	03471779
00271711	01159461
00271711	07356489
00271879	00113853
00271879	00114052
00271946	01159025
00272123	00134328
00272123	00134564
00272391	05651971
00272391	13554343
00272448	02579447
00272683	13463255
00272713	02579447
00272878	00192051
00273077	00970215
00273082	08646306
00273082	13983515
00273319	02579447
00273445	00947923
00273445	14062725
00273449	01799794
00273963	13453428
00273963	13552270
00273963	14889479
00274283	13453428
00274283	13552270
00274283	14889479
00274707	00281101
00274707	00282076
00274724	13475538
00274724	14518924
00274941	00281101
00275151	00286928
00275253	13475538
00275466	13423489
00275607	00806902
00276214	14500047
00276342	00407458
00276373	14499262
00276601	00553173
00276601	00554850
00276601	04904996
00276620	01534147
00276813	00492410
00276813	01531998
00276813	01537409
00276883	01009871
00276883	08456993
00276883	10381369
00276987	00492706
00277376	00214951
00277399	06156346
00277399	06503224
00277569	00601378
00277569	01577093
00277569	01578254
00277569	01967792
00277569	01976220
00277659	01009871
00277659	08456993
00277659	10381369
00277811	01577093
00278040	00217956
00278040	01376082
00278117	14500341
00278221	01374020
00278221	01534609
00278403	00228236
00278551	04952242
00278555	00228655
00278555	01374767
00278810	01201089
00279136	01174973
00279235	01175224
00279239	06497459
00279465	09859684
00279465	14779205
00279822	04961136
00279822	09859684
00279835	01835496
00279835	01850315
00279835	01855606
00280301	04960729
00280301	14779205
00280532	04960277
00280532	14757172
00280586	01850315
00280853	01849221
00280853	02053941
00281101	00274941
00281101	04695176
00281101	04956594
00281101	14984973
00281132	02007417
00281462	02054382
00282050	00248659
00282050	00558371
00282050	01992503
00282050	01993926
00282050	01995549
00282076	00274707
00282076	04695176
00282485	00765977
00282613	09895222
00282652	04962062
00282790	13152742
00282790	13483190
00283090	14985383
00283127	01835496
00283127	02994448
00283568	01882170
00283568	01904930
00283568	01906823
00283568	01912893
00283703	04955633
00283911	00161739
00283911	04956594
00283911	07567139
00284101	01910965
00284101	01911698
00284101	01917980
00284101	01918183
00284101	01919226
00284409	01881180
00284409	01882814
00284669	03789603
00284798	01882170
00284798	01904930
00284798	01912893
00284958	04969242
00285088	04970059
00285141	01916960
00285141	10611361
00285414	04970916
00285557	00490722
00285557	01928838
00285557	02091410
00285557	02091689
00285557	02091885
00285889	00490722
00285889	01912709
00285889	01929254
00285889	02091165
00285889	02091410
00286333	04960582
00286605	04695176
00286605	14498096
00286756	01917244
00286756	01996402
00286798	14793533
00286928	00275151
00286928	04959230
00286928	04959567
00286928	10712474
00286928	14986004
00287258	14989820
00287560	04959230
00287560	14986004
00287735	04975122
00287848	04976952
00288017	04975122
00288486	01928730
00288486	01959482
00288970	01920698
00288970	01920932
00289175	01921204
00289297	04970059
00289388	01901133
00289388	01924882
00289392	04961691
00289532	04962062
00289679	04961691
00289840	04965661
00289974	04959230
00290125	01916634
00290132	04959230
00290276	01864634
00290276	02062212
00290302	00363260
00290302	00374224
00290302	05036394
00290406	01918803
00290579	01919391
00290579	01996735
00290579	02521816
00290740	00351638
00290740	00355252
00290740	09476521
00291286	07014320
00291444	11428379
00291757	11428023
00291873	03665366
00291873	04951373
00291873	05018103
00291873	11473954
00291873	13983147
00291873	13983304
00291873	14687513
00291965	01921204
00292247	03365374
00292386	02165754
00292672	07433662
00292672	10341955
00292712	01917549
00293141	00261604
00293141	04683814
00293760	13571217
00293760	15295045
00293916	01914947
00293916	01926311
00293916	01926984
00293916	02092309
00293977	00263492
00294190	01928390
00294190	01928730
00294245	11669335
00294245	11669921
00294245	13439570
00294452	02061495
00294522	13439570
00294868	01885845
00294884	01151097
00294884	13970764
00295172	02044278
00295346	00999588
00295346	10733117
00295697	00999245
00295697	03451473
00295701	01845720
00295701	01846916
00295701	02102002
00296178	09769929
00296946	01912159
00297404	01881180
00297404	01925694
00297507	13740168
00297507	13742358
00297532	01912159
00297906	15122231
00297906	15129927
00298041	06220616
00298041	08366202
00298041	10618848
00298161	10718131
00298497	01512259
00298497	01930874
00298556	08623927
00298767	07377473
00299217	01957529
00299217	01958615
00299341	04072193
00299580	00046109
00299580	01027263
00299580	05755486
00299580	07369604
00299680	01604251
00300317	03003344
00300537	04930307
00300537	07369604
00300537	10093908
00300761	04728068
00301187	00637259
00301187	00712135
00301187	00926472
00301338	01078086
00302130	10690538
00302394	01451842
00302394	01840238
00302394	01847845
00302394	01940403
00302394	01941093
00302464	00920956
00302464	04787324
00302875	00381567
00302875	00402951
00302875	05021535
00303056	00381567
00303056	00402951
00303056	05021535
00303495	01942347
00303495	01942959
00303495	01955808
00303849	01968275
00304422	05071027
00304422	07313518
00304422	13912992
00304662	00189580
00304662	02750835
00305109	00365471
00305109	09365863
00305537	00365995
00305537	00366317
00305537	14063633
00306017	00377364
00306017	03008275
00306102	02014165
00306314	05202497
00306426	01845720
00306426	01846916
00306723	00377364
00306723	00377686
00306723	03182232
00306723	07308563
00307419	03260293
00307419	10040789
00307474	05207570
00307568	07436475
00307568	14008567
00307631	01930117
00307631	01930482
00307631	01930874
00307631	01955984
00307631	01957529
00307631	02056971
00307631	02057656
00307631	02102398
00307631	02408281
00307631	02684644
00307631	02742232
00307785	07434942
00307785	07435273
00308105	00702773
00308105	11444816
00308370	01843055
00308534	14640434
00309115	01915365
00309310	00377364
00309310	09443136
00309582	07390400
00309792	07390400
00309990	00942988
00309990	04024396
00309990	07314658
00310201	02066304
00310201	10596689
00310666	02082527
00310666	10718131
00311113	05940414
00311338	00218208
00311338	07331013
00311663	04664964
00311809	01843055
00311809	01843364
00311809	10596689
00312553	01846320
00312648	13984082
00312784	01846320
00312932	01846320
00312932	01846658
00312932	01945516
00312990	05940414
00313171	13085113
00313806	01945516
00313987	01048912
00314272	00375625
00314272	04703235
00314469	02909006
00314782	00375625
00314782	11455695
00315020	00353992
00315020	00364600
00315020	00805524
00315020	13328357
00315330	00364600
00315330	13328357
00315383	01324799
00315383	01889074
00315390	01944692
00315390	01945381
00315810	05747582
00315830	01566916
00315956	13328853
00315986	01433294
00315986	01435380
00315986	01449974
00315986	02077656
00315986	02232190
00316594	01974062
00316768	09433952
00317207	01438304
00317888	01018366
00317888	05051896
00317888	05133535
00318035	02230772
00318186	01031256
00318735	00235110
00318735	01061017
00318735	01123415
00318735	01449974
00318735	01601234
00318735	02079933
00318735	02636516
00318735	02700867
00318735	02717102
00318735	02741357
00318816	00366521
00319214	05095691
00319214	05098942
00319406	01005284
00319406	13850304
00319534	05497741
00319939	01998432
00319939	02000868
00319939	02001858
00319939	02535093
00320284	02001858
00320486	02001461
00320486	02001858
00320536	13480848
00320681	07678729
00320852	00187526
00320852	01389776
00320852	01421622
00320852	02502536
00321148	10693459
00321195	01422172
00321486	03872495
00321486	03873064
00321562	00188721
00321731	01422662
00321936	03761084
00321936	11482312
00321956	00187526
00321956	01580467
00321956	01587062
00322151	00246552
00322151	07686873
00322151	07712559
00322228	01482449
00322228	01485158
00322457	00770437
00322457	01645601
00322488	01486312
00322634	01585523
00322847	00243918
00323856	00247792
00323856	07588947
00324056	00081367
00324071	03603722
00324231	00247792
00324384	00018158
00324384	01968569
00324384	01969216
00324384	02644050
00324560	00247442
00324560	07580782
00324806	07576577
00324834	01455866
00325110	00433232
00325110	01921964
00325328	00246940
00325328	07645469
00325502	01921772
00325785	01922895
00326291	01943718
00326291	01955808
00326773	00246754
00326773	03459914
00327031	00006484
00327031	08358594
00327031	14061462
00327145	07787429
00327145	15055181
00327683	01973125
00327824	01876907
00327824	01877620
00328015	02004874
00328015	02078294
00328128	03612814
00328128	05014099
00328327	02494356
00328370	00246754
00328502	01870275
00328502	01886728
00328502	01887576
00328802	00388392
00328802	05083200
00328802	09228324
00328885	00465762
00329031	00465762
00329031	01870275
00329031	01870867
00329031	01888295
00329031	02234781
00329227	02066510
00329227	02066939
00329227	02067689
00329227	02070466
00329227	02743727
00329244	00388392
00329244	05083200
00329244	13913849
00329495	13107891
00329619	01436518
00329619	01541803
00329619	01542207
00329619	02069888
00329654	13163991
00329817	00388392
00329817	00388710
00329817	13887056
00329819	02072159
00329831	02994858
00329831	08521816
00329831	08523483
00330144	00388210
00330144	02754103
00330144	14585519
00330144	14619225
00330160	00438178
00330160	00439343
00330160	02055649
00330160	02055975
00330160	02058994
00330457	00438178
00330457	00439343
00330836	01946138
00330909	13534098
00331082	00358089
00331082	00358290
00331082	05307773
00331082	07805254
00331082	09294716
00331082	11460063
00331082	14948645
00331102	01855155
00331514	01175316
00331655	01864634
00331655	01883344
00331655	01884974
00331655	01893988
00331655	02012344
00331842	04300080
00331950	01831531
00332017	00358290
00332017	03765561
00332154	00358290
00332154	14997012
00332445	14997012
00332672	10016954
00332835	00397953
00332835	03894379
00332835	08509442
00333037	01449427
00333066	00398427
00333203	01449236
00333829	01207527
00334186	00376400
00334186	00708017
00334186	07367548
00334186	09278537
00334356	01899708
00334356	01899891
00334356	02061495
00334509	00992041
00334803	07443010
00334935	01229976
00334935	01230241
00334935	01230555
00334935	02062212
00334996	00376400
00334996	09873604
00335366	00376994
00335366	09278537
00335366	14292090
00335384	02063018
00335653	00386715
00335814	00386715
00335814	01517515
00335923	00376825
00335923	07410207
00335923	10614225
00335988	00009631
00335988	01591158
00335988	01592072
00335988	01864865
00335988	01884383
00335988	01891817
00335988	02243567
00336168	04756887
00336260	00708017
00336260	04692908
00336260	14292090
00336539	04692908
00336539	09243769
00336654	02062632
00336831	05697363
00336922	09258715
00336922	13907272
00337065	07367708
00337210	01864634
00337234	09258715
00337404	04756887
00337903	09442838
00338071	00388210
00338071	07409121
00338071	09285254
00338071	13484303
00338071	13993517
00338641	01346003
00338817	05697363
00339085	03141702
00339463	00659112
00339464	07423560
00339464	07435891
00339934	07283608
00339934	07314277
00339941	07522729
00339941	07523180
00339941	07523286
00340192	01155090
00340192	02049696
00340463	01418667
00340989	02048891
00341285	05701363
00341548	01547390
00341548	02039156
00341695	01506583
00341917	05046471
00342028	02045043
00342028	02045790
00342755	02046755
00342755	02048891
00342755	02049190
00343249	01222645
00343249	01349493
00343249	02046755
00343249	02048891
00343334	01964367
00343334	07342049
00343334	07343363
00343700	02453321
00343771	07342495
00343771	15287830
00344040	01345109
00344040	01346978
00344040	01423285
00344040	01478423
00344040	02140781
00344125	04733640
00344125	04734885
00344174	07295047
00344174	07323024
00344259	01543123
00344421	02142775
00344699	01242208
00344699	02182851
00344942	01545314
00345149	01593763
00345149	01869563
00345149	01870043
00345312	05048301
00345641	01522052
00345761	00235435
00345761	07325190
00345761	10355449
00345761	10363913
00345761	15265518
00345817	01890792
00345926	01878063
00345926	01889129
00345926	02824444
00346095	01901783
00346296	00468791
00346537	00242003
00346693	00138508
00346693	00386715
00346991	04737934
00347420	07286799
00347610	09821253
00347652	01875295
00347652	01889610
00348008	01875295
00348008	01877355
00348008	01884577
00348008	01884974
00348008	01924882
00348008	02243567
00348312	01909397
00348312	01909978
00348571	01876907
00348571	01878719
00348571	01899891
00348571	01901289
00348746	00235435
00348746	07290905
00348746	07325190
00348746	10107303
00348746	15265518
00348801	00014201
00348801	01888946
00349080	01546111
00349416	00242003
00349592	07286014
00349705	01868370
00349705	01898282
00349951	05756203
00350030	01907258
00350104	00242003
00350380	00780575
00350380	02033805
00350380	02034300
00350380	02064887
00350380	02065085
00350380	10544748
00350461	01021579
00350461	04864515
00350461	06200010
00350889	04863074
00351334	00121678
00351334	01946408
00351638	00151689
00351638	00240131
00351638	00241038
00351638	00290740
00351638	00429060
00351824	15271417
00351963	15267536
00352558	00211110
00352826	00209943
00352826	05868477
00352826	07291794
00352826	14562960
00352826	15266911
00353249	01058036
00353469	01574923
00353782	00429060
00353992	00315020
00353992	00493929
00354452	07365849
00354583	00906037
00354634	14010927
00354845	14562960
00354845	15143477
00354884	00064095
00354884	00082308
00354884	01815185
00355252	00290740
00355547	00064095
00355691	02467003
00355691	02467203
00355691	02601808
00355691	02601996
00355919	00427802
00355919	00841125
00355955	00215314
00355955	00216038
00355955	13467916
00356199	01157517
00356367	01158572
00356621	00075421
00356621	01157517
00356621	02280869
00356648	04737934
00356648	04741807
00356790	01387786
00356790	01389329
00356954	07350069
00356954	13885700
00357023	01447868
00357275	00504019
00357275	01456771
00357275	01457206
00357275	01592456
00357275	01592669
00357332	05229805
00357332	07719437
00357332	13164583
00357332	13164763
00357332	13487207
00357332	13544073
00357451	00403967
00357667	13487207
00357680	00365446
00357680	00366275
00357680	00366547
00357906	00431117
00357906	00431327
00357906	00431610
00358089	00331082
00358089	00339085
00358089	01483779
00358089	01593937
00358290	00331082
00358290	00332017
00358290	00332154
00358290	01394464
00358290	01594978
00358431	00219575
00358431	07333649
00358431	07355491
00358431	09994943
00358431	11444117
00358431	13962498
00358431	15143276
00358931	00560893
00359238	01754737
00359492	01560731
00359511	00225593
00359511	14042423
00359511	14043882
00359614	01321002
00359614	01456463
00359903	00429060
00359903	01248782
00359903	01321002
00360143	01321002
00360242	01320513
00360242	01560369
00360485	00152558
00360650	04849759
00360757	00641252
00360932	07320302
00360932	13532886
00360932	15142167
00361192	02215001
00362103	02319428
00362128	02829696
00362128	13875970
00362128	13877918
00362348	01022483
00362348	01076046
00362355	00224901
00362467	04630689
00362610	14010927
00362659	00226071
00362659	00487748
00363052	00226071
00363260	00153263
00363260	00290302
00363493	01063697
00363493	07368256
00363493	14010636
00363493	15271008
00363788	00182406
00364260	00155143
00364260	00158222
00364297	00216038
00364297	01062997
00364479	04631298
00364479	07537068
00364600	00315020
00364600	00315330
00364629	11224877
00364787	00168217
00364787	01943718
00364868	11446242
00364868	13451348
00364868	14836960
00365012	00186161
00365188	00365471
00365188	00375071
00365188	07313241
00365446	00357680
00365471	00240571
00365471	00243900
00365471	00365188
00365513	11692265
00365647	07313241
00365709	00154778
00365810	15062284
00365995	00305537
00366020	07360293
00366020	15062284
00366275	00357680
00366275	03087643
00366275	11446242
00366275	13451348
00366317	00256862
00366317	00305537
00366521	00318816
00366547	00357680
00366691	04975122
00366858	13460568
00366858	13572436
00366858	15055633
00367066	00428583
00367280	00264034
00367552	00839834
00367552	02568999
00367685	00003553
00367685	00381680
00367685	01238424
00367685	05869857
00367685	07373602
00367768	00540235
00367976	00968211
00367976	01378556
00367976	01380122
00367976	02060141
00367976	02082690
00367976	02689299
00368109	00003553
00368109	05869857
00368109	08189659
00368109	09465459
00368109	13583724
00368109	13810323
00368302	00270005
00368302	00968211
00368302	02043190
00368367	05402091
00368367	13454479
00368592	00968211
00368592	01229071
00368592	02030424
00368592	02060141
00368847	00146572
00368847	00612114
00369138	01376245
00369138	01378123
00369138	02030424
00369138	02082690
00369194	01153305
00369628	02863724
00369628	14633206
00369802	01387786
00369864	05016001
00369864	13453160
00369864	14822141
00370412	03102654
00370412	03102859
00370412	05015463
00370412	05016001
00370412	07914006
00370412	13453160
00370412	14822141
00371051	04070727
00371051	13548531
00371264	03508101
00371264	05016171
00371264	05725527
00371264	11466043
00371314	00955601
00371487	00955601
00371846	01328705
00371846	01329026
00371955	04070727
00371955	13548531
00372013	00158804
00372013	02230056
00372013	02304982
00372448	01575675
00372607	02282365
00372665	03509025
00372665	05016171
00372665	11466043
00372665	13491876
00372958	03508101
00372977	02285392
00373130	00684838
00373130	02449847
00373278	00466651
00373544	00544549
00373544	00956405
00373544	02397637
00373766	00668112
00373766	02987047
00374063	00220869
00374135	13484644
00374224	00226566
00374224	00227165
00374224	00290302
00374534	07419233
00374668	02863750
00374668	05014099
00374835	00208210
00375021	02863750
00375021	05014099
00375071	00236999
00375071	00237259
00375071	00237511
00375071	00244625
00375625	00314272
00375625	00314782
00375625	00731789
00375625	02161922
00375865	13484644
00375938	00732091
00376106	10307114
00376106	11482140
00376106	13566535
00376400	00258665
00376400	00334186
00376400	00334996
00376400	01298931
00376400	01369758
00376807	03172211
00376825	00335923
00376994	00107739
00376994	00107943
00376994	00335366
00377002	00403911
00377002	00472992
00377002	13450206
00377169	01259691
00377169	02469274
00377364	00306017
00377364	00306723
00377686	00306723
00377715	14289942
00378042	00378706
00378042	00403911
00378042	02923129
00378042	04694090
00378069	02762468
00378296	09810707
00378361	00378706
00378479	02759614
00378479	02760622
00378479	02761372
00378521	14289942
00378664	03343560
00378664	04694090
00378664	07302836
00378664	13480848
00378706	00378042
00378706	00378361
00378985	00193486
00378985	00394813
00378985	01461328
00378985	01657828
00378985	02309008
00379422	01296462
00379422	01328705
00379440	14289942
00379588	01530431
00379588	01530678
00379754	01657254
00379774	05517837
00379774	13573181
00380083	00184117
00380083	00394813
00380083	00396703
00380083	00556193
00380083	01418667
00380083	01462005
00380083	01462468
00380159	00196084
00380159	07444668
00380424	00870312
00380568	00394813
00380696	00394813
00380696	01462468
00380698	13783816
00380994	00457100
00380994	00457327
00380994	00457569
00381013	03099945
00381013	07415730
00381326	00189189
00381326	01376620
00381331	00194645
00381567	00303056
00381680	02469835
00381850	04471315
00382109	00374534
00382109	00394813
00382109	01461152
00382109	01600191
00382109	02476870
00382635	00398704
00383275	05978812
00383390	01346003
00383390	01346804
00383542	00398704
00383606	01556921
00383952	00778275
00384055	00402308
00384329	01421622
00384620	00095971
00384620	00258854
00384620	00261405
00384620	10515194
00384802	00714273
00384802	02430580
00384933	02380009
00384933	02535457
00385266	02535457
00385385	09962414
00385501	02430580
00385791	02467662
00386392	00524530
00386566	06227263
00386676	02030158
00386715	00335653
00386715	07411160
00386915	01552519
00387310	00068333
00387310	00235208
00387310	07447022
00387680	07350567
00387897	01004550
00387897	01259005
00387897	01276970
00388065	00007846
00388065	01322509
00388065	01322675
00388210	00330144
00388210	00338071
00388296	00932298
00388296	14394094
00388392	00328802
00388392	00329244
00388392	00329817
00388392	02718863
00388635	00217014
00388635	00967157
00388635	07334876
00388635	07335414
00388635	10008716
00388635	14445226
00388635	14525548
00388635	14562142
00388710	00329817
00388710	02718863
00389308	00638194
00389308	00673095
00389406	05001867
00389406	13574452
00389406	14548105
00389610	02490430
00389638	07331210
00389638	14547643
00389856	07331210
00390198	00190023
00390215	03161725
00390215	09476521
00390560	03161450
00390581	01563336
00390842	10656223
00390906	00220276
00390906	01298668
00390906	01511380
00391086	01556346
00391086	01573515
00391407	01556572
00391407	01573276
00391599	02224055
00392093	01854132
00392960	03974215
00392960	05071368
00392960	05071556
00392960	13902482
00393227	05621808
00393369	00176327
00393369	00177578
00393677	13424643
00393677	14519366
00393953	00807500
00393953	01001097
00393953	04375926
00393953	13845239
00394563	13845838
00394610	00200863
00394610	01549187
00394803	00181258
00394803	00194534
00394803	00194912
00394813	00378985
00394813	00380083
00394813	00380568
00394813	00380696
00394813	00382109
00394813	00509377
00394813	07373602
00394813	07373803
00394813	07374756
00394813	07375405
00394813	07882497
00394813	07963711
00394813	14418662
00394813	14586258
00394813	14860102
00395333	00471711
00395797	00073343
00395797	00449295
00395797	00449692
00395797	01488313
00396029	02071457
00396642	01536168
00396703	00380083
00396703	02681084
00396825	00201034
00397010	00201034
00397191	00201034
00397576	13467916
00397760	00479391
00397760	01548718
00397760	01549420
00397953	00332835
00397953	01563005
00397953	01563724
00397953	02031158
00397953	02468261
00397953	10402285
00398427	00333066
00398704	00382635
00398704	00383542
00399074	13456567
00399074	13456899
00399368	13456899
00399393	00996102
00399553	13458019
00399553	14560926
00399788	03705379
00399788	13510433
00399788	13599547
00400083	00115157
00400101	13460991
00400427	00192300
00400427	01211888
00400883	00250710
00400883	01076359
00400883	04766620
00400883	04766852
00400883	07357679
00401688	06606191
00401783	00024279
00401783	00024814
00401783	00164444
00402308	00384055
00402535	00452512
00402539	01076359
00402539	07423899
00402831	05685879
00402951	00302875
00402951	00303056
00403092	00102586
00403092	00258857
00403149	11495041
00403334	00477941
00403401	11495041
00403609	04357930
00403609	11495041
00403783	00069879
00403911	00196364
00403911	00377002
00403911	00378042
00403967	00357451
00404202	04958634
00404222	04931965
00404222	05726345
00404642	00237078
00404642	01008378
00404642	03918737
00404642	04768657
00404642	05726596
00404642	09963914
00404642	10383237
00404726	01280014
00404726	01350699
00404726	09960545
00405079	00140393
00405236	01015175
00405236	01237872
00405360	01280488
00405360	02035919
00405540	01238058
00406053	01128984
00406243	01143040
00406243	05674584
00406243	14031108
00406243	14031523
00406365	01580467
00406612	00564695
00406612	01277974
00406800	01217780
00406800	01387301
00406963	01894758
00407090	02713372
00407146	06414727
00407458	00276342
00407633	02769460
00407633	03793186
00407848	03953743
00407848	05674584
00408085	04091247
00408085	04091693
00408085	10530769
00408272	15237782
00408448	15237250
00408624	03407122
00408852	01151788
00408852	06214744
00408852	08365855
00408852	08375369
00408852	08541609
00409211	01224744
00409211	01510827
00409211	02443849
00409281	01152973
00409281	06214744
00409281	08365855
00409281	08375369
00409281	08541609
00409281	09863749
00409281	09863936
00410247	01834304
00410247	02561332
00410247	02712243
00410406	02927512
00410406	09738708
00410406	13429888
00411009	06226057
00411009	11083656
00411020	00250259
00411384	02416278
00411547	01151788
00412048	01152033
00412271	10685853
00412292	01187620
00412696	04787324
00413195	01185292
00413195	09772330
00413239	02561332
00413432	09627462
00413432	14472624
00413876	00027167
00413876	01051331
00413876	01252280
00413876	08374049
00413876	08672562
00413876	10583387
00414174	01252280
00414174	08374049
00414179	01165043
00414409	00168658
00414409	01252566
00414627	00168658
00414627	01252566
00414823	00553362
00414823	07367385
00414823	14291561
00415044	08374049
00415044	08672562
00415044	10583387
00416135	10051975
00416399	10071332
00417001	00044673
00417001	09626238
00417001	13874073
00417001	13946760
00417397	01424456
00417413	14496193
00417596	13561521
00417643	01425511
00417859	01424456
00417859	01572978
00418025	02516594
00418110	04660261
00418110	04801763
00418110	05023741
00418394	01787955
00418408	05023741
00418408	13561521
00418615	00616153
00418615	00616857
00418903	01162754
00418903	02572119
00418903	02574205
00418903	02600490
00418921	01148182
00419137	00147862
00419137	07443210
00419289	14497763
00419289	14498096
00419375	00147862
00419375	07443210
00419644	01789514
00419685	09407043
00419685	13549488
00419908	02516594
00420132	00148057
00420477	02585489
00420712	02424128
00420877	01444326
00421125	07443210
00421437	00071178
00421535	01234345
00421535	09757653
00421691	07292577
00421691	07335917
00421917	07427534
00422090	04673965
00422090	07321772
00422551	00071178
00422551	01803003
00423702	05612809
00423971	00044455
00423971	00050693
00423971	07319909
00424691	06682494
00424869	02852173
00424869	04953186
00424869	07412092
00424934	01120900
00425090	02567519
00425278	01765908
00425451	01786906
00425451	01820901
00425905	00850501
00425905	00851933
00425905	01803380
00426581	00050693
00426581	07324673
00426608	14498096
00426928	02418421
00426928	02492362
00426958	00053609
00426958	10746346
00427397	00230172
00427580	00105778
00427580	10224098
00427580	10463714
00427786	14487184
00427786	14497763
00427802	00355919
00427802	13763384
00427853	00037919
00428000	02490877
00428000	02578510
00428270	01708676
00428270	01965464
00428404	04820258
00428583	00367066
00428583	05124928
00428583	13776137
00428870	05124928
00428870	13776137
00429048	02492198
00429048	02492362
00429060	00351638
00429060	00353782
00429060	00359903
00429322	01883716
00429440	10062996
00430099	00192910
00430140	01138523
00430140	01138911
00430140	01139104
00430140	01149470
00430140	01155687
00430140	01156115
00430191	04823866
00430625	14835333
00431005	00105554
00431005	00853633
00431005	10224098
00431327	00357906
00431327	15069820
00431447	04701460
00431552	02375131
00431610	00357906
00431610	13500557
00431610	15069820
00431826	07423001
00431826	13457378
00431826	13470491
00431893	02418686
00432683	05111835
00432689	02654442
00432689	10179069
00432839	13556509
00432839	14489113
00433115	04703424
00433232	00325110
00433232	05068918
00433232	07370410
00433232	07414566
00433778	07423001
00433778	13470491
00434075	00100235
00434077	03289462
00434077	05090441
00434077	06758835
00434077	13822995
00434374	00708017
00434374	07421316
00434374	14059663
00434919	07478874
00435492	05683582
00436404	00195569
00436404	14575180
00436668	07439883
00436668	14575180
00436879	00195569
00436879	08398773
00437125	00195569
00437125	04751305
00437125	14575180
00437788	00100235
00437852	04639732
00438178	00330160
00438178	00330457
00438178	05058140
00438178	15282696
00438495	01067577
00438495	05061345
00439343	00330160
00439343	00330457
00439343	02670186
00439343	02670683
00439343	05060783
00439343	15282696
00439484	01867697
00439588	05645597
00439588	10667187
00439958	01067577
00439958	05061345
00440286	01066163
00440286	05646218
00440286	10197525
00440286	15272029
00440580	01067577
00440580	05061345
00440580	13556509
00440786	01067577
00441212	07443210
00441212	13556509
00441445	07355887
00442063	01048466
00442063	04631700
00442063	09402704
00442115	01904293
00442115	01960911
00442267	13486270
00442267	13572436
00442267	14481080
00442267	14686913
00442267	14841267
00442267	14877585
00442267	14960090
00442267	15055633
00442669	13451508
00442669	13491060
00442847	01577093
00442847	01577635
00442847	13454479
00442981	01962865
00443116	13491060
00443116	14110411
00443231	01904293
00443384	14110411
00443670	11410298
00443670	14879750
00443670	14883206
00443984	07407970
00443984	13508651
00443984	14480420
00443984	14940100
00444309	02850732
00444309	13508651
00444309	14480420
00444309	14940100
00444519	05085572
00444629	13566535
00444651	01963130
00445055	01948077
00445169	13491060
00445169	13860793
00445169	14480772
00445169	15046900
00445351	01946996
00445467	13491060
00445467	14480772
00445802	01419982
00445802	01420765
00445802	09870208
00445940	09260466
00445940	11410298
00445940	14879750
00445940	14883206
00446329	13468094
00446329	15047313
00446493	01090335
00446514	15047313
00446695	15047313
00446885	01928608
00446885	13447361
00447073	01939174
00447158	15097209
00447309	13468094
00447309	15047313
00447540	01504699
00447540	01574292
00447771	07336214
00448440	01240979
00448466	01936753
00449295	00395797
00449295	01086103
00449692	00395797
00450335	01958615
00451370	01935476
00451370	01936048
00451461	07942152
00451461	08160276
00451461	08180190
00451648	00396029
00451648	03231912
00451838	13480541
00451838	14868243
00452098	13505843
00452220	01257542
00452220	11454591
00452293	01143838
00452293	01144657
00452293	02003601
00452512	00402535
00452512	03714721
00452512	14868243
00453424	13774404
00453731	02420232
00453803	13547925
00453935	01140794
00454624	01507143
00454868	07439570
00455348	00230276
00455348	00486018
00455368	04244379
00455529	08647457
00456151	13557158
00456596	05696020
00456740	05696020
00456740	07369604
00457100	00380994
00457569	00380994
00457770	13454479
00457998	05402091
00457998	10365399
00457998	13454479
00457998	14456138
00457998	14456435
00457998	14456893
00458276	05402091
00458276	13454479
00458471	13559409
00458471	13575433
00458471	14738752
00458754	13575433
00458754	14738752
00459114	13573666
00459296	00555648
00459498	00555648
00459498	05060189
00459498	07436352
00459498	10543795
00459498	14313154
00459776	01066163
00460900	01066163
00460900	06542267
00461354	04982478
00461493	04218564
00461493	04218773
00461493	04651974
00461493	04982207
00461493	04982478
00461493	13925550
00462092	00201923
00462092	01070892
00462092	01079604
00462092	01147950
00462092	04361641
00462092	09956578
00462092	10668450
00462092	10678472
00462689	14724436
00463234	04293258
00463234	06716796
00464321	05077146
00464513	02753642
00464513	04745932
00464513	04821277
00464894	01146793
00464962	06608977
00464962	14418103
00465634	03968728
00465762	00328885
00465762	00329031
00465762	07367385
00465762	07445010
00465762	14291561
00466053	00807273
00466053	01000068
00466651	00373278
00466651	01237415
00467451	01202415
00467451	01237415
00467717	00999245
00467717	01158690
00467717	05924920
00467717	07260623
00467717	13373214
00467717	13617952
00467913	02201644
00468236	01158690
00468236	10362428
00468480	10101634
00468791	00346296
00469382	14562683
00469637	13905572
00469637	14283178
00469904	13521072
00470084	00231567
00470084	00233386
00470386	00951781
00470386	01097292
00470386	01112420
00470701	00218208
00470701	00218427
00470701	07330828
00470701	07332691
00470701	07334490
00470701	09794917
00471196	07334490
00471711	00395333
00471711	09272468
00472230	00218208
00472230	07331013
00472992	00377002
00472992	02760622
00472992	02762468
00473003	04953380
00473799	14459824
00474017	10514784
00474017	14459824
00474308	00751529
00474492	10514784
00474492	13547199
00474492	13548105
00474762	04068441
00474762	10514784
00474762	13548105
00475183	00253270
00475183	04026053
00475183	13468306
00475183	13548105
00475183	14486767
00475183	14836960
00475183	15062284
00475647	00252662
00475819	00252662
00475819	01039925
00475819	10325243
00475819	10546850
00475819	13990064
00475996	05105265
00476313	00583933
00476744	07358060
00476744	14298102
00476819	14445379
00477107	04643397
00477665	07358060
00477665	07433973
00477941	00403334
00477941	00966718
00477941	04692157
00477941	09310460
00478217	00229934
00478217	10617904
00478647	01408760
00478830	07331013
00478830	07334490
00479176	00223983
00479391	00397760
00479391	07334490
00479598	00102457
00479932	00102457
00479932	00181476
00479933	14446652
00480221	02761392
00480221	09825519
00480751	00102927
00480751	03789946
00480969	01009190
00480969	04768657
00480969	05726596
00480969	10381369
00481739	06667317
00481941	00211462
00482180	01253778
00482180	06869951
00482180	07027458
00482473	00185104
00482473	09952163
00482473	10160412
00482473	13969243
00482893	00185104
00482893	05755486
00482893	07177437
00482893	07369604
00483146	01090446
00483146	07250034
00483181	10160412
00483181	13969243
00483466	13898315
00483656	06863751
00483801	01012712
00483801	03079741
00483801	14417146
00484166	00210518
00484166	00211110
00484166	07291312
00484166	09930257
00484166	15267536
00484892	00211110
00485609	00211110
00485609	06373747
00485609	07417043
00485609	15291199
00485711	04764741
00485711	04795545
00486018	00143251
00486018	00455348
00486018	01127379
00486018	03377582
00487182	11492014
00487182	14002109
00487350	11492014
00487350	14002109
00487554	11492014
00487554	14002109
00487748	00362659
00487748	02117232
00487748	09772606
00487748	14616939
00487874	02001858
00488617	13506587
00488770	01253277
00488770	04526241
00488770	04526964
00489299	04684358
00489299	14437134
00489496	01219075
00489496	04684358
00489496	14437134
00489837	00033615
00489837	00996969
00489837	01003570
00489837	01498769
00489837	03735637
00489837	05855125
00490722	00285557
00490722	00285889
00490722	13650447
00490722	13757249
00490722	15280497
00490968	03046257
00490968	04438304
00491689	01004961
00491689	09440186
00491689	13660178
00492410	00276813
00492410	05244934
00492410	10451858
00492410	14498404
00492677	04764741
00492677	08615374
00492706	00276987
00492706	10451858
00492706	14487731
00492706	14498404
00492706	14516743
00492706	14821984
00492706	14857278
00493259	00276987
00493259	14487731
00493259	14821984
00493460	04763293
00493517	09997212
00493517	14586769
00493929	00353992
00494269	14414715
00494269	14415518
00494907	00740577
00494907	00742320
00494907	01070102
00494907	04650527
00495038	14821590
00495038	14920844
00495998	00053913
00495998	01201773
00495998	01202184
00497391	14658109
00497705	13496517
00498530	14632648
00498662	14632648
00498988	14632648
00500356	00923802
00500638	03284482
00500638	14674408
00500834	03284482
00500834	14674408
00502085	08366440
00502623	14854847
00502757	07434473
00502757	14859344
00503164	01260867
00503164	02309341
00503164	05827684
00503982	04746842
00504019	00357275
00504019	00842281
00504270	07434473
00504270	14859344
00504676	13521873
00504676	14647235
00504676	15015501
00504901	13521616
00504901	15015501
00505802	04594489
00505802	10783734
00505802	11449907
00505802	11450566
00505853	04763650
00506040	11449907
00506040	11450566
00506299	04829550
00506299	07553741
00506377	03299929
00506658	00918580
00506658	01155687
00506672	13134947
00506672	13485408
00506952	08657249
00507143	07643306
00507143	07643981
00507143	14925198
00507664	09284589
00508032	03722007
00508032	06798750
00508032	07270179
00508091	01078050
00508192	04714440
00508933	04680465
00509377	00184117
00509377	00394813
00509377	00556193
00509607	04682462
00509846	02491383
00509958	04694441
00510050	05153520
00510189	02491383
00510364	00263947
00510364	04682462
00510475	02269003
00510723	01193099
00511041	02493260
00511212	02493260
00511212	02579447
00511817	01883716
00511817	01967104
00511817	02418686
00511855	09282724
00511855	09439213
00512043	09439213
00512186	14548343
00512487	01072262
00512487	04837425
00512522	01037910
00512522	02437465
00512749	02468864
00512843	00854150
00513401	00105778
00513401	02120458
00513492	07285191
00514069	03519081
00514069	04952120
00514069	13810141
00514069	14433769
00514871	02446651
00514871	15068436
00515154	01134861
00515154	08065937
00515154	13541167
00516086	02489748
00516086	02578510
00516086	02579247
00516747	14656219
00516932	10761519
00516932	13573915
00517847	11435028
00518115	11435028
00518395	01208291
00518395	07357101
00518653	01266152
00518653	03803911
00518653	05685030
00518653	05685538
00519056	09229709
00519363	02277279
00519363	04733347
00519363	09282724
00519363	13471681
00519854	05695232
00520257	02148788
00520357	00383952
00520881	14641397
00521209	02140033
00521209	02148788
00521478	04967191
00521478	11505546
00521562	01688771
00521562	02148788
00521641	04968895
00521874	05783357
00521874	08268321
00522068	07073447
00522068	09804230
00522145	02140033
00522537	02137710
00522537	02140033
00523436	04951186
00523436	14947807
00523513	01883716
00523645	00825089
00524083	13425637
00524083	14594456
00524299	13425637
00524299	14594456
00524530	00386392
00525446	01027859
00525446	01030820
00525453	02629793
00526412	01896484
00527034	06666829
00527498	01897885
00527572	13491060
00527872	01710048
00528836	15168790
00528990	00044455
00528990	00050693
00528990	03303965
00528990	07319909
00529759	07436661
00530017	07436661
00530592	00194414
00530829	00194414
00530829	13736197
00531302	07335414
00531490	00049900
00531490	00177243
00531490	10664340
00531904	13462795
00532115	10009671
00532429	00224738
00532429	15032376
00532607	00002684
00532607	00932088
00532607	00932624
00532607	03838160
00532886	00261972
00532886	04685195
00532892	00588221
00532892	04819026
00533185	01219306
00533403	04258982
00533851	04822223
00533897	04621963
00533897	10213429
00535452	05070032
00535452	13864965
00536143	09433134
00536304	11515051
00537339	05070290
00537339	13864153
00538571	04253437
00539110	00791078
00539121	01896295
00539546	00156390
00539951	01898893
00540235	13941125
00540946	00946499
00542809	07678729
00543233	10339966
00543233	10340312
00544549	00373544
00544549	13940456
00544842	01049737
00544936	01029114
00545501	01704236
00545501	01729431
00545501	01731031
00546192	01253060
00546389	01729431
00546389	01731031
00546389	10624310
00547022	07118747
00547022	07129202
00547300	09542339
00547300	10329945
00547493	09542339
00547493	09543353
00547493	10329945
00547802	00625774
00548173	01096497
00548173	02382087
00548266	07320176
00548326	01714208
00548326	01719302
00548326	01719921
00548326	02744977
00548781	07090108
00548802	00837288
00548802	01722447
00548802	01723690
00548913	07444668
00549106	02747667
00549284	00837288
00549284	01723690
00549472	02675067
00549610	01723963
00549610	01743313
00549610	10400998
00550016	01724185
00550016	10318892
00550117	00196084
00550117	07444668
00550282	00634472
00550282	01021420
00550282	04754440
00550546	07358576
00550777	04758181
00551065	03432129
00551585	01751173
00552097	01719921
00552253	02519555
00552458	00744506
00552619	05064827
00552619	13898315
00552815	11444643
00552841	02700104
00553173	00276601
00553362	00414823
00553407	00196485
00553616	13564215
00553823	02585259
00554541	02723016
00554850	00276601
00554850	01770501
00555138	02058191
00555138	02084252
00555138	02550516
00555325	02715595
00555447	07359599
00555648	00459296
00555648	00459498
00555648	02055649
00555648	02058994
00555648	02059462
00555780	02908217
00555983	02061495
00556142	01886334
00556142	01902405
00556193	00380083
00556193	00509377
00556313	01080691
00556313	01931768
00557419	01117484
00557588	01072949
00557588	01079873
00557588	01080064
00557813	02079933
00557813	11512818
00558061	15274441
00558371	00249501
00558371	00282050
00558883	01927447
00558883	02525312
00559102	04633197
00559102	05035961
00559102	11452218
00559102	14050143
00560391	07358985
00560529	02231473
00560893	00358931
00560893	09433952
00561036	04714440
00562398	01147060
00562398	01476483
00562398	01478002
00562523	13498828
00562882	13498828
00563552	06636806
00563552	06637350
00563824	03197446
00563824	05803212
00563824	13741022
00564695	00406612
00564857	13905792
00565081	14730553
00565279	14730553
00565592	03326795
00565592	03730893
00565592	04956110
00566099	14419164
00566322	10787470
00566569	13511755
00567044	01509584
00567044	01512259
00567291	04689198
00567291	14704465
00567604	04984514
00567604	05720248
00568234	05927813
00568430	01077568
00568483	04706290
00568879	01212225
00569318	13463656
00570003	13463490
00570205	13463490
00570590	05675130
00570694	00057486
00570694	07336214
00571609	02087745
00571643	05678932
00571738	10166394
00572043	01408958
00572186	05018674
00572186	11467786
00572285	01409177
00572489	01407904
00572489	01509584
00572489	01512259
00572838	01403540
00572838	01403785
00573247	13456071
00573932	00829170
00573932	14531983
00573932	14724025
00574218	00847340
00574514	13461525
00574735	04975340
00575083	01890792
00575365	00635794
00575365	01102667
00575365	01894520
00575720	13572436
00575720	15055633
00575741	02373015
00575741	02407987
00575741	02413480
00575970	13572436
00575970	15055633
00577068	01525666
00577068	03103198
00577170	13516312
00578116	01156438
00578795	01245637
00579712	01128655
00579712	10669991
00579952	01016973
00580370	01533442
00580512	07358377
00580512	15299367
00580865	13573181
00581812	02193194
00581891	04526964
00582388	00600370
00582743	14289942
00582868	00600370
00582868	02415831
00582868	02678438
00583242	13541491
00583246	00753881
00583461	02446164
00583461	10631941
00583461	10632576
00583523	13541491
00583759	00747215
00583933	00476313
00583933	00623947
00583990	04734885
00583990	04879092
00584367	02407987
00584954	04565375
00586262	01088923
00586262	01096497
00586262	02333689
00586262	02385634
00586262	02537960
00588221	00532892
00588221	05805475
00588221	05805902
00588221	05806623
00588221	05806855
00588221	10240082
00588473	09759501
00588598	09761403
00588797	14412882
00588881	09798811
00588998	09801864
00589217	10249950
00589309	02105990
00589309	05614657
00589596	09886540
00589624	07538965
00589769	09892693
00589769	09892831
00589769	09893015
00589769	09893191
00589769	10298912
00589948	09894143
00590047	10468962
00590148	09906848
00590148	09906986
00590269	09908508
00590383	10164025
00590518	10548227
00590626	09780828
00590626	09941383
00590626	09941571
00590626	09941964
00590761	05707495
00590761	05919034
00590806	09761403
00590924	06593099
00591006	09761403
00591111	09944763
00591115	05807540
00591236	09775663
00591236	09968845
00591519	01744111
00591519	01746605
00591519	05708432
00591523	09983889
00591725	09996920
00591858	10014939
00592001	10016103
00592102	10044879
00592341	09802445
00592652	10123844
00592702	05944958
00592795	10140314
00592883	06628861
00592883	14411981
00593108	10162991
00593108	10474645
00593219	10474645
00593613	10067968
00593732	10694258
00593837	10211203
00593944	10066732
00593944	10225219
00594058	06199142
00594058	07554856
00594146	00892861
00594146	07240549
00594146	14371161
00594260	10253479
00594374	10253995
00594413	05052587
00594413	05054130
00594413	14422035
00594477	10257948
00594580	10005280
00594580	10259348
00594621	00190115
00594621	01374582
00594621	05675905
00594621	05804793
00594621	10240082
00594836	10014939
00595032	10295951
00595032	10296176
00595146	10164233
00595146	10280130
00595146	10298647
00595146	10298912
00595146	10388440
00595410	09537660
00595545	10326087
00595630	01374582
00595684	10388440
00595785	09983572
00595894	10410668
00596193	10463028
00596393	10464542
00596644	01374582
00596644	05984584
00596692	09906986
00596692	09907196
00596807	00597265
00596807	02984104
00596807	10467179
00596807	10467395
00596807	10468559
00596807	10468750
00596807	10468962
00597265	00596807
00597265	02443609
00597265	15266265
00597385	05641959
00597385	10280130
00597532	09807075
00597629	10474645
00597634	05641959
00597634	10280130
00597915	05637558
00597915	05752544
00597915	09801864
00597915	10251779
00597957	10478960
00598056	10480730
00598215	09614684
00598767	10265532
00598954	00043195
00598954	05808218
00598954	07214432
00599234	10541229
00599329	10325243
00599329	10546850
00599329	10547145
00599472	10569744
00599472	10570019
00599835	00076563
00599992	05755883
00599992	05996646
00599992	06598445
00600370	00582388
00600370	00582868
00600370	04865722
00600370	05700087
00600370	05704266
00600724	05682950
00601043	04865722
00601043	05700087
00601043	05704266
00601378	00277569
00601783	07183151
00601822	00084371
00601822	00180770
00602255	05757049
00602255	10251779
00602255	13434878
00602805	00729108
00602805	10722385
00603298	00611433
00603298	00893955
00603298	05753564
00603298	05984287
00603298	10722385
00603298	10722575
00604131	10578471
00604321	10623175
00604523	09984298
00604523	10655594
00604576	05651399
00604576	05755156
00604576	05760202
00604576	05935060
00604576	10308504
00604617	02729965
00604617	04718563
00604694	10557854
00604694	10665698
00604811	10694258
00604930	10680153
00604930	10737103
00605023	02391193
00605086	00888796
00605086	05943300
00605246	10727256
00605310	07424109
00605310	10118382
00605616	10751785
00605783	06414727
00605783	09975933
00605783	10684630
00605909	10767265
00606006	08477634
00606006	10787470
00606093	00894552
00606335	00894552
00606600	00889082
00607114	05755883
00607114	06598445
00607405	10665698
00607780	02005756
00607780	05760202
00607780	05761380
00607780	05761559
00607780	05761918
00607780	05786372
00607780	05833840
00608037	01683582
00608502	01374582
00608808	05786372
00608978	00073828
00609100	05645199
00609236	01362736
00609506	01933305
00609506	01941093
00609506	05611302
00609506	05762149
00609683	05761918
00610010	02005756
00610010	05651399
00610374	05762998
00610538	05813626
00610538	06506757
00611055	05761559
00611143	10249950
00611256	05760202
00611433	00603298
00611433	02387486
00611433	10045454
00611481	03055809
00611481	05761918
00611481	07452841
00611802	05760202
00611972	10450303
00611972	10451263
00612042	03055809
00612042	03743902
00612042	06647206
00612042	06688522
00612114	00146572
00612114	00368847
00612114	02032634
00612114	02710402
00612114	07414740
00612160	00084230
00612160	02760116
00612612	03055809
00612612	07452841
00612652	02032415
00612652	02709906
00612841	01070892
00613393	00204439
00613683	00053097
00613973	10705615
00614057	00055315
00614057	00205543
00614057	07534108
00614057	10006842
00614224	00993014
00614489	00994076
00614489	02706691
00614489	09981540
00614999	00739270
00614999	02765190
00614999	05707146
00614999	10351625
00615421	05707269
00615774	00074624
00615774	05707269
00615887	00993892
00615887	00994076
00616083	01389329
00616153	00418615
00616153	00754873
00616153	04665813
00616153	05706629
00616153	10351625
00616361	00741478
00616857	00418615
00616857	00754873
00616857	05706629
00616857	10351625
00617059	00994454
00617095	01985247
00617748	00070965
00617748	00073828
00617748	04802629
00617748	05895723
00617748	06769392
00617989	01233993
00618057	00073828
00618057	00076563
00618057	09879744
00618267	07174433
00618682	05840188
00618682	09909060
00618734	09761403
00618878	01272397
00618878	04618070
00618878	05762998
00618878	14577046
00619183	00992331
00619183	15159583
00619183	15159819
00619183	15160579
00619610	00072473
00619869	05893653
00619869	05895723
00619869	07174433
00619869	07174877
00619972	02416278
00619972	04906026
00620379	06785367
00620424	01322854
00620532	14500567
00620554	02838592
00620554	10426749
00620752	02406916
00620752	02419773
00621058	04820258
00621058	07171206
00621058	07232655
00621058	14379703
00621476	02419773
00621627	02371811
00621627	02419773
00621734	05683582
00621734	07507912
00622068	01921772
00622068	02407338
00622266	01504699
00622266	01574292
00622384	01266152
00622384	03803911
00622384	05685030
00622384	05685538
00622384	06784639
00622384	06785367
00622384	07510495
00622584	01143838
00622584	01144657
00623006	06785223
00623151	05766247
00623151	05928513
00623151	07170753
00623370	02409148
00623545	02421199
00623670	02258617
00623670	02394662
00623947	00583933
00624263	06366581
00624263	06372095
00624263	06880664
00624553	01146051
00624553	01165579
00624553	01798452
00624738	00099721
00624738	00100551
00624801	07174433
00624801	07175102
00624967	05923696
00625119	05808794
00625119	10508710
00625119	10508862
00625393	00019613
00625393	04761212
00625393	04762355
00625427	02582615
00625774	00547802
00625774	04761815
00625774	13960117
00625963	08414381
00625963	08414807
00626188	01150370
00626428	07234881
00626428	10508862
00626800	04760771
00627013	01150370
00627410	04761517
00628125	09964659
00628302	06590885
00628491	05770926
00628491	05784242
00628491	05786372
00628491	10708292
00628491	10708454
00629257	01009190
00629597	01975387
00629738	05786372
00629738	05833840
00629997	04760771
00630026	06158346
00630026	06742772
00630071	01545314
00630223	05807306
00630380	05785508
00630380	05785885
00630380	10339504
00630802	04761517
00631378	02561332
00631378	02568672
00631391	04802198
00631398	10705615
00631591	05786655
00631737	05779712
00631737	05803938
00631737	05833840
00631737	06782680
00631737	10150794
00632236	00083260
00632236	01225562
00632236	05781347
00632236	05892096
00632236	06753800
00632438	04802403
00632627	05651680
00632627	05772356
00632627	10510339
00633265	05793210
00633265	10510339
00633329	02595523
00633443	05773923
00633443	05779712
00633443	05888929
00633443	05891783
00633443	05952979
00633443	06782680
00633443	07162545
00633443	10634316
00633864	00789138
00634090	05762258
00634276	00736216
00634286	06168855
00634286	06514621
00634286	06744154
00634472	00162632
00634472	00550282
00634472	05651680
00634472	10510339
00634472	14379829
00634586	00948071
00634586	00949288
00634906	00190783
00634906	06743506
00634906	10458111
00635205	00785690
00635205	02154508
00635850	00697062
00635850	02131279
00635850	02153387
00635850	10565502
00636061	10150794
00636279	06743506
00636441	05774415
00636461	00786458
00636461	00786816
00636461	00788564
00636461	02531625
00636574	01296474
00636574	02710294
00636574	05774129
00636574	05774614
00636728	00785962
00636888	05793554
00636888	09178999
00636888	13790712
00636921	00648224
00637259	00301187
00637259	00868910
00637259	02938886
00637259	03082979
00637259	05121418
00637259	05802185
00637259	06013741
00637259	09887034
00637259	13331634
00637259	13742358
00638194	00389308
00638837	02995345
00638981	04841358
00639356	04845967
00639478	00072808
00639556	02532595
00639975	02531625
00639998	06021761
00640385	05783041
00640385	13593219
00640385	13733402
00640828	00048129
00640828	00872107
00640828	02679142
00640889	10313872
00641252	00360757
00642098	13732078
00642379	01227908
00642379	04912982
00642379	04914133
00642644	05802547
00642644	05802730
00642980	06015505
00643197	00704305
00643197	09790278
00643250	01628449
00643250	01640207
00643250	01685313
00643250	05624700
00643473	00648931
00643473	02708711
00643473	05781800
00643473	05782140
00643473	09790482
00644066	04376400
00644066	05774129
00644066	05783940
00644066	10687231
00644066	13565379
00644503	00644583
00644503	00646542
00644503	00696700
00644503	02166460
00644583	00644503
00644583	02708711
00644583	05772667
00644583	05787005
00644583	09790482
00644839	00683280
00644839	04782878
00644967	00697419
00644967	02400378
00645415	06066555
00645939	00877345
00646271	00877345
00646271	00945777
00646271	05785311
00646542	00644503
00646542	06469694
00646738	00881649
00646738	01005579
00646738	10680609
00647070	05698982
00647094	00033615
00647094	00996969
00647094	01498769
00647094	03735637
00647542	06710546
00647542	09979072
00647770	02939866
00648224	00636921
00648224	00877345
00648224	05785311
00648224	05797597
00648224	10523076
00648224	10575787
00648931	00643473
00648977	04892084
00648977	05789432
00648977	05837957
00649481	00877345
00649481	05785311
00649481	10072708
00649482	02918132
00649482	02918271
00649887	09238926
00649887	10460286
00650016	05748054
00650016	10012815
00650353	05748285
00650353	07366289
00650577	14451672
00651630	05006898
00651759	05749402
00651935	14033587
00651954	01954852
00651991	04748836
00651991	05748285
00651991	07270179
00651991	07366289
00652346	00152018
00652346	01272397
00652346	06333653
00652346	07230502
00652622	06416206
00652622	06487897
00652622	09900499
00652659	01745536
00652900	00006032
00652900	00142665
00652900	04746842
00653388	00948707
00653449	05779116
00653449	10685123
00653620	00006032
00653620	00142665
00653620	00185307
00653620	04746842
00653620	09626238
00654015	05790012
00654234	00785470
00654400	02188848
00654625	01012712
00654625	01016832
00654625	03018802
00654625	04261116
00654625	05732756
00654625	05839024
00654625	07939638
00654625	07974025
00654625	07997703
00654625	08103777
00654625	09926862
00654625	10626867
00654625	13558696
00654885	00082081
00654885	02549581
00654885	02549847
00654885	02550296
00655378	13503673
00655779	05168261
00655779	14451672
00655987	05095691
00655987	05098942
00656107	07939880
00656292	05733090
00656292	05927586
00656292	07998573
00656576	00031264
00656576	01012360
00657016	05731568
00657016	07961016
00657016	09307300
00657260	01012712
00657260	05732756
00657260	05838765
00657260	07939638
00657260	07997703
00657550	00874977
00657550	01003729
00657550	05737153
00657550	14429608
00657728	00874977
00657728	01003729
00657728	05737153
00657728	10140783
00658052	01003729
00658052	01009871
00658052	01010334
00658052	05091316
00658052	06483454
00658052	10140783
00658052	14428160
00658052	14429608
00658052	14429985
00658082	00078760
00658627	02348927
00658942	13861050
00659048	01232738
00659112	00339463
00659535	10669991
00660102	10506762
00660102	10506915
00660381	05047279
00660381	13949802
00660571	01010458
00660571	05044822
00660571	08459252
00660783	10290919
00660971	00874806
00660971	05736149
00661213	05748786
00661824	00141806
00661824	05738625
00661824	09912995
00662182	06818747
00662485	06520222
00662589	00141806
00662589	05825245
00662681	00090513
00662681	10049896
00662972	02112546
00663160	05798569
00663160	09761403
00663353	00141806
00663894	06477371
00664110	00084230
00664110	00084562
00664276	00154233
00664276	06855035
00664276	09802239
00664483	05825245
00664483	10760763
00664788	05826291
00664849	01204191
00665079	00080705
00665079	02550698
00665358	01202728
00665886	00153961
00665886	00154433
00665886	01186192
00665886	02806261
00665886	05825245
00665886	06650070
00665886	06650431
00666058	05050379
00666350	01254692
00666510	00154433
00666510	06470073
00666510	06650431
00666886	00075515
00667224	00153961
00667224	05826291
00667424	10510546
00667747	00155298
00667747	05826469
00667847	00060477
00667942	00155298
00667942	05826469
00667942	13960464
00668099	01021889
00668099	04638175
00668099	05032565
00668112	00373766
00668805	04638175
00669762	01166926
00669762	09852081
00669970	00794367
00669970	01006675
00669970	07197021
00669970	10703692
00670105	00176874
00670261	00874067
00670261	05789432
00670261	10066732
00670703	00197590
00670991	06196284
00670991	06210363
00671190	00176459
00671335	05804491
00671351	00083809
00671351	01169194
00672017	05804274
00672017	06528992
00672277	00874067
00672277	10066732
00672433	00875246
00672433	05789432
00672433	05803379
00672433	06528783
00672433	06782680
00672433	06783598
00672433	10066732
00672433	10150794
00673095	00389308
00673766	05804491
00673983	06687178
00674158	00061933
00674607	00161243
00674607	10431625
00675701	04767805
00675701	07342495
00675701	15287830
00675901	03233423
00676135	03186818
00676450	00161243
00676450	05790242
00676450	10431625
00677021	06400510
00677038	00181005
00677683	00796586
00677808	01528821
00678010	01555742
00678105	08404549
00678282	01144355
00678282	05910940
00679389	00161243
00679389	00198631
00679389	06200344
00679715	00069060
00680145	05949937
00680145	06201908
00680346	06201908
00680485	06211078
00680485	13589321
00680841	06196584
00680841	07498854
00681125	04645943
00681429	00033615
00681429	00874806
00681429	00996969
00681429	03735637
00681429	05138488
00681429	05733583
00681429	05736149
00681429	09802050
00681429	09802239
00681429	10066732
00681429	10692883
00681429	10745894
00681429	13413493
00682436	00999245
00682436	01158690
00682592	05747582
00682781	05747582
00682928	09903639
00683185	00737536
00683185	04902925
00683280	00644839
00683280	09848489
00684273	09847727
00684480	00701877
00684480	04754440
00684507	10171755
00684645	10015897
00684838	00373130
00685638	00698855
00685638	04863969
00685683	00076341
00685683	00203342
00686447	06193727
00686447	14412725
00686890	00820801
00686890	00822367
00686890	00965871
00687295	05698247
00687295	10604634
00687523	04757522
00687926	04895773
00687926	05698791
00687926	10681383
00688377	05697976
00688377	05943066
00688377	14001728
00688768	05790012
00689205	06782680
00689344	05784831
00689344	05833840
00689344	05945642
00689344	07138915
00689673	02215001
00689673	13273550
00689950	06207199
00689950	14438125
00689950	14439294
00690058	05134880
00690614	05945642
00690614	06208751
00690614	06782019
00691050	01255057
00691312	04841358
00691944	04743024
00692130	00061595
00692329	00002137
00692329	05780104
00692329	05854150
00692349	00060833
00692506	00060477
00692506	00061595
00692580	00932804
00692718	00932804
00692718	05921868
00692726	00060477
00692907	01219075
00692907	05923696
00692907	13495636
00693172	01219306
00693401	01029114
00693633	10325243
00693679	01530431
00694068	01228877
00694068	05923983
00694068	06206800
00694068	07500741
00694068	10524223
00694068	14437552
00694641	04915687
00694866	05736593
00694974	00791527
00694990	00081072
00695226	10745894
00695226	13413493
00695300	00022316
00695300	00084738
00695475	05804274
00695475	06528992
00695523	01179707
00695523	02706816
00695523	04907991
00695761	05736593
00695761	05804491
00696189	00143251
00696189	01197258
00696189	05747582
00696189	09942431
00696414	05788029
00696414	06469377
00696518	04641153
00696700	00644503
00696700	00879271
00696852	00891850
00696852	00897811
00696882	00082714
00696882	01303547
00697062	00635850
00697062	00878052
00697062	09822955
00697062	10067968
00697062	10565302
00697062	13411157
00697365	00086320
00697419	00644967
00697419	10564224
00697589	00162632
00697589	00685638
00697589	05788149
00697589	05838176
00697923	04820258
00698398	00163047
00698398	05652593
00698398	05983654
00698572	05982152
00698609	00084107
00698609	00086077
00698732	06705984
00698855	02603926
00698855	05788149
00698855	06511874
00698855	10225219
00698855	10583916
00699334	09769929
00699334	13274092
00699626	04864200
00699815	00162632
00699815	05838176
00699815	06199702
00700000	10427764
00700162	13813042
00700336	06636806
00700652	10489944
00700708	00151497
00700896	06637350
00701040	00157081
00701040	00805034
00701040	05692419
00701040	05930736
00701040	05941210
00701040	10461747
00701040	11414608
00701040	13555446
00701479	04757864
00701877	00684480
00702226	04438304
00702418	01524523
00702434	13851067
00702601	02388143
00702601	05058580
00702601	15283097
00702773	00308105
00702773	05966129
00702773	11444816
00702969	05966129
00702969	07330666
00703310	05966129
00703512	05784242
00703875	05785508
00704305	00643197
00704388	05705355
00704388	05785508
00704388	05785885
00704388	05786184
00704690	01144133
00704690	05728678
00704690	05898568
00704690	10438172
00705517	04836491
00705517	07484547
00705517	09801533
00705580	10504206
00706243	07162680
00706243	10484526
00706975	02919275
00706975	05908520
00706975	05908882
00706975	09958892
00707322	09958892
00707624	02919275
00707624	06524935
00707624	07176962
00707956	05908520
00707956	07176962
00708017	00334186
00708017	00334996
00708017	00336260
00708017	00434374
00708017	01298931
00708017	01369346
00708017	01369758
00708017	01610463
00708017	04939324
00708128	05907682
00708128	10556518
00708376	05891572
00708376	05927813
00708376	10556518
00708538	05982152
00708980	04864200
00708980	05981230
00708980	05982152
00708980	06605897
00709205	07486229
00709205	10766025
00709379	05981768
00709625	00928077
00709625	05728678
00709625	09442838
00710005	01008378
00710005	01008801
00710005	01136519
00710005	08164585
00710005	09615807
00710005	10383505
00710005	10383816
00711523	02001252
00711550	00949619
00711550	09615807
00712135	00301187
00712135	00868910
00712135	06749881
00712135	09887034
00712135	10102506
00712225	01264283
00712225	01363648
00712389	00072808
00712419	14451349
00712708	14001348
00712833	00085626
00713167	00031921
00713167	05763916
00713167	05764197
00713167	13792579
00713167	14419164
00713167	14420954
00713167	14421139
00713250	01266895
00713818	13844212
00713952	01489989
00713952	01612084
00713996	06031248
00713996	06032246
00713996	13841651
00714273	00384802
00714273	14416845
00714531	00152018
00714884	07140978
00714884	09997404
00715074	00209943
00715239	05677340
00715239	05916739
00715541	10633298
00715674	01329239
00715868	06539770
00715868	06652242
00715868	10541229
00716130	01185981
00716179	00061401
00716758	06733227
00716758	06753299
00716758	10457444
00716945	00219012
00716945	01484982
00717045	07203126
00717208	01362736
00717208	01363482
00717208	06753800
00717358	00859001
00717358	10524413
00717748	01374020
00717748	01534609
00717748	01538629
00718573	01268112
00718815	00082929
00718815	01360899
00718815	01362568
00718924	04671841
00719231	00180413
00719231	13932421
00719231	14412725
00719705	02392600
00719705	02461063
00719734	05944958
00719734	07510923
00720063	05951323
00720063	14486122
00720808	05805277
00720808	09797113
00721098	05697976
00721098	05916739
00721098	09848489
00721437	00043195
00721437	05808218
00721437	07214432
00722232	04865502
00722232	05704266
00722232	05704694
00722232	05812038
00723056	05786372
00723056	05833840
00724029	13421462
00724081	04670022
00724150	04732543
00724150	13368052
00724492	05703956
00724832	07509572
00724861	04671394
00725772	10004804
00725772	14001348
00726300	00171590
00726300	05734559
00726300	05735478
00726567	01076370
00727143	06688274
00727564	13994148
00727573	00007846
00727573	05217688
00727791	06346681
00727791	06763681
00727991	07237758
00728393	00889082
00728617	05807540
00729108	00602805
00729378	05682570
00729781	05753954
00729781	08588294
00730247	02391803
00730301	08512736
00730301	08592656
00730499	05748786
00730499	08592656
00730538	02456031
00730984	10323182
00731000	13354420
00731159	00952214
00731159	13353607
00731159	13354420
00731222	00750532
00731222	02475261
00731222	02475922
00731222	10323182
00731789	00375625
00731789	04821084
00731789	05704694
00732091	00375938
00732552	00879759
00732552	01002956
00732552	05703429
00732552	05818741
00732552	06767035
00732746	02517202
00733044	00153809
00733044	10458111
00733250	05783041
00733250	05868954
00733250	13593219
00733250	13733402
00733317	02515934
00733454	07525555
00733483	01993352
00733483	02018524
00733483	02568065
00733483	02571251
00733632	08293982
00734482	02567422
00734587	05854150
00734927	15159819
00735389	15159583
00735389	15159819
00735571	08456993
00735866	13845239
00735936	02517202
00736216	00634276
00736216	02708711
00736216	09791530
00737188	01595596
00737188	01960656
00737399	02661252
00737536	00683185
00737884	10409752
00737973	01564144
00737973	01619929
00738747	07120524
00739082	05770926
00739082	05786372
00739082	05833840
00739270	00311663
00739270	00614999
00739340	05770926
00739340	05786372
00739536	05103283
00739662	01013434
00739662	03018802
00739662	07939638
00739662	07974025
00739662	07997703
00739662	08103777
00739662	08239808
00740053	00164345
00740053	05734559
00740336	04757864
00740577	00033020
00740577	00494907
00740577	06252743
00740577	09610660
00740712	00809654
00740712	00810557
00740712	00810729
00740712	02599004
00741272	02464132
00741478	00616361
00741478	02463704
00741478	02464342
00741685	00809654
00741911	07153130
00742051	06785223
00742320	00033020
00742320	00494907
00742320	06252138
00742320	09610660
00742474	00203213
00742645	01158181
00742645	01161087
00742645	01195804
00742645	02268351
00743344	00039297
00743344	06261260
00743822	01158181
00744443	00069879
00744506	00552458
00744506	04745370
00744616	00957176
00744758	00748282
00744916	04709253
00745005	02565687
00745005	02566528
00745187	07109847
00745187	07110615
00745187	07111047
00745187	10743675
00745431	01774426
00745499	01009871
00745499	06529219
00745637	02513740
00746232	02568065
00746479	05981768
00746479	07330007
00746479	08567877
00746479	09504915
00746587	02568065
00746718	06539770
00746718	07168623
00746718	07170467
00747135	06539770
00747135	06663940
00747135	07168623
00747135	09824135
00747215	00583759
00747215	10455094
00747418	05194578
00747418	10461424
00747757	01352067
00748155	02554066
00748155	10485440
00748282	00744758
00748282	01127623
00748282	05833371
00748282	07372959
00748307	02614812
00748515	01171183
00748515	01172275
00749230	04708113
00749767	02537407
00749991	02537812
00750345	07169480
00750405	02277897
00750405	02278061
00750405	10437262
00750532	00731222
00750532	05832745
00750730	09998101
00750890	02576921
00751131	13775706
00751145	00201407
00751145	00202236
00751145	00835903
00751145	02576921
00751389	00848466
00751389	06556481
00751398	02578008
00751529	00474308
00751529	00835903
00751529	00932798
00751567	07168131
00751887	05197797
00751887	09780828
00751887	09941383
00751887	09941571
00751887	09941964
00751944	00834259
00751944	00835506
00751944	01653442
00752144	00835294
00752144	00835506
00752298	01654271
00752298	02576921
00752335	10317007
00752335	10371741
00752335	10448983
00752431	00854420
00752431	02147824
00752431	02575082
00752764	07185325
00752954	01104624
00752954	02575723
00753093	10650162
00753428	06513366
00753428	07185325
00753472	00932798
00753685	00854904
00753685	02577586
00753685	02593001
00753881	00583246
00753922	11668117
00754118	02578235
00754280	02288656
00754280	02572119
00754424	02573275
00754424	02574516
00754731	06513366
00754731	10672192
00754767	02575082
00754873	00616153
00754942	01061333
00754942	07191279
00754942	10001647
00754956	00838043
00754956	01721754
00755447	07186828
00755447	07190290
00755673	02519183
00755745	05892651
00755745	05944958
00755863	02519494
00756331	00837288
00756331	01723690
00756338	06730563
00756598	01076953
00756780	00854904
00757080	02565687
00757544	07207410
00757856	10007109
00758459	04842029
00758459	10013927
00758459	10014658
00758627	10420031
00758972	00113818
00758972	01785971
00758972	01787106
00759186	01193099
00759269	07187996
00759335	01188485
00759551	00764902
00759551	01765392
00759657	07168131
00759657	07187150
00759694	10702781
00759944	01041968
00759944	06455990
00759944	07189130
00760402	00033020
00760402	01036333
00760956	01190884
00760956	01240210
00760956	01240432
00760956	07150644
00760956	07150850
00760956	09624559
00760956	09803429
00761713	07148192
00761713	10351874
00763399	00162632
00763399	05838176
00763399	06649567
00763399	07177924
00763630	10155222
00763713	05692758
00763901	04871720
00764032	07177924
00764222	06770275
00764222	07175241
00764902	00759551
00764902	01026262
00764902	01205827
00764902	07151122
00765193	02506361
00765213	01151407
00765213	09800249
00765396	09607280
00765649	05195362
00765649	07139700
00765649	07246036
00765649	07252378
00765977	00282485
00765977	04836683
00766234	00842989
00766234	02480923
00766234	02566528
00766234	02636921
00766418	01769843
00766418	07245125
00766418	10418841
00767826	01120069
00768062	07452841
00768778	03059366
00768778	06695862
00768778	06696025
00768778	10775379
00768921	01654271
00769944	01471825
00770141	07254057
00770270	02566528
00770270	02567147
00770437	00007347
00770437	00042311
00770437	00156390
00770437	00322457
00770437	01261974
00770437	05827684
00770437	07326557
00770437	09179776
00770437	10418841
00770543	01993352
00770543	02567147
00770543	02668523
00771632	09623038
00771961	00156625
00771961	07251619
00771961	10209082
00772189	05651680
00772189	05773049
00772189	07140978
00772189	09997404
00772189	10510339
00772189	14379829
00772381	00834745
00772640	05773049
00772640	05816790
00772640	06648724
00772640	06797169
00772640	07140978
00772813	00963283
00772967	05926676
00772967	06891022
00773235	02582615
00773285	07246742
00773402	01120069
00773402	02567519
00773432	07140978
00773432	09997404
00773814	01120069
00774056	07184735
00774056	10501203
00774344	01176431
00774344	07150138
00774344	07184149
00774344	09873348
00774641	07122118
00774817	07184735
00774932	07183660
00775156	01170813
00775156	07183151
00775156	07184149
00775156	07242104
00775156	09939313
00775156	10498422
00775286	01213614
00775286	01215421
00775460	01471043
00775702	01471043
00775831	00202284
00775831	09773245
00775943	10503247
00776059	09773245
00776262	02284096
00776523	00159620
00776523	04687333
00776523	05194151
00776523	10461747
00776523	11414608
00776732	02292535
00776846	06608728
00776988	04685195
00776988	05979350
00776988	05979454
00776988	07160424
00776988	10055085
00776988	10055297
00776988	14407536
00777324	02275152
00777391	03603958
00777391	06245816
00777439	02345048
00777522	03705379
00777522	10634990
00777931	07191777
00778275	00383952
00779061	01062817
00779061	01062997
00779061	15271008
00779248	02575723
00779360	00831191
00779360	10524973
00779360	15274074
00779374	04702688
00779601	10524973
00779601	15274074
00780148	01104624
00780148	02572119
00780148	02573127
00780575	00350380
00780889	02321757
00780889	02322230
00780889	10246913
00781000	01017987
00781000	05051896
00781168	04704346
00781303	04836074
00781303	06874391
00781355	02276866
00781480	02277303
00781652	00161044
00781685	02321391
00781912	02277448
00781912	02571511
00782057	07187773
00782057	07187996
00782057	10623354
00782072	10722965
00782527	00159620
00782527	02776205
00782527	04689660
00782527	05694791
00782527	05695232
00782527	10699752
00783042	05695232
00783042	05837370
00783063	02571511
00783063	02573275
00783199	01471825
00783523	06796642
00783527	01471825
00784342	07193184
00784342	07193596
00784342	10207831
00784388	02241107
00784388	09858299
00784533	00642098
00784533	01557774
00784533	02031158
00784533	02467662
00784727	10207831
00784874	05683390
00785008	07193184
00785008	07193596
00785008	07196682
00785045	02571511
00785470	00654234
00785470	10641755
00785470	10642151
00785690	00635205
00785690	10611613
00785690	10617193
00785690	10641755
00785690	10642151
00785962	00633864
00785962	00636728
00785962	05800611
00785962	07193184
00785962	10009276
00786195	02530167
00786195	02531199
00786458	00636461
00786458	00794367
00786458	01006675
00786458	07197021
00786458	07199191
00786458	10068234
00786458	10703692
00786816	00636461
00786816	07193958
00786816	07197021
00786816	10703692
00787049	07194950
00787049	07195630
00787049	09980458
00787218	02530167
00787465	02308741
00787660	01219551
00787660	05828552
00787832	02497400
00788097	02241107
00788097	02504562
00788184	07193184
00788184	07193596
00788184	07193958
00788184	07196682
00788184	10208287
00788564	00636461
00788564	05800611
00788564	07193958
00788564	07197021
00788766	01146051
00788766	01165579
00788821	00878348
00788821	01118081
00788821	04906471
00788973	02407338
00789138	00633864
00789138	10523076
00789237	10038929
00789391	01472807
00789391	01504480
00789448	06272290
00789448	06272803
00789448	07391863
00789448	09888017
00789534	02274299
00789906	02274299
00790308	03186818
00790703	06271778
00790965	04404200
00791078	00539110
00791078	00920778
00791134	06556692
00791134	06558277
00791227	02539334
00791227	02646931
00791227	14441825
00791372	02823124
00791372	07377082
00791527	00694974
00792304	03222516
00792304	07378234
00792991	10669991
00792991	13951984
00793037	01230850
00793037	09961739
00793271	01157850
00793580	07186148
00793785	00161044
00793785	10699752
00794079	01896478
00794079	05827684
00794079	07252764
00794079	09184975
00794367	00669970
00794367	00786458
00794367	01112584
00794367	02531625
00794614	01718535
00794981	01144355
00794981	05910940
00794981	06495328
00795008	00047317
00795008	02659763
00795264	01144355
00795264	05898568
00795632	01218327
00795632	05795460
00795720	01638368
00795720	01651293
00795720	02392600
00795720	02406916
00795720	02419773
00795785	01719302
00795785	01719921
00795785	02744977
00795863	00201923
00795863	00206302
00795863	00209546
00795863	06542047
00795863	06558088
00795863	07255299
00795863	07255401
00796047	06893885
00796047	07006119
00796315	00065791
00796315	02544348
00796315	02545272
00796315	09606009
00796315	10072708
00796392	06542047
00796392	07255401
00796586	00677683
00796588	01077350
00796588	01862386
00796588	13935227
00796839	06542830
00796886	02531199
00796886	10060352
00796976	00076341
00796976	00205349
00796976	05790572
00796976	10641551
00797299	10037080
00797299	10037385
00797697	00180413
00797697	14412725
00797878	02373336
00798108	10460286
00798245	01026975
00798245	01506157
00798245	01516534
00798245	01646300
00798245	02406916
00798245	02589576
00798539	01225783
00798539	07208000
00798717	00205079
00798717	07206096
00798717	09754541
00799076	07206302
00799383	00053913
00799383	10784922
00799383	10785085
00799537	02414473
00799798	00231887
00799798	00232863
00799798	01253665
00799798	01258852
00799798	05789808
00799798	07168486
00799798	13858604
00800242	01259211
00800421	10084635
00800930	00203649
00800930	05706629
00800940	00265386
00801782	06716234
00801782	10561320
00802238	01036319
00802238	02544348
00802238	02545578
00802318	01139194
00802318	01760944
00802318	01762839
00802318	06549661
00802318	06687358
00802629	02544348
00802946	01139194
00802946	01762839
00802946	04749991
00802946	06549661
00802962	02544348
00803325	01138670
00803325	05176607
00803325	06691083
00803325	09825096
00803394	00246217
00803617	01803936
00803815	01215392
00803815	06687178
00804002	06471345
00804002	13416345
00804139	07175575
00804139	09814567
00804476	07255027
00804802	07180787
00804802	07181546
00804802	07181935
00804802	07209305
00804802	10018021
00804802	13982357
00805034	00701040
00805034	02511551
00805228	13981137
00805376	07175241
00805376	07176682
00805376	07180183
00805524	00315020
00805524	00493703
00806049	03056010
00806049	07176243
00806314	01212519
00806502	01215392
00806502	06687178
00806502	06687358
00806502	06687701
00806902	00275607
00806902	02511551
00807178	00076341
00807178	00203342
00807178	00874621
00807273	00466053
00807273	02437905
00807461	01177033
00807461	07246742
00807461	10018021
00807500	00393953
00807941	06562802
00807941	07209089
00808182	00233335
00808182	00235368
00808182	00236592
00808182	02509287
00808191	04635482
00808191	05030806
00808671	06761798
00808671	09896826
00808671	10501203
00808767	00269423
00808855	07193596
00808855	07196075
00808855	10213180
00808855	10213319
00809465	02204692
00809465	10388924
00809654	00203753
00809654	00740712
00809654	00741685
00809654	06756680
00809654	06761603
00809654	10022759
00809654	10168012
00810385	06761798
00810385	10501203
00810557	00204199
00810557	00740712
00810598	02202384
00810598	02283324
00810729	00740712
00811171	02828648
00811355	02281093
00811355	02282506
00811375	00203753
00812274	01212572
00812274	01216004
00812526	01212572
00812526	01216004
00812526	01216522
00812526	01216670
00812526	01220303
00812526	01222328
00812526	01224001
00812526	01572978
00812526	01574292
00812580	04661151
00812580	05785067
00812580	07140978
00812580	07142365
00812580	07242104
00813044	04661151
00813044	05784831
00813044	05785067
00813044	07138915
00813044	07142365
00813790	01256743
00813790	10468962
00813978	07140659
00814458	01606018
00814458	01606736
00814850	05826469
00814850	07200813
00814850	10510546
00815173	01931768
00815320	02439732
00815379	07199922
00815644	01150559
00815644	01151110
00815686	07199565
00815686	07200527
00815686	10524413
00815801	01933305
00815801	01941093
00815801	02909006
00816143	06721949
00816353	07199922
00816556	07204240
00816556	10003283
00817311	14411981
00817680	01128193
00818253	09842823
00818466	02202928
00818466	09614684
00818553	06472242
00818553	06732925
00818553	07216083
00818974	07191777
00819024	02280132
00819024	02733122
00819274	02280132
00819274	10060621
00819508	06472242
00819508	07216083
00819508	09954479
00819508	10091012
00819508	10206173
00820352	06649915
00820611	06649915
00820721	05047059
00820801	00686890
00820801	09814660
00820976	06643408
00820976	06649915
00820976	06650431
00820976	06798558
00820976	06880249
00822101	10363149
00822367	00686890
00822449	07525057
00823129	01040390
00823129	10547145
00823436	00075515
00823436	07206461
00823669	06709998
00823669	06711855
00823884	00086835
00824054	00086835
00824066	06714420
00824066	10740017
00824292	01161017
00824292	06712833
00824292	06714288
00824767	06711855
00824767	06712833
00824767	06713930
00824767	10561861
00825089	00523645
00825975	06713187
00825975	10740017
00826201	06711855
00826509	05734018
00826509	06374587
00826509	06710546
00826509	09979072
00826509	09979321
00826509	09979589
00827638	01347678
00827730	01214171
00827730	06712325
00827730	09774783
00827782	02716767
00828003	07243837
00828003	07244949
00828003	10464178
00828082	00048633
00828082	02147109
00828237	00040353
00828237	00046534
00828237	00047945
00828336	05030418
00828336	10310903
00828374	06712325
00828374	06742932
00828374	06743230
00828374	07243837
00828374	10464178
00828559	00043683
00828779	04997472
00828779	07556637
00828901	10380672
00828990	00086835
00829107	00883297
00829107	01323449
00829107	05854812
00829107	10694258
00829170	00573932
00829378	02436349
00829378	02475922
00829378	02592667
00829378	09614684
00829761	00238527
00830188	00889294
00830257	00047745
00830448	01224744
00830761	00892861
00830761	07240549
00830761	10252222
00830761	10252547
00830761	10630188
00831191	00001740
00831191	00002325
00831191	00779360
00831651	01323449
00831651	05816287
00831651	06634376
00831651	07212190
00831651	08462320
00831651	10205985
00831651	10786033
00833199	07214994
00833199	10206173
00833702	00893955
00833702	09931640
00833702	10722575
00833870	00002942
00834009	06634960
00834009	10322391
00834135	00005526
00834135	00986173
00834198	05199286
00834198	05199869
00834259	00751944
00834259	06756831
00834259	10256537
00834460	00005526
00834460	00006523
00834460	00006802
00834636	01198101
00834745	00772381
00835267	00004227
00835294	00752144
00835294	06757057
00835294	10660333
00835501	00005526
00835501	00006802
00835501	00007012
00835501	00034948
00835501	02068745
00835506	00751779
00835506	00751944
00835506	00752144
00835506	04825383
00835506	06756831
00835506	06761099
00835506	10168012
00835609	05207963
00835903	00073713
00835903	00751529
00835903	06756407
00835903	07434102
00835903	10076957
00835903	11511765
00835903	13960464
00835903	14504726
00835976	00017031
00836149	00007549
00836149	00067274
00836149	00101779
00836236	00900070
00836236	00900581
00836236	01981699
00836236	05765415
00836236	05926676
00836705	06758225
00836788	00003316
00836788	00005041
00836788	01198779
00837098	00005526
00837133	04677952
00837288	00549284
00837288	00756331
00837288	10200365
00837288	10455915
00837675	01198616
00837675	01199009
00837872	09861718
00838043	00754956
00838043	03318438
00838043	06759349
00838043	10195593
00838043	10286539
00838098	01156834
00838367	01166351
00838367	01168468
00838367	01179865
00838524	00755500
00838816	01174973
00838816	01445932
00838856	05199869
00839023	01174742
00839023	01576165
00839292	00090386
00839526	03318438
00839526	06611376
00839526	10201535
00839597	00101629
00839778	01170052
00839778	01201856
00839834	00367552
00839834	06758835
00839834	07106502
00840189	01202068
00840363	01067002
00840363	01202068
00840630	01193099
00840751	01185981
00841091	01174742
00841091	01240514
00841091	01576165
00841091	01576478
00841091	01608508
00841125	00355919
00841125	06759063
00841125	13763384
00841580	07232988
00841628	01191838
00841628	01193721
00841628	02333225
00841901	01195299
00841901	01195675
00841901	02193974
00841986	07214994
00841986	10007109
00841986	10091012
00841986	10206173
00841986	13555775
00841986	14854581
00842281	00504019
00842538	00070965
00842538	07237758
00842692	00073584
00842692	01169704
00842692	01186428
00842692	01539063
00842772	09986532
00842989	00766234
00842989	07234230
00842989	07237758
00842989	09762385
00842997	01186428
00843128	01170052
00843146	05020358
00843325	01169433
00843325	01202068
00843468	06561942
00843468	06730780
00843468	07234230
00843468	09762385
00844254	01762283
00844254	02135389
00844298	06561942
00844298	10437852
00844941	10561861
00844994	01428381
00845178	00052548
00845299	06715223
00845299	09758643
00845523	01428853
00845523	02887741
00845909	01219893
00845909	06717170
00845909	10009671
00846462	02396205
00846462	02475922
00846509	00072261
00846509	01220336
00846509	06718543
00846509	06719579
00846509	06720216
00846509	06720600
00846509	09999135
00846515	01426397
00847158	06719974
00847340	00574218
00847340	01428853
00847478	14439745
00847478	14440137
00847683	06720371
00847683	09999135
00847870	06720216
00847870	06721604
00847870	09999135
00848169	06719579
00848169	06720216
00848169	09999135
00848420	01225027
00848420	06715223
00848466	00751389
00848466	09772746
00849080	06716234
00849080	10561320
00849294	02568392
00849294	10621514
00849332	10561320
00849357	04812268
00849523	00055142
00849523	00056334
00849768	01429953
00849768	02739121
00849788	05929008
00849939	06780309
00849939	10400998
00849982	00054628
00849982	00055142
00849982	00055539
00849982	00055871
00849982	00056334
00850192	06716234
00850192	06767922
00850192	10561320
00850425	01429953
00850501	00425905
00850501	01222859
00850501	07123870
00850501	09593651
00850501	10690849
00850501	10695555
00851103	04815321
00851239	00156625
00851239	01261490
00851239	09184975
00851239	10209246
00851733	07252378
00851933	00425905
00851933	01224517
00851933	05734381
00851933	06715786
00851933	06767693
00852506	09965134
00852506	10695555
00852685	06777164
00852685	06780309
00852685	10400998
00852922	01224517
00852922	06715638
00853633	00431005
00853633	06778102
00853633	10221312
00853633	10224098
00853776	04626280
00853958	06767777
00853958	06778102
00853958	07153727
00854000	01226215
00854000	01226600
00854000	01424456
00854000	01424948
00854000	01425511
00854000	01425709
00854000	01431230
00854150	00512843
00854150	10221312
00854393	01431230
00854420	00752431
00854420	09998101
00854420	10027590
00854904	00753685
00854904	00756780
00854904	09921409
00854904	10100761
00854904	10752480
00855169	02117170
00855295	06777794
00855295	07450343
00855512	05734018
00855512	06410391
00855512	10526927
00855674	01430633
00855674	01430952
00855674	10299700
00855794	10526927
00855933	01220152
00855933	06717170
00855933	10009671
00856193	01430633
00856578	14574846
00856824	06693198
00856847	01201422
00856860	04629194
00857664	01201100
00857784	10171219
00857923	04634540
00857923	07129422
00857923	07527817
00857923	07555647
00858341	14437134
00858377	00015303
00858377	00015498
00858568	07251779
00858568	09913329
00858781	01214746
00858781	07139700
00858781	07246036
00858781	07251779
00858781	09913329
00858849	00015303
00858849	00016380
00859001	00717358
00859153	04630689
00859325	04630689
00859604	01073241
00859604	07551052
00860292	09926088
00860620	01029114
00860620	04684358
00860620	06693198
00860620	10248711
00860620	14437134
00861423	07035870
00861560	01266491
00861560	06726939
00861725	06691684
00861929	06691684
00861929	06691989
00861929	09926088
00862225	07123870
00862225	07384898
00862225	10177014
00862683	06711159
00862683	09821253
00863433	00133338
00863579	07083441
00864159	06201042
00864159	06709692
00864159	07233214
00864475	00355919
00864475	01220152
00864475	06717170
00864475	06718434
00864475	13763384
00864910	00206600
00864910	05811884
00864910	07233634
00864910	07233863
00865387	07125096
00865387	10682501
00865471	02061069
00865600	00072989
00865958	07233634
00865958	07233996
00865958	14458593
00866314	07125096
00866505	07189411
00866606	02116568
00866606	02116777
00866702	01039925
00866702	01040646
00866702	10546850
00866702	10547145
00867231	06791372
00867357	01910373
00867357	02243567
00867409	04757522
00867983	00014034
00867983	00014201
00867983	01888511
00868196	00066191
00868196	00066685
00868523	00067274
00868523	01042531
00868591	07231294
00868591	10533013
00868799	01046932
00868910	00637259
00868910	00712135
00868910	00926472
00868910	02265231
00868910	02907473
00869126	07181935
00869126	07183151
00869596	01168961
00869596	07183151
00869596	09612131
00869596	09612291
00869596	13858045
00869931	03337140
00869931	06508816
00869931	06561942
00869931	10087736
00870213	07224151
00870312	00380424
00870453	00193486
00870453	01385170
00870577	06672297
00870577	09771855
00871195	06672297
00871195	09771855
00871942	05776015
00871942	06749881
00871942	07286368
00871942	07286799
00871942	09823287
00872107	00640828
00872107	00949288
00872414	06803157
00872414	07224774
00872414	07519773
00872414	14031660
00872886	05785067
00872886	06650701
00872886	09774266
00872886	09775663
00872886	09968845
00873469	06651577
00873603	05035961
00873603	14050143
00873682	06747670
00873682	07185668
00873682	07212424
00874067	00648977
00874067	00670261
00874067	00672277
00874067	00971650
00874621	00807178
00874806	00660971
00874806	00681429
00874977	00657550
00874977	00657728
00875141	06671637
00875141	07188385
00875246	00672433
00875394	07161429
00875394	07162680
00875394	07246582
00875394	10673451
00875712	04635953
00876332	09774783
00876442	07143137
00876442	09774266
00876665	07134850
00876665	07142566
00876665	07143137
00876665	07143624
00876665	08308497
00876665	09953965
00876874	02106506
00877083	01264050
00877083	07143137
00877083	07258664
00877127	02130524
00877327	05797597
00877327	10523076
00877345	00645939
00877345	00646271
00877345	00648224
00877345	00649481
00877559	07143137
00877625	02165304
00877848	04010779
00877848	07011209
00877848	10482414
00878052	00697062
00878052	02153387
00878136	06648724
00878136	06731510
00878136	07203126
00878221	02165146
00878221	02165304
00878348	00788821
00878348	01166926
00878348	04913839
00878348	10669727
00878348	14580090
00878456	02132745
00878636	07167578
00878648	02132745
00878797	00032981
00879271	00696700
00879271	01844048
00879356	10484526
00879540	00164152
00879540	07240925
00879540	10360101
00879607	01843904
00879759	02118933
00879759	02128653
00879759	02169352
00879759	02455407
00879764	07161741
00880227	00159899
00880227	06695579
00880227	06695862
00880227	10095869
00880269	02163746
00880662	02128653
00880662	02150510
00880662	02150948
00880662	02455407
00880978	01167385
00880978	07275275
00880978	09800631
00880978	10684827
00881441	00785690
00881545	02151966
00881649	00646738
00881649	02150948
00881649	02163746
00881998	04716210
00881998	06633896
00881998	07140348
00882159	02169891
00882159	02171039
00882159	02571901
00882220	06693744
00882220	07014320
00882702	02191546
00882702	02192992
00882702	02194286
00882702	02194495
00882802	06688522
00882948	06671637
00882948	06686736
00882948	06694540
00882961	02123672
00883139	02125032
00883226	06889591
00883226	07229747
00883226	07230089
00883226	07230227
00883297	00603298
00883297	00829107
00883297	02387486
00883297	02945971
00883297	02981759
00883297	10045454
00883611	00240131
00883611	02258291
00883635	07229747
00883635	07532276
00883847	06633896
00884011	07226545
00884011	07227772
00884011	10482054
00884317	05950733
00884317	07226545
00884317	10482054
00884540	07227772
00884540	10441694
00884778	04836074
00884946	07227772
00885217	05689801
00885217	06773150
00885217	14490110
00885925	01210816
00886602	01036778
00886602	07228211
00886978	01040646
00886978	01041111
00887081	02945971
00887081	02981759
00887463	01041111
00887463	01206153
00887463	01206553
00887463	04877421
00887463	06684383
00887463	07452348
00887463	10077593
00888009	06685198
00888786	06520944
00888786	09960688
00888796	00605086
00889082	00606600
00889082	00728393
00889229	10597234
00889294	00830188
00889294	09931418
00889490	01385017
00889555	06686174
00889740	01061203
00889831	04747899
00889831	09626238
00890100	06685456
00890100	06686174
00890100	10760763
00890590	06686174
00890855	07334206
00891216	10209731
00891216	13344664
00891216	13344804
00891850	00696852
00891936	06685456
00891936	06686174
00891936	10149527
00892467	06628861
00892698	00090253
00892698	06520222
00892861	00594146
00892861	00830761
00893167	06741305
00893167	10399299
00893435	06741305
00893435	07232421
00893741	06741099
00893741	06741305
00893878	06626446
00893955	00603298
00893955	00833702
00893955	02387034
00894221	06626446
00894552	00606093
00894552	00606335
00894552	01723224
00894738	01241767
00894738	01631830
00894738	05794403
00894738	06633363
00894738	06740183
00894738	06740919
00894738	06741305
00894738	09798534
00895304	01212519
00895304	02354537
00895304	09614684
00895304	10407954
00895304	10677713
00896141	05823054
00896141	06740183
00896141	06740644
00896141	09798534
00896497	10740219
00896555	04821802
00896803	01241767
00896803	05823054
00896803	06740183
00897026	01723224
00897241	06630017
00897241	10146927
00897564	09769345
00897811	00696852
00898019	06632097
00898127	01723579
00898691	07274425
00898804	01697027
00898804	01697406
00898804	01743784
00899292	00988287
00899292	01701311
00899352	07274890
00899597	06630017
00899597	10146927
00899927	01635432
00899956	06633041
00900207	01632103
00900207	01693453
00900214	06633041
00900214	06688913
00900375	01686956
00900581	00836236
00900583	10146927
00900616	05171045
00900726	01582645
00900726	01686956
00900726	01689379
00900726	02736778
00900957	01688256
00900957	01688771
00901103	05817145
00901103	07217349
00901103	10466198
00901316	01003885
00901651	07217349
00901799	06397903
00902289	07009421
00902424	06740183
00902932	06630627
00903212	07185870
00903212	07486229
00903309	10504206
00903385	10399299
00903559	02838592
00903559	03925226
00903559	10426749
00903711	00094240
00904046	00923321
00904046	01193886
00904046	01227691
00904046	01247647
00904046	13990502
00904046	14575399
00904548	04807971
00904690	01241331
00904690	09798534
00904878	01241594
00905283	00252662
00905399	01249315
00905399	06552639
00905399	10399130
00905399	10399299
00905677	01249315
00905677	06552639
00905852	01227190
00905852	06741305
00906037	00354583
00906037	06741728
00906367	01189282
00906367	09962966
00906735	01189282
00906735	06709692
00906735	14574846
00906735	15224692
00907147	07208708
00907147	07209965
00907147	10776339
00907340	02113430
00907657	07209965
00907657	09999135
00907800	01068633
00907800	10167565
00907919	01002740
00907919	01711965
00907919	09889539
00907930	07211752
00907930	10776339
00908099	01076488
00908099	05689249
00908133	01002740
00908351	01129532
00908351	04922113
00908351	07252206
00908492	01621555
00908492	01685313
00908492	01753788
00908621	01096454
00908621	08401554
00908621	10407726
00908621	10407954
00908672	01789270
00908672	01793177
00908672	04780958
00908672	06605396
00908772	01619354
00908772	01693881
00908977	06719404
00909219	07211092
00909219	10342543
00909219	10776339
00909363	07532440
00909363	07539367
00909573	07211092
00909573	10148305
00909573	10561861
00909573	10776339
00909899	01662771
00909899	01697027
00910135	10002760
00910135	10018021
00910203	00998399
00910973	07209965
00910973	09974054
00910973	10776339
00911048	01654628
00911327	04771890
00911350	10335246
00911562	07535670
00911572	02335629
00911752	01661243
00911752	01982866
00912001	01653442
00912048	07125523
00912274	01657977
00912473	07120524
00912473	10533983
00912833	01860497
00912833	07120524
00912833	10533983
00912960	02157100
00913065	01860497
00913065	07120524
00913065	07121157
00913065	07121361
00913065	07123012
00913065	07123552
00913795	07121361
00914061	07122409
00914215	01859325
00914215	07123288
00914343	02072159
00914420	07123012
00914420	07393161
00914421	04803430
00914632	01622795
00914632	01629000
00914632	02291708
00914634	07121361
00914769	01052215
00914769	01068184
00914769	07125958
00914929	01429455
00915265	10758589
00915605	07377682
00915605	10533983
00915722	01741446
00915722	01742726
00915830	07130341
00915830	10777299
00916285	09846755
00916464	01739814
00916464	09779790
00916706	00161225
00916706	04735929
00916706	04736757
00916909	06782680
00916909	10150794
00917300	05892096
00917300	06782680
00917614	10104756
00917772	05775081
00917772	05775407
00917772	06748969
00917772	06749881
00917772	07286905
00917772	07522128
00918312	05775407
00918312	10483530
00918383	01740969
00918383	10186350
00918471	09823287
00918580	00506658
00918746	05804136
00918820	01740608
00918872	00151497
00918872	00162632
00918872	05808218
00918872	09279458
00918976	02790474
00919424	03429288
00919513	01567275
00919877	00052845
00920125	05044822
00920125	08459252
00920336	00141806
00920336	00151497
00920778	00791078
00920956	00302464
00921072	06782680
00921300	06791372
00921300	06797169
00921300	06797671
00921300	07262579
00921738	03721797
00921738	03722007
00921738	06798750
00921790	01320009
00922144	01628197
00922327	01163620
00922327	01310660
00922438	06791372
00922867	00999787
00922867	01004582
00922867	05816790
00923321	00904046
00923793	03150795
00923793	03975232
00923793	06818121
00923793	07231048
00923802	00500356
00923995	01617192
00923995	01621555
00923995	01632411
00923995	01640207
00923995	01651444
00923995	01653873
00923995	01654628
00923995	01658188
00924431	01053207
00924431	05566504
00924579	09898215
00924825	01653442
00924873	09762101
00924873	10681383
00925110	04757522
00925207	00142191
00925207	01659248
00925490	07289588
00925490	07509996
00925735	07289588
00925873	00940842
00925873	06743362
00926156	13512238
00926310	00265119
00926472	00301187
00926472	00868910
00926472	05796423
00926472	06748969
00926472	06749881
00926472	10102506
00926668	01459896
00926668	01626420
00926668	01666131
00926702	05775407
00927017	02603699
00927017	13954253
00927049	06782680
00927049	10634316
00927430	06651577
00927430	07162680
00927430	07163988
00927516	02623906
00927578	13959931
00927711	05916306
00928077	00709625
00928077	01639714
00928077	01640550
00928371	01639714
00928630	06252954
00928630	09962789
00929362	04679738
00929718	01698271
00929718	10794014
00929839	05920791
00930368	05769833
00930599	13860281
00930736	01701634
00930806	05916306
00930806	07163988
00930806	07246582
00930868	01701311
00931040	00116619
00931040	01634424
00931040	01635176
00931232	06602935
00931232	06733227
00931453	00116619
00931467	05922949
00931555	04835488
00931608	00981276
00931721	10256080
00931852	05919866
00931852	06290637
00931852	06601327
00931852	06811625
00932088	00532607
00932161	07231048
00932298	00388296
00932324	06601327
00932324	06791372
00932324	06811625
00932324	06876144
00932624	00532607
00932624	02084104
00932636	05920791
00932636	06601327
00932798	00751529
00932798	00753472
00932798	05895138
00932798	07173959
00932804	00692580
00932804	00692718
00933000	02698443
00933154	02267060
00933154	05145891
00933403	07073208
00933403	10758847
00933420	09812338
00933566	05117660
00933821	05808102
00933821	07213395
00933821	07214267
00933821	07214432
00933821	07214894
00933821	07215377
00933821	07215568
00934199	05146739
00934199	05147237
00934744	10336537
00935247	10460806
00935940	10029068
00935940	10029269
00936169	07215185
00936465	09954639
00936620	01684663
00936620	01684899
00937023	07215185
00937208	07223985
00937208	10206173
00937208	10692696
00937656	01256600
00937656	01551871
00937656	01684337
00937879	06353445
00937895	01697027
00938247	00100543
00938247	05766247
00938247	05928513
00938247	07170753
00938419	01582645
00938791	01749790
00938791	01750421
00939035	06765044
00939035	10369528
00939277	06743362
00939277	07232421
00939452	01705494
00939818	01707737
00939857	04820258
00939857	07171206
00939857	07232655
00940214	01266152
00940214	05685030
00940384	00943363
00940384	07080868
00940384	07109847
00940384	07139873
00940384	10743675
00940412	01632411
00940412	01634424
00940437	04822032
00940709	01632411
00940842	00925873
00940842	00980453
00940842	01632411
00940842	01633343
00941140	02439281
00941974	01309701
00941974	01310660
00941974	01311103
00941974	01313923
00941974	02143539
00941990	05301908
00941990	05302499
00941990	06721949
00941990	07080868
00941990	07109847
00941990	07129867
00941990	07130050
00941990	07135734
00941990	07139316
00941990	10335801
00941990	10630188
00942234	01256157
00942234	01754737
00942988	00309990
00943363	00940384
00943363	01061017
00943363	01061481
00943436	11497888
00943837	00943363
00944449	00027705
00944449	01368863
00944449	02054989
00944449	02690093
00944548	01264447
00944548	07144190
00944548	10747672
00944788	07084560
00944924	01296474
00944924	02710294
00944924	05774129
00944924	05774614
00945205	00201722
00945205	01860107
00945401	01315613
00945401	01316401
00945401	02153709
00945777	00645939
00945777	00646271
00945853	01011166
00945853	06481320
00945916	02269894
00946105	01011166
00946105	03588414
00946105	05817845
00946105	06482401
00946105	06490887
00946105	06795746
00946105	13809920
00946499	00257269
00946499	00264386
00946499	00540946
00946499	02077148
00946499	04729710
00946588	01011166
00946650	01315613
00946650	02240881
00946755	01011166
00946755	05121418
00946755	06425065
00946755	06481320
00946755	06490887
00946755	13582013
00947077	05124057
00947077	05692419
00947077	06199702
00947077	06324475
00947128	01158872
00947128	01165043
00947128	01166093
00947128	02568672
00947439	06333653
00947439	07230502
00947719	00203213
00947719	01161290
00947923	00273445
00948071	00634586
00948071	03116767
00948071	03117199
00948071	05121418
00948071	06425065
00948071	06807198
00948071	09904057
00948071	09969491
00948071	13582013
00948206	00171852
00948206	01162754
00948206	01164273
00948206	02409148
00948707	00653388
00948853	05121418
00948853	06425065
00948853	06490887
00948853	06807198
00948853	13582013
00948868	01162425
00949093	06256697
00949093	06258680
00949134	01158872
00949134	02561332
00949134	02707429
00949288	00048129
00949288	00634586
00949288	00872107
00949288	01417451
00949288	02679142
00949288	04353803
00949288	07959016
00949619	00711550
00949619	02809692
00949619	09615807
00949841	00189565
00949974	00122106
00950431	05785067
00950431	05822746
00951037	01950657
00951037	02331919
00951206	07118002
00951399	07118002
00951433	01161695
00951433	01164568
00951626	02279772
00952182	05202284
00952182	07110615
00952182	07111047
00952182	07120364
00952182	10599806
00952182	10743675
00952214	00731159
00952524	07221094
00952841	07135734
00953058	07222823
00953216	06397307
00953216	07220773
00953216	07221094
00953216	07221756
00953216	07222823
00953216	10345804
00953559	01090335
00953559	01092366
00953559	02376089
00953923	06767777
00954038	07220773
00954086	01126846
00954086	01522716
00954137	06382590
00954271	07220773
00954271	07221094
00954422	06733939
00954608	01101329
00954608	10490699
00955060	01109863
00955148	05919866
00955148	06601327
00955148	06605897
00955601	00371487
00955601	06377133
00955601	06742426
00955601	07137950
00955601	07139151
00955601	07172756
00955601	09618760
00955987	01116585
00956131	04850117
00956250	05817845
00956250	07202812
00956250	13809920
00956405	00373544
00956405	07172979
00956405	07290278
00956687	04723816
00956687	05849284
00956687	06694796
00956687	07201804
00957176	00744616
00957176	04839676
00957176	04854389
00958334	01018630
00958334	01019129
00958334	01019372
00958334	06768901
00958334	07342049
00958334	13503908
00958334	13504173
00958823	01021579
00958880	04876985
00958896	01090335
00958896	01092366
00959376	01079480
00959376	01123765
00959731	04878861
00959827	06536389
00959827	10212501
00959827	10725280
00959992	01109863
00960851	01115916
00961001	01131197
00961001	01506157
00961329	06420781
00961329	06744000
00961329	06762711
00961329	06763273
00961586	06762711
00961586	09942431
00961736	06429145
00961736	06429316
00962129	02583139
00962129	02583780
00962129	02919100
00962129	10210137
00962447	07135734
00962447	07139316
00962722	02583780
00962722	10527334
00963241	00963283
00963283	00772813
00963283	00963241
00963283	02402409
00963283	04879658
00963283	05960464
00963283	06790042
00963283	10023656
00963283	10527334
00963452	04838210
00963570	05650820
00963570	07129867
00963570	07135734
00963570	10630188
00963896	02583958
00963896	10342180
00964110	07157273
00964343	01092366
00964478	07011387
00964478	07011529
00964478	07156819
00964478	07160752
00964694	07133701
00965035	06681551
00965035	06738281
00965035	07201365
00965035	07217924
00965035	07218470
00965404	01586600
00965606	09945905
00965871	00686890
00965871	06726158
00965871	06746580
00965871	09795124
00965871	09795334
00965895	01565472
00965895	02344568
00965895	02345048
00966384	01565472
00966504	02277138
00966599	02344568
00966718	00477941
00966718	01428381
00966869	01565472
00967098	06681551
00967098	07217924
00967098	10521662
00967157	00388635
00967625	01103614
00967625	04073208
00967625	06589574
00967625	08055150
00967625	10491309
00967625	10491575
00968211	00367976
00968211	00368302
00968211	00368592
00968211	05088056
00968211	05088324
00968211	06253140
00968211	06253518
00968211	06254007
00968211	06619428
00968211	07250339
00968211	07445896
00969137	04137444
00969370	10629020
00969506	04404412
00969506	06277280
00969873	05088324
00969873	07445896
00970215	00273077
00970215	10454752
00970732	06674542
00971075	04813712
00971463	00222472
00971650	00874067
00971650	06727616
00971650	07202579
00971650	07272172
00971999	01191158
00971999	01191975
00972191	04717139
00972191	04728068
00972608	01078086
00972621	01118449
00972621	01119169
00973056	04472726
00973056	06251781
00973056	06254007
00973056	06255354
00973056	06619428
00973056	06792645
00973056	09875786
00973077	01093172
00973728	06255354
00973888	06620063
00974173	02714139
00974173	06802571
00974367	09795334
00974786	09977520
00975036	06796642
00975171	04813712
00975902	01101329
00975902	10490699
00976224	06344461
00976487	07248507
00976487	10482220
00976508	05058140
00976653	01101329
00976653	07247071
00976653	07248801
00976653	09773962
00976653	10482220
00976698	01913363
00976698	02435634
00976953	02020237
00976953	02494850
00977153	06793426
00977301	01123887
00977336	01266491
00977336	06726939
00977336	06746580
00978173	01125084
00978173	01266491
00978173	06726158
00978369	02643446
00978369	07073208
00978369	07132415
00978413	01131902
00978549	02643446
00978549	07073208
00978549	07128692
00978549	07128946
00978549	07131854
00978549	07132415
00978549	09811712
00979988	06304671
00980176	10032884
00980453	00940842
00980453	06286395
00980453	06316048
00980453	06738162
00980453	07069948
00980453	07073208
00980453	07081739
00980453	07154330
00980527	05061977
00980779	01506157
00980908	05960464
00980908	06790042
00980908	10023656
00981083	05667613
00981083	05846932
00981083	06731802
00981083	06732013
00981083	06816935
00981276	00931608
00981276	03391301
00981276	13913566
00981544	01063350
00981544	10646780
00981544	14402922
00981944	10048001
00982178	10265801
00982293	04986883
00982293	04987620
00982293	07083732
00982293	07083958
00982293	07084166
00982514	13803782
00983333	06822198
00983333	07085375
00983333	07085786
00983333	07131511
00983333	07155661
00983635	07112550
00983824	07109847
00983824	10743675
00984609	02167571
00985106	02167571
00985800	07129602
00986027	04999401
00986173	00834135
00986173	00837098
00986750	08187988
00986897	07394814
00986938	01133825
00986938	01134238
00987071	07201365
00987071	07201804
00987863	01135922
00988028	01981699
00988232	05001482
00988287	00899292
00988287	04626705
00988287	06376154
00988287	07007945
00988287	07290278
00988320	01137582
00988320	01377571
00988320	02029492
00989084	07201804
00989201	07241837
00989602	06891022
00989602	07071483
00989602	07167415
00990008	06713930
00990008	07238694
00990008	10380672
00990249	07242912
00990249	10159714
00990392	07164349
00990655	09769345
00990812	06787150
00990812	08491027
00990812	09769345
00991151	06479665
00991385	05986395
00991385	05987835
00991683	06793426
00991683	09854510
00991838	04999741
00991838	05268965
00991838	10082146
00991838	14864360
00991900	06793426
00992041	00334509
00992041	06876309
00992331	00619183
00992518	06632097
00993014	00614224
00993014	10801291
00993892	00615887
00994076	00614489
00994076	00615887
00994076	06254239
00994076	06353934
00994076	06355307
00994076	06355894
00994076	10481268
00994454	00617059
00994454	09995398
00995103	06349597
00995119	05160796
00995286	06808493
00995838	06364149
00995838	10513120
00996102	00399393
00996102	06428792
00996102	06428976
00996102	10513120
00996448	05161967
00996485	06404582
00996485	10597234
00996513	09683180
00996969	00647094
00996969	00681429
00996969	02704349
00997794	06405198
00997794	10057271
00998399	00910203
00998399	03708036
00998399	04063373
00998399	04391838
00999245	00295697
00999245	00467717
00999245	01589497
00999270	04391838
00999270	04393095
00999588	00295346
00999588	00295966
00999787	00296178
00999787	00922867
00999815	03294833
01000068	00466053
01000068	02658867
01000214	06503724
01000214	06647206
01000214	10516874
01000214	13403643
01001097	00393953
01001136	06514093
01001294	06742426
01001643	03337140
01001643	06508816
01001689	14051494
01001857	03337140
01001857	06507041
01001857	06508816
01001857	13412321
01002297	06588326
01002297	06616806
01002377	14045507
01002740	00907919
01002740	00908133
01002740	03338821
01002740	06262567
01002740	06613686
01002956	00732552
01002956	02154508
01003049	03708036
01003049	04391838
01003049	04534520
01003249	03925226
01003249	04248607
01003570	00489837
01003729	00657550
01003729	00657728
01003729	00658052
01003729	01614079
01003885	00901316
01004062	03722007
01004062	04681387
01004062	06817782
01004072	00612652
01004072	02032415
01004403	06844199
01004550	00387897
01004550	03832405
01004582	00922867
01004692	04504486
01004692	04505036
01004692	06402565
01004692	06825120
01004961	00491689
01005284	00319406
01005579	00646738
01006239	04155310
01006239	10564660
01006421	06468951
01006421	06469694
01006675	00669970
01006675	00786458
01006675	01112584
01007222	04400499
01007222	06275095
01007222	06622709
01007222	10697519
01007354	05209324
01007495	04041544
01007495	04043733
01007676	03316105
01007676	03316274
01007924	06467007
01007924	06467445
01007924	06469694
01008288	06468951
01008378	00710005
01008437	06468951
01008801	00710005
01008903	06469377
01008947	00239230
01009190	00480969
01009190	00629257
01009240	07203126
01009240	07212424
01009240	10345804
01009240	14485526
01009637	02478701
01009637	02478936
01009871	00276883
01009871	00277659
01009871	00658052
01009871	00745499
01010118	00686890
01010118	06725877
01010334	00658052
01010458	00660571
01010458	02406585
01011031	06684572
01011031	06729499
01011031	06732350
01011031	07203126
01011031	09814660
01011031	10682380
01011166	00945853
01011166	00946105
01011166	00946588
01011166	00946755
01011166	02472223
01011425	02472495
01011725	00075135
01011725	07203126
01012073	05825245
01012073	06650070
01012073	06732581
01012360	00656576
01012360	01089878
01012561	00153961
01012561	05826291
01012561	06650431
01012712	00654625
01013040	06684572
01013040	07194499
01013040	10703905
01013156	02354112
01013367	01264243
01013367	14434866
01013367	14435187
01013434	00739662
01013434	02399331
01013604	02512808
01013770	03018498
01013770	10693824
01014066	01380638
01014066	01384439
01014066	02304982
01014609	01264243
01014731	01626138
01014731	02304982
01014821	06648207
01014821	06732710
01014821	06734467
01014821	06736405
01014821	10703905
01014821	10786270
01014990	00158804
01014990	01316619
01014990	01380638
01015175	00405236
01015244	06643408
01015244	06648207
01015244	06732710
01015244	06733939
01015244	10703905
01015310	01320009
01015866	06613056
01015866	06763681
01015996	10366779
01016002	06731186
01016002	14485526
01016201	02287041
01016201	02305586
01016316	06559365
01016316	09775663
01016420	10422405
01016626	06562802
01016626	07209089
01016778	06729499
01016778	09814660
01016832	00654625
01016973	00579952
01017001	06733227
01017320	01217043
01017550	01219004
01017701	00148763
01017701	01481154
01017738	05207130
01017738	14547369
01017826	01061333
01017826	10001647
01017987	00781000
01017987	01995549
01017987	02684924
01017987	02747709
01018352	09925592
01018366	00317888
01018366	02648253
01018366	02679530
01018630	00958334
01018630	01734502
01018630	01964367
01018928	01149303
01018928	04717139
01018928	05822746
01018928	06725067
01018928	06755568
01018928	06770875
01019129	00958334
01019372	00958334
01019524	01693881
01019524	01747374
01020005	05703429
01020005	06766190
01020005	10309347
01020005	10369528
01020117	01738347
01020934	06504462
01020934	06763273
01020936	01742886
01021128	05820620
01021128	05925366
01021128	05937112
01021128	06880533
01021128	07308889
01021420	00162632
01021420	00550282
01021420	06511874
01021579	00350461
01021579	00958823
01021629	05795044
01021629	10383237
01021794	04956110
01021889	00668099
01021973	07202812
01022008	02375131
01022008	02376429
01022064	01280014
01022064	05022457
01022420	05756414
01022420	05774415
01022420	05774614
01022420	05780104
01022420	05781145
01022483	00362348
01022483	02680814
01022906	05913275
01023071	06706125
01023071	06706317
01023259	06613056
01023259	06763681
01023259	07180570
01023820	01668603
01023820	02438535
01023820	03103198
01024190	06333653
01024190	06613056
01024190	06766190
01024190	07180570
01024190	07230502
01024190	10309347
01025913	04660261
01025913	04862592
01026095	00152018
01026095	05763412
01026095	06885083
01026095	07230502
01026095	14577046
01026262	04659287
01026262	04905188
01026975	00798245
01026975	05922651
01026975	06197664
01027263	00150287
01027263	00299580
01027263	04659090
01027508	06539770
01027668	06782019
01027859	00525446
01027924	06268567
01028079	01037819
01028640	06337693
01028655	02613275
01028748	06333653
01028748	07230502
01029114	00544936
01029114	00860620
01029500	05181199
01029500	06343520
01029852	07202579
01029852	07272172
01030022	05074374
01030022	05257737
01030132	00152018
01030132	06338908
01030132	08146782
01030397	00208277
01030397	14413993
01030820	00525446
01031109	06794666
01031194	01274341
01031256	00121166
01031256	00122338
01031256	03709644
01031256	06264398
01031256	06796119
01031256	08463647
01031256	10282920
01031256	10578762
01031705	10381369
01031705	10693824
01032127	06264812
01032840	08434259
01033189	06762711
01033346	10017272
01033458	01096497
01033458	02382087
01033527	05123760
01033527	07138085
01034118	10705615
01034312	07138085
01034932	10659571
01035199	09879297
01035530	07175241
01035530	13971065
01035853	02715802
01035853	02994312
01035853	10267941
01036083	04799881
01036083	09620794
01036319	00802238
01036319	14541852
01036319	14543552
01036319	14543931
01036333	00760402
01036778	00886602
01036804	06608143
01036804	06609503
01036804	06610992
01036804	07136940
01036804	07137129
01036804	09911570
01036804	10206173
01036804	10463943
01036804	10733999
01036996	02488834
01037148	04799881
01037148	09620794
01037303	09911570
01037498	07136940
01037650	06610143
01037650	06610332
01037650	07137129
01037650	09911570
01037819	01028079
01037819	09838701
01037910	00512522
01037910	06371267
01037910	09965134
01037910	10787197
01037910	13931436
01038538	09965134
01038666	07134850
01038666	07136940
01038666	09911570
01038666	10757193
01039162	09961999
01039330	06791372
01039330	06875697
01039330	06876144
01039330	10596899
01039330	10597505
01039925	00475819
01039925	00866702
01040390	00823129
01040550	03354903
01040550	06875094
01040646	00866702
01040646	00886978
01040646	02386012
01040707	05302499
01040707	06721949
01041111	00886978
01041111	00887463
01041111	02386012
01041415	07274027
01041415	10771270
01041674	00085626
01041762	05978623
01041916	01204055
01041916	04911420
01041954	07223170
01041954	10139347
01041968	00759944
01042228	07223450
01042531	00868523
01042531	07211752
01042531	10776339
01042725	02761834
01042725	07123870
01043231	02395406
01043231	10149436
01044084	10198602
01044114	07386920
01044114	10342543
01044377	07130341
01044448	00887463
01044533	07127252
01044533	07132634
01044533	07386920
01044533	10342543
01045073	07123870
01045073	07128060
01045419	10147619
01045719	07392483
01045719	10149128
01046006	05979595
01046059	07377682
01046480	10533983
01046587	07377682
01046932	00868799
01046932	07121361
01046932	07126734
01046932	07211950
01046932	10763245
01046984	00022686
01046984	00559102
01047338	00024279
01047338	00168910
01047338	00169298
01047338	02624806
01047381	02492660
01047381	07121361
01047745	02084732
01047937	00168588
01048059	00098517
01048171	07400552
01048210	00098083
01048466	00024279
01048466	00028362
01048466	00192836
01048466	00442063
01048466	01812720
01048569	07121361
01048718	07121361
01048718	10533983
01048912	00313987
01048912	02144835
01048912	02146790
01048939	07123012
01048939	07395446
01048939	10533983
01048939	10776339
01049266	02158587
01049266	02158896
01049462	09630641
01049475	02147603
01049685	01130169
01049685	02147603
01049685	02148369
01049737	00544842
01049737	01254685
01049737	01254882
01049737	01254978
01049737	03006626
01049737	07034634
01049737	07084166
01050165	01255648
01050187	02148369
01050313	04986883
01050313	07082573
01050313	07084166
01050627	01234625
01050651	07032026
01050651	07123710
01050651	10803838
01050896	06860177
01050896	06871384
01050896	10766492
01051082	01888295
01051331	00413876
01051331	01494310
01051331	01496630
01051331	01575675
01051331	01987160
01051331	02333689
01051364	07234881
01051801	00657016
01051801	01500214
01051801	01501960
01051956	06610992
01051956	07087777
01051956	07242912
01051956	07243193
01051956	09911570
01051956	10034785
01051956	10507070
01052215	00914769
01052248	04980463
01052248	05714466
01052301	01315213
01052301	07379409
01052301	07379577
01052618	01528821
01052739	01499006
01052782	02041678
01052782	07386614
01052853	01567275
01052853	01613239
01052853	01711749
01053067	01469263
01053067	01469445
01053144	04980656
01053144	05714894
01053207	00924431
01053221	01621127
01053339	01857632
01053404	01469445
01053495	03622058
01053495	10183556
01053617	00117985
01053617	01857392
01053617	02637202
01053617	02727462
01053623	07379577
01053771	07123870
01053771	07384898
01053771	10177014
01053920	02125409
01053920	02637202
01053920	02648639
01053920	02650552
01054186	07118747
01054186	07123870
01054186	07129202
01054186	07384898
01054227	02651424
01054227	02652494
01054335	02648639
01054335	10523519
01054335	10700201
01054335	10700517
01054399	07129202
01054545	02649830
01054545	02654416
01054553	07127911
01054694	02395406
01054876	02651193
01055073	04980008
01055146	07118210
01055165	02653996
01055404	07118747
01055404	07129202
01055661	07116443
01056369	01566645
01056411	02680814
01056554	07136940
01057200	01182709
01057200	02327200
01057200	02338975
01057200	02479323
01057759	01178565
01057759	01204191
01058036	00353249
01058426	01794344
01058574	05710573
01058574	06410776
01058574	06762711
01058574	06765044
01058870	01186428
01058880	06767777
01059123	05703429
01059123	06628861
01059123	06763681
01059400	04777098
01059564	01225997
01059719	02237024
01059719	02338386
01059743	07387316
01060198	02041678
01060234	02479323
01061017	00318735
01061203	00889740
01061333	00754942
01061333	01017826
01061481	00943363
01062395	00064789
01062555	00121166
01062555	06629858
01062817	00779061
01062817	02641035
01062997	00364297
01062997	00779061
01063350	00981544
01063350	01901289
01063350	02640440
01063350	02641035
01063695	07186148
01063697	00363493
01063697	01859586
01063697	01860795
01063697	02559752
01064148	00026385
01064148	01547390
01064401	02596381
01064560	07159791
01064560	14407536
01064999	13381734
01065057	00026734
01065441	02417504
01065630	06610143
01065630	09911570
01066163	00440286
01066163	00459776
01066163	00460900
01066542	01844431
01066542	15278281
01066775	07034634
01066881	02642814
01067002	00840363
01067070	02428487
01067362	02642238
01067512	06878071
01067512	10614363
01067577	00438495
01067577	00439958
01067577	00440580
01067577	00440786
01067577	01997862
01067577	02752567
01067816	06796642
01067816	10599806
01067819	02011685
01067819	02708123
01068012	02466496
01068134	06681551
01068184	00201407
01068184	00914769
01068380	01198750
01068633	00907800
01069125	01548694
01069311	01801847
01069311	01802070
01069391	00145218
01069980	01189604
01070102	00033020
01070102	00494907
01070102	06252138
01070102	09610660
01070187	01189224
01070187	01190012
01070187	02846322
01070187	10012484
01070892	00462092
01070892	00612841
01071090	00668099
01071411	01507134
01072072	01190948
01072072	01820302
01072072	01828736
01072236	01802219
01072262	00512487
01072262	01168569
01072262	10533013
01072565	01183573
01072565	02671880
01072780	01816431
01072949	00041188
01072949	00557588
01072949	10439851
01072949	15256915
01073241	00859604
01073241	01182293
01073241	02570267
01073655	01193099
01073822	04993413
01073822	07813107
01073822	15010703
01073995	02451912
01074252	02714883
01074498	01476483
01074498	02557199
01074650	10112591
01074694	01147060
01074694	01345109
01074694	01423285
01074694	01476483
01074694	01478002
01074694	01478423
01074694	02145543
01074694	02557199
01074694	02559752
01075725	02642238
01076046	00362348
01076046	01859221
01076046	02680814
01076359	00400883
01076359	00402539
01076370	00726567
01076488	00908099
01076615	00166172
01076615	15292069
01076793	04657876
01076953	00756598
01076953	09861718
01077329	02980625
01077350	00796588
01077350	02450505
01077568	00568430
01077881	02502037
01077887	00239230
01078050	00508091
01078050	01245813
01078050	03233423
01078086	00301338
01078086	00972608
01078235	01259380
01078783	01169744
01078783	04838210
01079042	02452885
01079042	02453321
01079042	02565491
01079042	02629256
01079172	03398467
01079172	08573472
01079480	00041188
01079480	00959376
01079480	07467846
01079480	15256915
01079604	00462092
01079604	00463234
01079604	01568630
01079604	02424652
01079873	00557588
01080064	00557588
01080691	00556313
01081001	07343195
01081152	07465290
01081152	07470671
01081152	10379620
01081456	02430191
01081456	02434541
01081456	02470685
01081628	02470175
01081628	02589245
01081852	00126721
01081852	08570758
01082153	01173826
01082290	00126721
01082290	08570758
01082454	09901143
01082606	01239064
01082606	10401829
01082606	13924659
01083044	10502046
01083077	01378556
01083077	02294436
01083373	01249483
01083504	00081072
01083504	02294436
01083645	02228698
01083645	02234087
01083645	02294436
01083645	02469085
01084180	02228901
01084180	02234551
01084637	02294179
01084637	02294436
01085098	02228698
01085098	02294179
01085098	02295208
01085237	01191755
01085237	10514429
01085337	02246456
01085337	02246686
01085474	04181228
01085474	05689249
01085677	06201908
01085793	02294179
01085937	01111016
01085937	02099019
01086081	01178565
01086081	02199590
01086081	02200686
01086081	02308741
01086103	00449295
01086103	02384858
01086103	04037443
01086103	07458453
01086103	07460104
01086103	07472657
01086356	02263346
01086572	02255268
01087197	01156899
01087197	03420559
01087197	04565375
01087197	05635624
01087197	08197742
01087559	01157384
01088005	01157557
01088005	10390199
01088381	01156438
01088547	10745332
01088749	08287586
01088749	08439955
01088749	14455206
01088923	00586262
01088923	08624385
01088923	08656590
01089137	03420559
01089137	08398036
01089483	10421956
01089737	08242799
01089737	08273843
01089778	02263027
01089778	02308741
01089878	00031264
01089878	01012360
01090335	00446493
01090335	00953559
01090335	00958896
01090335	01170962
01090335	03335030
01090335	09939313
01090446	00483146
01091427	01169744
01091427	03335030
01091427	07184391
01091427	09773245
01091427	09939313
01091844	04907575
01091905	02244956
01091905	02260085
01091905	02260362
01091905	02728784
01092366	00953559
01092366	00958896
01092366	00964343
01092366	01170962
01092366	09939313
01093085	00161225
01093172	00973077
01093172	10768585
01093172	13981403
01093380	00161225
01093587	09952163
01094086	07472929
01094086	09889691
01095899	09767197
01096454	00908621
01096497	00548173
01096497	00586262
01096497	00720565
01096497	01033458
01096497	01191755
01096497	10372373
01096497	13945102
01096860	02935387
01096860	09886403
01097031	05640184
01097031	08397255
01097031	10622053
01097192	15293590
01097292	00470386
01097292	02298160
01097500	01157850
01097500	01263711
01097500	10028765
01097500	10512201
01097743	00213694
01097960	00045646
01097960	01156438
01097960	01230283
01097960	07169353
01098206	00233795
01098206	01158190
01098452	01158064
01098452	01263711
01098452	10512201
01098452	10512372
01098452	10512562
01098698	02217266
01098706	01157850
01098706	10028765
01098869	01156438
01098869	08199025
01099436	02271137
01099592	10273064
01100145	10782791
01100145	10782940
01100145	13259917
01100567	07475107
01101218	00132355
01101329	00954608
01101329	00975902
01101329	00976653
01101391	04764412
01101753	02043665
01101753	02454649
01101913	01176219
01101913	07476623
01101913	09956578
01101958	00967625
01101958	01745722
01102667	00575365
01102997	07476623
01103000	09949946
01103180	07476623
01103614	00967625
01103614	01745722
01103788	01485158
01103836	00553362
01104406	09779790
01104624	00752954
01104624	00780148
01104624	09998101
01104637	01685601
01104637	02443424
01105186	07120524
01105259	01435380
01105259	01950798
01105737	01846320
01105737	02909006
01105909	01452255
01105909	01454810
01105909	01954341
01106272	01489161
01106272	01951276
01106587	01949435
01106587	01949674
01106808	02244956
01106808	02445509
01106864	05143690
01107932	02220461
01108148	10668450
01108402	02221454
01108402	09962612
01108753	02293321
01109467	02257370
01109687	02259005
01109687	02259241
01109687	02260085
01109863	00955060
01110274	02245993
01110274	02260085
01110274	02260362
01110274	02728784
01110661	10226556
01111016	01085937
01111016	04831727
01111028	07354731
01111028	10117511
01111375	02208537
01111375	02460199
01111750	02346136
01111816	00043902
01111816	00186634
01111816	00189565
01111816	10562391
01111816	13594585
01112364	05737153
01112573	04833458
01112584	00794367
01112584	01006675
01112584	07197021
01113068	02242464
01113068	02244956
01113068	02260362
01113068	02298471
01113068	02727883
01113473	00127286
01113806	00057486
01113806	01249991
01113867	02260770
01113867	02261123
01114303	00089027
01114303	09956578
01115162	02242464
01115162	02244956
01115162	02727883
01115190	07353716
01115190	10710509
01115349	04783247
01115411	00044673
01115585	00067707
01115585	07255027
01115585	10679998
01115916	00960851
01115916	02911158
01115916	03327841
01115916	03328076
01115916	03328201
01116585	00955987
01116585	07150328
01116585	09615211
01116585	10180580
01117164	02545272
01117484	00557419
01118081	01166926
01118081	10669727
01118081	14580090
01118449	00964569
01118449	00972621
01118449	01237167
01118449	09821253
01119169	00972621
01119169	09821253
01119421	04953954
01119421	04954683
01119620	02244603
01120069	00767826
01120069	00773402
01120069	00773814
01120069	09821253
01120448	02252931
01120448	02253154
01120900	00424934
01120900	09845589
01121690	02284951
01121690	02344060
01121855	02249741
01121948	01172784
01122149	02267060
01122149	02267529
01122149	02301502
01122194	01168569
01122194	10533013
01122601	02267060
01122736	07472460
01123095	01856626
01123148	05142180
01123415	00318735
01123765	00959376
01123765	10605848
01123887	00977301
01124794	02442205
01124794	02586619
01125084	00978173
01125429	05144079
01125693	02466670
01125724	03768132
01126360	01133106
01126360	10214062
01126360	10369955
01126846	00954086
01126856	02427916
01126856	02466670
01126961	02853218
01127019	02560164
01127075	02796412
01127075	04096848
01127215	02796412
01127215	04096848
01127245	02504562
01127379	00486018
01127379	01640855
01127411	09850974
01127623	00748282
01127623	02306462
01127795	08081403
01128071	02894605
01128071	04051825
01128193	00817680
01128193	01887076
01128193	09614684
01128390	02646931
01128655	00579712
01128655	02539334
01128984	00159880
01128984	00406053
01128984	02386845
01128984	03139749
01129337	08215603
01129337	10767020
01129337	10767265
01129532	00908351
01129532	02539788
01129532	02554422
01129876	08064130
01129876	09614684
01129920	02506546
01129977	04849241
01130169	01049685
01130169	02851099
01130169	04152387
01130169	04192698
01130169	04192858
01130169	09614684
01130455	03009633
01130607	03327234
01130607	03878963
01130607	04051825
01130607	04546855
01130607	04547592
01130607	08567235
01131043	04852088
01131197	00170156
01131197	07208000
01131473	01147451
01131473	02982790
01131473	05986948
01131902	00978413
01131902	02866578
01131902	02867715
01131902	09864536
01132980	02753881
01133106	01126360
01133281	02436349
01133281	02443049
01133288	00218602
01133288	02753881
01133760	01732921
01133760	01733213
01133825	00123234
01133825	00986938
01133876	04631067
01134037	02217266
01134238	00123234
01134238	00986938
01134479	02438861
01134522	02950256
01134522	02950482
01134522	09811852
01134699	02527651
01134781	10593115
01134861	00515154
01134861	02436349
01135501	10294953
01135529	02163301
01135529	02443049
01135795	02593354
01135922	00987863
01135922	04190464
01135922	07408171
01135922	09859557
01135952	02431971
01136519	00404642
01136519	00710005
01136519	01651444
01136519	02432530
01136519	02448185
01136614	00123430
01136614	02746365
01136614	03467984
01136614	09811852
01136614	10152083
01137138	00122954
01137138	10593115
01137582	00988320
01137696	00233614
01137829	03407122
01137829	03407369
01137987	02433123
01137987	02433381
01138204	01246926
01138204	09788073
01138204	09881748
01138204	10277352
01138523	00430140
01138523	10118844
01138523	13342987
01138670	00803325
01138670	02473981
01138911	00430140
01139000	02479154
01139104	00430140
01139104	09851876
01139104	13343526
01139194	00802318
01139194	00802946
01139194	02444662
01139380	13343917
01139830	02444662
01139830	02447793
01139865	01503061
01139865	10384214
01140315	01965889
01140315	07654886
01140471	02475261
01140471	09943811
01140514	05648459
01140515	03495671
01140515	10160913
01140654	00127286
01140658	02395603
01140794	00453935
01140794	02512053
01140794	07775375
01140794	10093658
01140839	02391803
01140839	02394445
01140839	02395395
01140839	02589013
01141160	02392385
01141593	00803325
01141612	02548247
01141841	00802946
01141938	02062744
01141938	10775128
01142203	01246926
01142324	02457585
01142519	01435380
01142519	01931768
01142519	01933900
01142761	02324045
01142761	07666521
01142899	01789740
01143040	00406243
01143279	05060476
01143498	02076196
01143713	04475900
01143838	00452293
01143838	00622584
01143838	10193026
01144133	00704690
01144355	00678282
01144355	00794981
01144355	00795264
01144550	02443484
01144657	00452293
01144657	00622584
01144657	10193026
01144716	00027064
01144716	00100905
01144876	01931768
01144876	02439732
01145015	02274482
01145163	13104059
01145359	02422663
01145612	01605630
01145766	01610955
01145766	05635448
01145944	01789740
01146039	00236592
01146039	02510337
01146039	02553697
01146051	00624553
01146051	00788766
01146288	00269140
01146288	01207149
01146576	02495038
01146768	02494356
01146768	02495387
01146793	00464894
01146793	10136959
01146918	01171644
01146918	10085217
01147060	00135504
01147060	00562398
01147060	01074694
01147451	01131473
01147950	00462092
01147950	02423762
01148182	00418921
01148283	13987423
01148614	00233335
01149138	09614684
01149138	09906538
01149138	10677713
01149303	01018928
01149470	00430140
01149480	00235368
01149480	01583494
01149480	01583656
01149494	07532440
01149494	13988663
01149911	01387786
01150200	00172732
01150200	02313250
01150200	02314275
01150370	00626188
01150370	00627013
01150370	10773394
01150467	00172732
01150467	02317661
01150467	02317970
01150559	00815644
01150559	05981230
01150559	08664443
01150559	10470460
01150981	09769345
01151097	00294884
01151097	01765392
01151110	00815644
01151407	00765213
01151407	01765392
01151788	00408852
01151788	00411547
01152033	00411792
01152033	00412048
01152040	01173660
01152396	00125629
01152583	00160086
01152670	03150795
01152670	03975232
01152670	06818121
01152787	02433767
01153305	00369194
01153486	01235258
01153486	09826074
01153548	02512305
01153947	01235463
01155044	10502950
01155090	00340192
01155354	04844625
01155421	03386011
01155421	03420559
01155687	00430140
01155687	00506658
01155687	09851876
01155687	13343526
01156112	04910973
01156115	00430140
01156438	00270215
01156438	00578116
01156438	01088381
01156438	01097960
01156438	01098869
01156834	00838098
01156834	01867502
01156834	09612848
01156899	01087197
01156899	02339413
01157138	02339413
01157384	01087559
01157517	00356199
01157517	00356621
01157517	01867502
01157517	14017332
01157557	01088005
01157850	00793271
01157850	01097500
01157850	01098706
01158064	01098452
01158181	00742645
01158181	00743822
01158181	10479561
01158181	10769459
01158190	01088192
01158190	01098206
01158572	00356367
01158572	13451804
01158596	07884567
01158596	14708720
01158690	00467717
01158690	00468236
01158690	00682436
01158872	00947128
01158872	05148699
01158872	10741590
01158872	10743124
01159025	00270826
01159025	00271946
01159461	00271711
01159964	00527367
01159964	01687569
01160031	05166072
01160342	02499629
01160729	01397210
01160729	01411085
01160729	01415807
01160729	01416193
01161017	00824292
01161017	02500144
01161087	00742645
01161087	04894964
01161290	00947719
01161635	02495038
01161635	07335243
01161635	14562324
01161695	00951433
01161821	02553428
01162291	09891079
01162376	02494356
01162425	00948868
01162754	00418903
01162754	00948206
01163047	01398443
01163047	01411085
01163047	01412204
01163083	07027180
01163429	01398772
01163620	00922327
01163620	03768346
01163620	10319796
01163779	02483267
01163779	10069427
01163847	03949442
01163847	10498551
01164273	00948206
01164568	00951433
01164874	02485451
01165043	00414179
01165043	00947128
01165043	10036266
01165290	00087849
01165290	05695232
01165290	09768830
01165290	09769076
01165290	14062725
01165579	00624553
01165579	00788766
01165692	02348324
01165692	02348568
01165919	00161987
01166093	00947128
01166258	00161987
01166351	00838367
01166351	10042300
01166926	00669762
01166926	00878348
01166926	01118081
01167146	01612053
01167146	02542795
01167188	07556637
01167385	00880978
01167780	03199647
01167780	03200357
01167981	03200357
01167981	08253815
01167981	10013242
01168468	00838367
01168468	10042300
01168569	01072262
01168569	01122194
01168961	00869596
01169067	10132988
01169194	00083809
01169194	00671351
01169194	06063588
01169317	02583545
01169433	00843325
01169704	00842692
01169744	01078783
01169744	01091427
01169744	02742638
01170052	00839778
01170052	00843128
01170052	07881800
01170052	07885223
01170052	10034201
01170052	10034614
01170175	02718543
01170243	14049711
01170813	00775156
01170813	02567147
01170962	00775156
01170962	01090335
01170962	01092366
01170983	00150591
01171183	00748515
01171183	07901587
01171183	09782167
01171644	01146918
01172114	07883980
01172114	10712690
01172275	00748515
01172275	10034201
01172275	10037385
01172441	01504480
01172784	01121948
01172784	10038929
01172889	14052046
01173405	07577374
01173405	07577538
01173660	01152040
01173660	01593763
01173660	02087745
01173813	01758308
01173826	01082153
01173965	01230350
01173965	01231652
01173965	01441510
01173965	02062212
01174294	07654667
01174294	13625884
01174555	02399000
01174555	02399424
01174742	00839023
01174973	00279136
01174973	00838816
01174988	02120451
01174988	02123424
01175224	00279235
01175224	05304932
01175316	00331514
01175316	01414626
01175316	01416539
01175316	01575146
01175467	06688913
01175467	07884413
01175467	07931280
01175467	10713502
01176079	03751065
01176219	01101913
01176232	07557165
01176431	00774344
01176567	07891726
01176897	03201208
01176897	07565259
01177033	00807461
01177033	02521410
01177118	03201208
01177118	07565259
01177118	09862345
01177118	10269458
01177699	07801091
01177703	02521816
01178220	07805006
01178565	01057759
01178565	01086081
01179707	00695523
01179707	01613463
01179865	00838367
01179865	07800091
01179865	10042300
01180206	07800091
01180351	03206908
01180351	07557434
01180351	13766896
01180701	15101854
01180975	10433737
01181295	07578363
01181295	10763383
01181559	11453016
01181902	02582042
01182021	01057759
01182024	01197338
01182293	01072780
01182293	01073241
01182293	04638585
01182654	02582042
01182709	01057200
01182709	09901642
01182709	10486349
01182709	13777344
01183573	02080577
01183573	07532112
01183573	13580723
01184058	02374451
01184625	01216191
01184625	13365286
01184625	13366311
01184814	02372605
01185292	00413195
01185475	07575076
01185611	02497586
01185611	02497824
01185981	00716130
01185981	07449862
01185981	07578093
01185981	08253640
01186192	00665886
01186208	07578093
01186208	08253640
01186428	00842692
01186428	00842997
01186428	01058870
01186428	02465414
01186428	03836062
01186428	10345100
01186428	13505987
01186428	15142836
01186578	10265532
01186810	02582042
01186810	02582450
01186958	00198270
01187620	00412292
01187810	02501278
01188144	14039534
01188144	14040310
01188485	00759335
01188485	04945254
01188485	07485475
01188485	07489714
01188725	09367203
01188725	09367991
01188725	14449126
01188725	14449405
01189224	01070187
01189224	07561112
01189224	07561590
01189224	10012377
01189282	00906367
01189282	00906735
01189604	01069980
01190012	01070187
01190012	07561112
01190012	07561590
01190012	10012377
01190277	10037385
01190277	14018567
01190277	14064644
01190494	07884567
01190494	10037385
01190494	14018567
01190494	14064644
01190840	07891726
01190884	00760956
01190948	01072072
01190948	05829782
01190948	07491038
01190948	07491708
01190948	10058411
01191158	00971999
01191645	04884627
01191645	14492373
01191755	01085237
01191755	01096497
01191838	00841628
01191838	14452294
01191975	00971999
01192510	05190106
01193099	00510723
01193099	00840630
01193099	01073655
01193099	10132988
01193099	10561613
01193714	04894204
01193721	00841628
01193721	13580723
01193886	00904046
01194238	14412882
01194331	01468058
01194331	02314658
01194418	10186774
01194418	10299250
01194483	02170427
01194483	04660536
01194483	04662951
01194904	01468327
01194938	04999401
01194938	05268965
01195299	00841901
01195299	04133211
01195299	05821775
01195299	05822612
01195299	07578879
01195299	08463817
01195299	10692482
01195299	10728998
01195380	02481436
01195675	00841901
01195804	00742645
01195867	02501278
01196037	04882622
01196037	09757944
01196037	09758173
01196364	10697282
01196653	10179649
01197258	00696189
01197338	01182024
01198101	00834636
01198101	03990834
01198101	04103491
01198101	10614976
01198307	02581477
01198616	00837675
01198750	01068380
01198779	00836788
01198779	03571155
01199009	00837675
01199035	02578008
01199881	03666591
01200068	14618253
01200440	03247620
01200806	03990834
01201021	02030158
01201089	00278810
01201089	05546040
01201089	09915964
01201100	00857664
01201100	10173895
01201271	02490634
01201422	00856847
01201422	10182913
01201429	02431320
01201574	07579399
01201773	00495998
01201856	00839778
01202068	00840189
01202068	00840363
01202068	00843325
01202068	07884182
01202184	00495998
01202184	10576316
01202415	00467451
01202728	00665358
01202728	01216191
01202728	02806261
01202728	07570720
01202904	02416278
01203500	00967310
01203500	02152881
01203676	02542280
01203676	02662979
01203715	10470460
01204055	01041916
01204191	00021265
01204191	00664849
01204191	01057759
01204191	13523661
01204419	02457233
01204439	08629199
01204677	03471473
01204803	05146471
01204803	14492373
01205156	02416278
01205341	02416751
01205341	09935793
01205696	00124880
01205696	00147454
01205696	07339329
01205696	07409592
01205696	14419510
01205827	00764902
01205961	00101609
01206153	00887463
01206218	00046522
01206218	07409592
01206218	10717589
01206474	05137557
01206553	00887463
01206849	07409592
01206849	10717589
01207149	01146288
01207149	01260309
01207149	01525116
01207527	00333829
01207609	00082081
01207609	00206998
01207609	02540670
01207609	02555434
01207609	02735897
01207951	02840619
01207951	04151940
01207951	09257949
01208291	00518395
01208291	02735897
01208400	14915622
01208460	02000133
01208597	02590072
01209220	02548710
01209678	00140900
01209678	02584915
01209678	04946553
01209678	05722427
01209953	00140900
01209953	05566504
01209953	05567217
01210352	00143885
01210352	04946553
01210737	00140652
01210737	03485997
01210737	05565696
01210816	00885925
01210816	02651424
01211019	02554922
01211098	05564590
01211339	01516071
01211339	02554922
01211667	01814815
01211699	00140652
01211699	10291110
01211888	00400427
01212225	00568879
01212519	00806314
01212519	00895304
01212519	02453889
01212572	00812274
01212572	00812526
01212882	02538086
01212882	02638845
01213614	00775286
01213702	10721124
01213886	02217695
01213886	02453889
01213886	02556126
01213886	02556817
01214171	00827730
01214746	00858781
01215137	00088725
01215137	06547832
01215137	09801102
01215137	09879144
01215168	02453889
01215168	02556817
01215392	00803815
01215392	00806502
01215421	00088725
01215421	00775286
01215421	05097845
01215694	03024882
01215694	03068181
01215719	01766407
01215851	03024882
01215902	02219094
01216004	00812274
01216004	00812526
01216191	01184625
01216191	01202728
01216191	02679530
01216522	00812526
01216670	00812526
01217043	01017320
01217043	04359589
01217043	04360501
01217780	00406800
01217780	13907415
01217859	02409412
01218084	02969886
01218327	02498320
01218791	02888569
01218932	00860620
01219004	01017550
01219004	04011242
01219004	04204468
01219075	00489496
01219075	00692907
01219306	00012944
01219306	00533185
01219306	00693172
01219544	03588951
01219551	00787660
01219706	02886599
01219706	02887209
01219893	00845909
01219993	01266945
01219993	02887209
01220152	00855933
01220152	00864475
01220303	00812526
01220336	00846509
01220636	03967942
01220885	04935528
01220885	14420464
01220984	02518161
01221684	13428608
01221790	01787955
01221790	01789514
01221790	01820901
01222328	00812526
01222360	04868748
01222360	04871374
01222477	01781180
01222477	01819554
01222645	00343249
01222666	01779165
01222666	01780941
01222859	00850501
01222884	04873550
01223182	13867276
01223182	13877918
01223488	02508245
01223616	03150232
01223616	05257737
01223616	05259240
01223833	05258299
01223833	13877918
01224001	00812526
01224001	03485997
01224031	01793177
01224517	00851933
01224517	00852922
01224744	00409211
01224744	00830448
01224744	03096960
01224744	10378412
01225027	00848420
01225397	01810447
01225562	00632236
01225997	00617413
01225997	01059564
01226215	00854000
01226240	04868748
01226600	00854000
01226600	09991867
01226941	02453692
01226941	02464725
01227137	04873550
01227190	00905852
01227235	00051712
01227235	13534954
01227691	00904046
01227908	00642379
01228530	09801533
01228877	00694068
01228877	02457233
01229071	00368592
01229071	03194812
01229071	03194992
01229071	13534954
01229631	04620558
01229631	10636598
01229631	14526182
01229938	02428924
01229938	02598143
01229976	00135311
01229976	00334935
01229976	04007664
01230241	00334935
01230283	00270215
01230283	01097960
01230350	01173965
01230350	10644179
01230555	00135952
01230555	00334935
01230710	01261490
01230710	07252378
01230710	09184975
01230710	10209246
01230850	00793037
01230965	02428924
01231252	00112997
01231252	04007664
01231252	10365514
01231652	01173965
01231652	03623556
01231652	03624134
01231652	10644179
01231819	00793037
01231819	02024508
01231980	02032934
01232098	10303513
01232098	10341955
01232272	03731695
01232387	03635668
01232387	05580929
01232412	02388950
01232738	00258695
01232738	00659048
01232738	10297983
01233027	00125436
01233027	07388987
01233194	00125436
01233194	13761171
01233347	04515129
01233347	05079638
01233347	13829047
01233387	14828683
01233397	02612762
01233993	00617989
01233993	04105068
01233993	10538272
01234345	00421535
01234625	01050627
01235137	02344060
01235258	01153486
01235463	01153947
01235769	09884815
01235859	04515129
01235859	05079638
01236164	00125629
01236164	04337740
01236164	07302542
01236164	07339329
01236164	07410021
01236164	10178216
01236795	07389569
01237167	01118449
01237398	07376257
01237398	07379963
01237415	00466651
01237415	00467451
01238058	00405540
01238204	07396945
01238358	08511241
01238358	08511970
01238424	00243124
01238424	00367685
01238640	00133338
01238640	07410207
01239064	01082606
01239064	02375131
01239064	02450256
01239359	05548840
01239359	05549061
01239494	05579944
01239619	07338681
01239862	04166553
01239868	02271137
01240210	00760956
01240210	02538765
01240432	00760956
01240514	00150762
01240514	00841091
01240514	14286885
01240979	00448440
01240979	02478059
01241073	04007664
01241073	07252378
01241331	00904046
01241331	00904690
01241379	04290259
01241594	00904878
01241594	02148109
01241767	00894738
01241767	00896803
01242208	00344699
01242208	03125352
01242208	07394236
01242391	07410207
01242716	02512922
01243474	01758308
01243661	00125436
01243674	02412647
01244178	00252020
01244351	14839846
01244410	07547805
01244516	03236217
01244516	03236423
01244593	00038365
01244593	01463520
01244593	01523823
01244593	01585759
01244593	02678070
01244853	03534776
01244853	04517823
01244853	11059079
01244895	02543607
01245052	00254415
01245490	15042542
01245637	00578795
01245637	02911332
01245637	04955160
01245637	14996020
01245813	01078050
01245986	04947628
01246095	02911332
01246095	04955160
01246601	04185071
01246926	01138204
01246926	01142203
01247413	02496498
01247413	09756637
01247647	00904046
01247804	00125436
01247804	07388987
01247804	07410021
01247804	10691600
01248023	03966751
01248191	02502536
01248597	00150762
01248782	00359903
01249060	01734502
01249294	07655337
01249294	07660065
01249315	00905399
01249315	00905677
01249483	01083373
01249483	01656458
01249483	01800195
01249490	03954731
01249490	03955296
01249724	00125126
01249724	00712031
01249991	01113806
01250335	02482425
01250474	07651025
01250908	11459538
01250908	14286549
01250908	14333136
01251128	05015117
01251228	00251780
01251228	08647457
01251928	04694441
01252216	14857897
01252280	00413876
01252280	00414174
01252280	02590340
01252425	04694441
01252566	00414409
01252566	00414627
01252566	05015678
01252601	04694441
01252730	14956661
01252800	01958452
01252971	03250588
01253060	00004605
01253060	00105333
01253060	00546192
01253060	02767308
01253277	00488770
01253379	01057034
01253665	00799798
01253778	00482180
01253778	01706889
01253808	14333136
01254013	00258695
01254013	02668393
01254013	11460063
01254013	13423615
01254013	14286549
01254013	14799244
01254051	01460029
01254051	01460937
01254253	01458973
01254477	07654667
01254685	01049737
01254685	01066775
01254692	14550469
01254882	01049737
01254978	01049737
01255648	01050165
01255807	15237782
01255935	01730384
01255935	01731353
01256157	00942234
01256157	10566072
01256417	09623038
01256600	00937656
01256600	10789963
01256743	00813790
01256743	01732921
01256743	02440244
01256867	03191029
01256867	13914608
01256867	13916721
01257145	01999218
01257145	02692686
01257145	02712443
01257145	04687119
01257173	03041632
01257542	00217427
01257542	00452220
01257542	01524523
01257612	04629604
01257701	02591893
01258091	03041632
01258091	05283498
01258091	07653982
01258161	02064358
01258251	02643872
01258302	00222376
01258617	02472293
01258617	04726938
01258828	10276045
01258828	14943580
01258852	00799798
01259005	00387897
01259005	04692908
01259034	02644035
01259211	00800242
01259380	01078235
01259458	00377169
01259691	00377169
01259691	09222051
01259773	00018526
01259773	00018813
01259951	09222051
01259951	11445564
01260159	09425607
01260291	09222051
01260309	01207149
01260867	00503164
01260867	01762528
01261018	01262574
01261018	04229959
01261018	09436531
01261293	01796346
01261293	01812324
01261490	00851239
01261490	01230710
01261491	07840804
01261628	09260218
01261712	01761120
01261974	00770437
01262113	01463259
01262113	03650173
01262441	00196024
01262470	14793533
01262574	01261018
01262936	07738353
01262936	07851054
01262936	10607706
01263018	00477941
01263018	02527651
01263257	02033295
01263711	01097500
01263711	01098452
01264050	00877083
01264050	01952898
01264148	01902877
01264243	01013367
01264243	01014609
01264283	00712225
01264283	03058107
01264283	04362025
01264283	04700642
01264336	04649051
01264336	04650201
01264336	05211044
01264336	06776138
01264447	00944548
01265176	00008055
01265475	01812068
01265475	01812324
01265740	07622261
01265989	04700642
01266152	00518653
01266152	00622384
01266152	00940214
01266491	00861560
01266491	00977336
01266491	00978173
01266895	00713250
01266895	10118382
01266895	10118587
01266945	01219993
01267098	03900750
01267098	04215402
01267098	14977504
01267475	09933098
01268112	00718573
01268112	10397001
01268112	10765189
01268112	14974264
01268457	14974264
01269008	04159545
01269008	04521987
01269008	14705718
01269379	14498096
01270175	05060189
01270199	03648219
01270199	04554684
01270199	10768903
01270589	04191150
01270784	03673767
01271189	00827379
01271658	04085873
01272397	00618878
01272397	00652346
01273016	06855207
01273263	02784732
01273263	04683136
01273814	06796119
01274341	01031194
01275562	05168261
01275762	04681387
01275762	06798750
01275762	10562283
01275762	13905405
01276361	00263813
01276361	06799897
01276361	08612786
01276361	13905792
01276970	00387897
01276970	03832405
01277431	03406966
01277431	05222591
01277431	13893786
01277649	02833576
01277784	13905792
01277974	00406612
01277974	03145843
01277974	13907415
01278427	13905792
01279015	13907847
01279305	13905792
01279631	04693384
01279631	13537894
01279631	13904843
01279978	05172596
01279978	14436438
01280014	00404726
01280014	01022064
01280014	02830157
01280014	07358060
01280014	13907415
01280488	00405360
01280488	14035909
01280645	13864965
01280808	13885836
01280958	03127024
01281611	10140051
01281782	04693384
01282014	01769902
01282014	04729328
01282545	09304750
01283208	03817647
01283208	04369025
01283208	04605726
01283746	03871083
01283746	08008017
01284271	10737431
01284461	10737431
01284908	00147862
01284908	00149262
01284908	10737431
01285440	00149084
01285440	02840361
01285440	03673971
01285440	04433185
01286290	03132438
01286799	02118476
01286799	04706290
01288052	03330947
01288052	04181228
01288201	03484576
01289155	03652932
01289155	04108268
01290255	02755352
01290422	02755352
01291069	00145218
01292169	05249420
01292534	03462747
01292727	14842992
01292885	03728811
01292885	07976936
01292885	07985223
01292885	07988857
01292885	09900981
01292885	13743605
01293389	07988857
01293389	09900981
01293389	10299875
01294182	14417697
01294396	14417697
01295275	00145218
01295275	00147454
01296462	00147595
01296474	00636574
01296474	00944924
01297401	04092609
01298283	06308049
01298668	00390906
01298931	00376400
01298931	00708017
01298931	09873604
01299758	07331400
01299888	04639371
01299888	04881998
01300437	03879116
01300655	02900160
01300937	03148920
01301051	10525134
01301410	03525252
01301410	13998781
01301410	13999663
01302019	03525252
01302365	00086297
01302982	03031756
01303242	02840361
01303547	00696882
01304716	02709367
01304716	08639776
01304944	05694232
01305241	03933529
01305361	03933529
01305542	08640111
01305731	00052146
01305731	03216828
01305731	03933529
01305731	10655169
01306654	02156532
01307142	03658858
01307142	10255567
01307389	03954731
01307389	03955296
01307389	13538182
01307609	05068716
01308160	04693900
01308160	14286549
01309143	04693900
01309143	10563826
01309143	13904843
01309143	14286549
01309478	05238282
01309478	14286549
01309701	00941974
01309701	03996416
01309701	08550076
01309991	04872531
01309991	04880830
01310660	00922327
01310660	00941974
01310660	03302121
01310660	08550076
01310660	09304750
01310964	03239399
01311103	00941974
01311103	03996416
01311103	10012989
01311378	03302121
01311378	03996416
01311896	03214253
01311896	04478889
01312371	04149083
01312371	04149208
01312371	13769317
01312371	13894306
01312810	04208210
01313249	14828683
01313411	04561548
01313411	07436100
01313923	00941974
01313923	03302121
01313923	08550076
01314738	00141027
01314910	01899708
01315140	03216199
01315140	05776679
01315140	10770891
01315213	01052301
01315333	06571301
01315333	09877587
01315613	00945401
01315613	00946650
01315613	10567401
01315613	10575787
01316401	00945401
01316619	01014990
01316619	10122300
01317064	10766025
01317533	05770391
01317723	10567401
01317723	10575787
01318053	01887474
01318053	13367070
01318478	01856626
01318660	00009147
01319001	02619122
01319562	03500557
01319562	03649909
01319874	13989627
01319874	13989863
01320009	00921790
01320009	01015310
01320009	03496892
01320009	10132641
01320009	10161363
01320009	13085864
01320513	00360242
01320513	04186848
01320513	10587227
01320872	01477806
01321002	00359614
01321002	00359903
01321002	00360143
01321002	03045074
01321002	04016240
01321002	04250026
01321002	10487182
01321002	13085864
01321456	14425103
01321456	15152817
01321509	08663860
01321895	10058155
01322221	14427239
01322221	15145586
01322391	06818970
01322509	00388065
01322509	14287113
01322675	00388065
01322675	10609092
01322675	14287113
01322685	00058014
01322854	00620424
01322854	02666943
01322854	09884133
01322854	09884391
01323338	00224738
01323355	00054628
01323449	00829107
01323449	00831651
01323518	09416076
01323518	10659393
01323518	14696793
01323599	01903617
01323793	15032376
01323958	00219012
01323958	10231087
01323958	14540564
01324305	00119873
01324305	02987454
01324799	00315383
01325417	01445027
01325536	00219012
01325536	14540564
01325774	00219012
01326730	02987492
01326730	04121511
01327028	00069060
01327301	00223720
01327301	10338707
01327322	01429953
01328513	02728763
01328705	00371846
01328705	00379422
01328705	02671421
01328705	02728763
01328705	06399631
01329026	00371846
01329141	02713594
01329239	00715674
01329239	04179385
01329239	04321238
01329239	10584318
01329239	10657306
01330093	03863442
01330269	03863442
01330676	00267217
01330822	03428805
01330822	04494906
01330822	13907847
01330986	00466651
01331348	02805111
01331689	04432662
01332205	07272545
01332205	10404998
01332205	14704966
01332730	02840619
01332730	03122748
01332730	04151940
01335588	03151077
01335588	03879116
01335804	02840619
01336635	04187233
01336635	04453910
01337224	03530910
01337653	07679356
01338113	14627820
01338663	15074568
01340283	03905540
01340439	00147595
01340439	03323703
01340439	03354613
01340439	04777098
01340439	10080337
01340522	00229605
01343892	03323703
01343918	05192451
01344903	03042984
01344963	05205340
01345109	00344040
01345109	01074694
01345109	04211356
01345109	04211528
01345877	03376159
01346003	00338641
01346003	00383390
01346003	10737431
01346804	00383390
01346978	00344040
01346978	04211528
01347678	00827638
01348174	03682487
01348530	02657741
01349493	00343249
01349493	04606574
01349493	07351909
01349735	02657741
01350283	00138956
01350449	05194578
01350449	10461424
01350449	11458624
01350699	00404726
01350699	07358060
01350699	13867276
01350699	13885370
01350971	07351031
01351170	00392950
01351170	03308152
01351601	03181501
01351754	14848785
01352067	00747757
01352067	02018524
01352067	04837931
01352996	04153751
01353169	04153751
01353226	00263231
01353226	02081946
01353226	02713372
01353405	04159058
01353670	04238321
01354006	04159354
01354006	14705718
01354405	04049405
01354405	04561734
01354673	00148978
01354673	03091374
01354673	03673971
01354673	13792692
01355646	00145929
01356582	04159058
01356582	04160036
01356750	00052672
01356750	03323703
01356750	04689198
01356750	04935528
01356750	07272545
01356750	14704465
01357429	04383130
01357831	03804744
01358023	04143365
01358328	03724870
01358328	03725035
01359145	02880546
01359432	02861509
01359432	02999757
01359432	04337974
01359432	04338359
01359432	04426788
01360571	04338359
01360899	00718815
01360899	03957567
01360899	14828683
01360899	14992287
01362568	00718815
01362568	14992287
01362568	14992613
01362736	00609236
01362736	00717208
01362736	03875218
01362736	10393909
01363482	00717208
01363482	03875218
01363613	07527352
01363648	00712225
01363648	02730265
01363648	03691128
01364008	07535209
01364008	13989051
01364184	07832902
01364357	07829412
01365131	05580929
01365355	03360845
01365549	03532672
01366653	14804175
01368863	00944449
01369346	00708017
01369346	14562683
01369663	04850117
01369758	00376400
01369758	00708017
01369758	09883452
01370561	00136329
01370590	04854389
01371454	07350754
01371756	10230580
01372049	04840011
01372189	03976657
01372408	00136984
01372556	00136329
01372682	02754103
01372682	15056541
01373138	02754103
01373138	14619225
01373844	02754103
01373844	15056541
01374020	00278221
01374020	00717748
01374020	07344528
01374020	07395104
01374020	13761171
01374582	00594621
01374582	00595630
01374582	00596644
01374582	00608502
01374767	00278221
01374767	00278555
01374767	00717748
01374767	04289027
01374767	07395104
01375637	00116687
01375637	04561548
01375637	07436100
01376245	00369138
01376245	05088324
01376245	13761966
01376245	14840092
01376894	10661002
01377032	07407777
01377571	00988320
01377758	11422597
01377940	11422597
01378123	00369138
01378556	00367976
01378556	01083077
01378556	05088324
01378556	07445896
01380122	05088324
01380122	07445896
01380638	01014066
01380638	01014990
01381357	10549510
01381549	00045646
01382083	10431514
01382083	13759558
01382086	05103946
01382818	01639765
01382917	01944390
01383393	09369169
01383511	01960459
01383511	07786164
01383646	01906749
01383646	14597758
01383947	01956481
01383947	07786686
01384102	07742704
01384102	13137409
01384439	01014066
01385017	00889490
01385017	03064076
01385170	00870453
01385170	04353803
01385170	07373803
01385170	07963711
01385170	07964495
01385330	03064239
01385458	09465459
01385920	09307300
01386433	03250588
01386433	14849880
01387301	03397532
01387301	03965907
01387656	05259512
01387656	10438042
01387786	00113113
01387786	00356790
01387786	00369399
01387786	00369802
01387786	00514396
01387786	01149911
01387786	01741562
01387786	03082807
01387786	05289601
01387786	07313241
01388386	00189580
01388386	02750835
01388813	14082595
01389007	14082595
01389329	00356790
01389329	00358089
01389329	00616083
01389776	00320852
01390210	02732827
01390616	00113113
01390833	03584829
01390833	03585875
01391280	13875970
01392080	01896031
01392237	00125126
01392237	04590746
01392237	04593866
01392380	03040974
01393339	00252020
01393339	04367480
01393714	00252307
01393714	02906734
01393714	02967782
01393996	00252307
01393996	02967782
01395049	03959936
01395049	03963028
01395382	14658855
01395493	14654954
01395617	04809784
01397210	01160729
01397385	07436661
01397707	10184081
01398032	00134574
01398032	03643907
01398443	01163047
01398772	01163429
01398919	02817650
01398919	07376937
01398941	04049405
01398941	04561734
01400856	05539454
01401772	00128867
01401772	07410207
01401772	10614225
01403540	00572838
01403785	00572838
01405044	00043902
01405044	00125629
01405044	10178216
01406512	00129089
01406684	09334396
01407904	00572489
01408153	03526805
01408297	00128477
01408297	09880338
01408760	00478647
01408929	02489589
01408958	00572043
01409177	00572285
01409581	04743605
01409581	04744814
01409642	00132982
01410223	00125629
01410223	04337740
01410223	07410021
01410223	10178216
01410363	02666239
01410363	04748836
01410363	04750164
01410363	04750764
01410606	04743605
01410606	04744814
01410905	04750164
01411085	00134574
01411085	01160729
01411085	01163047
01411085	03643907
01411085	04332987
01411085	04577769
01411085	10684146
01411085	14298620
01411630	04372171
01411630	10684146
01412204	01163047
01412346	00133981
01412346	03365592
01412346	09282208
01412415	04758776
01412548	00133338
01412912	07476623
01413173	00126584
01413173	09843956
01414088	00134099
01414288	00133338
01414288	07410021
01414626	00134780
01414916	00133668
01414916	07410745
01415162	07410207
01415285	00134780
01415585	00134780
01415585	09843956
01415585	09871095
01415605	05209324
01415807	00133338
01415807	01160729
01415807	10765098
01416020	00134780
01416193	01160729
01416508	08101937
01416539	01175316
01416539	03481172
01416585	01458302
01416585	03015113
01416871	00133668
01416871	07410745
01416871	10608803
01417451	00949288
01418037	07847198
01418179	02817650
01418667	00340463
01418667	07374756
01418959	00340662
01419982	09870208
01420451	10477077
01420765	00445802
01420765	09870208
01420928	00134472
01420928	10608803
01421622	00320852
01421622	03573282
01422172	00321195
01422172	02951170
01422662	00321731
01422886	03967942
01423285	00344040
01423285	01074694
01423623	03108853
01423929	03053474
01423929	03446070
01423929	09861059
01424456	00417397
01424456	00417859
01424456	00854000
01424456	10191001
01424948	00417643
01424948	00854000
01425511	00417643
01425511	00854000
01425709	00138599
01425709	00854000
01425892	09991867
01426077	04764412
01426077	05913275
01426153	00854000
01426397	00846515
01426397	02818832
01426397	07488340
01426397	09622745
01426397	10114550
01427278	09772746
01427695	10485440
01428011	00853649
01428381	00844994
01428381	00966718
01428578	00160532
01428578	00160688
01428578	10575089
01428853	00845523
01428853	00847340
01428853	02887741
01428853	07976936
01428853	07988857
01428853	10300303
01428853	10640620
01429455	00914929
01429455	08101410
01429663	02084861
01429663	02804772
01429953	00849768
01429953	00850425
01429953	01327322
01429953	05870615
01430111	04784664
01430633	00855674
01430633	00856193
01430633	10299700
01430633	10717196
01430847	04785669
01430952	00855674
01431230	00138221
01431230	00854000
01431230	00854393
01431230	10237196
01431879	00138599
01431987	00144445
01431987	05723417
01432353	05301072
01432474	05302499
01432601	09897696
01432601	10395073
01433042	02909870
01433294	00315986
01433809	02099029
01434822	07961480
01435380	00121366
01435380	00201671
01435380	00315986
01435380	01105259
01435380	03100490
01435380	05250659
01435380	06259898
01435380	06260121
01435380	10578762
01435380	10724699
01436139	11512992
01436518	00329619
01437254	00121166
01437254	10578762
01437888	00122338
01437888	03709644
01437888	06264398
01437888	06275634
01437888	08463063
01437888	08463647
01437888	10282920
01438304	00317207
01438304	10001058
01438304	10001217
01438681	06556692
01439190	00138956
01439190	09901143
01439604	00096969
01439745	00138956
01440378	02982790
01440801	13089631
01440801	13904843
01441510	01173965
01441993	03158885
01441993	13089631
01442203	03905540
01442578	03929202
01442779	04023249
01443021	02875233
01443021	02875436
01443021	03239726
01443021	03240140
01443021	05103283
01444326	00420877
01444723	03940256
01444887	04270891
01444887	04271148
01445027	01325417
01445027	01465713
01445027	14757547
01445407	02465693
01445407	14297870
01445597	02329401
01445932	00838816
01445932	09857852
01445932	14287408
01446901	06890254
01446901	10771270
01447257	00113113
01447257	11495041
01447632	00112312
01447632	00113113
01447632	11498203
01447868	00357023
01448100	00114431
01448100	00115036
01448100	00115667
01448100	11458624
01449236	00333203
01449236	05291728
01449427	00333037
01449427	05291010
01449796	05021151
01449974	00315986
01449974	00318735
01449974	02687172
01449974	03100897
01449974	04474035
01449974	08057633
01449974	09897696
01451176	03870672
01451502	02970849
01451842	00302394
01452255	00115036
01452255	01105909
01452255	10162507
01452546	03929660
01452593	04990220
01452918	00115500
01452918	10492202
01453256	00115500
01453256	10492202
01453433	00114871
01453433	10492202
01453969	04467099
01453969	04467307
01454246	02774630
01454246	02970408
01454246	09897696
01454431	04495843
01454636	04990877
01454636	10492202
01454810	00114871
01454810	00115036
01454810	04476116
01454810	10162507
01454810	10492202
01455184	00116376
01455184	03281145
01455184	03525074
01455184	04231693
01455866	00116376
01455866	00324834
01455866	10166762
01456088	07375781
01456463	00359614
01456463	03044934
01456463	03045074
01456463	04250026
01456771	00357023
01456771	00357275
01456771	02156532
01456771	07351031
01457206	00357275
01457206	13907415
01457489	13893786
01457954	00191980
01457954	13480667
01457954	13534274
01457954	13534954
01458228	13534274
01458228	14997888
01458302	01416585
01458464	13534274
01458464	14997888
01458664	03339643
01458664	04332243
01458664	13480667
01458664	14868564
01458973	01254253
01458973	02995998
01459422	01775164
01459422	01775535
01459542	13484082
01459696	13484082
01459896	00926668
01460029	01254051
01460029	04216634
01460029	04332243
01460408	07804323
01460421	04781755
01460785	04216634
01460937	01254051
01461328	05870180
01461328	07373803
01462005	00003553
01462005	00380083
01462005	07963987
01462005	09786922
01462468	00380083
01462468	00380696
01462468	02681084
01462468	02850732
01462468	07375405
01462928	05685879
01462928	09454412
01463259	01262113
01463340	03819595
01463520	01244593
01463963	10383237
01463965	04627000
01463965	07546125
01465218	13743605
01465365	07985223
01465365	13743605
01465713	00198213
01465713	01445027
01466047	04029125
01466303	08376250
01466303	09240621
01466543	03169390
01466543	03579355
01466733	14500341
01466978	02928413
01466978	03265479
01466978	08512736
01466978	08513163
01466978	08565701
01466978	08620763
01466978	09758781
01466978	13903079
01467370	02875013
01467370	08512736
01467370	08567235
01467917	03112869
01468058	01194331
01468097	11418460
01468097	14473655
01468327	01194904
01468576	00206927
01468576	02972533
01469445	01053067
01469445	01053404
01469770	07186148
01470225	07186148
01471043	00775460
01471043	00775702
01471043	10230801
01471547	10586265
01471825	00783199
01471825	00783527
01471825	03947888
01471825	10175507
01471825	10175725
01471954	15152261
01472807	00789391
01472807	05953416
01472807	14500567
01473176	10496193
01473346	10496193
01473346	10712055
01473346	10712229
01473886	14500047
01474209	07939382
01474513	02436349
01474513	02443049
01474550	00212808
01475831	04666837
01476154	04668139
01476180	14042423
01476180	14043882
01476180	14058252
01476483	00562398
01476483	01074498
01476483	01074694
01476483	02950154
01476483	03839993
01476483	03840327
01476685	05008227
01477014	07366145
01477538	02851099
01477806	01320872
01477806	05008943
01478002	00562398
01478002	01074694
01478002	02789271
01478002	02796412
01478002	02853218
01478002	02982790
01478002	03967942
01478002	04096848
01478423	00344040
01478423	01074694
01478603	03007354
01478603	03047553
01478603	13437181
01478603	13944747
01478626	05008746
01478626	10172080
01479333	02853449
01480149	09609561
01480770	04248851
01480770	04474466
01480770	10726233
01481027	04248851
01481154	01017701
01481154	02887489
01481360	03490884
01481360	03491178
01482075	03491178
01482449	00322228
01482449	08008017
01482449	10390427
01482958	04210390
01483131	03870672
01483247	03502331
01483324	04666615
01483324	05008227
01483779	00358089
01483779	07579399
01483779	14976448
01484027	07419233
01484083	04667406
01484083	05008943
01484392	02919414
01484392	07959943
01484392	08008017
01484714	07961480
01484982	00716945
01484982	14578104
01484982	14890659
01484987	05008943
01484987	10787470
01485158	00322228
01485158	02883344
01485158	03871083
01485158	08008017
01485158	10390427
01485839	02774152
01485839	04123567
01485839	10390427
01486312	00322488
01486312	02974697
01486312	02975212
01486312	04190747
01486312	05238036
01487008	02919414
01487008	08008017
01487311	03679986
01487311	04571088
01487718	03864994
01487830	03968728
01488245	14424780
01488245	15152817
01488313	00395797
01488555	03864994
01489161	01106272
01489161	02878222
01489161	02964389
01489161	13326198
01489332	00123234
01489465	03246052
01489722	14425974
01489734	03933529
01489989	00713952
01489989	02964389
01489989	03679986
01489989	10655169
01490336	03008275
01490336	04551375
01492052	04612840
01492052	04613158
01492052	13792692
01492052	14419164
01492725	09878702
01492725	14288871
01493142	02839910
01493380	08615638
01493897	14425974
01493897	14426449
01494310	01051331
01494310	01052853
01494310	04110439
01494310	05075602
01494310	06389553
01494310	08621598
01494310	08623927
01494310	08664443
01496630	01051331
01496843	03284120
01496978	04194289
01497292	02967626
01497458	04478889
01497736	06607339
01497750	10588724
01497864	03593526
01498319	04217882
01498319	06793231
01498498	08523483
01498713	02928413
01498769	00489837
01498769	00647094
01498769	05209822
01498872	04061969
01498872	13872421
01499006	01052739
01499265	00334935
01499692	04399537
01499692	08661277
01499948	03064758
01500214	01051801
01500572	07389931
01500873	10629020
01500873	11683989
01500873	13135832
01501113	04983402
01501113	04983848
01501113	05711915
01501113	05718556
01501113	07019172
01501113	07028373
01501184	02903204
01501347	10629020
01501960	01051801
01502195	04983848
01502195	05711915
01502195	07028373
01502279	02876657
01502441	02909870
01502540	02795169
01502654	09334396
01502762	09334396
01502946	03938244
01502946	04081044
01503061	01139865
01503268	04463679
01503404	07961480
01503404	07963087
01503404	10644469
01503952	07963087
01503952	10644469
01504480	00789391
01504480	01172441
01504625	04983402
01504625	05718935
01504625	07019172
01504699	00447540
01505254	00114431
01505254	04019696
01505254	04688246
01505254	05850823
01505254	06615561
01505254	10032676
01505254	11498040
01505991	14480420
01506157	00103834
01506157	00170156
01506157	00798245
01506157	00961001
01506157	00980779
01506157	07208000
01506583	00341695
01506812	13501941
01507134	01071411
01507143	00105479
01507143	00454624
01507143	10435988
01507402	07506382
01507914	05045208
01508368	00104539
01508368	10709529
01508719	04910973
01509079	00106272
01509079	10435988
01509527	05036394
01509584	00567044
01510173	04372370
01510827	00140393
01510827	00409211
01510827	07338114
01510827	14008806
01511380	00053913
01511380	00390906
01511706	00045250
01511706	04011827
01511706	14691822
01512259	00298497
01512259	00567044
01512259	00572489
01512259	10035430
01512625	00105820
01512625	10717055
01513838	09425607
01514348	04240097
01514655	00103140
01514655	02982232
01515566	02981911
01515566	02982232
01516071	01211339
01516071	02872333
01516290	03471030
01516534	00798245
01516534	04050410
01517355	03566860
01517515	00335814
01517662	04337974
01517662	10734568
01517966	03153361
01518047	10734568
01518924	04568298
01519569	05259512
01519727	02889035
01520844	10016954
01521124	05685879
01521124	07443010
01521124	13885836
01521367	15002959
01521603	03631445
01521603	10242439
01521912	02861509
01521912	04426788
01522052	00345641
01522052	10781984
01522276	03150232
01522276	04586421
01522276	10781984
01522716	00954086
01522878	02860415
01523105	02860415
01523105	04067472
01523401	07961379
01523823	01244593
01523986	03065424
01523986	13875571
01523986	13875970
01524298	08183398
01524298	13774404
01524523	00702418
01524523	01257542
01524523	11454591
01524523	11502102
01524523	13775706
01525116	00269140
01525116	01207149
01525666	00577068
01525666	13525549
01526521	06796642
01526956	03872495
01526956	03873064
01527271	04569520
01527271	13919547
01527877	05978472
01527877	10072054
01528069	04777634
01528339	04256520
01528821	00677808
01528821	01052450
01528821	01052618
01528821	03563710
01530431	00379588
01530431	00693679
01530678	00379588
01531265	03626115
01531265	04073669
01531265	04159058
01531265	06855207
01531375	05117660
01531998	04682462
01531998	04694441
01532329	04694809
01532434	00251013
01532589	00251013
01532589	03040587
01532589	09927089
01532589	09927305
01533120	05118251
01533442	00251013
01533442	00580370
01533442	09927089
01534147	00276620
01534147	14498096
01534609	00717748
01534745	09355850
01534745	14956325
01534745	14956661
01535246	00255710
01535246	03648066
01535246	03648219
01535246	04554684
01535246	10768903
01535709	05050668
01536168	00396642
01537409	00072261
01537409	00276813
01537409	04695963
01537409	05244934
01537959	13982999
01538161	04692157
01538310	04682462
01538469	04682462
01538629	00717748
01538928	04694441
01539063	00842692
01539063	09921409
01539063	10034201
01539063	13423922
01539063	14598079
01539633	00006336
01539633	13423922
01539633	14597413
01539633	14598079
01540232	14598525
01540449	13558490
01540449	14597158
01541803	15049594
01542207	00329619
01542207	15049594
01542252	14585519
01543123	00344259
01543426	10640968
01543731	01523656
01543731	03914919
01543731	04081044
01543731	04107984
01543731	09627017
01543998	04161358
01543998	08647616
01545314	00344942
01545314	00630071
01545883	10524973
01546111	00349080
01546111	05082507
01546111	08653706
01546111	10648033
01546349	14570330
01546768	08653706
01547390	00341548
01547390	01064148
01548193	04846770
01548290	02910353
01548290	03038281
01548576	02906438
01548576	03038281
01548694	01069125
01548718	00397760
01548718	03294833
01548718	06389230
01548718	06428646
01549057	14597758
01549187	00394610
01549187	06428216
01549291	04850589
01549420	00397760
01549420	06428216
01549905	00403466
01549905	04691178
01549905	04692157
01551195	04693900
01551195	13537894
01551195	13872211
01551195	14334511
01551195	14363483
01551679	14363483
01551871	04157320
01552219	09385137
01552219	10779775
01552519	00386915
01552519	03154073
01552519	09985279
01554622	02987492
01554622	04121511
01555742	00678010
01555742	13904843
01555742	13905121
01556178	02157557
01556178	02158066
01556346	00391086
01556346	09410928
01556572	00391407
01556572	03041632
01556572	09410928
01556572	10505206
01556572	13908201
01556921	00383606
01557614	00007846
01557774	00784533
01557774	07331400
01558440	09429387
01558681	13908201
01558883	09437369
01558883	13904843
01559055	13904843
01559590	03996145
01559590	04140064
01560369	00360242
01560369	04186848
01560731	00359492
01560731	04016240
01561143	07301543
01561143	07302542
01561819	00126236
01563005	00397953
01563005	04164989
01563005	05867413
01563005	07747455
01563005	08648322
01563005	09429387
01563336	00390581
01563336	06304671
01563575	13737480
01563724	00397953
01563724	03894379
01563724	10402285
01564144	00217014
01564144	00217773
01564144	00737973
01564144	03180504
01564144	07334490
01564144	07335243
01564144	10008716
01564144	14562324
01565472	00966869
01565472	13262462
01566185	00217773
01566185	04461696
01566185	04606358
01566185	07335581
01566185	07353075
01566185	10544748
01566185	10792856
01566476	10294602
01566490	00217773
01566490	10008716
01566490	14562324
01566645	01056369
01566705	07410207
01566705	10614225
01566916	00315830
01566916	09254614
01567275	00017222
01567275	00919513
01567275	01052853
01567888	06071934
01567888	08438533
01567888	09284015
01568630	01079604
01568630	10656223
01569181	14042423
01569181	14043882
01569566	00240938
01570403	06793426
01570562	03024746
01570562	03024882
01570744	00225786
01570744	10121246
01570935	10121246
01570935	13123431
01571744	03420935
01571744	10121246
01572978	00417859
01572978	00812526
01573276	00391407
01573276	09410928
01573515	00376715
01573515	00391086
01573515	07367708
01573515	09410928
01573891	04045941
01573891	13773725
01574292	00447540
01574292	00622266
01574292	00812526
01574292	10793168
01574571	04387706
01574923	00353469
01574923	03693973
01575146	01175316
01575146	04050410
01575675	00372448
01575675	01051331
01576165	00839023
01576165	00841091
01576165	07801091
01576165	08616050
01576478	00841091
01576478	07801091
01576917	02911158
01576917	03873064
01576917	04198797
01577093	00277569
01577093	00442847
01577093	03204306
01577093	03970156
01577513	07861421
01577635	00442847
01577635	03948950
01577635	03970156
01577635	10019406
01578254	00277569
01578254	02472693
01578254	07364115
01578513	13557158
01578993	03633091
01579488	07805006
01579622	04284002
01579813	00383390
01580050	09367203
01580050	14450691
01580467	00321956
01580467	00406365
01580467	04605726
01580928	04493505
01580928	05246511
01582200	03879116
01582645	00263813
01582645	00900726
01582645	00938419
01582645	03173524
01582645	03234306
01582645	04463273
01582645	06799897
01582645	08612786
01583040	10354898
01583040	14393161
01583494	01149480
01583656	01149480
01583993	02833576
01584321	03089348
01584321	13872592
01585523	00322634
01585523	03571439
01585759	01244593
01586018	10200047
01586278	10734235
01586600	00965404
01586850	02875013
01586850	03390983
01586850	03391301
01587062	00321956
01587077	04780755
01587077	04782116
01587077	04842515
01587575	14881303
01587818	03160309
01588134	03327234
01588172	04870340
01588493	07202579
01588493	07270179
01588493	07273136
01589056	06843520
01589056	13911872
01589224	06843520
01589224	13911872
01589363	06843520
01589363	13911872
01589497	00999245
01590171	00267349
01590171	03745285
01590171	03932203
01590747	05534333
01591158	00335988
01591621	06793426
01591835	06793426
01592072	00115500
01592072	00335988
01592456	00357275
01593011	03941684
01593254	03138344
01593254	03599351
01593254	03659292
01593254	03659809
01593254	11473138
01593614	03416329
01593614	09379111
01593763	00345149
01593763	01173660
01593937	00358089
01593937	03141702
01593937	04293119
01593937	07351031
01593937	07805254
01593937	14948645
01594362	04300080
01594978	00358290
01595260	14718822
01595596	00737188
01595596	14501726
01595830	00149508
01595830	10773665
01596404	00149699
01596645	00256746
01596645	03074855
01599539	03064758
01599805	03130563
01600191	00382109
01601234	00318735
01601234	05002822
01602318	02152212
01603303	14586769
01603303	14625458
01603418	04394630
01603418	14977075
01603418	14977188
01603732	14789885
01603732	14936010
01604251	00299680
01604251	03644378
01604251	04108268
01604251	10538733
01604586	03229244
01604696	03600977
01604696	13911151
01605630	01145612
01606018	00140393
01606018	00814458
01606205	03385557
01606205	03386011
01606205	03420559
01606574	00105624
01606574	05068080
01606736	00140393
01606736	00814458
01607072	13792183
01608122	05578911
01608508	00150762
01608508	00841091
01608508	14286885
01609287	00114431
01609287	11498040
01610101	04081044
01610463	00708017
01610955	01145766
01611067	04790774
01611516	03247083
01611516	13771404
01612053	01167146
01612053	02542795
01612053	04906273
01612084	00713952
01612084	02964389
01612084	03679986
01612084	10655169
01613239	01052853
01613391	04224155
01613463	01179707
01613463	02543181
01614079	01003729
01614079	14429608
01614778	04706290
01615457	00130093
01617192	00923995
01617192	09976429
01618053	04706290
01619929	00217014
01619929	00737973
01619929	03180504
01619929	10008716
01620436	00222485
01620854	06398401
01620854	07291312
01620854	07291794
01620854	14562960
01620854	15266911
01621127	01621635
01621219	07334490
01621555	00908492
01621555	00923995
01621555	03129123
01621555	03748886
01621555	04007894
01621555	05845140
01621555	08060446
01621555	10284064
01621555	10292316
01621635	01621127
01622795	00914632
01622795	03287178
01622795	03860882
01623027	07420991
01623792	03860882
01623967	03699975
01623967	03701640
01623967	10279018
01624169	03699975
01624169	10279018
01624568	13913566
01624633	01810447
01624633	04780958
01625666	03635668
01625666	05580929
01625985	07902520
01626138	01014731
01626138	06593099
01626138	09946957
01626138	09949946
01626420	00926668
01626844	06416206
01626844	06487897
01626844	09900499
01627355	01867295
01627355	07324380
01627355	10126177
01627965	01810447
01627965	02566528
01627965	04780605
01627965	04780958
01628197	00922144
01628197	01867295
01628302	01789270
01628302	01793177
01628302	04780958
01628449	00156390
01628449	00235435
01628449	00643250
01628449	07323922
01628449	07325190
01628449	10355449
01628449	10383816
01628449	15265518
01629000	00914632
01629000	00922144
01629000	04612722
01629000	13758745
01629958	05978159
01629958	05978623
01629958	07160116
01629958	07160296
01629958	10280674
01630903	05683390
01631072	00269963
01631830	00894738
01631830	06633363
01631830	06740919
01632103	00900207
01632103	05927813
01632411	00923995
01632411	00940412
01632411	00940709
01632411	00940842
01632411	05633385
01632411	05792842
01632411	06732013
01632411	10068804
01632411	10214637
01632411	10438172
01632897	00105479
01633173	05846932
01633173	14873641
01633343	00940842
01633343	05633385
01633343	05772215
01633343	05835747
01633343	05836275
01633343	10383816
01633825	05982152
01634011	05949937
01634142	05634219
01634424	00931040
01634424	00940412
01634424	06757891
01634424	10660333
01635056	05634219
01635176	00931040
01635176	06367107
01635176	06367373
01635176	06757891
01635432	00899927
01635432	03265874
01635432	03931044
01635432	05632272
01635432	05767733
01635432	05768415
01635432	05896059
01635432	05928118
01635432	05936381
01635432	05936704
01635432	10756433
01635432	10757492
01636008	05936381
01636221	05768415
01636397	05625465
01636397	05767733
01636397	05784699
01636397	05833840
01636993	05776015
01637166	05833840
01637368	05632446
01637368	05896059
01637633	05768806
01637633	05769471
01637633	05769726
01637633	09993901
01637633	09994119
01637633	10062996
01637633	10196965
01637982	05808218
01637982	07214432
01637982	09279458
01637982	10214637
01638368	00795720
01638368	05633385
01638368	05728678
01638368	05794694
01638368	05898568
01638368	05910453
01638368	05982152
01638368	10438172
01638438	04925348
01639105	03772269
01639105	09934921
01639105	09935233
01639105	13388245
01639369	02631238
01639714	00928077
01639714	03954199
01639714	05633385
01639714	09805475
01639714	10438172
01639765	01382818
01639765	02631238
01640207	00643250
01640207	00923995
01640207	07328942
01640550	00928077
01640550	03178782
01640550	09972157
01640850	04926427
01640855	00035189
01640855	00062451
01640855	01127379
01640855	03017922
01641632	00061598
01641751	00061598
01641751	00061792
01641914	00240184
01641914	10209082
01641914	10434725
01642437	10434725
01642924	00044150
01642924	00834198
01642924	05917477
01642924	10046527
01642924	11410625
01642924	14311348
01643464	00935940
01643464	07003119
01643464	10029068
01643657	00030358
01643657	00045250
01643657	00156390
01643657	02678384
01643657	04485226
01643657	13426376
01643657	13773539
01644050	00159177
01644050	00238527
01644522	00159177
01644522	00238527
01644746	00043765
01644746	00061917
01644746	00931847
01645157	10418302
01645601	00007347
01645601	00042311
01645601	00322457
01645601	06740402
01645601	07326557
01646300	00798245
01646528	14485064
01646866	05827253
01646866	09184975
01646941	04928416
01646941	07944050
01646941	14425974
01647229	00237078
01647229	00240184
01647229	10107303
01647867	06773976
01647867	09952163
01647867	13970236
01648126	10645611
01649999	00023773
01649999	00030358
01649999	00045250
01649999	00070641
01649999	07252764
01649999	09179776
01649999	09184975
01649999	14578471
01650425	05194578
01650425	11447851
01650610	00239910
01650610	07325190
01650610	15265518
01651293	00795720
01651444	00923995
01651444	01136519
01651444	05908520
01651444	08008335
01651444	10438172
01653442	00751944
01653442	00912001
01653442	00924825
01653442	08060446
01653442	10292316
01653873	00923995
01654271	00752298
01654271	03318438
01654271	10105085
01654271	10201535
01654628	00911048
01654628	00923995
01654628	09878275
01654628	10284064
01655116	02673446
01655344	02673446
01655902	00269258
01656458	00218045
01656458	00218753
01656458	01249483
01656458	07334490
01656788	03533486
01656788	03932203
01656788	07951464
01657254	00379754
01657254	05953416
01657254	14500567
01657641	05731779
01657828	00378985
01657828	05870180
01657828	14818238
01657977	00912274
01658762	00606370
01658762	05638063
01658762	08436562
01658762	09975425
01659248	00237078
01659248	00925207
01659248	03384535
01659248	03385117
01659248	04677514
01659248	10284064
01659248	13913566
01660386	03792048
01660386	09326662
01660640	03792334
01660640	09303008
01661243	00911752
01661243	03295140
01661804	00218045
01661804	03536348
01661804	03658858
01661804	07335097
01662118	00115803
01662118	07331013
01662118	10008716
01662118	10074339
01662274	02692471
01662614	03999992
01662622	02692471
01662771	00909899
01662771	02979662
01662771	03779370
01662771	13913566
01663443	10460806
01663920	02897237
01663920	07886572
01664172	00243918
01664172	03101156
01664172	09963320
01665638	00243918
01665638	09963320
01666131	00926668
01666131	07882497
01666327	04179385
01666327	10584318
01666327	10689564
01666717	10689564
01666894	05844105
01666894	10155849
01667132	00199707
01667304	04033995
01667449	04033995
01667607	03282933
01668421	06999233
01668421	09812068
01668603	01023820
01669643	04606014
01669906	04173698
01670315	02792305
01670315	02955540
01671039	03624966
01671039	03625355
01672014	03624966
01672168	03819595
01672168	04568841
01672168	08434259
01672168	09477037
01672490	03132879
01672490	03532342
01672607	04794751
01672753	03132879
01673472	13875571
01673668	02853740
01673732	13885836
01673891	04568298
01673891	10772190
01674216	02853740
01674717	02889035
01674717	03631177
01674717	03965907
01674717	10438042
01675190	04796490
01675245	03383646
01675245	03481172
01675963	00261604
01675963	00262249
01675963	00262596
01675963	00262743
01675963	03579355
01675963	04683814
01675963	05003590
01675963	09998907
01677509	03258730
01677716	03491178
01678519	03882058
01678519	03882611
01678685	03596787
01678685	10221956
01679433	03420440
01679433	04484160
01679433	07621618
01679806	04484160
01680132	01896031
01680756	00015388
01681723	03284743
01682039	03572449
01682234	04681797
01682582	04955160
01683101	03437430
01683101	10129585
01683582	00608037
01683582	02856109
01683582	03230785
01683582	05902327
01683758	03769397
01684133	05683582
01684180	03058726
01684337	00937656
01684337	04157320
01684337	10566072
01684663	00936620
01684663	03875218
01684663	03876519
01684663	10391653
01684899	00936620
01684899	03875218
01684899	03876519
01684899	10391653
01685313	00643250
01685313	00908492
01685313	09614315
01685601	01104637
01685960	03008565
01686132	00100543
01686132	04076846
01686132	10212780
01686439	04800359
01686956	00900375
01686956	00900726
01686956	03876519
01686956	03931044
01686956	05766984
01686956	06999436
01687401	06999233
01687569	01159964
01687569	04928903
01687569	05750163
01687569	07066659
01688256	00900957
01688256	03876519
01688256	05766984
01688256	10455619
01688771	00521562
01688771	00900726
01688771	00900957
01688771	03210940
01688771	05766984
01688771	10455619
01689379	03173524
01689379	08612786
01689752	05064037
01690294	03234306
01690294	07003119
01690294	10029068
01691057	10801291
01692579	06828818
01693324	04155310
01693453	00900207
01693453	03186399
01693453	03967396
01693727	06780678
01693727	09898346
01693881	00908772
01693881	01019524
01693881	03104594
01693881	03257586
01693881	09964805
01694620	02771840
01695257	03767459
01695459	03767459
01695567	04682018
01696135	00263947
01696135	04683136
01696135	04694809
01696435	04558578
01696435	04558804
01696435	10770545
01696435	14991319
01696648	00161739
01696648	04956594
01696648	09938672
01696648	14984973
01697027	00898804
01697027	00909899
01697027	03777283
01697027	03779370
01697027	03779621
01697027	13913566
01697406	00898804
01697406	03777283
01697406	10325774
01697628	04227144
01697986	06294441
01698271	00929718
01698271	03906997
01698271	10794014
01698916	07051975
01699539	06399995
01699700	06399995
01699896	06353445
01700934	06364149
01700934	10513120
01701311	00899292
01701311	00930868
01701311	06376154
01701311	07007945
01701311	10030277
01701634	00930736
01701634	05891572
01701858	06381869
01701858	10528493
01702154	07097094
01702514	06381869
01702514	06384708
01702514	07092592
01702514	07093489
01702514	07093603
01702514	07093759
01702514	10444194
01702514	10528493
01703326	06379568
01703613	06381372
01703857	07042586
01703857	07053732
01704236	00545501
01704236	10599806
01704452	10794014
01704953	06763273
01704953	06764244
01705257	06613056
01705257	06763681
01705257	07180570
01705494	00939452
01705494	07037465
01705494	09947232
01705655	14416349
01706756	07028373
01706889	01253778
01706889	10160624
01707306	07027458
01707495	07039056
01707737	00939818
01707737	08248157
01707925	00939818
01707925	03800933
01708676	07020538
01708676	07448717
01708676	09989502
01708676	09990415
01710048	00527872
01710317	10015215
01710481	08237863
01711071	07494363
01711445	00521562
01711445	04296562
01711445	06893885
01711445	07006712
01711445	10645611
01711749	00155487
01711749	01052853
01711749	05075602
01711749	08664443
01711749	08677628
01711965	00907919
01711965	03338821
01711965	06262567
01711965	06613686
01712704	00097504
01712704	09767197
01712704	10069296
01713348	00046344
01713348	00302861
01714208	00548326
01714208	06891493
01714208	10415638
01716227	04995211
01716491	04996355
01716619	07007945
01716619	07018931
01716882	07018931
01717628	00238022
01718185	06893285
01718535	00794614
01718867	05557839
01718952	00102779
01718952	03082979
01718952	09887034
01719302	00548326
01719302	00795785
01719302	06892016
01719302	06893885
01719302	07007945
01719302	09765278
01719921	00548326
01719921	00552097
01719921	00795785
01719921	06892016
01719921	07007945
01719921	07018931
01719921	09765278
01719921	09840050
01720491	09884666
01720660	00049003
01720773	07031752
01720980	09762509
01720980	10163723
01721169	00050195
01721754	00754956
01721754	10201535
01721754	10286539
01722447	00548802
01722980	05666700
01722980	05890249
01723224	00894552
01723224	00897026
01723579	00898127
01723690	00548802
01723690	00756331
01723690	05929008
01723963	00549610
01724185	00550016
01724185	10318892
01724459	00101191
01725712	07480896
01726172	00101191
01726879	07086518
01727490	07039238
01727490	07342049
01727684	03945615
01727684	10435041
01728355	07031752
01728355	09760913
01728840	00099588
01728840	00178832
01728840	06714697
01729431	00545501
01729431	00546389
01729431	07048000
01729431	10599806
01730216	10099093
01730216	10321474
01730384	01255935
01730384	06867675
01730799	03024064
01730799	07050177
01730799	08187837
01730799	08187988
01730799	08188449
01730799	08188638
01731031	00545501
01731031	00546389
01731031	07048000
01731031	10599806
01731351	05050115
01731351	15119536
01731353	01255935
01731353	06867675
01732172	00100543
01732172	05766247
01732172	10212780
01732270	15121625
01732532	03249569
01732532	10036929
01732713	03494278
01732713	10160770
01732921	01133760
01732921	01256743
01732921	09952539
01733213	09952539
01733667	04536866
01733667	10754578
01733829	03110669
01733829	10732010
01734300	05301072
01734502	01018630
01734502	01249060
01734502	04076533
01734502	05860200
01734502	07342049
01734502	10511425
01734502	10521470
01734884	04872958
01734929	13549916
01735144	13531652
01735308	03257343
01735308	03257586
01735475	10743941
01735475	10780632
01736299	03924811
01736299	04608923
01737417	11468172
01738347	01020117
01738597	05834758
01739814	00916464
01739814	03322099
01739814	07705711
01739814	08438067
01739814	09779790
01739814	10078806
01740468	00914343
01740608	00918820
01740608	03146846
01740608	09260907
01740969	03417345
01740969	03417749
01740969	10120671
01741221	10245863
01741446	00915722
01741446	03146846
01741446	13085864
01741562	01387786
01741864	03967562
01741864	10442815
01742244	13902048
01742415	03496612
01742556	03524574
01742726	00915722
01742726	09779790
01742726	13454318
01742886	01019524
01742886	01020936
01742886	03104594
01742886	09964411
01743217	01796582
01743217	01796800
01743217	07536870
01743313	00549610
01743313	06780309
01743531	10318892
01743784	00898804
01743784	03777283
01743784	05890249
01743784	05902327
01743784	05937112
01743784	05938795
01743909	04863358
01744082	13850304
01744111	00591519
01744111	05710210
01744611	06589574
01744611	10794014
01744888	09949946
01745141	06636806
01745377	06389753
01745536	07002992
01745536	08266235
01745722	01101958
01745722	01103614
01745722	04004475
01745722	06589574
01745722	06677302
01745722	06678302
01745722	08062623
01745722	10475297
01745722	10491309
01745722	10491575
01746605	00591519
01746605	05017230
01747203	06404147
01747374	01019524
01747374	06505517
01747374	09964805
01747717	00928947
01747717	06568978
01747717	10481268
01747945	04004475
01747945	04004767
01747945	06677302
01747945	10475297
01749184	03926575
01749394	10266486
01749790	00938791
01750421	00938791
01751173	00551585
01751173	10158010
01751545	03511426
01751545	05578095
01751722	03396311
01751836	10245863
01752025	03396311
01752167	14462666
01752316	06590885
01752728	13517199
01752884	11415842
01753596	03178782
01753596	09972157
01753596	10210648
01753788	00237869
01753788	00240184
01753788	00908492
01753788	03129123
01753788	07328942
01754105	03999992
01754421	05053215
01754421	05053688
01754421	05260533
01754737	00359238
01754737	00942234
01754876	01890626
01755137	07000195
01755627	05054863
01756719	07009946
01758308	01173813
01758308	01243474
01758339	02647497
01758339	02731024
01758339	05053688
01759326	00242808
01759326	01896478
01759326	05827253
01760143	04689048
01760944	00802318
01761120	01261712
01761120	04628192
01761533	13979503
01761706	07514345
01761706	10555679
01761706	14037011
01762283	00844254
01762283	05828102
01762283	07487695
01762528	00242808
01762528	01260867
01762528	05828102
01762528	07528470
01762839	00802318
01762839	00802946
01762839	04637923
01763303	13979503
01763643	15274441
01763813	02450505
01763813	03096593
01763813	03520811
01763829	04903813
01764171	04904851
01764171	04904996
01764171	05684440
01764171	07289014
01764171	07524242
01764171	07524760
01764171	14403282
01764800	04470232
01764800	04904352
01764800	04982478
01764800	15274441
01765178	04903813
01765392	00759551
01765392	01151097
01765392	01151407
01765392	03075768
01765392	07515790
01765392	09952163
01765392	13969700
01765392	13970764
01765392	13971561
01765908	00425278
01765908	05832264
01766407	01215719
01766748	05832264
01766748	07505047
01766748	07524242
01766748	07524529
01766952	10785333
01767163	04711435
01767163	05832264
01767163	07524242
01767163	10792178
01767199	02642634
01767661	02642634
01767949	01282014
01767949	02364448
01768969	02636811
01769347	02636811
01769843	00766418
01769843	02586121
01769902	01282014
01770501	00554850
01770501	07289014
01770501	07524242
01770501	14403282
01770802	07514345
01771535	00026192
01771535	05984584
01771535	07285403
01771966	02637380
01772222	02636811
01772498	07140348
01772498	07531536
01772960	07528212
01772960	14037011
01773346	07548978
01773535	04643397
01774136	07503430
01774136	07546465
01774136	10162194
01774426	00745431
01774426	05811884
01774426	09754780
01774426	09756195
01774426	09756961
01774799	06715927
01774799	07502980
01774799	07547674
01774799	10616379
01775164	01459422
01775164	05813229
01775164	07543288
01775164	09622302
01775164	10077593
01775535	01459422
01775535	07543288
01775535	09622302
01775535	09849598
01776214	13370448
01776313	02175578
01776468	07497797
01776468	10078131
01777817	09771435
01778017	01043820
01778017	01218766
01778017	02011810
01778017	03560161
01778017	06207561
01778017	07501420
01778017	10198437
01778017	10198832
01778017	10792335
01778212	04760771
01778568	02011810
01778568	06207561
01778568	07521039
01778990	09847727
01779165	01222666
01779165	04143712
01779165	07519253
01779165	07520612
01779986	05618056
01779986	06195839
01780202	07519253
01780941	01222666
01780941	07520612
01781180	01222477
01781180	07254057
01781478	04826771
01781757	10735298
01781983	07520612
01781983	14405931
01782218	07520612
01782432	05951566
01782432	07521674
01782432	10240082
01782519	04828255
01782650	07519773
01782650	07520411
01782650	09781504
01783022	07298982
01783022	07510625
01783158	04826999
01783158	05946687
01783214	05700401
01783214	05898171
01783394	05700087
01783394	05836921
01784295	14066492
01785579	14066203
01785579	14066492
01785748	07537259
01785748	14405931
01785971	00758972
01785971	07516354
01785971	14036539
01786760	07548978
01786906	00425451
01786906	07516997
01786906	07517417
01786906	07518878
01786906	14391876
01787106	00758972
01787106	07516354
01787106	14036539
01787822	14391876
01787955	01221790
01787955	05830059
01787955	05831784
01787955	07518468
01787955	10695555
01787955	14406573
01789270	00908672
01789270	01628302
01789270	07517550
01789270	07518468
01789514	00419644
01789514	01221790
01789514	01896478
01789514	05831939
01789514	07372565
01789514	10160012
01789514	10161178
01789514	10209246
01789740	01142899
01789740	01145944
01790020	04904664
01790020	07508232
01790020	14403282
01790383	04904996
01790739	07507912
01790739	07508232
01791232	05685030
01791232	07507912
01791535	05830059
01791535	14406573
01791973	04904996
01792287	07506569
01792567	05830059
01792567	07494363
01792567	07495327
01792567	07496755
01792567	14322699
01793177	00908672
01793177	01224031
01793177	01628302
01793177	07550666
01793742	06721461
01793742	14332085
01793933	14403560
01793933	14403772
01794344	01058426
01794363	07495551
01794363	14324274
01794523	07495551
01794523	14324274
01794668	07496463
01794668	10296618
01795428	07014320
01796033	07516997
01796033	14036735
01796346	01261293
01796346	07520112
01796346	07528470
01796582	01743217
01796582	07535670
01796582	07536870
01796800	00095121
01796800	01743217
01797051	10335246
01797051	13989280
01797204	10335246
01797347	07534430
01797347	07535670
01797347	10335246
01797347	13989051
01797730	07305234
01797730	14477342
01798100	07496463
01798452	00624553
01798452	14376188
01798484	04912240
01798782	07372959
01798936	07540602
01799794	00273449
01799794	07309223
01799794	07507742
01799794	14440488
01800195	01249483
01800349	01815628
01800349	04778630
01800349	07490713
01800422	06716796
01800422	14440623
01801847	01069311
01802070	01069311
01802219	01072236
01802219	06379568
01802219	07042735
01802219	07050619
01802219	07211950
01802219	10335246
01802689	04039041
01802689	04456276
01802689	07495551
01802689	07496755
01802689	10716005
01802689	10716389
01802689	14324274
01803003	00422551
01803003	00425278
01803003	07518663
01803003	07519040
01803003	10716005
01803380	00425905
01803380	10167565
01803380	10419630
01803380	10695555
01803641	09965134
01803936	00158185
01803936	00803617
01803936	10525134
01804414	09931640
01805247	09988703
01805384	14403560
01805684	07486628
01805684	07486922
01805684	07487063
01805684	10270878
01806109	04904162
01806271	04857490
01806505	04687333
01806505	07491286
01806505	07497976
01806505	09893600
01806505	09900981
01806505	09910374
01806505	10615179
01806505	14407536
01806505	14407899
01807314	07548366
01807529	04689048
01807529	05694791
01807529	10699752
01807770	10699752
01807882	00166146
01807882	04687333
01807882	04688246
01807882	05850823
01808374	07503260
01808374	07504111
01808626	05828263
01808769	14920388
01809064	07298982
01809655	05071556
01810447	01225397
01810447	01627965
01810447	07223811
01810447	07306252
01810447	07510625
01810447	07517737
01810447	10590977
01811172	07538395
01811441	04848262
01811441	05950733
01811441	07511733
01811441	07541053
01811441	10184946
01811441	10185148
01811736	07527656
01811736	14405225
01812068	01265475
01812068	13987719
01812324	01261293
01812324	01265475
01812324	07520112
01812324	07528212
01812324	07528470
01812324	13986372
01812324	13987719
01812720	01048466
01812720	13986372
01813499	05829782
01813499	07527352
01813668	13987905
01813884	07527352
01813884	07529563
01814396	02308214
01814396	04166553
01814396	07537973
01814396	07542675
01814396	14486533
01814815	01211667
01814815	10518349
01814815	10686313
01814815	14446161
01815185	00354884
01815185	10518349
01815185	14445749
01815471	00253395
01815628	01800349
01815628	05829782
01815628	07490713
01815628	07491038
01816431	01072780
01816431	09424489
01816431	13986679
01817314	05979454
01817314	07491286
01817314	07497976
01817314	13986372
01817314	14407536
01817500	05166805
01817755	05988097
01817938	07251779
01818234	05167618
01818835	07252378
01818972	07537259
01819387	07542675
01819554	01222477
01819554	07254057
01819554	10525134
01819911	14403772
01820077	14403772
01820302	01072072
01820302	07491708
01820302	07491981
01820302	10058411
01820901	00425451
01820901	01221790
01820901	07518878
01820901	09778537
01821132	05194874
01821132	10634990
01821132	14407899
01821266	14481929
01821423	05192451
01821423	05682950
01821634	10118382
01821996	04829550
01821996	07553741
01821996	07553964
01822248	06633692
01822248	07553964
01822248	10686313
01822724	10686073
01822936	07505047
01822936	07546125
01823092	14483126
01823370	07528097
01823370	07529563
01823528	07502387
01823528	09783369
01823528	14415773
01824244	05034225
01824339	07185870
01824339	07486229
01824532	07185870
01824532	07486229
01824736	07486229
01824751	05204637
01825237	07484265
01825237	07486229
01825237	10766025
01825237	14038993
01825671	05190804
01826060	07484547
01826378	04945057
01826378	14038993
01826723	04848262
01826723	04945057
01826723	05950733
01826723	07511733
01826723	07541053
01826723	10185148
01826723	14038993
01827064	07549716
01827535	05204637
01827858	07500741
01827858	09771435
01827858	09771664
01827858	10677713
01828405	10270878
01828736	01072072
01828736	05813229
01828736	07491708
01828736	07543288
01828736	10058411
01828736	10077593
01829747	14051056
01829747	14051201
01830042	14051056
01830946	01886756
01830946	05520699
01830965	05898171
01831308	06784639
01831531	00331950
01833906	14559208
01834304	00410247
01834304	05151088
01834485	14015361
01834896	09355850
01835280	02737183
01835280	11464143
01835496	00279835
01835496	00283127
01835496	04773596
01835496	07309781
01835496	07311115
01835496	09629752
01835496	10335931
01837744	04821451
01840238	00302394
01840238	10096217
01841079	07311115
01842508	04045397
01843055	00308370
01843055	00311809
01843055	09629752
01843055	10596689
01843364	00311809
01843497	08581503
01843497	08640531
01843689	10757193
01843904	00879607
01843904	10596689
01844048	00879271
01844048	10757193
01844431	01066542
01844431	08581503
01844431	10407726
01844653	00312932
01844653	02932891
01844859	03141065
01845229	00310666
01845229	10718131
01845720	00295701
01845720	00306426
01845720	09629752
01845720	10771392
01846320	00312553
01846320	00312784
01846320	00312932
01846320	01105737
01846413	05917174
01846413	13268842
01846413	13957601
01846658	00312932
01846658	04127904
01846658	10546633
01846916	00295701
01846916	00306426
01846916	09629752
01846916	10771392
01847845	00302394
01848355	04789274
01848355	04817923
01848355	06889330
01848718	00042757
01848718	07333649
01848718	10004539
01849221	00280853
01849288	06759349
01849746	05046471
01850315	00279835
01850315	00280586
01850315	08478482
01850315	10336234
01852701	08521816
01853069	04021798
01853542	04224155
01853696	04473432
01854132	00392093
01854519	04390977
01854519	10691764
01855155	10724699
01855447	04143140
01855606	00168658
01855606	00279835
01855606	10335931
01856626	01123095
01856626	01318478
01856626	10314952
01857392	01053617
01857632	01053339
01858910	03032811
01859221	01076046
01859221	07365849
01859325	00914215
01859586	01063697
01859586	02742468
01859586	07365849
01859586	14010927
01859586	15272029
01860107	00945205
01860497	00912833
01860497	00913065
01860795	01063697
01860795	07365849
01860795	14010927
01861403	14010927
01862386	00796588
01862386	04889337
01862918	01056411
01862918	08656893
01864634	00290276
01864634	00331655
01864634	00337210
01864865	00335988
01864865	07339098
01865197	05147940
01865383	02860063
01866192	04101701
01866192	07441619
01866610	07441619
01867295	01628197
01867295	05147940
01867502	01156834
01867502	01157517
01867504	07398659
01867697	00439484
01868370	00349705
01868370	07351909
01868370	10781236
01868370	11519450
01868780	07351909
01869563	00345149
01870043	00345149
01870275	00109081
01870275	00328502
01870275	00329031
01870275	04238128
01870275	07404944
01870867	00329031
01870867	10605088
01870889	05157866
01871680	00113726
01871680	00114095
01871680	10495421
01871979	00112312
01871979	02766534
01871979	11458624
01871979	11498203
01872645	00112312
01872745	05613962
01872745	05926358
01872877	00112312
01873942	05579944
01874568	11527967
01874875	11447851
01875295	00347652
01875295	04099969
01875295	05194043
01876006	10256756
01876028	00348008
01876028	04098513
01876907	00327824
01876907	00348571
01876907	04770911
01876907	07337390
01876907	07346057
01877204	07346057
01877355	00327824
01877355	00348008
01877620	00327824
01878063	00345926
01878063	07341038
01878063	07345166
01878466	04898437
01878719	00348571
01878719	07439284
01879251	07400906
01879251	07401726
01879251	15280695
01880113	07086518
01880113	07400906
01880113	07401726
01880531	04901326
01880673	07086518
01880888	07439284
01881034	04167759
01881180	00284409
01881180	00297062
01881180	00297404
01881180	02122580
01881180	09468237
01881180	10176111
01881180	10506220
01881180	10660729
01881180	10744544
01881180	10765679
01881696	05775407
01881696	06750154
01881696	10483530
01881696	10483890
01881957	10176111
01882170	00283568
01882170	00284798
01882170	04544979
01882170	05003090
01882814	00284409
01882814	09349648
01882814	09409203
01883344	00331655
01883716	00429322
01883716	00511817
01883716	00523513
01883716	10538154
01884383	00335988
01884383	01888264
01884577	00348008
01884577	02833576
01884577	04435870
01884577	05069199
01884577	09213828
01884974	00331655
01884974	00348008
01884974	04596630
01884974	07364700
01885239	07348545
01885845	01935395
01885845	09976119
01886334	00556142
01886728	00328502
01886756	01830946
01887020	04574999
01887020	07441619
01887076	01128193
01887474	01318053
01887576	00328502
01887576	03439814
01888295	00059376
01888295	00329031
01888295	01051082
01888511	10498046
01888784	07428954
01888784	07429484
01888946	00348801
01888946	07520112
01889074	00315383
01889129	10498046
01889129	14004572
01889610	00347652
01889610	04183329
01890626	01754876
01890626	07391240
01890792	00345817
01890792	00575083
01890792	04625515
01891249	14004572
01891817	00115500
01891817	00335988
01891817	14361664
01892104	00120202
01892104	07350192
01892104	07350401
01892104	07350567
01892104	07409475
01892608	07350401
01892849	07409475
01892953	04889527
01893771	07379223
01893771	07381423
01893988	00331655
01894520	00575365
01894649	09989502
01894649	09990415
01894758	00406963
01895630	02876088
01895757	04391276
01895757	10691148
01896031	00094312
01896031	01392080
01896031	01680132
01896295	00539121
01896478	00794079
01896478	01759326
01896478	01789514
01896484	00526412
01897667	02615079
01897885	00527498
01898129	05615500
01898282	00349705
01898282	01935395
01898282	02200509
01898592	00347652
01898893	00539951
01899360	04894037
01899708	00334356
01899708	01314910
01899891	00334356
01899891	00348571
01900150	00212173
01900408	07317519
01900408	10667041
01900488	02884456
01901133	00289388
01901289	00348571
01901289	01063350
01901447	00294190
01901447	02388276
01901447	02439568
01901783	00346095
01901783	07345593
01901783	07349532
01901783	07352048
01901783	07439284
01902405	00556142
01902783	11447851
01902783	11465017
01902877	01264148
01903385	07411851
01903617	01323599
01903756	07348545
01903756	07440240
01903756	07444495
01903935	07402147
01904120	00057306
01904182	00197744
01904293	00442115
01904293	00443231
01904293	03364340
01904293	09281777
01904293	11527967
01904845	13990064
01904930	00283568
01904930	00284798
01904930	04544979
01904930	05003090
01904930	10412055
01905653	14486767
01906322	05563266
01906322	10412055
01906749	01383646
01906823	00283568
01907258	07351612
01908039	14487184
01909679	00335814
01909812	07351612
01909978	00348312
01910373	00867357
01910965	00284101
01911339	00295172
01911698	00284101
01911888	09976119
01911888	09976917
01911888	10486679
01912159	00296946
01912159	00313245
01912159	03137228
01912159	09387222
01912159	10727016
01912709	00285889
01912709	13757249
01912893	00283568
01912893	00284798
01912893	04544979
01912893	04545471
01912893	05003090
01912893	10412055
01913237	04681387
01913363	00976698
01913707	13534274
01913849	09283623
01914947	00293916
01914947	07460104
01915131	02898711
01915365	00201058
01915365	00309115
01916214	02000954
01916634	00290125
01916634	02378870
01916634	10682038
01916960	00285141
01916960	10611361
01917244	00286756
01917244	10178917
01917549	00292712
01917549	10594408
01917980	00284101
01917980	10553235
01918183	00284101
01918183	10553235
01918184	04754862
01918669	09988703
01918803	00290406
01918803	10022645
01918803	10645854
01918803	10714465
01918803	10762064
01919226	00284101
01919226	04010205
01919391	00290579
01919391	08428019
01919391	10293332
01919711	00285889
01919711	13757249
01919931	07122730
01920048	08428756
01920698	00288970
01920698	10176111
01920932	00288970
01920932	10176111
01921204	00289175
01921204	02440523
01921204	10204921
01921204	10442232
01921204	10442417
01921204	10646942
01921204	10731848
01921772	00325502
01921772	00622068
01921964	00325110
01921964	03126385
01921964	07370410
01921964	09206985
01921964	09929298
01921964	10334957
01921964	13102409
01922763	07515560
01922895	00325785
01922895	10334567
01923414	02377703
01923637	02690270
01924505	08428485
01924505	10293332
01924882	00289388
01924882	00348008
01924882	10645854
01925338	10646942
01925372	14379829
01925694	07366799
01925694	10660729
01925694	13469674
01926031	02769748
01926031	03870672
01926031	09830629
01926031	10304505
01926311	07460104
01926984	00293916
01927447	00558883
01928390	00294190
01928608	00446885
01928730	00288486
01928730	00294190
01928838	00285557
01928838	07383823
01928838	13757249
01929254	00285889
01929254	05058580
01929254	13757249
01929254	15280497
01929467	07398659
01929467	10646942
01930117	00307631
01930117	03242713
01930117	03244388
01930117	03789946
01930117	10334101
01930482	00307631
01930482	03242713
01930482	03244388
01930512	14031108
01930512	14031523
01930738	02958343
01930874	00298497
01930874	00307631
01930874	03242713
01930874	03244388
01930874	10034906
01931768	01142519
01931768	01144876
01931768	07372779
01931768	08482271
01931768	08572467
01931768	08680888
01931768	10151570
01931768	10169796
01931768	10290422
01931768	10741821
01932973	02603699
01932973	13954253
01932973	13955461
01933204	02814860
01933305	00815801
01933305	10433452
01933900	01142519
01933900	02947212
01933900	05250659
01933900	06260121
01934205	03109881
01934205	13872421
01934205	14408951
01934427	08615638
01934440	02625975
01934554	13960117
01935233	07372779
01935233	08482271
01935233	08572467
01935233	08680888
01935395	01885845
01935395	01898282
01935476	00451370
01935476	02834778
01935476	03790512
01935476	03903424
01935476	04574999
01935476	09986189
01935476	10411163
01935846	04509417
01936048	03790512
01936537	04046810
01936537	04463679
01936753	00448466
01936753	10604491
01937222	03558404
01937909	00086077
01938426	00440747
01939174	04235291
01939174	10610333
01939406	03218198
01939811	02860847
01940034	04443433
01940403	00302394
01940403	02151625
01940403	02190166
01940403	04592741
01940403	10096217
01941093	00302394
01941093	00609506
01941093	00815801
01941093	09826204
01941093	10433164
01942234	03595860
01942347	00303495
01942347	03439814
01942959	00303495
01942959	03439814
01943153	04160586
01943406	04783888
01943406	05160574
01943718	00326291
01943718	00364787
01943718	07375525
01944390	01382917
01944692	00315390
01944692	02858304
01944692	09861946
01944976	04309348
01945183	04335435
01945516	00312932
01945516	00313806
01945550	13841213
01945550	13841863
01946138	00330836
01946408	00351334
01946408	04188368
01946996	00445351
01946996	10368920
01947543	02951358
01947543	09891470
01947887	09891470
01948077	00445055
01948077	07344233
01948077	10679054
01948573	10127273
01949007	02930766
01949110	02924116
01949333	08427629
01949674	01106587
01949817	03009111
01949817	09910222
01949966	04045397
01950128	02924116
01950502	02792552
01950502	10261388
01950657	00951037
01950657	04048075
01950657	04048568
01950798	00061290
01950798	02964389
01950798	10590339
01951276	01106272
01951276	02878222
01951276	13326198
01951480	00121166
01952750	04096066
01952750	08616311
01952898	01264050
01952898	10514429
01952898	10526927
01953467	14472624
01953810	03100490
01953810	04473432
01953810	04474035
01954341	01105909
01954341	04490091
01954559	04046810
01954559	04463679
01954852	00651954
01954852	02792552
01955127	06682794
01955127	10017422
01955508	00121645
01955808	00303495
01955808	00303748
01955808	00326291
01955933	02483908
01955984	00307631
01955984	10403876
01956481	01383947
01957529	00299217
01957529	00307631
01957529	10529965
01958452	01252800
01958615	00299217
01958615	00450335
01959294	04767347
01959482	00288486
01960459	01383511
01960656	00737188
01960656	04770211
01960911	00442115
01960911	10683126
01960911	10683349
01961691	02466132
01962671	10019552
01962865	00442981
01962865	10019406
01963130	00444651
01963942	00119568
01963942	00120202
01963942	05086740
01963942	09869171
01964367	00343334
01964367	01018630
01964367	02595662
01964367	07090721
01964367	07099271
01964367	07342049
01965156	00120202
01965156	05086740
01965464	00120202
01965464	00428270
01965806	10746931
01965889	01140315
01966168	00120515
01966168	10746931
01966861	00120010
01966861	00129089
01967104	00511817
01967205	00120515
01967373	07434209
01967792	00277569
01968275	00303849
01968275	03888257
01968275	10397482
01968569	00324384
01968569	07370671
01968569	07445480
01969216	00324384
01969216	07445480
01969601	07375781
01970348	07311661
01970348	07445480
01970826	07363346
01970826	07370270
01972131	00201058
01972298	00076884
01972298	07362386
01972298	10076778
01973125	00327683
01973759	00116376
01973759	07370671
01974062	00116376
01974062	00316594
01974062	03281145
01974062	03664514
01974062	04231693
01974062	05131283
01974062	07348399
01974062	07370671
01974062	09206985
01974062	09366317
01974062	10773394
01975121	04228844
01975387	00629597
01975587	14934031
01975912	05110185
01975912	05110408
01976220	00442847
01976488	00076884
01977080	07434209
01977155	05675905
01977155	05677952
01977545	03256166
01977701	07362386
01978003	04665543
01978003	05673908
01979241	00058002
01979462	00058337
01979462	04194289
01979901	00052500
01981036	00052500
01981036	09334396
01981279	09334396
01981436	00052334
01981436	09334396
01981436	09433442
01981699	00836236
01981699	00988028
01982646	04871002
01982866	00911752
01983264	00324384
01983264	10532576
01983797	04874409
01984119	00076884
01984317	00076884
01984317	07362386
01985247	00617095
01985524	13905572
01985757	13905572
01985923	03246454
01986185	07362218
01986185	09269972
01986367	07361416
01986367	07362218
01987160	01051331
01987160	04110439
01987160	05074774
01988080	05083328
01988080	13910384
01988325	10296176
01988755	11445395
01989053	07361128
01989053	07361416
01989053	07477945
01989669	04861486
01989720	05003273
01989720	10612803
01989873	07363883
01990281	05853449
01990281	07348399
01990281	08660339
01990281	09451517
01990694	00050693
01991472	02472693
01991472	07364115
01991744	13887319
01992251	04167759
01992375	04167759
01992503	00282050
01992503	07445265
01992503	09773076
01993352	00733483
01993352	00770543
01993352	07429976
01993352	10214062
01993926	00282050
01994442	00053913
01994442	00056688
01994442	00057486
01995211	03233905
01995549	00282050
01995549	01017987
01996377	04669247
01996402	00286756
01996735	00290579
01996735	08428019
01997680	07206302
01997862	01067577
01997862	09993252
01998432	00319939
01998432	10100124
01999218	01257145
01999423	07372779
01999423	08482271
01999423	08572467
01999423	09623038
01999798	09623038
01999798	10741821
02000133	01208460
02000288	06787037
02000288	10322391
02000547	10741821
02000868	00319939
02000868	10100124
02000868	10494935
02000954	01916214
02001252	00711523
02001252	10486679
02001461	00320486
02001461	10689104
02001858	00320284
02001858	00320486
02001858	00487874
02001858	05826914
02001858	07883860
02001858	10494935
02001858	10720097
02003601	00452293
02003601	00622584
02003601	02087551
02003601	10193026
02003725	00233335
02003725	00236592
02003725	04639113
02005756	00607780
02005756	00610010
02005756	02701628
02005756	04864515
02005756	05651399
02005778	00073032
02005778	02871963
02005948	00048374
02005948	00048828
02005948	09810166
02006834	00048656
02007417	00019131
02007417	00236581
02007417	00281132
02008066	13653902
02008066	13940456
02008396	00042757
02008396	07333649
02008396	10004539
02009280	02136271
02009280	02183787
02009280	04989657
02009433	00053097
02009433	10004539
02011685	09988703
02011685	09993252
02011810	01778017
02011810	01778568
02011810	06207561
02011865	07302267
02012043	07302267
02012344	00331655
02012344	10724699
02014165	00053097
02014165	00306102
02014165	07333649
02014165	07375635
02014165	10004539
02014553	07371168
02014553	07375635
02015168	00057306
02015598	00053097
02015598	00058519
02015598	03303965
02016523	00049003
02016523	10060175
02017149	10764296
02018524	00049636
02018524	00733483
02018524	01352067
02018524	10213652
02019011	10121952
02019021	04768028
02019021	04991511
02019021	15287830
02019716	07429976
02019716	10214062
02020027	10443170
02020237	00976953
02020237	10293172
02020413	07996412
02020413	14452616
02020590	00048656
02021149	08617963
02021376	08617963
02022162	00048225
02022359	09334396
02022486	09334396
02023107	00147187
02023107	07414922
02023107	08307589
02023396	03581125
02023600	07991364
02023992	03420559
02024143	05115804
02024143	05147586
02024411	05113462
02024508	01231819
02025009	05731779
02025009	07959943
02025009	08274565
02025009	09252970
02025353	08274565
02025829	09992538
02026629	09838370
02026785	05115804
02027003	05113462
02027226	10190871
02027411	07959943
02027612	08182379
02027612	13933841
02028366	08184217
02028366	14005892
02028722	08182379
02028722	08183046
02028722	10171567
02028722	13933841
02028994	00369138
02028994	05088324
02028994	07331759
02028994	07332148
02029492	00988320
02029663	07331400
02030158	00053097
02030158	00386676
02030158	01201021
02030424	00368592
02030424	00369138
02030424	05088324
02030424	07331759
02030424	07332148
02031158	00397953
02031158	00784533
02031622	08215248
02032415	00612652
02032415	01004072
02032634	00146572
02032634	00612114
02032634	07414740
02032934	01231980
02032934	05088804
02033137	00107875
02033137	02829696
02033137	13869327
02033295	01263257
02033295	02829696
02033295	07411350
02033295	08681222
02033295	13867641
02033805	00350380
02034300	00350380
02034671	13869327
02034671	14213328
02034986	02733524
02034986	02734217
02034986	05072663
02034986	05576573
02034986	13874384
02034986	13896100
02034986	14213328
02035425	09213828
02035559	13894434
02035919	00405360
02035919	02830157
02035919	13869327
02035919	13907415
02036339	13864965
02036755	08432345
02037090	04051549
02037090	05068080
02037090	05068461
02037090	05069199
02037090	13889602
02037090	13889843
02037090	13892897
02037272	04827652
02037472	09206985
02037839	09265620
02037989	09206985
02038357	00105624
02038357	00348008
02038357	05069199
02038357	13887509
02039156	00341548
02039544	03256166
02039876	09265620
02040049	14547643
02040054	07344663
02040273	07274425
02040652	05072911
02040652	05073559
02040652	13873502
02040709	07275078
02040709	07275275
02040709	07275489
02041206	07348545
02041206	07370968
02041206	07440240
02041678	01052782
02042067	09230041
02042404	11439031
02042672	04526520
02043190	00368302
02043190	06253371
02043190	07250339
02043665	01101753
02043665	07250339
02043898	05070453
02043982	04137444
02043982	07440979
02043982	08612049
02043982	08612340
02044278	03032811
02044866	13887509
02045043	00342028
02045043	07440979
02045790	00342028
02045790	02939919
02046572	03951971
02046755	00342755
02046755	04278605
02046755	04578708
02046755	07440979
02046755	13878112
02047148	04454240
02047263	02995998
02047263	13445296
02047650	07432973
02047650	07433145
02047650	07442068
02047650	13878112
02047807	05070849
02047807	13864763
02047807	13887509
02048051	00343249
02048051	09843824
02048051	13878112
02048891	00340989
02048891	00342755
02048891	00343249
02048891	07442068
02048891	10435988
02048891	13878112
02049190	00342755
02049190	03065424
02049190	13875970
02049190	13876371
02049696	00340192
02049696	07310642
02051270	15287830
02051694	10404672
02052675	07342495
02053818	04855138
02053941	00280853
02053941	07310507
02054382	00281462
02054989	00944449
02055649	00330160
02055649	00555648
02055649	05058140
02055649	15282696
02055975	00330160
02055975	05058140
02056971	00307631
02056971	03242713
02056971	10034906
02057656	00307631
02057656	03242713
02057656	03244388
02058191	00555138
02058590	09993252
02058756	09993252
02058794	14541044
02058994	00330160
02058994	00555648
02058994	15282696
02059462	00555648
02059462	10502576
02059916	09993252
02060141	00367976
02060141	00368592
02060141	05088324
02060141	07445896
02061069	00865471
02061069	06879056
02061495	00294452
02061495	00334356
02061495	00555983
02061495	03556811
02061495	03791053
02061495	04149374
02061495	04562122
02062209	02689973
02062212	00103834
02062212	00105479
02062212	00290276
02062212	00334935
02062212	01173965
02062212	10495756
02062430	02689973
02062632	00336654
02062632	07274425
02062632	10659762
02062670	04742535
02062744	01141938
02063018	00335384
02063771	09614047
02063771	09800631
02063771	10684827
02063988	10190745
02064131	07961480
02064131	08182716
02064131	08184600
02064131	13774404
02064358	01258161
02064745	02666239
02064745	04748836
02064887	00350380
02065085	00350380
02066304	00310201
02066304	07939159
02066304	10660729
02066510	00329227
02066510	07407970
02066510	14005892
02066939	00329227
02066939	07405893
02066939	07407777
02066939	08681222
02066939	09415938
02066939	15277730
02067540	09387222
02067689	00329227
02067689	13482330
02067689	15277730
02067889	07407272
02067889	14856263
02068413	03471030
02068413	04287153
02068413	04287351
02068413	07436100
02068413	07439570
02068745	00835501
02069888	00329619
02070466	00329227
02070466	07406765
02070466	09448361
02070679	14005892
02070874	07432559
02071142	07432559
02071457	00396029
02071457	03231912
02071627	13506587
02071627	13534274
02071627	14997888
02071974	07432119
02072159	00329819
02072159	00914343
02072159	07407272
02072394	09288635
02072501	13649791
02072849	15271417
02073233	00059989
02073714	00055633
02073714	00204943
02073714	09755241
02074092	14395018
02074377	00059127
02074377	00149262
02074677	00060201
02074677	00173283
02075049	10115082
02075462	00058743
02075462	10115082
02076196	01143498
02076999	00116687
02077148	00946499
02077656	03100897
02077656	09962789
02078294	00328015
02079029	06777164
02079525	04493505
02079525	05246511
02079933	00121366
02079933	00318735
02079933	00557813
02079933	03088707
02079933	06251781
02079933	06259898
02079933	06260121
02079933	11501230
02079933	11512818
02079933	14821043
02080577	02671880
02080577	04792127
02081178	08663354
02081946	01353226
02081946	13894434
02082527	00310666
02082690	00367976
02082690	00369138
02082690	02903204
02082690	05088324
02082690	07445896
02083087	14854847
02083087	14863521
02083237	14702703
02083615	10557854
02084104	00932624
02084252	00555138
02084732	01047745
02084861	01429663
02085320	09223725
02085449	07525555
02085573	11512992
02085742	00052146
02085742	03216828
02085742	10655169
02087156	00052334
02087156	09334396
02087551	02003601
02087745	00571609
02087745	01173660
02088627	07380144
02089420	04500060
02089632	00335653
02089984	07351612
02090990	00328502
02091165	00285889
02091165	13757249
02091165	15280497
02091410	00285557
02091410	00285889
02091410	06645039
02091410	13757249
02091574	08149781
02091689	00285557
02091689	13757249
02091885	00285557
02091885	07383823
02092309	00293916
02092476	08643015
02093610	07439284
02094569	00113726
02094569	11498203
02094788	00120010
02095311	04777098
02097047	00076884
02098325	04834605
02098458	13875970
02099019	01085937
02099029	01433809
02099774	13949576
02100176	07376257
02100632	02855089
02100632	03271574
02100632	11465017
02100709	10227266
02101046	02855089
02101046	03271574
02102002	00295701
02102002	09629752
02102398	00307631
02102484	05652926
02103481	02106006
02103481	02155248
02103481	05019661
02103481	05652926
02105990	00589309
02105990	04842993
02105990	07512465
02106006	00876874
02106006	02102484
02106006	02103481
02106006	03180969
02106006	04946553
02106006	05651971
02106006	05712076
02106006	05721500
02106506	00876874
02106506	02868326
02106506	05805902
02106506	09626589
02106761	04844024
02107248	04060647
02107248	05299178
02107588	05776212
02107588	06750154
02107588	10020031
02107817	05777830
02107817	10395209
02108026	05984584
02108026	07285403
02108665	05651971
02109818	00219575
02109818	07355491
02109818	11444117
02109818	13962498
02109818	15143276
02110220	05758059
02110220	07285403
02110552	14526182
02112029	05043973
02112546	00662972
02112546	05044387
02112546	11485367
02112546	14204586
02112891	13428159
02112891	14841267
02114924	13463255
02115324	02724207
02115430	07510625
02115430	10613996
02116118	02309341
02116118	05827684
02116118	07514345
02116118	14037011
02116568	00866606
02116777	00866606
02117170	00855169
02117232	00487748
02117232	14616939
02117333	07528470
02117649	05896733
02117649	14377617
02118379	04646548
02118476	01286799
02118476	05703429
02118476	06646243
02118476	10363445
02118933	00879759
02118933	05703429
02118933	05818741
02118933	09626589
02119659	04683002
02119659	14333136
02119874	00125126
02119874	05723563
02119874	10563711
02119874	14286549
02120140	00144445
02120140	05723417
02120451	01174988
02120451	02465693
02120451	14325437
02120451	14332085
02120458	00513401
02120458	04648207
02120715	12392070
02121048	14325437
02121188	05723563
02121188	14180327
02121511	07495327
02121511	10595647
02121511	14285662
02121511	14322699
02121511	14324274
02122164	07496463
02122164	14322699
02122164	14323683
02122164	14331873
02122580	01881180
02122665	07401726
02122983	05722868
02122983	07520112
02123298	05722868
02123314	04646548
02123314	04647478
02123424	01174988
02123424	02465693
02123424	05725269
02123424	14332085
02123672	00882961
02123672	04980008
02123672	05658603
02123672	05713737
02123812	05150129
02124106	05714894
02124332	05713737
02124748	00882961
02124748	04980008
02124748	05713737
02125032	00883139
02125032	10616670
02125223	04980008
02125223	05598147
02125223	05658826
02125223	05714161
02125409	01053920
02125409	02648639
02125409	02650552
02125409	10523519
02125641	04980008
02125641	05713737
02125641	05714161
02125641	05714466
02126382	03916031
02126382	03916470
02126382	04980008
02126382	05714466
02126686	05714745
02126686	14873951
02126686	14918994
02126863	03176594
02127100	11508092
02127358	05655119
02127358	05722427
02127358	07409592
02127613	04946553
02128066	00043195
02128066	07214432
02128286	10786033
02128286	10786517
02128653	00879759
02128653	00880662
02128653	10633450
02128873	10090498
02129289	05656537
02129289	05710860
02129289	10576071
02130160	09626589
02130300	06208751
02130524	00877127
02130524	10633450
02131072	07487695
02131072	07489059
02131279	00635850
02131279	10067968
02132745	00878456
02132745	00878648
02132745	10648909
02133297	09818343
02133435	04674715
02133435	05939432
02133435	14526182
02134350	14526182
02135048	04981139
02135048	05718254
02135048	07371293
02135048	11480930
02135389	00844254
02136271	02009280
02136271	04069276
02137538	02727281
02137538	07489059
02137710	00522537
02137806	14038264
02137907	03313602
02137907	08510666
02138611	10070942
02138611	15247110
02138659	04677514
02139883	06888345
02140033	00521209
02140033	00522537
02140781	00344040
02141973	04789274
02141973	06889330
02141973	06890846
02141973	10070711
02142775	00344421
02142775	05079866
02142775	05081300
02142775	09813219
02142775	10324560
02143539	00941974
02143539	03302121
02143539	08550076
02144243	06447897
02144644	13913566
02144835	14416089
02145543	01074694
02146790	01048912
02147109	00828082
02147109	01049685
02147109	04151940
02147603	01049475
02147603	01049685
02147824	00752431
02147962	03320519
02147962	08253450
02148109	01241594
02148369	01049685
02148369	01050187
02148788	00520257
02148788	00521209
02148788	00521562
02148788	06619065
02148788	06888345
02148788	06891022
02148788	07167415
02148788	10003120
02148788	10070563
02149302	06709692
02149302	14574846
02149899	13641534
02150039	00141396
02150510	00880662
02150510	10633450
02150948	00880662
02150948	00881649
02150948	02517169
02150948	05933246
02150948	08560952
02150948	10633450
02151625	01940403
02151700	10633450
02151966	00881545
02151966	03688943
02151966	08597176
02151966	10271216
02151966	10770059
02152212	01602318
02152212	02743020
02152278	06598746
02152504	04142549
02152812	06598445
02152881	01203500
02153023	06256229
02153387	00635850
02153387	00878052
02153387	10565302
02153709	00945401
02153709	10567401
02153709	10575787
02154312	00151087
02154312	10090498
02154312	10271216
02154508	00043195
02154508	00151087
02154508	00151497
02154508	00635205
02154508	01002956
02154508	03180969
02154508	03181293
02154508	05703429
02154508	05808218
02154508	05818741
02154508	07214432
02154508	09279458
02154508	09626589
02154508	10090498
02155248	02103481
02155248	05651971
02155493	05820620
02155493	07308889
02155799	05820620
02155799	07308889
02156063	13773361
02156532	01306654
02156532	01456771
02156546	00230172
02156546	10746346
02157100	00912960
02157100	07006951
02157100	10480018
02157399	14554011
02157399	14555214
02157557	01556178
02157731	05684561
02157731	14521648
02158066	01556178
02158587	01049266
02158587	03206718
02158896	01049266
02158896	02944579
02159427	10151570
02159427	10562749
02159741	05684003
02159890	02852173
02159890	04953186
02159890	07262704
02159890	07411645
02159890	09464486
02160177	07412310
02160433	02814860
02160552	04953954
02161432	05168261
02161432	05169813
02161530	04954534
02161922	00375625
02161922	04703235
02161922	11455695
02162672	04952570
02162947	04952944
02162947	07412310
02163183	04173698
02163301	01135529
02163301	03781787
02163301	10478960
02163301	10676877
02163746	00880269
02163746	00881649
02163746	05623818
02163746	05654362
02164402	14436438
02164825	05785508
02165146	00878221
02165146	10761326
02165304	00877625
02165304	00878221
02165754	00292386
02166460	00644503
02166460	05784831
02166460	05822746
02166460	07138915
02167052	05311054
02167052	05316025
02167052	05614476
02167571	00984609
02167571	00985106
02167571	10562749
02167571	10562968
02168555	04593629
02169119	05637106
02169119	05683390
02169352	00879759
02169352	05703429
02169352	05818741
02169352	06767035
02169702	00173764
02169702	05657718
02169891	00882159
02169891	10165448
02170427	00163592
02170427	01194483
02170427	05650579
02170427	05702275
02170427	05704096
02170427	10165448
02170861	05700401
02171039	00882159
02171039	10165448
02171664	04292733
02171664	07381864
02171664	07393161
02171664	07395623
02172127	07379963
02172888	07387509
02173336	07393161
02173513	07394814
02174115	00076393
02174115	07380144
02174311	07380144
02174461	07380144
02174662	07377682
02174830	07086518
02174830	10036929
02175057	07391240
02175578	04555897
02175578	07376937
02175578	07397761
02175578	07397955
02175958	04080454
02175958	04988258
02175958	04989657
02176178	04766275
02176268	04981139
02176268	06278136
02176268	07371293
02176268	11480930
02177976	07384741
02178866	07386370
02178866	07389569
02179154	03110669
02179279	04867130
02179518	04981139
02179518	05718254
02179518	07371293
02179518	11480930
02180152	03017168
02180529	04981139
02180529	05718254
02180529	06278136
02180529	07111047
02180529	07371293
02180529	11480930
02180898	07389330
02180898	07391863
02181402	07389330
02181538	07391863
02181973	07377244
02181973	10714851
02182109	03222516
02182109	07378234
02182342	03017168
02182479	07376257
02182479	07377473
02182851	00344699
02182851	03125352
02182851	07394236
02183024	03345115
02183024	07381423
02183175	02823124
02183175	03622058
02183175	07377082
02183175	07398276
02183175	10183556
02183787	02009280
02183787	04989657
02183787	05010801
02184610	07396945
02184797	07396945
02184965	07396945
02185373	00125436
02185373	07386370
02185373	07388987
02185373	07396658
02185373	07410021
02185664	07379223
02185664	07397761
02185988	07390400
02186360	07394814
02186506	07379223
02186506	07398097
02186690	07379223
02186868	07395104
02187510	07377473
02187510	07377682
02187693	03345115
02187693	07376257
02187922	03241335
02187922	07344663
02187922	07384741
02187922	09229709
02188587	07399917
02188587	07400361
02188848	00654400
02188848	02912440
02188848	10691318
02189714	10042690
02190166	01940403
02190188	04982207
02190188	04982478
02190943	03410740
02191311	03161450
02191311	03802973
02191311	04218564
02191546	00882702
02191546	05658226
02191546	05715283
02191766	05715864
02192225	07823951
02192383	14894140
02192570	04992570
02192570	04993108
02192570	07812184
02192818	07814925
02192992	00882702
02192992	05658226
02192992	05715283
02192992	10692482
02193194	00581812
02193194	05710210
02193612	05782884
02193765	05748054
02193974	00841901
02193974	05715864
02194286	00882702
02194286	05658226
02194286	05715283
02194286	05715864
02194495	00882702
02194495	05658226
02194495	05715283
02194495	05715864
02195191	03283519
02195191	07504111
02195191	14359952
02195470	07858595
02195951	07859284
02196081	07815588
02196214	05717342
02196214	07813107
02196690	04993882
02196690	05716744
02196690	14599641
02196690	14607521
02197360	00062133
02198014	07389330
02198423	02854156
02199590	00090779
02199590	01086081
02199590	10025730
02200509	01898282
02200686	00090779
02200686	01086081
02200686	10025730
02200686	13265011
02201268	13265425
02201268	13271320
02201521	09850121
02201521	13248087
02202133	10712573
02202133	13298701
02202384	00810598
02202928	09984298
02202928	10229498
02203362	10529231
02203362	13244109
02204242	10329337
02204242	14444114
02204242	14444326
02204692	00809465
02204692	10388924
02204692	10389398
02204692	10529231
02207206	00079018
02207206	00081572
02207206	09885145
02207206	13253612
02207206	13253751
02207890	00079212
02208265	00041899
02208537	01111375
02208537	06522501
02208537	06523132
02208537	10700201
02208537	13295657
02208537	15274863
02208903	06523132
02208903	10255096
02208903	10520804
02208903	13248393
02208903	13295657
02208903	15274863
02209261	13248928
02209745	10670483
02209745	13260190
02210119	09627906
02210855	00041899
02210855	00077419
02210855	05752544
02210855	08419163
02210855	08419562
02210855	09764201
02212825	07205573
02212825	10003283
02213074	00205649
02213074	10003283
02213690	10785695
02214485	13368052
02215001	00361192
02215001	00689673
02215001	10785695
02215506	13358549
02215506	13365698
02215966	08070850
02216083	08070850
02216710	00087423
02216710	10670885
02216710	13385583
02217011	00087423
02217011	13385583
02217266	01098698
02217266	01134037
02217266	06150633
02217695	01213886
02217695	13365698
02218173	09936362
02218635	13358549
02218759	03082979
02219094	01215902
02219094	13365286
02219094	13365698
02219940	10407954
02219940	10466198
02220461	01107932
02220461	10724699
02221454	01108402
02222318	00043609
02222318	00091234
02222318	00105164
02222318	09267490
02223238	14857497
02223238	14857897
02223479	14856263
02224055	00391599
02225204	08560027
02225492	10553627
02225492	14515463
02225911	04384406
02226013	00102927
02226013	03789946
02226172	00102927
02226172	03789946
02226380	03899768
02227487	00212808
02227487	07254594
02227487	07254836
02227741	00204439
02228031	00091013
02228698	01083645
02228698	01085098
02229055	06544142
02230056	00372013
02230772	00318035
02230772	05564590
02230990	04948722
02230990	04949066
02231473	00560529
02231473	10404242
02231661	07360647
02231661	09469285
02232190	00201671
02232190	00315986
02232190	10724699
02234087	00164579
02234087	01083645
02234087	13289467
02234551	01084180
02234781	00329031
02234781	04947628
02234988	01084932
02234988	13286099
02235229	00213052
02235229	00213343
02235229	10679998
02235842	06685198
02236124	00180413
02236842	04947186
02237024	01059719
02237024	14875077
02237338	00203342
02237338	00205349
02237338	06634095
02237338	06634239
02237631	14436875
02238462	04948241
02240881	10575787
02241107	00784388
02241107	00788097
02241107	09955015
02241107	13307901
02241767	09858299
02242049	07902520
02242049	09866922
02242464	01113068
02242464	01115162
02242464	10577284
02243461	13810818
02243567	00335988
02243567	00348008
02243567	00867357
02243567	07338681
02244603	01119620
02244773	00092366
02244773	09608377
02244956	00079398
02244956	01091905
02244956	01106808
02244956	01110274
02244956	01113068
02244956	01115162
02244956	08063446
02244956	10474446
02244956	10577284
02244956	10720453
02245403	04948241
02245555	10495555
02245765	01106808
02245993	01110274
02245993	08063446
02245993	10721470
02246456	01085337
02246456	07956887
02246686	01085337
02246686	07956887
02247028	10525436
02247977	00045907
02247977	00089351
02247977	10522759
02248465	00043195
02248465	07414922
02248465	10090498
02248808	02671224
02249741	00259643
02249741	01121855
02249741	10409752
02249741	13279262
02249741	13282007
02249741	13282550
02250625	00095329
02250625	00259643
02250625	00259894
02250625	13282550
02250625	13290676
02251743	01120448
02251743	10409634
02251743	10409752
02251743	13278375
02251743	13279262
02252931	01120448
02252931	13278375
02252931	13279262
02253154	01120448
02253154	13278375
02253456	00259643
02253456	10409634
02253456	10409752
02253456	13279262
02253456	13282550
02253766	09999532
02253766	13300141
02254258	00228535
02255268	01086572
02255268	05176477
02255462	05176477
02255462	10143725
02255942	10143595
02255942	13254237
02256109	02500884
02256109	13370448
02256354	13386614
02256998	10513623
02257370	00040152
02257370	01109467
02257767	00196485
02257767	00197772
02257767	05696425
02257767	07443761
02258291	00883611
02258600	04656748
02258617	00623670
02258617	05696425
02258617	07443761
02258617	10648237
02258617	10671042
02259005	00196084
02259005	01109687
02259005	07443761
02259241	01109687
02259547	07150138
02259547	10190516
02259829	07149836
02259829	09839167
02260085	01091905
02260085	01109687
02260362	01091905
02260362	01110274
02260362	01113068
02260362	03748886
02260362	10309896
02260362	10720453
02260770	01113867
02260770	10577284
02261123	01113867
02261386	04937043
02261386	14480420
02261464	08069878
02261888	06696483
02262139	06471345
02262139	13416345
02262278	10143595
02262278	13266892
02262542	04733204
02262542	14481080
02262542	14877585
02262601	10414612
02262601	13384164
02262752	13268842
02263027	01089778
02263027	13270038
02263346	01086356
02263788	13774404
02263982	09304750
02263982	09305031
02264179	00212065
02264179	07454758
02264179	09786338
02264397	00212065
02264397	07454758
02264397	09786338
02264752	09976728
02265231	00618734
02265231	00868910
02265231	05662532
02265231	05802185
02265231	06516955
02265231	09761403
02265231	13354985
02265231	13405962
02265979	13359572
02267060	00933154
02267060	01122149
02267060	01122601
02267060	10635275
02267060	13275288
02267529	01122149
02267529	10635460
02267989	15141486
02268351	00742645
02268351	04894964
02268351	10479561
02268351	10769459
02269003	00510475
02269143	00192613
02269143	05644727
02269143	10044470
02269767	00192910
02269894	00945916
02269894	10330189
02270165	10330189
02270404	10197967
02270404	10252674
02270404	10330189
02270815	07187996
02271137	01099436
02271137	01239868
02271137	10216106
02271137	13333237
02271544	04880573
02272090	10634075
02272090	13342692
02272549	00088481
02272549	00089027
02272549	09802641
02273293	00085219
02273293	00085678
02273293	00086297
02273293	00087218
02273293	06554981
02273326	14546844
02274253	14560360
02274299	00789534
02274299	00789906
02274482	00082870
02274482	00085432
02274482	00085678
02274482	01145015
02274482	09810364
02274482	10742546
02275152	00777324
02275365	06729864
02275365	09810364
02275365	09925592
02276088	00519363
02276088	04733347
02276088	13471681
02276866	00781355
02276866	09866661
02276866	10616204
02277279	00519363
02277303	00781480
02277303	09866661
02277448	00781912
02277897	00750405
02277897	10437262
02278061	00750405
02278061	07277158
02278061	10437262
02278830	13258362
02278939	04631700
02279772	00951626
02280132	00819024
02280132	00819274
02280132	07419599
02280869	00356621
02280869	10551751
02281093	00811355
02281093	13367070
02281325	04636610
02281485	07556637
02282082	04388743
02282365	00372607
02282365	04551055
02282365	10767519
02282506	00811355
02282506	04329190
02283324	00810598
02284096	09874260
02284951	01121690
02284951	13282161
02284951	13299651
02285392	00372977
02285392	04321534
02285392	08462205
02285392	13368052
02285629	00043195
02285629	10090498
02286027	02584915
02286204	00027167
02286204	00155487
02286294	07130341
02286687	00043195
02286687	07214432
02287041	01016201
02288295	09762821
02288295	10117511
02288295	10782791
02288295	13259917
02288656	00754280
02289295	10041887
02289295	10117511
02290196	13279262
02290461	05142641
02290461	05157574
02290461	10117511
02290956	05142641
02290956	10191613
02290998	04738641
02291434	13256691
02291548	13258362
02291708	00914632
02291708	04612722
02291708	13279262
02291708	13758745
02292535	00735832
02292535	00776732
02292535	10051337
02293321	00213186
02293321	01108753
02293321	10001058
02293856	14417697
02294179	01084637
02294179	01085098
02294179	01085793
02294179	10401639
02294436	01083077
02294436	01083504
02294436	01083645
02294436	01084637
02294436	03210683
02294436	03213014
02294436	09784707
02294436	10017794
02294436	13285714
02295208	01085098
02295208	10401639
02295208	13285176
02296153	06252954
02296153	06685198
02296726	07185076
02296984	06791372
02297142	07162680
02297142	07185076
02297409	13951444
02297409	14449405
02297742	07185076
02297948	07185076
02298160	01097292
02298160	10577284
02298471	00082081
02298471	01113068
02298632	07164546
02298632	07165086
02299269	10441694
02299269	10670310
02300060	06737112
02300060	09853184
02300060	09888832
02300549	06737394
02301502	01122149
02301502	10635275
02301502	13275495
02301825	00082870
02302817	01116968
02302817	07248653
02302817	08624656
02302817	10411551
02302817	10495555
02302817	10577284
02302817	10720453
02303331	00205891
02303331	00213694
02303331	13300922
02303331	13301174
02303761	15271417
02304648	00138956
02304982	00372013
02304982	01014066
02304982	01014731
02304982	06593099
02304982	07951464
02305586	01016201
02305856	02934888
02305856	10178611
02305856	13366912
02306087	02822865
02306462	01127623
02306462	13308864
02307547	13261916
02307547	13308999
02308214	01814396
02308214	04166553
02308552	09815076
02308741	00090779
02308741	00787465
02308741	01086081
02308741	01089778
02308741	10670310
02309008	00378985
02309008	07373803
02309341	00022686
02309341	00503164
02309341	02116118
02310007	00089351
02310482	00089351
02310855	02787772
02310855	08420278
02310855	13381145
02311260	13381734
02311387	01262713
02311387	10032342
02311387	10032524
02311544	05074218
02312478	07280072
02313250	01150200
02314275	01150200
02314275	06540863
02314275	14493426
02314658	01194331
02315277	10384392
02315525	10168584
02316304	00212808
02316304	00213694
02316304	06552814
02316304	07254836
02316649	00213052
02316649	07176243
02317661	01150467
02317970	01150467
02317970	09847010
02317970	10409011
02317970	14493716
02318165	14478433
02319050	13307784
02319129	04853948
02319428	00362103
02319428	03206405
02320374	06516955
02320374	07190941
02320374	13306870
02321046	07190941
02321046	13306870
02321046	13400798
02321391	00781685
02321757	00780889
02322230	00780889
02322230	10616204
02322596	10194566
02322596	10663315
02323059	10658304
02323059	13367070
02323286	04321534
02323286	10658304
02323286	13367070
02323870	06347588
02324045	01142761
02324182	10254392
02324397	05040275
02324478	02679415
02325558	00227595
02325968	00081836
02325968	04202417
02325968	10592397
02326198	03461385
02326355	00081836
02326355	04202417
02326355	09877587
02326355	10592397
02326695	04863074
02327200	01057200
02327200	10677271
02327200	13777344
02329292	05246511
02329401	01445597
02329578	08101410
02329733	13367070
02330247	04314914
02330407	04046590
02330407	04047401
02330583	03454536
02330742	13354420
02330967	06497459
02331175	03933529
02331262	14474052
02331326	02686379
02331919	00951037
02331919	04048075
02331919	04048568
02332311	06347588
02332445	06344461
02332445	10163723
02332999	07556637
02332999	10681557
02332999	10753182
02333225	14452294
02333358	03508101
02333358	05016171
02333358	05725527
02333358	11466043
02333689	00027167
02333689	00586262
02333689	01051331
02333689	05075602
02333689	08513718
02333689	08651247
02333979	04161358
02333979	04161981
02333979	08647616
02334302	04161981
02334302	08647616
02334595	04051549
02334756	04566257
02334867	02738031
02334867	04565375
02335363	10132145
02335363	14881303
02335629	00911572
02335629	02811936
02335629	03130340
02335828	02669789
02335828	05112609
02335828	13580415
02336015	02947212
02336449	05113133
02336483	03405265
02336483	03405725
02336684	04234455
02336947	02831724
02336947	08640111
02337066	02818832
02337364	03082979
02337545	09968259
02337667	05716577
02337699	08511241
02337699	08511970
02338386	14875077
02338975	01057200
02338975	10681557
02339413	01157138
02339413	02730568
02339413	03294048
02339413	03619396
02339413	03730153
02339413	03859958
02339413	10387712
02340360	03859958
02340543	03575240
02340736	04471632
02341200	03619396
02341200	03619650
02341266	04728376
02341684	02739668
02342132	02671421
02343056	02787772
02343056	08420278
02343056	09837824
02343374	02787772
02343374	08420278
02343595	00205891
02344060	01121690
02344060	01235137
02344060	13299651
02344381	07295629
02344568	00965895
02344568	00966599
02344568	00966869
02344568	10443170
02345048	00777439
02345048	00965895
02345048	10443170
02345048	13262663
02345272	04730580
02345288	13262663
02345856	10615334
02346136	01111750
02346136	10200531
02346724	00084371
02346895	00180413
02346895	08223263
02347220	02463205
02347637	09909760
02348182	14490110
02348324	01165692
02348568	01165692
02348568	03746574
02348927	00658627
02348927	03540595
02348927	08054417
02349212	04895246
02349212	10516294
02349212	10732314
02349212	13929852
02350175	00395333
02350175	07305760
02351010	05736736
02351010	13303315
02352019	00228535
02353201	06533648
02353537	03151077
02353844	03427296
02354112	01013156
02354112	06491786
02354287	03601638
02354287	13911151
02354536	04594489
02354536	04595855
02354537	00895304
02354537	02556126
02356420	13480848
02356420	14875077
02356567	06688522
02356704	05119837
02356704	13775706
02357072	07199922
02357228	00192613
02357228	04893787
02357228	05644727
02357228	10044470
02357561	04445327
02357561	04445952
02357693	00267349
02357873	10770309
02357873	10770767
02357873	14845743
02358034	05249636
02358034	05612809
02360274	04390977
02360274	10691764
02360448	14530061
02360497	08663860
02361600	03264136
02361600	08565701
02362601	04182708
02362798	04119892
02363128	03497657
02363358	14526764
02364448	01767949
02367032	07254267
02367363	00030358
02367363	00037396
02367363	00165942
02367363	14006945
02368336	04994413
02368336	05716577
02368787	04993882
02369390	05905152
02369633	05059830
02371684	09935434
02371718	05064827
02371718	13898315
02372326	00040152
02372605	01023820
02372605	01184814
02373015	00575741
02373336	00797878
02373336	09606009
02373578	10226556
02373785	00156101
02374451	01184058
02374914	06199142
02374914	07553301
02375131	00431552
02375131	01022008
02375131	01239064
02375131	10495167
02376089	00953559
02376277	04687333
02376429	01022008
02376542	00057895
02377418	06169050
02377651	13845239
02377703	01923414
02377938	07964495
02377938	08236621
02378183	05921123
02378183	07959016
02378870	01916634
02378950	00073032
02378950	00203020
02379198	00205079
02379198	07254594
02379528	00235435
02379528	07325190
02379528	15265518
02379753	00212205
02379753	10525617
02380009	00212205
02380009	10525617
02381397	00236581
02381571	14441825
02381726	00082870
02382087	00548173
02382087	00720565
02382087	01033458
02382204	00075021
02382204	00076114
02382367	06511560
02382367	07254267
02384041	00240938
02384041	07453195
02384275	07453195
02384275	08647945
02384275	10028765
02384275	10203949
02384686	07186148
02384686	07186661
02384686	10150940
02384858	01086103
02384940	07186148
02384940	07186661
02384940	10150940
02385102	05137165
02385153	00067707
02385634	00586262
02385634	09854510
02385813	08237863
02386012	01040646
02386012	01041111
02386012	08227214
02386012	10381214
02386388	07453638
02386675	07453638
02386845	01128984
02387034	00893955
02387034	10722385
02387034	10722575
02387486	00611433
02387486	00883297
02387486	08132637
02387486	10045713
02387486	10665698
02387910	08276720
02387910	15203229
02388143	00702601
02388145	04905842
02388276	01901447
02388403	04811995
02388403	04921900
02388403	14459824
02388764	10625285
02388950	01232412
02388950	10619492
02389220	08683548
02389220	13939353
02389346	00145218
02389927	08075388
02390101	10338094
02390287	08581503
02390470	07453195
02390470	10203949
02390470	10206887
02390949	03138669
02390949	07453638
02391193	00605023
02391193	04429376
02391193	07453638
02391803	00163779
02391803	00165178
02391803	00730247
02391803	01140839
02391803	08402442
02391803	10000787
02392385	01141160
02392600	00795720
02392654	04760296
02392762	05611822
02393086	10724372
02393401	04818284
02393489	00196485
02394068	02643673
02394445	01140839
02394445	10005280
02394445	10005548
02394445	10005721
02394662	00623670
02394662	10005280
02394662	10005548
02394662	10648237
02394662	10671042
02395115	05658226
02395395	00165178
02395395	01140839
02395395	08402442
02395395	10000787
02395406	00058645
02395406	01043231
02395406	01054694
02395406	02615739
02395694	02395406
02395782	00239910
02395782	00243373
02395782	15265518
02396205	00163779
02396205	00164152
02396205	00846462
02396205	02635794
02396205	09607630
02396205	09800964
02396716	00164152
02397266	00164999
02397460	15291498
02397637	00198451
02397637	07251984
02397637	13940456
02398681	09840639
02398854	10271677
02398956	10265070
02399000	01174555
02399331	00198793
02399331	01013434
02399399	04997032
02399424	01174555
02400037	00198631
02400037	07500414
02400378	00644967
02400378	10564224
02400378	13558696
02400760	00181781
02400760	08161068
02401523	10360101
02401809	00206927
02401809	00208797
02402112	14413993
02402409	00215683
02402409	00215838
02402409	00963283
02402409	10527334
02402425	02986348
02402825	00216174
02403537	00229814
02404224	00216723
02405252	00208943
02405390	00197419
02405390	00197610
02405390	00197772
02405390	05696425
02405390	10680153
02405390	10742546
02406585	01010458
02406585	05044822
02406585	10671613
02406585	10671736
02406916	00620752
02406916	00798245
02406916	04836683
02406916	10241300
02407338	00622068
02407338	00788973
02407338	04837425
02407338	10665302
02407987	00575741
02407987	00584367
02408281	00307631
02408281	03242713
02408281	03244388
02408281	10034906
02408965	00044150
02408965	03563967
02409148	00623370
02409148	00948206
02409412	01217859
02409412	09867956
02409412	10053808
02409941	10597234
02410175	05051896
02410855	00584367
02410855	09632518
02412175	10518194
02412440	00058265
02412647	01243674
02412939	10007109
02412939	10554455
02413140	10007109
02413140	10554455
02413480	00575741
02413480	09632518
02413480	09767197
02414473	00799537
02415390	04936403
02415573	10442417
02415831	00582868
02416030	09987696
02416278	00411384
02416278	00619972
02416278	01205156
02416278	09935434
02417301	04936846
02417504	01065441
02417504	10197967
02417504	10612931
02417504	14012667
02418205	05769471
02418205	09993901
02418421	00041188
02418421	00426928
02418421	00511817
02418686	00041188
02418686	00431893
02418686	00511817
02418872	05785508
02419073	14006945
02419773	00620752
02419773	00621476
02419773	00621627
02419773	00795720
02419773	10035809
02419773	10154601
02419773	10241300
02419773	10684630
02419773	10700105
02420232	00453731
02420232	03322099
02420232	10078806
02420430	10506417
02420789	00719705
02420789	03599628
02420789	03599761
02420991	10745332
02421158	04893525
02421158	04893787
02421199	00623545
02421199	10609556
02421374	00095502
02421374	07947958
02421374	10257221
02421374	13996061
02421749	13350976
02422026	00095502
02422026	00216174
02422663	01145359
02422663	10525134
02423762	01147950
02424128	00420712
02424128	10668450
02424128	13996571
02424254	14499594
02424652	01079604
02424652	10379758
02424984	10759331
02425462	00239230
02425462	07452699
02425913	00211110
02425913	00229260
02425913	15267536
02426171	00239230
02426171	07452699
02426395	00229260
02426395	09930464
02426395	15267536
02427103	00237078
02427103	00240184
02427103	08406486
02427103	10107303
02427726	00165298
02427916	01126856
02428487	01067070
02428924	01229938
02428924	01230965
02428924	08310389
02430191	01081456
02430191	08305942
02430580	00384802
02430580	00385501
02430580	14416845
02430580	14421373
02431320	00215314
02431320	00386676
02431320	01201429
02431320	07313814
02431320	10580030
02431971	01135952
02431971	08164585
02431971	09770472
02431971	09770949
02431971	15266265
02432530	00237078
02432530	01008378
02432530	01136519
02432530	04768657
02432530	08164585
02433123	00200768
02433123	01137987
02433381	00200768
02433381	01137987
02433767	01152787
02434238	00237078
02434238	00242583
02434238	08233056
02434238	10383505
02434541	01081456
02434541	08303275
02434541	09761068
02434541	14418822
02435311	13930385
02435634	00976698
02435867	00242583
02435867	08233056
02436140	14500341
02436349	00829378
02436349	01133281
02436349	01134861
02436349	01474513
02437148	04987620
02437148	06863751
02437465	00512522
02437905	00807273
02437905	09963914
02438535	01023820
02438535	13541167
02438861	01134479
02439281	00941140
02439501	10014939
02439568	01901447
02439732	00815320
02439732	01144876
02439732	06651577
02439732	10151570
02440020	10468962
02440244	01256743
02440244	09623038
02440244	10162991
02440523	01921204
02441022	05196375
02441022	05197797
02441022	09780828
02441022	09941383
02441022	09941571
02441022	09941964
02441022	10525134
02442205	01124794
02442737	03494706
02442737	04072551
02443049	01133281
02443049	01135529
02443049	01474513
02443049	09931640
02443049	10014939
02443049	10388732
02443049	10676877
02443424	01104637
02443484	01144550
02443609	00597265
02443609	10467179
02443609	10467395
02443609	10468559
02443609	10468750
02443609	10468962
02443849	00409211
02443849	10378780
02444662	00154233
02444662	01139194
02444662	01139830
02444662	06471345
02444662	06549661
02444662	13994806
02445356	06501141
02445356	06551627
02445509	01106808
02445509	07293180
02445509	07956887
02446164	00583461
02446164	10631941
02446164	10632576
02446504	10749715
02446651	00514871
02446660	09983572
02446819	10211203
02447001	09892831
02447001	10298912
02447542	08060193
02447793	00154233
02447793	06471345
02447793	06687358
02448185	00237078
02448185	01136519
02448185	08008335
02448185	08164585
02448185	08426461
02449011	08236438
02449183	08236438
02449340	04211528
02449847	00373130
02449847	05176188
02450256	01239064
02450256	13924659
02450505	01077350
02450505	01763813
02451113	04905188
02451370	03520811
02451370	05689249
02451912	01073995
02452092	07475870
02452885	01079042
02452885	01763813
02453321	00343700
02453321	01079042
02453692	01226941
02453692	05178715
02453889	01212519
02453889	01213886
02453889	01215168
02453889	02354537
02453889	07248060
02453889	10677713
02454312	05800998
02454312	10451590
02454649	01101753
02454939	08209687
02454939	08329113
02454939	10407552
02455407	00879759
02455407	00880662
02455407	05703429
02455407	05818741
02455407	06767035
02455407	09626589
02456031	00730538
02456031	10150071
02457233	01204419
02457233	01228877
02457233	04913839
02457233	06206800
02457233	07545415
02457233	10524223
02457233	14437552
02457585	01142324
02457825	04915687
02457825	06714976
02458103	00040962
02458747	05800998
02458747	10623354
02458943	08375526
02458943	10268629
02459173	03195485
02459173	03544360
02459173	03545150
02459173	03546340
02459633	03259505
02459633	08078020
02459915	04294879
02460199	01111375
02460199	10252075
02460199	10520804
02460199	13248393
02460199	13295657
02460199	15274863
02460483	10700201
02460483	10700517
02460502	13956488
02460619	06522501
02460619	06523132
02460619	10252075
02460619	10700201
02460619	13295657
02460619	15274863
02461063	00719705
02461063	03599628
02461063	03599761
02461314	00182213
02461314	00183505
02461314	05186306
02461314	10760340
02461723	06756407
02461723	13960464
02462580	00182213
02463205	02347220
02463704	00741478
02463704	10608385
02463990	10564800
02464132	00741272
02464132	10286539
02464342	10608385
02464693	04895246
02464693	05943066
02464693	13929852
02464725	01226941
02464725	07500414
02464866	10597234
02464866	10670668
02465297	06544432
02465414	01186428
02465658	00207434
02465658	14427633
02465693	01445407
02465693	02123424
02466111	04670531
02466132	01961691
02466134	01066542
02466134	04202417
02466134	10407726
02466134	10592397
02466134	10592595
02466496	01068012
02466670	01125693
02466670	01126856
02466670	08163273
02466670	10253995
02467003	00355691
02467203	00355691
02467662	00385791
02467662	00784533
02467662	03894379
02467662	10019888
02467662	10637635
02467662	13286640
02468618	13879320
02468793	09465459
02468793	13583724
02468793	13810323
02468864	00512749
02468965	08674970
02469085	01083645
02469085	08673395
02469274	00377169
02469274	09385137
02469274	09442838
02469443	06399995
02469835	00381680
02470175	01081628
02470175	07990377
02470175	08049401
02470175	09816771
02470175	13930385
02470685	01081456
02470685	08303275
02470685	09761068
02470685	14418822
02471327	00050037
02471327	10059162
02471327	10512201
02471327	10512708
02471690	00050037
02471690	06507041
02471690	10516692
02471690	13412321
02472033	06507041
02472033	13412321
02472223	01011166
02472223	06481320
02472293	01258617
02472293	02743261
02472495	01011425
02472693	00217700
02472693	01578254
02472693	01991472
02472693	04348184
02472693	04348359
02473431	00209546
02473431	07204911
02473688	07475364
02473981	01138670
02474239	05624042
02474239	13265011
02474780	06525588
02475078	03089121
02475261	00731222
02475261	01140471
02475261	09943811
02475922	00731222
02475922	00829378
02475922	00846462
02475922	07169480
02475922	09800964
02475922	09909760
02476870	00382109
02478059	00231567
02478059	01240979
02478059	06185748
02478059	10214390
02478059	10365984
02478059	14455700
02478584	00231887
02478701	01009637
02478936	01009637
02479154	01139000
02479154	05176607
02479154	06687358
02479323	01057200
02479323	01060234
02479323	08055150
02479323	13367593
02479323	13777344
02479990	10018861
02480923	00766234
02480923	04811126
02480923	09977660
02481231	00154689
02481436	01195380
02481436	04810035
02482139	08380340
02482139	10576316
02482425	00220522
02482425	00222248
02482425	01250335
02482425	10231087
02482425	10338707
02483267	01163779
02483908	01955933
02484208	00220522
02484570	10152083
02484570	10593115
02485451	01164874
02485844	08385009
02485844	09992538
02486232	08385009
02486232	09992538
02486932	01230965
02486932	07467846
02486932	08310389
02487573	01233156
02487573	09887850
02487573	10757193
02487718	00062133
02487718	06373747
02487718	07417043
02488834	01036996
02488834	10295819
02489183	13965049
02489456	01036996
02489456	07452074
02489589	01408929
02489748	00516086
02490090	13965049
02490090	13965274
02490430	00389610
02490430	07976936
02490430	07985628
02490634	01201271
02490634	10020366
02490877	00428000
02490877	07449862
02490877	07450651
02491383	00509846
02491383	00510189
02491383	07390945
02491383	10526096
02491383	10769321
02492198	00429048
02492198	09616922
02492362	00426928
02492362	00429048
02492660	01047381
02493030	10757193
02493260	00511041
02493260	00511212
02493260	10536897
02493260	10769321
02493666	06542047
02493666	07255401
02494356	01162376
02494356	03592245
02494356	10149867
02494356	13999206
02494850	00976953
02495038	01146576
02495038	01161635
02495038	13999663
02495387	01146768
02495817	13999206
02495922	05148699
02496036	02936714
02496816	00089027
02496816	09625401
02496816	13996300
02497062	00095502
02497062	00787832
02497062	10257221
02497062	13992514
02497062	13994456
02497062	13996061
02497141	05150588
02497400	00787832
02497400	01247413
02497400	13992514
02497586	01185611
02497586	09800469
02497824	01185611
02497824	03044083
02498320	01218327
02498320	05795460
02498708	04783567
02498716	06558678
02498716	13301328
02498987	13301328
02499312	00207306
02499312	00207761
02499312	10071139
02499629	01160342
02500144	01161017
02500619	10752093
02500619	10752480
02500884	02256109
02500884	05141222
02500902	10729175
02501278	01187810
02501278	01195867
02501278	02603926
02501278	06551784
02501278	08166187
02501278	09769636
02501278	10225219
02501278	10729175
02501738	00206927
02502037	01077881
02502536	00320852
02502536	01248191
02502536	13321495
02502916	00205349
02502916	05790572
02502916	07205573
02503365	10071139
02503803	00206302
02504017	00207434
02504017	00207622
02504017	14427633
02504131	02662297
02504131	04735233
02504562	00156812
02504562	00788097
02504562	01127245
02504562	05194578
02504562	05195362
02504562	10461424
02504562	14451349
02505358	14035298
02505606	02855793
02505716	04769456
02505807	10226556
02506361	00765193
02506361	07520612
02506546	00156812
02506546	01129920
02507464	00623862
02507736	04722715
02507736	05687338
02507736	05830059
02507736	07372565
02507736	14406573
02507736	14446878
02507968	04740173
02508078	07506569
02508078	14440137
02508245	01223488
02508245	06794666
02508245	07232988
02509287	00808182
02509919	00155487
02510337	01146039
02510337	05117660
02510337	05641959
02510446	02566528
02510446	02668523
02510879	05037813
02511424	04422875
02511551	00805034
02511551	00806902
02511551	03450018
02511551	05663671
02511551	05846054
02511551	10517826
02511551	13968547
02512150	08688247
02512305	00065184
02512305	01153548
02512305	10012815
02512808	01013604
02512808	08657249
02512922	01242716
02513268	05155821
02513460	05161614
02513460	14413644
02513740	00745637
02513740	04852750
02513740	14563564
02515080	09977660
02515341	05017458
02515443	10184081
02515934	00733317
02516594	00418025
02516594	00419908
02516594	09758643
02517169	02150948
02517202	00732746
02517202	00735936
02518161	01220984
02518161	04897762
02518161	04910377
02519183	00755673
02519494	05079866
02519555	00552253
02519666	04910377
02519991	00259177
02519991	00259643
02519991	05174653
02519991	13282550
02519991	13290676
02519991	13341756
02520509	00095121
02520509	02940509
02520509	13292787
02520997	05798569
02521410	01177033
02521410	10002760
02521410	10018021
02521816	00290579
02521816	01177703
02521816	08428019
02521816	10002760
02522319	07317764
02522581	09762509
02523275	05042871
02523521	00066901
02523521	07365193
02523784	00066901
02523953	00065575
02524171	09762821
02525044	00065575
02525044	10404426
02525312	00189565
02525312	00558883
02525447	04599396
02526085	00035189
02526085	00062806
02526085	09762821
02526934	06373747
02527085	05125377
02527085	05623628
02527294	06021761
02527431	10089615
02527651	00075618
02527651	00076072
02527651	01134699
02527651	01263018
02527651	09879744
02528380	00066636
02528380	07317764
02528380	07319652
02528380	10273064
02528380	14477877
02528985	00067707
02529284	00066397
02529284	04665813
02530003	07365024
02530167	00786195
02530167	00787218
02530167	10728998
02530861	07544647
02530936	00141027
02531199	00786195
02531199	00788766
02531199	00796886
02531422	04629604
02531625	00636461
02531625	00639975
02531625	00794367
02531625	05787005
02531625	07197021
02531625	10068234
02531625	10728998
02532261	05799581
02532595	00639556
02532595	05798043
02533075	01315581
02533282	05825245
02533313	07544647
02533748	06217103
02533748	08361329
02533907	06217103
02533907	08361329
02534062	00213694
02534492	06371267
02534492	07188685
02534492	10674130
02534492	13931436
02534761	07188685
02534936	10674130
02535093	00319939
02535457	00384933
02535457	00385266
02535716	15271008
02535896	00234423
02536329	00158185
02536557	05194151
02536557	05692910
02536557	10461747
02536557	11414608
02537092	14984973
02537407	00749767
02537407	10206173
02537812	00749991
02537812	10027590
02537960	00586262
02537960	08559508
02538086	01212882
02538086	07545161
02538086	13792183
02538086	13930385
02538365	05700401
02538765	01240210
02538765	06661562
02538765	10213034
02539101	10305192
02539334	00791227
02539334	01128655
02539334	05196582
02539334	10388440
02539334	14442530
02539359	00047745
02539359	00050652
02539359	00052374
02539788	01129532
02539788	04922113
02539788	08101937
02539788	10399491
02539788	13813765
02539788	14425414
02540670	01207609
02540670	09821831
02540670	10583250
02541138	10745332
02541251	08186047
02541302	07950418
02541302	14061805
02541509	14000403
02542280	00696518
02542280	01203676
02542280	04641153
02542795	01167146
02542795	01612053
02542795	04906273
02543181	01179707
02543181	01613463
02543607	01244895
02543874	00233386
02543874	13291189
02544191	00231567
02544348	00796315
02544348	00802238
02544348	00802629
02544348	09606009
02544348	10072708
02544348	10119200
02544348	14541852
02545045	04858785
02545272	00796315
02545272	01117164
02545272	09606009
02545272	13342692
02545272	13343526
02545272	14541852
02545578	14541852
02546075	06696483
02546075	07295629
02546075	10183757
02546075	14436875
02546876	04886881
02547046	06706676
02547225	04873939
02547225	07506569
02547225	14439447
02547586	01207609
02547586	05154908
02547586	09608709
02548247	01141612
02548710	01209220
02548710	10671898
02549211	07251619
02549392	01209220
02549581	00654885
02549847	00654885
02549847	09821831
02550296	00654885
02550516	00555138
02550516	10332385
02550698	00665079
02550698	10366966
02550868	00096343
02550868	00096513
02550868	10522759
02550868	10549510
02550868	13247554
02551144	00093483
02551144	10553805
02551602	00094001
02551602	03109399
02551602	10553805
02551602	11083656
02551832	10553805
02552449	00268557
02552449	10514962
02552449	14424517
02552829	00269018
02553428	01161821
02553697	09953178
02553697	10722385
02554066	00748155
02554066	10485440
02554235	10663315
02554422	01129532
02554422	07251984
02554422	07252206
02554647	07252378
02554922	00249780
02554922	01211019
02554922	01211339
02554922	07251984
02554922	07357388
02554922	10482220
02554922	10677713
02555434	01207609
02555434	05154908
02555434	09608709
02555434	09815790
02556126	01213886
02556126	02354537
02556126	05693919
02556126	09815790
02556126	10407954
02556817	01213886
02556817	01215168
02556817	07180372
02556817	07248060
02556817	10568443
02556817	10670668
02557199	01074498
02557199	01074694
02557199	05689249
02557199	05691376
02557199	10349243
02557199	14507951
02557638	00562935
02558172	00067990
02558172	07518663
02558172	07540866
02558172	10349243
02558172	14477667
02558951	10008716
02559180	04790449
02559199	10008716
02559752	01063697
02559752	01074694
02559752	01076046
02559752	07365849
02559862	04790449
02560164	01127019
02560164	10161867
02560548	05136343
02560767	10046527
02561332	00410247
02561332	00631378
02561332	00949134
02561888	09365863
02561995	09767197
02562585	08076578
02562585	10736394
02563068	05104548
02563327	03017922
02563860	03017922
02564146	14528873
02564986	04644512
02565491	01079042
02565491	09797113
02565687	00745005
02565687	00757080
02565687	10601078
02566015	04645599
02566227	00074790
02566227	09879744
02566227	09930876
02566227	10039391
02566227	10157744
02566528	00745005
02566528	00770270
02566528	01627965
02566528	02510446
02566528	10285762
02567147	00770270
02567147	00770543
02567147	01170813
02567147	13980845
02567422	00734482
02567519	00425090
02567519	00773402
02567519	10507230
02567519	10754281
02567519	14439447
02568065	00733483
02568065	00746232
02568065	00746587
02568392	00849294
02568392	10621514
02568672	00631378
02568672	00947128
02568884	13791389
02568999	00367552
02569130	04890112
02569790	00157957
02569790	07339329
02570267	01073241
02570267	09827683
02570267	10395390
02570684	00785263
02571251	00733483
02571251	10213652
02571511	00781912
02571511	00783063
02571511	00785045
02571511	09880741
02571901	05702726
02571901	05703956
02572119	00418903
02572119	00754280
02572119	00780148
02572119	09955015
02573127	00780148
02573275	00754424
02573275	00783063
02573275	09955015
02573275	09998101
02574072	10773527
02574205	00418903
02574205	10752480
02574205	10752719
02574516	00754424
02574516	09955015
02574516	09998101
02575082	00754767
02575082	05896733
02575082	06758225
02575082	14376855
02575723	00171618
02575723	00752954
02575723	00779248
02575723	06760722
02575723	10022759
02575723	10463714
02576110	10110421
02576349	09921409
02576349	10100761
02576503	09982152
02576921	00750890
02576921	00751145
02576921	00752298
02576921	03318438
02576921	05906554
02576921	06758225
02576921	10076957
02576921	10089615
02576921	10201535
02576921	13960464
02577061	05670972
02577586	00753685
02577586	10463714
02577755	02776205
02577877	02776205
02577877	05695232
02578008	00751398
02578008	01199035
02578235	00754118
02578235	09998101
02578510	00428000
02578510	00516086
02578510	07450651
02578510	07450842
02578510	09902954
02579247	00516086
02579447	00271263
02579447	00272448
02579447	00273319
02579447	00511212
02579447	04850996
02579447	10257647
02579447	10754281
02580577	10485440
02580853	02804772
02581073	05195362
02581073	14451349
02581276	09874260
02581477	01198307
02581477	10484858
02581675	08064523
02581675	09762101
02581900	01198307
02581900	10484858
02582042	01181902
02582042	01182654
02582042	01186810
02582042	06556692
02582042	10672192
02582450	01186810
02582450	10266848
02582615	00625427
02582615	00773235
02582615	10417168
02583139	00962129
02583139	10210137
02583545	01169317
02583545	09773245
02583545	09833997
02583545	10349243
02583780	00962129
02583780	00962722
02583958	00963896
02583958	10342180
02584097	00055315
02584097	00204439
02584097	10006842
02584097	10007109
02584475	10007109
02584475	10539715
02584661	10532058
02584915	01209678
02584915	02286027
02584915	02628337
02584981	04806804
02584981	05138208
02585050	00156625
02585259	00553823
02585360	06689125
02585489	00420477
02585489	10716005
02586121	01769843
02586121	05194043
02586458	07159791
02586619	01124794
02586619	08050678
02586619	10140314
02586619	10541229
02586619	14442933
02586619	15295416
02587084	06663940
02587084	07168131
02587084	10011902
02587895	00178832
02588099	04807776
02588871	09877951
02589013	01140839
02589245	01081628
02589245	08049401
02589245	09945905
02589245	09958724
02589576	00798245
02589576	10515194
02590072	01208597
02590072	05155123
02590340	01252280
02590340	08374049
02590340	09937903
02590910	10787470
02590910	10788852
02590910	10789118
02591736	10213652
02591893	01257701
02591893	10477585
02592111	08227214
02592250	08227214
02592667	00829378
02593001	00753685
02593354	01135795
02593354	10216403
02593354	10478960
02594102	11418138
02594102	14483917
02595523	00633329
02595662	01964367
02595662	07342049
02596381	01064401
02596493	07298154
02597246	07502387
02598143	01229938
02598143	07975026
02598143	08310389
02598211	00232542
02598211	08436759
02598768	09754217
02599004	00740712
02599004	10062996
02599939	08274923
02599939	08280124
02599939	09759069
02600255	10099375
02600490	00158185
02600490	00418903
02600948	00235435
02600948	07325190
02601808	00355691
02601996	00355691
02602212	07515974
02603540	05529286
02603673	05529286
02603699	00043765
02603699	00927017
02603699	01932973
02603926	00698855
02603926	02501278
02607455	06043075
02607455	09559201
02607909	00172710
02607909	09777012
02607909	09777353
02607909	10373801
02607909	14007546
02608004	09368224
02608090	07495551
02608090	14324274
02608176	10352299
02608347	00235435
02608347	07325190
02608347	15265518
02608823	00235435
02608823	07325190
02609764	00210518
02609764	05868477
02609764	06398401
02609764	07291312
02609764	07291794
02609764	08565894
02609764	08566554
02609764	08566707
02609764	14562960
02609764	15266911
02609764	15267536
02610628	00210797
02610628	00211110
02610628	06398401
02610628	15267536
02611002	11410625
02611373	06210363
02611442	06906971
02611442	06908159
02611442	09646432
02611442	09646608
02611630	07201804
02612762	01233397
02612762	09608002
02612762	09821831
02613275	01028655
02613275	09847727
02613487	07185076
02613860	00074624
02614181	00004475
02614181	13961642
02614387	10268299
02614812	00748307
02614945	05131647
02615079	01897667
02615739	02395406
02616542	10544232
02616627	14302261
02616713	13962166
02616713	13962360
02617338	10109662
02617933	05672391
02618149	13962166
02618468	02704949
02618468	02705201
02618877	11553240
02619122	01319001
02619424	10757193
02619839	02707188
02619924	10681194
02619924	13962166
02620587	04933544
02620724	05761918
02621244	05868954
02621395	03081021
02621395	04933544
02621853	03894379
02621853	08679369
02621901	10172080
02622033	13841863
02622234	00145218
02622234	00381680
02622234	03674440
02622234	13911151
02622859	14038482
02622969	14420240
02623529	11665372
02623731	08507558
02623906	00927516
02624263	00240184
02624263	07323922
02624263	07324673
02624806	01047338
02625016	00003553
02625648	09017526
02625648	09690371
02626604	07423365
02627221	14633206
02627221	14798450
02627555	04353803
02627753	06300193
02627934	05892651
02627934	09367203
02627934	09367991
02627934	14449126
02627934	14450691
02628337	02584915
02628337	02715229
02629256	01079042
02629410	02722458
02629793	00525453
02629793	13794034
02630189	05601758
02630189	05849789
02631349	10163723
02631349	10648696
02631594	03771443
02631659	03325769
02631659	06268784
02632353	14449405
02632567	09367991
02632567	10766025
02632567	14449405
02632567	14493426
02633534	06669864
02633534	13946760
02634265	07292694
02634265	11410625
02634265	13941337
02634808	05780885
02634808	05920791
02634808	13860281
02635189	05780885
02635659	07292694
02635659	11410625
02635794	02396205
02635794	02475922
02636132	05780885
02636132	13793504
02636516	00318735
02636811	01768969
02636811	01769347
02636811	01772222
02636921	00766234
02636921	07237758
02636921	07238102
02636921	13793776
02637202	01053617
02637202	01053920
02637380	01771966
02637592	03286383
02637592	13810818
02637592	13811184
02637938	10763725
02638444	10737103
02638845	01212882
02638845	10016103
02639075	09988703
02639075	10270232
02639606	10197967
02640053	10277352
02640440	01063350
02640440	04645943
02640440	05699434
02640440	10603528
02641035	01063350
02641035	10603528
02641035	15271008
02641201	11778534
02641201	11779300
02641298	07525555
02641378	04980008
02641463	10763725
02641463	15272029
02641571	14629149
02641571	14768201
02641957	15272029
02642238	01067362
02642238	01075725
02642238	09988703
02642238	10478626
02642610	05062370
02642634	01767199
02642814	01067192
02642814	06759974
02642814	10478626
02642814	10588724
02643446	00978369
02643446	00978549
02643574	15272029
02643673	02394068
02643872	01258251
02644035	01259034
02644050	00324384
02644050	07311661
02644050	07445480
02644234	05122099
02644234	14442749
02644234	15260964
02644622	00231567
02645007	04353803
02645007	05121418
02645007	05861067
02645007	06807198
02645007	13582013
02645389	06021761
02645597	05028159
02645597	05122099
02645597	05191486
02645839	05169242
02645839	05814291
02646931	00791227
02646931	01128390
02646931	14441825
02646931	14442530
02646931	14442933
02647497	01758339
02647497	04765355
02647497	10721124
02647918	11416722
02648106	11460063
02648106	13423615
02648253	01018366
02648639	00086809
02648639	01053920
02648639	01054335
02648639	02125409
02648639	10523519
02649706	15168790
02649830	01054545
02649830	03259505
02649830	08179879
02649830	09620078
02649830	10268180
02650552	01053920
02650552	03547054
02650552	10523519
02650795	08361001
02650795	13993356
02650840	07942152
02650840	08160276
02650840	08180190
02651014	10126177
02651014	10794014
02651193	01054876
02651424	01054227
02651424	01210816
02651424	02672371
02651424	03195485
02652158	07994331
02652158	10171567
02652494	01054227
02652494	03195485
02652494	03541696
02652494	10269458
02652590	13124654
02652922	01056411
02653159	02839200
02653159	02944826
02653159	03679384
02653159	04031884
02653381	08624196
02653651	07152948
02653651	07153130
02653706	02671421
02653996	01055165
02653996	02944826
02653996	02945161
02653996	04411264
02653996	08518171
02653996	09889941
02654416	01054545
02654442	00432689
02654686	07429976
02654686	07996412
02654686	14452616
02654947	09369169
02655020	00263682
02655180	05549576
02656189	03492250
02656189	08644045
02656218	14210971
02656390	04191595
02656390	04191943
02656390	13313733
02656390	14539960
02656763	03201208
02656763	04105893
02656763	07565259
02656763	09862345
02656763	10269458
02657219	03728811
02657219	04713428
02657741	01348530
02657741	01349735
02658050	04745932
02658283	00141806
02658979	06031248
02658979	06032246
02658979	13841651
02659358	03117939
02659763	00795008
02659763	04930307
02660147	03600977
02660147	13911151
02660164	14932303
02660442	07284554
02660631	05764365
02660651	06139764
02660651	09608520
02660940	06944480
02660940	09011151
02661252	00194969
02661252	00737399
02661252	04802776
02661252	06022291
02661252	07366627
02661252	10341660
02661252	10419047
02661252	11415084
02661574	08578517
02661769	11420139
02662076	14386590
02662076	14503665
02662297	02504131
02662297	05864177
02662297	07337390
02662297	11415084
02662979	04713692
02663340	00154433
02663340	06650431
02665282	04747445
02665803	06037666
02665803	07993109
02666239	01410363
02666239	02064745
02666239	04748836
02666531	03118539
02666691	03118539
02666882	05748786
02666882	13855627
02666943	01322854
02667698	07183000
02667698	13981137
02668393	01254013
02668523	00770543
02668523	02510446
02669081	05092635
02669081	06781878
02669081	09851165
02669081	13940456
02669081	13950440
02669477	13950440
02669789	02335828
02669789	05112609
02669789	13580415
02669789	14492953
02669806	08306959
02669806	09872557
02669806	09872782
02669885	09759311
02669885	09759501
02670186	00173159
02670186	00439343
02670578	13952171
02670683	00173159
02670683	00439343
02670890	05149325
02671224	02248808
02671279	13321495
02671421	01328705
02671421	02342132
02671421	02653706
02671880	00062451
02671880	01072565
02671880	02080577
02671880	09424489
02672187	09626238
02672371	02651424
02672540	00259643
02672540	13291189
02672859	13450636
02672859	13529616
02672886	14788714
02673134	05659365
02673134	13446197
02673134	13897996
02673134	13934900
02673134	14002279
02673139	05218119
02673446	01655116
02673446	01655344
02673965	04728786
02675067	00549472
02675067	09964411
02675320	07054122
02675458	05010801
02675701	09964411
02676054	05922949
02676054	13795180
02676496	05704694
02676496	05812038
02677097	05820170
02677097	13793504
02677332	07238102
02677332	09435965
02677332	13793776
02677332	15237567
02677567	01239064
02677567	13924659
02677861	05307091
02678070	01244593
02678384	01643657
02678438	00582868
02678438	05682950
02678438	05832264
02678438	07524529
02678663	05192451
02678677	02957586
02678677	05317191
02678677	11685179
02678839	04689450
02679012	00065575
02679012	04717139
02679012	04728068
02679012	13948026
02679142	00640828
02679142	00949288
02679415	00205885
02679415	02324478
02679530	01018366
02679530	01216191
02679530	02806261
02679530	05051896
02679530	10740219
02679788	00048129
02679899	10740219
02679899	14578940
02680723	10892564
02680814	01022483
02680814	01056411
02680814	01076046
02680814	07362075
02680814	07365849
02680814	15268239
02681084	00396703
02681084	01462468
02681795	10740219
02682699	13443787
02683419	02981911
02683419	02982232
02683419	04240097
02684924	01017987
02684924	05051896
02685299	00006484
02685299	02991048
02685299	02991302
02685299	08358594
02685390	05127959
02685665	07409592
02685665	08628921
02685951	05123416
02686379	02331326
02687172	01449974
02687191	13444940
02687251	13875970
02687385	09851165
02687385	13940456
02687916	05123416
02688403	05127959
02688623	07702796
02688623	07802417
02688623	12141495
02688794	03561657
02688794	03641706
02689146	03561657
02689299	00367976
02689299	05088324
02689299	07445896
02689730	09409512
02689730	09409752
02689882	04343346
02689882	05731779
02689882	13911872
02689973	02062209
02689973	02062430
02690093	00944449
02690270	01923637
02690429	14805899
02690613	08917503
02690613	09640327
02692335	13482781
02692471	01662274
02692471	01662622
02692686	01257145
02693168	08617963
02693319	08573472
02693319	08626080
02693895	05228496
02694247	05769314
02694247	09493562
02694287	08572467
02694933	00027167
02694933	00155487
02694933	08622950
02695520	04039848
02695895	00155487
02695895	05075602
02695895	08677628
02696129	08614104
02696306	10040344
02696503	04707409
02696503	10129133
02696503	13900422
02696801	05068918
02697120	14541852
02697120	14543231
02697725	05929008
02697950	05849284
02698178	04763293
02698178	05749402
02698443	00933000
02698443	10418302
02698944	05217688
02698944	05217859
02698944	10418101
02699141	05765901
02699141	05840188
02699141	05937524
02699141	06468818
02699141	08111419
02699141	09909060
02700104	00552841
02700104	04713118
02700104	04713332
02700104	13969243
02700867	00318735
02700867	02964634
02700867	03094503
02700867	13779374
02701210	02964634
02701445	04236001
02701445	15273626
02701628	02005756
02701775	07181043
02701962	04161981
02701962	04162998
02701962	08647616
02702120	06210363
02702508	05145118
02702508	13275847
02702807	09466280
02702830	07369604
02702830	10093908
02703432	09800631
02703438	06098195
02703539	08430203
02703790	13903738
02704349	00996969
02704461	06031248
02704461	06032246
02704461	13841651
02704949	02618468
02705201	02618468
02705944	00434077
02706046	05699434
02706046	10603528
02706046	13527965
02706478	07411851
02706605	07385803
02706691	00614489
02706691	06172502
02706816	00695523
02706816	10785869
02707125	07366145
02707188	02619839
02707344	02619839
02707429	00949134
02707429	05579944
02708707	10744164
02708707	15137890
02708711	00643473
02708711	00644583
02708711	00736216
02709367	01304716
02709906	00612652
02709906	01004072
02710043	09987239
02710294	00636574
02710294	00944924
02710402	00146572
02710402	07414740
02710673	08512259
02710673	08512736
02710673	08565701
02710673	13903079
02710673	13903387
02710766	00021065
02711114	03285912
02711114	09273291
02711114	13998576
02711543	04046590
02711543	04047401
02712125	03188979
02712125	13535261
02712243	00410247
02712243	05930736
02712443	01257145
02712443	05047279
02712443	05821486
02712443	07326880
02713097	05578442
02713372	00407090
02713372	01353226
02713594	01329141
02713748	03864356
02713852	11498203
02714139	00974173
02714200	04270891
02714360	13894434
02714731	13894434
02714883	01074252
02714974	07996149
02714974	08184217
02715229	02628337
02715279	00013887
02715279	05115040
02715595	00555325
02715802	01035853
02716165	07284554
02716767	00827782
02716767	08264897
02716767	09945905
02716767	09946278
02717102	00318735
02717362	04123567
02717472	00327824
02717472	04371774
02717701	13905572
02717831	13291189
02718015	13291189
02718543	01170175
02718863	00388392
02718863	00388710
02718863	13887056
02719016	07551498
02719016	10627899
02719399	06196584
02719399	07498854
02720042	08521267
02720201	02832818
02722458	02629410
02722782	14451349
02723016	00554541
02723016	07516997
02723016	13978344
02723016	14036735
02723733	05765901
02723733	05820620
02723733	05937112
02723904	05603650
02723904	13894434
02724126	03047941
02724207	02115324
02724417	00040962
02724417	13844212
02725067	14012667
02725067	14013005
02726017	05573895
02726717	03603958
02726717	10184290
02726884	14030820
02727009	06280816
02727039	05125377
02727039	08000304
02727039	08399586
02727039	08628921
02727462	01053617
02727883	01113068
02727883	01115162
02728142	06536389
02728440	00043683
02728440	00046534
02728440	00047945
02728763	01328513
02728763	01328705
02728784	01091905
02728784	01110274
02729023	08482271
02729023	08572467
02729023	10162991
02729182	09222051
02729632	04746842
02729965	00604617
02729965	10117017
02730265	01363648
02730304	05961867
02730304	05971621
02730471	14526182
02730568	02339413
02731024	01758339
02732827	01390210
02733122	00819024
02733122	10466918
02733187	05395690
02733187	05556943
02733524	02034986
02734192	05436752
02734192	06075527
02734217	02034986
02735066	10166394
02735418	05868477
02735418	05981768
02735418	06398401
02735418	07291312
02735418	07291794
02735418	14562960
02735418	15266911
02735897	01207609
02735897	01208291
02735897	05154908
02736778	00900726
02736778	03173524
02736778	13555446
02737183	01835280
02737183	07362830
02737183	11464143
02737187	04922787
02737187	08101937
02737187	08508105
02737187	10006511
02737187	13813042
02738031	02334867
02738701	02829696
02738701	05072663
02738760	06938493
02738760	09078231
02738760	09079505
02739121	00849768
02739480	01985247
02739578	13492453
02739668	02341684
02739668	09808949
02739861	05953416
02739861	14500567
02740204	10603528
02741149	05623628
02741149	08628921
02741357	00318735
02741960	00251013
02742232	00307631
02742232	03242713
02742232	03244388
02742322	00047945
02742468	01859586
02742638	01169744
02742638	07181043
02742842	00255710
02743020	02152212
02743020	14002279
02743112	15227846
02743112	15228378
02743261	02472293
02743261	04726938
02743343	07323922
02743343	08507558
02743547	02991122
02743547	09812338
02743727	00329227
02743727	07405893
02743727	15277730
02744651	03499142
02744651	05249636
02744651	09379111
02744977	00548326
02744977	00795785
02744977	06892016
02746365	01136614
02747667	00549106
02747667	04675314
02747667	05916739
02747709	01017987
02747709	05051896
02747922	01017987
02748927	00261604
02748927	02681518
02748927	04683814
02748927	05003590
02749768	03879116
02749778	03574555
02749778	03746574
02749778	08053576
02750432	07096661
02750835	00189580
02750835	00304662
02750835	01388386
02751597	14578104
02751597	14890659
02752496	11081828
02752567	05061345
02752567	15275598
02752695	06467445
02753642	00464513
02753881	01132980
02753881	01133288
02754103	00330144
02754103	01372682
02754103	01373138
02754103	01373844
02755352	01290255
02755352	01290422
02755352	01356750
02756098	00044149
02756098	00044797
02756098	00047945
02756558	11501381
02756821	11494638
02757651	11502497
02757828	11506167
02758033	11502102
02758960	00062582
02758977	11508382
02758977	15043763
02759614	00378479
02759614	03666591
02759614	13495873
02759614	15101361
02760116	00142361
02760116	00612160
02760622	00378479
02760622	00472992
02760855	00181476
02761372	00378479
02761392	00181476
02761392	00480221
02761685	15101586
02761897	00229934
02761897	03345837
02762468	00378069
02762468	00472992
02762806	13481883
02762981	13481883
02763283	04953954
02763520	14645346
02763609	07412310
02763740	04953954
02763740	11428023
02764614	04952570
02764765	07411645
02764765	09464486
02764828	09983572
02765190	00614999
02765464	00006336
02765464	13424183
02765692	00842692
02765924	04953954
02766328	00023773
02766328	00070641
02766328	14578471
02766390	04952944
02766390	07411645
02766390	07412668
02766390	13372123
02766534	01871979
02766687	07412310
02766687	07412668
02766687	11511523
02767116	04953954
02767116	11499284
02767308	03283827
02767760	07411645
02767922	11508092
02767922	13556893
02768431	11428023
02768702	08646306
02768702	13984613
02768702	13984944
02768874	11467786
02769241	11465017
02769460	00185857
02769460	00407633
02769748	01926031
02769748	09830629
02770717	09247410
02770717	13449566
02770717	14524198
02771320	07996412
02771320	14138691
02771840	01694620
02771997	14685172
02771997	14814616
02772868	00234988
02774152	01485839
02776205	00782527
02776205	02577755
02776205	02577877
02782093	09835348
02782815	05166805
02782815	05993367
02784732	01273263
02785648	00083124
02786866	04044498
02787772	02310855
02787772	02343056
02787772	02343374
02790474	00918976
02792305	01670315
02792552	01950502
02792552	01954852
02792903	04146050
02792903	08276720
02792903	15203229
02794372	08149781
02795169	01502540
02796412	01127075
02796412	01127215
02797021	06593803
02797021	06621447
02797021	08457976
02799593	10205457
02801349	09385137
02801349	09442838
02802215	09842047
02804590	08554440
02804772	01429663
02804772	02580853
02805111	01331348
02806261	00665886
02806261	01202728
02806261	02679530
02806907	05765415
02806907	06806469
02807731	00037919
02808440	00037919
02809220	05643190
02809220	05820462
02809692	00949619
02809692	06125041
02811936	02335629
02812482	08493064
02812482	08552138
02813315	07006119
02814453	11518645
02814453	13726296
02814860	01933204
02814860	02160433
02817339	05814291
02817339	06599788
02817650	01398919
02817650	01418179
02818832	01426397
02818832	01500082
02818832	02337066
02822055	05480076
02822865	02306087
02823124	00791372
02823124	02183175
02824444	00345926
02824444	14004572
02826443	05980256
02826443	06223468
02826443	09820044
02828648	00811171
02829696	00362128
02829696	02033137
02829696	02033295
02829696	02738701
02830157	01280014
02831724	02336947
02831736	08499057
02831736	09210604
02831736	14520278
02832818	02720201
02833576	01277649
02833576	01583993
02833576	01884577
02834778	01935476
02834778	09986189
02835654	13810818
02835654	15004501
02835887	06106502
02838592	00620554
02838592	00903559
02838592	03925226
02838592	13536794
02839200	02653159
02839910	01493142
02840361	01285440
02840361	01303242
02840619	00185857
02840619	01207951
02840619	01332730
02840619	01335804
02840935	05556595
02842445	05301072
02842445	06171040
02842445	10264219
02844728	11682842
02844728	13872592
02844728	13872975
02846322	01070187
02846322	07560903
02846322	07561112
02846322	07561590
02849154	03123553
02850732	00444309
02850732	01462468
02850826	10170989
02851001	05397468
02851001	05604535
02851099	01130169
02851099	01477538
02851550	03931044
02851550	07269916
02851709	05417472
02852173	00424869
02852173	02159890
02852920	13963970
02853218	01126961
02853218	01478002
02853449	01479333
02853740	01673668
02853740	01674216
02854156	02198423
02854521	06431740
02854747	06431740
02855089	02100632
02855089	02101046
02855793	02505606
02856109	01683582
02858231	05943300
02858231	06158346
02858231	10423589
02858304	01944692
02859053	05629682
02859053	08582837
02860063	01865383
02860389	05551711
02860415	01522878
02860415	01523105
02860564	09983572
02860847	01939811
02860919	14048441
02861022	01939811
02861509	01359432
02861509	01521912
02861617	03876519
02861617	03931044
02861617	06999436
02863247	05784560
02863247	05948857
02863247	10343554
02863464	05784560
02863464	05948857
02863464	10343554
02863724	00369628
02863750	00374668
02863750	00375021
02867715	01131902
02868326	02106506
02868326	05749619
02868916	05658226
02869097	05721990
02869563	05311054
02870092	06413889
02870453	05658985
02870453	05722208
02870663	09538915
02870663	10546850
02871060	03299929
02871229	08521267
02871963	02005778
02872333	01516071
02873654	06780309
02874282	07050177
02874282	08187837
02874282	08188449
02874282	08188638
02874876	06214744
02874876	08365855
02875013	01467370
02875013	01586850
02875233	01443021
02875436	01443021
02875499	08368308
02875499	09863936
02876088	01895630
02876088	01903756
02876088	05240211
02876657	01502279
02877704	05479314
02877704	05600637
02877704	05601198
02877910	05275905
02879273	13513747
02879638	10453533
02880546	01359145
02883344	01485158
02884456	01900488
02884456	05588174
02886599	01219706
02887209	01219993
02887489	01481154
02887741	00845523
02887741	01428853
02888133	00022686
02888569	01218791
02889035	01519727
02889035	01674717
02893338	06702458
02893338	10020890
02893338	10021892
02894605	01128071
02896789	06470073
02896789	06510977
02896789	13403331
02897237	01663920
02897524	05217168
02897524	07151892
02898711	01915131
02898750	05618056
02898750	06195839
02900081	13724081
02900160	01300655
02900219	13724081
02902250	00182269
02903062	09466280
02903204	01501184
02903204	02082690
02906438	01548576
02906478	06070929
02906734	01393714
02907473	00868910
02907473	05802185
02908217	00555780
02909006	00314469
02909006	00815801
02909006	01105737
02909168	06014730
02909870	01433042
02909870	01502441
02910353	01548290
02910789	05777439
02910789	05978812
02911158	01115916
02911158	01576917
02911332	01245637
02911332	01246095
02912440	02188848
02915055	05329735
02918132	00649482
02918271	00649482
02918271	04273064
02918595	01239619
02919100	00962129
02919275	00706975
02919275	00707624
02919275	08251303
02919275	09958892
02919414	01484392
02919414	01487008
02921325	09717047
02921753	09680657
02922448	06232880
02922448	08094013
02922448	09681351
02923129	00378042
02923510	06234825
02923510	08095647
02923510	09682291
02923745	06970103
02923745	09684609
02923745	09713501
02924023	01487311
02924116	01949110
02924116	01950128
02926519	06430996
02927512	00410406
02927512	06947479
02927512	09044862
02927512	09738708
02928066	06906439
02928413	01466978
02928413	01498713
02930503	09543353
02930766	01949007
02933304	05524615
02934594	05556943
02934594	05558345
02934888	02305856
02935387	01096860
02936020	06321702
02936714	02496036
02937108	06316048
02937108	07045353
02937108	07154330
02937720	11867525
02938886	00637259
02939866	00647770
02939919	02045790
02939919	07440979
02940509	02520509
02942769	13489037
02944579	02158896
02944826	02653159
02944826	02653996
02945161	02653996
02945820	13489037
02945971	00883297
02945971	00887081
02945971	05660937
02946921	00213794
02947212	01933900
02947212	02336015
02949511	06117855
02949542	00213794
02949931	06177729
02949931	06178042
02950018	00213794
02950154	01476483
02950256	01134522
02950256	09811852
02950482	01134522
02950482	09811852
02951358	01947543
02951358	09891470
02952109	09428967
02952275	08082236
02952275	11083656
02952975	06229853
02952975	09889346
02955540	01670315
02955562	11381824
02957586	01581070
02957823	06960298
02957823	06960566
02957823	09688008
02958017	08860123
02958126	06946497
02958126	06950528
02958343	01930738
02958343	10279018
02958343	10334101
02959912	08764107
02959912	09725402
02960130	08760510
02960130	09730204
02961505	08952190
02961505	09713985
02961688	06944911
02961688	08757569
02961688	09699200
02962013	08816236
02962013	09750891
02964389	01489161
02964389	01489989
02964389	01612084
02964389	01950798
02964634	02701210
02967626	01497292
02967782	01393714
02967782	01393996
02967791	08954611
02968325	09275473
02968828	08716738
02968828	09696280
02969886	01218084
02970408	01454246
02970849	01451502
02971469	06990000
02971469	08897065
02971469	09700492
02971672	09713501
02972499	08785343
02972499	09076982
02972499	09711132
02972533	01468576
02974615	08798382
02974615	08798771
02974697	01486312
02975212	01486312
02979662	01662771
02979722	13489037
02979722	13512238
02980625	01077329
02981759	00883297
02981759	00887081
02981759	06786629
02981911	01515566
02981911	02683419
02982232	01514655
02982232	01515566
02982232	02683419
02982790	01131473
02982790	01440378
02982790	01478002
02983097	05772215
02983097	14046202
02983097	15226214
02984104	00596807
02984104	10467179
02984104	10467395
02984104	10468559
02984104	10468750
02987047	00373766
02987177	07425011
02987177	10341660
02987454	00119873
02987454	01324305
02987454	10341660
02987492	01326730
02991048	02685299
02991122	02743547
02991122	09812338
02991302	02685299
02991463	08337324
02992070	05125377
02992070	14513259
02992529	00789934
02994312	01035853
02994448	00283127
02994448	01835496
02994448	04773596
02994858	00329831
02995345	00638837
02995998	01458973
02995998	02047263
02996605	05278152
02996605	05309725
03000447	13575433
03002190	14512817
03002351	06135915
03002351	07570720
03003344	00300317
03003344	06947032
03003344	08871007
03003744	06960778
03003744	07907161
03003744	08859173
03003928	08703454
03003928	09689435
03004358	07154330
03005423	07006119
03005769	00169458
03005920	00109660
03005920	00123170
03005920	00126264
03006626	01049737
03007354	01478603
03008275	00306017
03008275	01490336
03008565	01685960
03009111	01949817
03009111	09910222
03009269	09910222
03009633	01130455
03015113	01416585
03016202	06976392
03016202	09710164
03017168	02180152
03017168	02182342
03017922	01640855
03017922	02563327
03017922	02563860
03018498	01013770
03018498	06153186
03018498	08378356
03018802	00654625
03018802	00739662
03022349	13122985
03022406	00021826
03024064	01730799
03024420	08969291
03024420	09723564
03024746	01570562
03024882	01215694
03024882	01570562
03027335	11295196
03028465	09808080
03028465	10822338
03029573	00185778
03030919	10940669
03031756	01302982
03032811	01858910
03032811	02044278
03037709	09926246
03037924	11270023
03038281	01548290
03038281	01548576
03039087	06987124
03039087	09681351
03040587	00035758
03040587	01532589
03041491	00021065
03041632	01257173
03041632	01258091
03041632	01556572
03042984	01344903
03044083	02497586
03044083	02497824
03044083	09800469
03045074	01321002
03045074	01456463
03045750	06940290
03045750	08831004
03045750	09691279
03046257	00490968
03047553	00182037
03047553	01478603
03051540	00047745
03051540	00047945
03051540	00049197
03051540	00050652
03051540	00052043
03051540	03128583
03053474	01423929
03054551	14399116
03054551	14545045
03055809	00611481
03055809	00612042
03055809	00612612
03056010	00806049
03057021	00051511
03057075	05959954
03057075	06789411
03058107	01264283
03058603	00051511
03058726	01684180
03058754	08756884
03058754	09699020
03059366	00768778
03060294	00021679
03061081	05996646
03062280	03259505
03062280	08559155
03064076	01385017
03064239	01385330
03064758	01499948
03064758	01599539
03065424	01523986
03065424	02049190
03065516	10080508
03065685	14854262
03067506	10995115
03067506	10995292
03067506	10995592
03068181	01215694
03068181	01215851
03068473	08946187
03068473	09748889
03074855	00038365
03074855	01596645
03074922	07969695
03074922	08168531
03075097	00038365
03075191	06973610
03075191	08910668
03075768	00082308
03075768	01765392
03079741	00483801
03080309	00483801
03081021	02621395
03082979	00637259
03082979	01718952
03082979	02218759
03082979	02337364
03083069	06938887
03083069	08963369
03084759	08966820
03084759	08967329
03084759	08967484
03084759	09722399
03084759	09722530
03087088	06928839
03087088	08968677
03087088	09644152
03087366	00244625
03087643	00366275
03089348	01584321
03089348	02844728
03091374	01354673
03091374	01421122
03091996	14647623
03091996	14861355
03093184	09378529
03094503	02700867
03094520	13801700
03096273	10615334
03096593	01763813
03096960	01224744
03098491	15197042
03098491	15242209
03098803	03249342
03098803	06055300
03098803	10421470
03099945	00114837
03099945	00115157
03099945	00381013
03100026	03947888
03100026	10435367
03100026	10437262
03100490	01435380
03100490	01953810
03100897	01449974
03100897	02077656
03101156	01664172
03101667	05079866
03102654	00370412
03102859	00370412
03103198	00577068
03103198	01023636
03103198	01023820
03103198	06582403
03104594	01693881
03104594	01742886
03105742	14365356
03105742	14584502
03108193	04030965
03108623	06917083
03108623	09726970
03108853	01423623
03109399	00094001
03109399	02551602
03109881	01934205
03110322	00001740
03110322	00002325
03110322	00002573
03110669	01733829
03110669	02179154
03110669	10732010
03112869	00049669
03112869	01467917
03113835	00051761
03113881	10552980
03116767	00948071
03117199	00948071
03117420	00948071
03117939	02659358
03118539	00417001
03118539	02666531
03118539	02672540
03118790	06943771
03118790	09676884
03120454	06794666
03120454	10656488
03122748	01332730
03125352	01242208
03126385	01921964
03127024	01280958
03128583	03051540
03129123	01621555
03129123	01753788
03130073	06961557
03130073	08894456
03130073	09747329
03130340	02335629
03130563	01599805
03131116	08734385
03131116	09751622
03132438	01286290
03132438	03308297
03132879	01672490
03132879	01672753
03133141	10422540
03137228	01912159
03138344	01593254
03138669	02390949
03139045	06213688
03139045	08440630
03139749	00159880
03139749	01128984
03139749	05757049
03141065	01844859
03141702	00339085
03141702	01593937
03145843	01277974
03146846	01740608
03146846	01741446
03147509	00189062
03148920	01300937
03150232	01223616
03150232	01522276
03150795	00923793
03150795	01152670
03151077	01335588
03151077	02353537
03153361	01517966
03154073	01552519
03158885	01441993
03160309	01477224
03161450	00390560
03161450	02191311
03161725	00390215
03169390	01466543
03169390	01675963
03169390	02748927
03170635	00375865
03172211	00376807
03173524	01582645
03173524	01689379
03173524	02736778
03176594	02126863
03177165	00037514
03178782	01640550
03180504	01564144
03180504	01619929
03180969	02106006
03180969	02154508
03181293	02154508
03182232	00306723
03186818	00676135
03186818	00790308
03188979	02712125
03191029	01256867
03194812	01229071
03194992	01229071
03195485	02459173
03195485	02651424
03195485	02652494
03197446	00563824
03199647	01167780
03199647	01167981
03200357	01167780
03200357	01167981
03201208	01176897
03201208	02656763
03204306	01577093
03206405	02319428
03206718	02158587
03206908	01180351
03208229	00089324
03209910	03706653
03210683	02294436
03210940	01688771
03212811	00229026
03212811	00229280
03213014	02294436
03214253	01311896
03216199	01315140
03216828	01305731
03216828	02085742
03218198	01939406
03222516	00792304
03222516	02182109
03225238	00084738
03229244	01604586
03230785	01683582
03231912	00451648
03231912	02071457
03233423	00675901
03233423	01078050
03233905	01995211
03234306	01582645
03234306	01690294
03236217	01244516
03236423	01244516
03236735	00048912
03237639	00082714
03239399	01310964
03239726	01443021
03240140	01443021
03241335	02187922
03242713	01930117
03242713	01930482
03242713	02056971
03242713	02057656
03242713	02408281
03242713	02742232
03244388	01930117
03244388	01930482
03244388	01930874
03244388	02057656
03244388	02408281
03244388	02742232
03246052	01489465
03246454	01985923
03247620	00084738
03247620	01200440
03247620	10421470
03249342	03098803
03249569	01732532
03249569	10734963
03250588	01252971
03250588	01386433
03251766	00218475
03256166	01977545
03256166	02039544
03257343	01735308
03257586	01693881
03257586	01735308
03258730	01677509
03259505	02459633
03259505	02649830
03259505	03062280
03260293	00307419
03260293	10040789
03264136	02361600
03265479	01466978
03265874	01635432
03271574	02100632
03271574	02101046
03273551	10382825
03281145	01455184
03281145	01974062
03281935	00318816
03282933	01667607
03283519	00076400
03283519	02195191
03283827	02767308
03284120	01496843
03284482	00500638
03284482	00500834
03284743	01681723
03285912	01580467
03285912	02711114
03286383	02637592
03287178	01622795
03287733	10057714
03289462	00240293
03289462	00434077
03290771	02016523
03294048	02339413
03294833	00999815
03294833	01548718
03295140	01661243
03299929	00021554
03299929	00506377
03299929	02871060
03302121	01310660
03302121	01311378
03302121	01313923
03302121	02143539
03303965	00528990
03303965	02015598
03308152	01351170
03308297	03132438
03308297	03308853
03308853	03308297
03313602	02137907
03315644	01271189
03316105	01007676
03316274	01007676
03318438	00838043
03318438	01654271
03318438	02576921
03320519	02147962
03322099	01739814
03322099	02420232
03323703	01340439
03323703	01343892
03323703	01356750
03325769	02631659
03326795	00565592
03327234	01130607
03327234	01588134
03327841	01115916
03328076	01115916
03328201	01115916
03330947	01288052
03335030	01090335
03335030	01091427
03337140	00869931
03337140	01001643
03337140	01001857
03338009	00452512
03338287	00261533
03338821	01002740
03338821	01711965
03339643	01458664
03343560	00378664
03345115	02183024
03345115	02187693
03345837	02761897
03354613	01340439
03354903	01040550
03354903	01670172
03360845	01365355
03364340	01874568
03364340	01904293
03365374	00292247
03365592	01412346
03372029	10098245
03376159	01345877
03376279	01277974
03377582	00230276
03377582	00486018
03383646	01675245
03384535	00142191
03384535	01659248
03385117	00142191
03385117	01659248
03385557	01606205
03386011	01155421
03386011	01606205
03386011	02023992
03390983	01586850
03391301	00981276
03391301	01586850
03395745	00024649
03396311	01751722
03396311	01752025
03397532	01387301
03398467	00131018
03398467	01079172
03399047	10113362
03405265	02336483
03405725	02336483
03406966	01277431
03407122	00408624
03407122	01137829
03407369	01137829
03416329	01593614
03417345	01740969
03417749	01740969
03419014	00047945
03420440	01679433
03420559	01087197
03420559	01089137
03420559	01155421
03420559	02023992
03420935	01571744
03421117	01217043
03427296	02353844
03429288	00919424
03432129	00551065
03433877	01628197
03437430	01683101
03438257	00188580
03439814	01887576
03439814	01942959
03446070	01423929
03450018	02511551
03450230	00106592
03450516	00052043
03451473	00295697
03454536	02330583
03459914	00326773
03461385	02298471
03461385	02326198
03462747	01292534
03467517	10151760
03467984	01136614
03471030	01516290
03471030	02068413
03471473	01204677
03471779	00271520
03472232	00100551
03481172	01416539
03481172	01675245
03484083	01451502
03484576	01288201
03485997	01210737
03485997	01224001
03490884	01481360
03491178	01481360
03491178	01482075
03491178	01677716
03491724	02485631
03492250	02656189
03494278	01732713
03494278	10160770
03494706	02442737
03495258	01732713
03495258	10160770
03495671	01140515
03495671	10160913
03496296	10161047
03496612	01742415
03496892	01320009
03497657	00047172
03497657	02363128
03497657	10162354
03499142	02744651
03500557	01319562
03502331	01483247
03508101	00371264
03508101	00372958
03508101	02333358
03509025	00372665
03511426	01751545
03519081	00514069
03520811	01763813
03520811	02451370
03524574	01742556
03525074	01455184
03525252	01301410
03525252	01302019
03525454	01217043
03526805	01408153
03530910	01337224
03532342	01672490
03532672	01365549
03533486	01656788
03534776	01244853
03540595	02348927
03541696	02652494
03544360	02459173
03545150	02459173
03546340	02459173
03547054	02650552
03556811	02061495
03558404	01937222
03560161	01778017
03561657	02688794
03561657	02689146
03563710	01528821
03563967	02408965
03565402	01728840
03566860	01517355
03567066	00060185
03571155	01198779
03571439	01585523
03572449	01682039
03573282	00187526
03573282	00188466
03573282	01421622
03574555	02749778
03575240	02340543
03579355	01466543
03584829	01390833
03585875	01390833
03588951	01219544
03589791	00048790
03592245	02494356
03593526	01497864
03595860	01942234
03596787	01678685
03596787	10221777
03596787	10221956
03597469	01678685
03599351	01593254
03599628	02420789
03599628	02461063
03599761	02420789
03599761	02461063
03600977	02660147
03601638	02354287
03603722	00324071
03603958	00777391
03603958	02726717
03603958	10085548
03612814	00328128
03612965	10734963
03619396	02339413
03619396	02341200
03619650	02341200
03622058	01053495
03622058	02183175
03623556	01231652
03624134	01231652
03624966	01671039
03624966	01672014
03625355	01671039
03626115	01531265
03631177	01674717
03631445	01521603
03633091	01578993
03635668	01232387
03635668	01365131
03635668	01625666
03641706	02688794
03643907	01398032
03643907	01411085
03644378	01604251
03648066	01535246
03648219	01270199
03648219	01535246
03652932	01289155
03654374	10387586
03658858	01307142
03658858	01661804
03659292	01593254
03659809	01593254
03664514	01974062
03665366	00291873
03666591	01199881
03666591	02759614
03669886	00233335
03673594	00085626
03673971	01285440
03673971	01354673
03674440	02622234
03679384	02653159
03679986	01487311
03679986	01489989
03679986	01612084
03682487	01348174
03684823	10057714
03688943	02151966
03691128	01363648
03693973	01574923
03693973	01973125
03699975	01623967
03699975	01624169
03699975	10279018
03701640	01623967
03705379	00777522
03706653	03209910
03708036	00998399
03708036	01003049
03709206	00240293
03709644	01031256
03709644	01437888
03714235	00040928
03714721	00452512
03720163	01687876
03721797	00921738
03722007	00921738
03722007	01004062
03724417	00331082
03724870	01358328
03725035	01358328
03728811	01292885
03728811	02657219
03730153	02339413
03730893	00565592
03735637	00489837
03735637	00681429
03735637	02704349
03740161	00084230
03740161	00084562
03743902	00612042
03745285	00262703
03745285	01590171
03746574	02348568
03746574	02749778
03748886	01621555
03748886	02260362
03751065	01176079
03761084	00321936
03765561	00331082
03765561	00332017
03767459	01695257
03768132	01125724
03768346	01163620
03769397	01683758
03771443	02631594
03772269	01639105
03775199	00394813
03777283	01697027
03777283	01697406
03777283	01743784
03779370	01662771
03779370	01697027
03779621	01662771
03779621	01697027
03781787	02163301
03789603	00284669
03789946	00480751
03789946	02226013
03789946	02226172
03790512	01935476
03790512	01936048
03792048	01660386
03792048	01660640
03792334	01660640
03793186	00407633
03794136	00039950
03799710	10338498
03800933	10340312
03802007	10341446
03802973	02191311
03803911	00518653
03803911	00622384
03817647	01283208
03819595	01463340
03819595	01672168
03829563	01342124
03832405	01004550
03832405	01276970
03836062	01186428
03838160	00532607
03838899	10369317
03839993	01476483
03840327	01476483
03845190	14966667
03845360	14966667
03845550	00085907
03848348	01346003
03854065	10382825
03859717	10386984
03859958	00044149
03859958	02339413
03859958	02340360
03860882	01622795
03860882	01623792
03863442	01330093
03863442	01330269
03864356	02713748
03864994	00182037
03864994	01487718
03864994	01488555
03870672	01451176
03870672	01483131
03870672	01926031
03871083	01283746
03871083	01485158
03872495	00321486
03872495	01526956
03873064	00321486
03873064	01526956
03873064	01576917
03875218	01362736
03875218	01363482
03875218	01684663
03875218	01684899
03876519	01684663
03876519	01684899
03876519	01686956
03876519	01688256
03876519	02861617
03878963	01130607
03879116	01300437
03879116	01335588
03879116	01582200
03879854	00064095
03882058	01678519
03882611	01678519
03888257	01968275
03888257	10397482
03894379	00332835
03894379	02467662
03894379	02621853
03899768	02226380
03900750	01267098
03903424	01225461
03903424	01935476
03905540	01340283
03905540	01442203
03914919	01543731
03916031	00043480
03916031	02126382
03916470	00043480
03916470	02126382
03918737	00404642
03924069	00998399
03924811	01736299
03925226	00903559
03925226	01003249
03925226	13536794
03926575	01749184
03928116	10430665
03929202	01442578
03929660	01452546
03930777	00023473
03931044	01635432
03931044	01686956
03931044	02851550
03931044	02861617
03932203	00261705
03932203	01590171
03932203	01656788
03933529	01305241
03933529	01305361
03933529	01305731
03933529	01489734
03933529	02085742
03933529	02331175
03938244	01502946
03940256	01444723
03945615	01727684
03947888	01471825
03947888	03100026
03948950	01577635
03949442	01163847
03951971	02046572
03953743	00407848
03954199	01639714
03954731	01249490
03954731	01307389
03955296	01249490
03955296	01307389
03957567	01360899
03959936	01395049
03963028	01395049
03963294	01738347
03964744	00013328
03965907	01387301
03965907	01674717
03966751	01248023
03967396	01693453
03967562	01741864
03967942	01220636
03967942	01422886
03967942	01478002
03968728	00465634
03968728	01487830
03970156	01577093
03970156	01577635
03974215	00392960
03975232	00923793
03976657	01372189
03990834	00085046
03990834	01198101
03993403	00082929
03996145	01559590
03996416	01309701
03996416	01311103
03996416	01311378
03996416	01312810
03999992	01662614
03999992	01754105
04004475	01745722
04004475	01747945
04004767	01745722
04004767	01747945
04007664	01229976
04007664	01231252
04007664	01241073
04007894	01621555
04010205	01919226
04010779	00877848
04011242	01219004
04014297	01128193
04016240	01560731
04019696	01505254
04021798	01853069
04023249	01442779
04024396	00309990
04025130	10493685
04026053	00475183
04029125	01466047
04030965	03108193
04031884	02653159
04033995	00082308
04033995	01667304
04033995	01667449
04037443	01086103
04039041	01802689
04039848	02695520
04041544	01007495
04043733	01007495
04044498	02786866
04045397	01842508
04045397	01949966
04045941	01573891
04046590	02330407
04046590	02711543
04046810	01936537
04046810	01954559
04047401	02330407
04047401	02711543
04048075	01950657
04048075	02331919
04048568	01950657
04048568	02331919
04049405	01354405
04049405	01398941
04050066	01306853
04050410	01516534
04050410	01575146
04051549	02037090
04051549	02334595
04051825	01128071
04051825	01130607
04055180	02072673
04060647	02107248
04061969	01498872
04063373	00998399
04063373	01000214
04067472	01523105
04068441	00474762
04069276	02136271
04070727	00371051
04070727	00371955
04072551	02442737
04072811	00025654
04073208	00967625
04073669	01531265
04074329	01619725
04074482	00081725
04074482	00082563
04076533	01734502
04076846	01686132
04080454	02175958
04080833	00005041
04081044	01502946
04081044	01543731
04081044	01610101
04082344	00098083
04083468	00260648
04083942	00164072
04085873	01271658
04091247	00408085
04091693	00408085
04091839	10387196
04092168	00044149
04092609	01297401
04096066	01952750
04096848	01127215
04096848	01478002
04097866	00052043
04098513	01876028
04099969	01875295
04101497	01866192
04101701	01866192
04103491	01198101
04105068	01233993
04105893	02656763
04107984	01543731
04108268	01289155
04108268	01604251
04110439	01494310
04112752	00103317
04121511	01326730
04121511	01554622
04122825	01486151
04123567	01485839
04123567	02717362
04127904	01846658
04127904	01945516
04133211	01195299
04137444	00969137
04137444	02043982
04140064	01559590
04142549	02152504
04143140	01855447
04143365	01358023
04143712	01779165
04143897	00051060
04146050	02387910
04146050	02792903
04149083	01312371
04149374	02061495
04151940	01207951
04151940	01332730
04151940	02147109
04152387	01130169
04153751	01352996
04153751	01353169
04155310	01006239
04155310	01693324
04157320	01551871
04157320	01684337
04159058	01353405
04159058	01531265
04159354	01354006
04159545	01269008
04160036	01356582
04160372	10689564
04160586	01943153
04161358	01543998
04161358	02333979
04161981	01543998
04161981	02333979
04161981	02334302
04161981	02701962
04162998	02701962
04164989	01563005
04166553	01239862
04166553	01814396
04166553	02308214
04167759	01881034
04167759	01992251
04167759	01992375
04169707	00189511
04169707	01178565
04173698	01669906
04173698	02163183
04179385	01329239
04179385	01666327
04181228	00233335
04181228	00236289
04181228	01085474
04181228	01288052
04182708	02362601
04183329	01889610
04184435	00142191
04184701	00338071
04185071	01246601
04186848	01320513
04186848	01560369
04187233	01336635
04188368	01946408
04190464	01135922
04190747	01486312
04191150	01270589
04191595	02656390
04191943	02656390
04192698	01130169
04192858	01130169
04194289	01496978
04194289	01979462
04197391	00049007
04198797	01576917
04199027	00049770
04202417	02325968
04202417	02326355
04202417	02466134
04204468	01219004
04208210	01312810
04210390	01482958
04211356	01345109
04211528	01345109
04211528	01346978
04215402	01267098
04216634	01460029
04216634	01460785
04218564	00461493
04218564	02191311
04218773	00461493
04224155	01613391
04224155	01853542
04227144	01697628
04228844	01975121
04229959	01261018
04231693	01455184
04231693	01974062
04234455	02336684
04235291	01939174
04236001	02701445
04238128	01870275
04238321	01353670
04240097	01514348
04240097	02683419
04241249	00051170
04244379	00455368
04244379	02758399
04248607	01003249
04248851	01480770
04248851	01481027
04250026	01321002
04250026	01456463
04250850	00001740
04253437	00036932
04253437	00538571
04256520	01528339
04258982	00533403
04261116	00654625
04270891	02714200
04271148	01444887
04273064	02918271
04277034	01542207
04278605	02046755
04284002	01579622
04287153	02068413
04287351	02068413
04289027	00228655
04289027	01374767
04290259	01241379
04291511	00145448
04292733	02171664
04293119	01593937
04293258	00463234
04294212	00270826
04294426	00270826
04294879	02459915
04296562	01711445
04300080	00331842
04300080	01594362
04309348	01944976
04314914	02330247
04320126	00022686
04321238	01329239
04321534	02285392
04321534	02323286
04321534	10658304
04322026	02329883
04329190	02282506
04332243	01458664
04332243	01460029
04332987	01411085
04333129	00083523
04335435	01945183
04336034	00220869
04336034	00222472
04337740	01236164
04337740	01410223
04337974	01359432
04337974	01517662
04338359	01359432
04338359	01360571
04343346	02689882
04348184	02472693
04348359	02472693
04353803	00949288
04353803	01385170
04353803	02627555
04353803	02645007
04357930	00403609
04359589	01217043
04360501	01217043
04361641	00462092
04362025	01264283
04367480	01244178
04367480	01393339
04369025	01283208
04371774	02717472
04372171	01411630
04372370	01510173
04375926	00393953
04376400	00644066
04383130	01357429
04384406	02225911
04387706	01574571
04388743	02282082
04390977	01854519
04390977	02360274
04390977	10691764
04391276	01895757
04391838	00998399
04391838	00999270
04391838	01003049
04393095	00999270
04394630	01603418
04399537	01499692
04400499	01007222
04400499	10697519
04401088	00789448
04404200	00790965
04404412	00969506
04411264	02653996
04422875	02511424
04426788	01359432
04426788	01521912
04429376	02391193
04433185	01285440
04435870	01884577
04438304	00490968
04438304	00702226
04442831	04443257
04442831	10713923
04443257	04442831
04443433	01940034
04445327	02357561
04445952	01475075
04445952	02357561
04446521	00074038
04453910	01336635
04454240	02047148
04456276	00071178
04456276	01802689
04461696	01566185
04463017	01582645
04463273	01582645
04463679	01503268
04463679	01936537
04463679	01954559
04467099	01453969
04467307	01453969
04468005	01936537
04470232	00022316
04471315	00381850
04471632	02340736
04472726	00973056
04473432	01853696
04473432	01953810
04474035	01449974
04474035	01953810
04474466	01480770
04475900	01143713
04476116	01454810
04478889	01311896
04478889	01497458
04484160	01679433
04484160	01679806
04485226	01643657
04490091	01954341
04493505	01580928
04493505	02079525
04494906	01330822
04495843	01454431
04495843	01454636
04500060	02089420
04504486	01004692
04505036	01004692
04509417	01935846
04509417	04509417
04515129	01233347
04515129	01235859
04517535	00086835
04517823	01244853
04519153	05395548
04519536	05395548
04521987	01269008
04526241	00488770
04526520	02042672
04526964	00488770
04526964	00581891
04532106	00052043
04534520	01003049
04536866	01733667
04536866	10754578
04544979	01882170
04544979	01904930
04544979	01912893
04545471	01912893
04546855	01130607
04547592	01130607
04551055	02282365
04551375	01490336
04554684	01270199
04554684	01535246
04555897	02175578
04558578	01696435
04558578	10770545
04558804	01696435
04558804	10770545
04559451	10691764
04561548	01313411
04561734	01354405
04561734	01398941
04562122	02061495
04565375	00584954
04565375	01087197
04565375	02334867
04566257	02334756
04568298	01518924
04568298	01673891
04568713	01672168
04568841	01672168
04569520	01527271
04571088	01487311
04574999	01887020
04574999	01935476
04577769	01411085
04578708	02046755
04586421	01522276
04592741	01940403
04593629	02168555
04593866	01392237
04594489	00505802
04594489	02354536
04595855	02354536
04596630	01884974
04599396	02413480
04599396	02525447
04605726	01283208
04605726	01580467
04606014	01669643
04606358	01566185
04608923	01736299
04612722	02291708
04612840	01492052
04613158	01292885
04613158	01492052
04618781	00007846
04620558	01229631
04621314	10306279
04621963	00533897
04625515	01890792
04626280	00853776
04626705	00988287
04628080	10579676
04628192	01761120
04629194	00856860
04629604	01257612
04629604	02531422
04630689	00362467
04630689	00859153
04630689	00859325
04631067	01133876
04631298	00364479
04631700	00028362
04631700	00192836
04631700	00442063
04631700	00582145
04631700	02278939
04632157	00193130
04632157	01229631
04633197	00559102
04635104	00038750
04635631	00033574
04635631	00039592
04635953	00875712
04636397	00039592
04636610	02281325
04637923	01762839
04638175	00668099
04638175	00668805
04638585	01182293
04639113	02003725
04639371	01299888
04639732	00437852
04641153	00696518
04641153	02542280
04642258	00202934
04643397	00477107
04643397	01773535
04644512	02564986
04645599	02566015
04645943	00681125
04645943	02640440
04646548	02118379
04646548	02123314
04647478	02123314
04649051	01264336
04650201	01264336
04650201	10191943
04650527	00494907
04651974	00461493
04652930	02257141
04653627	09945905
04654337	01074650
04656748	02258600
04659090	01027263
04659287	01026262
04660261	01025913
04660536	01194483
04661151	00812580
04661151	00813044
04662951	01194483
04663763	01194483
04663763	01977155
04664964	00311663
04665543	01978003
04665813	00616153
04665813	00754873
04665813	02529284
04666615	01483324
04666837	01475831
04668139	01476154
04668819	02464693
04669247	01996377
04670022	00724081
04670531	02466111
04671841	00718924
04673965	00422090
04674715	00033599
04674715	02133435
04675314	02747667
04677514	00142191
04677514	01659248
04677514	02138659
04677716	02697725
04679738	00033599
04679738	00929362
04679738	02133435
04680465	00508933
04681387	01004062
04681387	01275762
04681387	01913237
04681797	01682234
04682018	01695567
04682462	00509607
04682462	00510364
04682462	01531998
04682462	01538310
04682462	01538469
04682462	02357693
04683002	02119659
04683136	01273263
04683136	01696135
04683453	00212173
04683600	00212173
04683814	00293141
04683814	01675963
04683814	02748927
04683814	09845999
04684358	00489299
04684358	00489496
04684358	00860620
04685195	00532886
04685195	00776988
04686003	00166146
04686388	01806505
04687119	01257145
04687333	00776523
04687333	01806505
04687333	01807882
04687333	02376277
04688246	01505254
04688246	01807882
04688842	00793785
04689048	01760143
04689048	01807529
04689198	00567291
04689198	01356750
04689450	01821132
04689450	02678839
04689660	00782527
04691178	01549905
04692157	00263044
04692157	00477941
04692157	01538161
04692157	01549905
04692908	00336260
04692908	00336539
04692908	01259005
04693384	01279631
04693384	01281782
04693900	01308160
04693900	01309143
04693900	01551195
04694090	00196364
04694090	00378042
04694090	00378664
04694441	00509958
04694441	01251928
04694441	01252425
04694441	01252601
04694441	01531998
04694441	01538928
04694809	01532329
04694809	01696135
04695176	00281101
04695176	00282076
04695963	01537409
04700642	01264283
04701460	00431447
04702688	00779374
04703235	00314272
04703235	02161922
04703424	00433115
04706290	00568483
04706290	01286799
04706290	01614778
04706290	01618053
04707409	02696503
04708113	00749230
04709253	00744916
04711435	01767163
04713118	02700104
04713332	02700104
04713428	02657219
04713692	02662979
04714440	00508192
04714440	00561036
04716210	00881998
04716210	00999817
04717139	00972191
04717139	01018928
04717139	02679012
04718563	00604617
04718999	00183053
04721650	00135718
04722715	02507736
04723816	00956687
04726938	01258617
04726938	02743261
04728068	00300761
04728068	00972191
04728068	02679012
04728376	02341266
04728786	02673965
04729328	01282014
04729710	00946499
04732543	00724150
04733204	02262542
04733347	00519363
04733347	02276088
04733640	00344125
04734885	00344125
04734885	00583990
04735233	02504131
04735929	00916706
04736757	00916706
04737934	00346991
04737934	00356648
04738641	02290998
04739932	02505716
04740173	02507968
04741807	00356648
04742535	02062670
04743024	00618451
04743024	00691944
04743605	01409581
04743605	01410606
04744814	01409581
04744814	01410606
04745370	00744506
04745932	00464513
04745932	02658050
04746842	00503982
04746842	00652900
04746842	00653620
04746842	02729632
04747445	02665282
04747899	00889831
04748836	00119074
04748836	00119524
04748836	00650353
04748836	00651991
04748836	01410363
04748836	02064745
04748836	02666239
04750164	01410363
04750164	01410905
04750764	01410363
04751305	00437125
04754440	00550282
04754862	01918184
04756887	00336168
04756887	00337404
04757522	00687523
04757522	00867409
04757522	00925110
04757864	00701479
04757864	00740336
04758181	00550777
04758776	01412415
04759849	00013160
04760296	02392654
04760771	00626800
04760771	00629997
04760771	01778212
04761212	00625393
04761517	00627410
04761517	00630802
04761815	00625774
04762355	00625393
04763293	00493460
04763293	02698178
04763293	09619824
04763650	00505853
04764412	01101391
04764412	01426077
04764741	00485711
04764741	00492677
04765355	02647497
04766620	00400883
04766852	00400883
04767347	01959294
04767805	00675701
04768028	02019021
04768657	00480969
04768657	02432530
04769049	00744506
04769456	02505716
04770211	01960656
04770911	01876907
04771890	00911327
04773596	01835496
04773596	02994448
04777098	01059400
04777098	01340439
04777098	02095311
04777634	01528069
04778630	01800349
04779649	01801600
04780605	01627965
04780755	01587077
04780958	00908672
04780958	01627965
04780958	01628302
04781349	00170156
04781755	01460421
04782116	01587077
04782878	00644839
04783247	01115349
04783567	02498708
04783888	01943406
04784142	00645493
04784664	01430111
04785669	01430847
04787324	00302464
04787324	00412696
04789274	01848355
04789274	02141973
04790449	02559180
04790449	02559862
04790774	01611067
04792127	02080577
04792357	00051045
04794751	01672607
04795545	00485711
04796490	01675190
04799881	01036083
04799881	01037148
04800359	01686439
04801763	00418110
04801877	10721124
04802198	00631391
04802403	00632438
04802629	00617748
04802776	02661252
04803430	00914421
04806804	02584981
04807776	02588099
04807971	00904548
04809784	01395617
04810035	02481436
04811126	02480923
04811995	02388403
04812268	00849357
04813712	00971075
04813712	00975171
04815321	00851103
04817923	01848355
04818284	02393401
04819026	00532892
04820258	00428404
04820258	00697923
04820258	00939857
04821084	00731789
04821277	00464513
04821451	01837744
04821802	00896555
04822032	00940437
04822223	00533851
04823866	00430191
04825383	00835506
04826235	02036578
04826771	01781478
04826999	01783158
04827175	09629065
04827652	02037272
04828255	01782519
04829550	00506299
04829550	01821996
04831031	01507402
04831727	01111016
04833276	00101609
04833276	10421956
04833458	01112573
04834605	02098325
04835028	00101800
04835028	10047199
04835028	10047459
04835488	00931555
04835488	10379376
04836074	00781303
04836074	00884778
04836074	10060352
04836268	01826060
04836491	00705517
04836683	00022686
04836683	00765977
04836683	02406916
04836683	02589576
04837232	00082241
04837425	00512487
04837425	02407338
04837931	01352067
04838210	00963452
04838210	01078783
04839154	00956131
04839676	00957176
04840011	01372049
04840981	00226618
04841358	00638981
04841358	00691312
04842029	00758459
04842515	01587077
04842515	01793177
04842993	02105990
04844024	02106761
04844625	01155354
04845967	00639356
04846533	00224166
04846770	01548193
04848262	01811441
04848262	01826723
04849241	01129977
04849759	00360650
04850117	00956131
04850117	01369663
04850589	01549291
04852088	01131043
04852750	02513740
04853948	02319129
04854389	00957176
04854389	01370590
04855138	02053818
04857083	00262792
04857490	01806271
04858785	00249721
04858785	02545045
04859177	00065791
04860065	00264776
04860586	00264776
04861486	01989669
04862592	01025913
04863074	00350889
04863969	00685638
04864200	00699626
04864200	00708980
04864515	00350461
04864515	02005756
04865502	00722232
04865722	00600370
04865722	00601043
04867130	02179279
04868748	01222360
04868748	01226240
04870340	01588172
04870643	10196965
04871002	01982646
04871374	01222360
04872531	01309991
04872958	01734884
04873550	01222884
04873939	02547225
04874409	01983797
04876985	00958880
04877421	00887463
04878101	10407310
04878646	09911849
04878861	00959731
04879092	00583990
04879658	00963283
04879658	10722965
04880573	02271544
04880830	01309991
04882622	01196037
04883614	10325957
04884627	01191645
04886881	02546876
04887497	10047459
04889337	01862386
04889527	01892953
04890112	02569130
04890865	10650162
04892084	00648977
04893787	02269143
04893787	02357228
04893787	02421158
04894037	01899360
04894204	01193714
04894964	01161087
04894964	02268351
04895246	02349212
04895246	02464693
04895773	00687926
04897762	02518161
04898208	09923673
04898437	01878466
04901326	01880531
04902925	00683185
04903813	00022316
04903813	01765178
04904352	01764800
04904664	01790020
04904851	01764171
04904996	00276601
04904996	01764171
04904996	01790383
04904996	01791973
04905188	01026262
04905188	02451113
04905842	02388145
04906026	00619972
04906273	01612053
04906273	02542795
04906471	00788821
04906923	10684827
04907269	02451951
04907575	01091844
04907575	01475282
04907991	00695523
04910377	02518161
04910377	02519666
04910973	01508719
04911420	01041916
04912240	01798484
04912982	00642379
04913839	00878348
04914133	00642379
04915687	00694641
04915687	02457825
04921900	02388403
04922113	00908351
04922113	02539788
04922787	02737187
04925348	01638438
04926427	01640850
04928416	01646941
04928903	01687569
04928903	10155849
04930307	00300537
04930307	02659763
04931965	00404222
04933544	02620587
04933544	02621395
04935528	00052672
04936403	02415390
04936846	02417301
04937043	02261386
04939324	00708017
04940964	00006336
04944048	02719399
04945057	01825237
04945057	01826723
04945254	01188485
04946553	01209678
04946553	01210352
04946553	02106006
04946553	02127613
04947186	02236842
04947628	00038687
04947628	01245986
04947628	02234781
04948241	02238462
04948241	02245403
04948722	02230990
04949066	02230990
04951186	00523436
04951373	00291873
04952120	00514069
04952242	00278551
04952570	02162672
04952570	02764614
04952944	02162947
04952944	02766390
04953186	00424869
04953186	02159890
04953380	00473003
04953954	01119421
04953954	02763283
04953954	02763740
04953954	02765924
04953954	02767116
04954534	02161530
04954683	01119421
04955160	01682582
04955633	00283703
04956110	01021794
04956594	00281101
04956594	00283911
04956594	01696648
04956594	09938672
04958634	00404202
04959230	00286928
04959230	00287560
04959230	00289974
04959230	00290132
04959567	00286928
04960277	00280532
04960582	00286333
04960729	00280301
04961136	00279822
04961691	00289392
04961691	00289679
04962062	00282652
04962062	00289532
04963588	00103317
04965661	00289840
04967191	00521478
04968895	00521641
04969242	00284958
04970059	00285088
04970059	00289297
04971928	00320246
04975122	00287735
04975122	00288017
04975122	00366691
04975340	00366691
04976952	00287848
04977247	00243606
04977561	00103619
04980008	01055073
04980008	02124748
04980008	02125223
04980008	02125641
04980008	02126382
04980008	02641378
04980463	01052248
04980656	01053144
04981139	02135048
04981139	02176268
04981139	02179518
04981139	02180529
04982207	00461493
04982207	02190188
04982478	00461354
04982478	00461493
04982478	01764800
04982478	01815185
04982478	02190188
04983402	01501113
04983848	01501113
04983848	01502195
04984514	00567604
04986883	00982293
04986883	01050313
04987620	02437148
04988258	02175958
04989657	02009280
04989657	02175958
04989657	02183787
04990220	01452593
04990877	01454636
04991511	02019021
04992570	00559919
04992570	02192570
04993108	02192570
04993413	01073822
04993882	02196690
04993882	02368787
04994413	02368336
04995211	01716227
04995531	00133417
04996355	01716491
04996823	00133851
04997032	02399399
04997472	00828779
04999401	00986027
04999401	01194938
04999741	00991838
05001482	00988232
05001867	00389238
05001867	00389406
05002822	01601234
05002822	03101667
05003090	01882170
05003090	01904930
05003090	01906823
05003090	01912893
05003273	01989720
05003590	01675963
05003590	02748927
05005447	00117385
05006285	00118238
05006898	00651630
05008227	01476685
05008227	01483324
05008746	01478626
05008746	02621901
05008943	01477806
05008943	01484083
05008943	01484987
05010801	02183787
05010801	02675458
05014099	00328128
05014099	00374668
05014099	00375021
05015117	01251128
05015463	00370412
05015463	01252566
05015678	01252566
05016001	00369864
05016001	00370412
05016171	00371264
05016171	00372665
05016171	02333358
05017230	01746605
05017458	02515341
05018103	00284930
05018103	00291873
05018542	00291873
05018674	00572186
05018934	00173764
05019661	02103481
05020981	01892104
05021151	01449796
05021535	00302875
05021535	00303056
05022457	01022064
05023741	00418110
05023741	00418408
05028159	02645597
05030418	00828336
05030418	02019431
05030806	00808191
05032351	00266634
05032565	00668099
05035961	00022686
05035961	00873603
05036394	00226566
05036394	00227165
05036394	00290302
05037813	02510879
05039709	00025728
05040275	02324397
05042871	02523275
05043973	02112029
05044822	00660571
05044822	00920125
05044822	02406585
05045208	01507914
05046471	00341917
05046471	01849746
05047059	00820721
05047279	00121865
05047279	00660381
05047279	02712443
05048301	00345312
05050115	01731351
05050379	00666058
05050668	01535709
05051896	00118523
05051896	00317888
05051896	00781000
05051896	02679530
05051896	02727462
05051896	02747709
05052587	00594413
05053215	01754421
05053688	01754421
05053688	01758339
05054863	01755627
05058140	00438178
05058140	00439343
05058140	00976508
05058140	02055649
05058140	02055975
05058140	02058994
05058580	00702601
05058580	01929254
05060189	00459498
05060189	01270175
05060783	00439343
05061345	00438495
05061345	00439958
05061345	00440580
05061345	02752567
05061977	00980527
05062370	02642610
05064037	00142191
05064037	01689752
05064827	00552619
05064827	02371718
05068080	01606574
05068080	02037090
05068080	02038357
05068080	02038791
05068461	02037090
05068716	01307609
05068918	00433232
05068918	02696801
05069199	01884577
05069199	02037090
05069199	02038357
05070032	00535452
05070290	00537339
05070453	02043898
05070849	02047807
05071027	00304422
05071368	00392960
05071556	00392960
05071556	01809655
05072663	02034986
05072663	02738701
05072911	02040652
05073559	02040652
05074218	02311544
05074374	01030022
05074774	01987160
05075602	01463963
05075602	01494310
05075602	01711749
05075602	02695895
05077146	00464321
05079638	01233347
05079638	01235859
05079866	02519494
05079866	03101667
05081300	02142775
05082507	01546111
05083200	00328802
05083200	00329244
05085572	00444519
05086740	01963942
05086740	01965156
05088056	00968211
05088324	00968211
05088324	00969873
05088324	01376245
05088324	02028994
05088324	02030424
05088324	02060141
05088324	02082690
05088324	02689299
05088804	02032934
05090441	00240293
05091316	00658052
05092635	02669081
05095691	00319214
05095691	00655987
05097845	01215421
05098942	00319214
05098942	00655987
05103283	00739536
05103283	01443021
05103946	01382086
05104548	02563068
05105265	00475996
05108947	00153263
05109808	00151689
05110185	00158503
05110185	01975912
05110408	01975912
05111835	00151689
05111835	00432683
05112609	02335828
05112609	02669789
05113133	02336449
05113462	02024411
05113462	02027003
05115040	00013887
05115040	02715279
05115804	02024143
05115804	02026785
05116953	00016756
05117660	00933566
05117660	01531375
05117660	02510337
05118251	01533120
05119837	02356704
05121418	00235918
05121418	00637259
05121418	00946755
05121418	00948071
05121418	00948853
05122099	02644234
05122099	02645597
05123416	02685951
05123416	02687916
05123760	01033527
05124057	00233335
05124057	00235368
05124057	00947077
05124928	00428583
05124928	00428870
05125377	02527085
05125377	02690384
05125377	02727039
05125377	02992070
05127959	02685390
05127959	02688403
05131283	01974062
05131647	02614945
05133535	00317888
05134880	00690058
05136343	02560548
05137165	02385102
05137557	01206474
05138208	02584981
05138488	00681429
05141222	02500884
05142180	01123148
05142641	02290461
05142641	02290956
05143690	00205046
05143690	00205885
05143690	01106864
05144079	01125429
05145118	02702508
05145891	00933154
05146471	01204803
05146739	00934199
05147237	00934199
05147586	02024143
05147940	01865197
05147940	01867295
05148699	01158872
05149325	02670890
05149695	01195536
05150129	02123812
05150588	02497141
05151088	01834304
05151869	10509389
05151869	10509605
05152696	10196965
05153520	00510050
05154908	00082081
05154908	00206998
05154908	02547586
05154908	02555434
05154908	02735897
05155123	02590072
05155821	00064479
05155821	02513268
05157574	02290461
05157866	01870889
05160574	01943406
05160796	00064479
05160796	00995119
05161150	00177186
05161614	02513460
05161967	00996448
05162217	00177963
05162455	00233335
05162455	00235368
05166072	01160031
05166805	01817500
05166805	02782815
05167237	00156101
05167618	01818234
05167618	09999795
05168261	00655779
05168261	01275562
05168261	02161432
05169242	02645839
05169813	02161432
05171045	00055539
05171045	00900616
05172596	01279978
05172596	02164402
05174653	02519991
05176188	02449847
05176477	02255268
05176477	02255462
05176607	00803325
05176607	02479154
05178715	02453692
05181199	01029500
05186306	02461314
05186306	10672662
05186306	10672908
05190106	01192510
05190804	01825671
05191486	02645597
05192451	01343918
05192451	01821423
05192451	02678663
05194043	01875295
05194043	02586121
05194151	00776523
05194151	02536557
05194578	00747418
05194578	01350449
05194578	01650425
05194578	02504562
05194874	01821132
05195362	00765649
05195362	02504562
05195362	02581073
05196375	02441022
05196582	02539334
05197797	00751887
05197797	02441022
05198036	10388440
05199869	00838856
05200169	00001740
05200816	01835276
05202034	00189580
05202284	00952182
05202497	00306314
05204637	01824751
05204637	01827535
05205340	01344963
05207130	01017738
05207570	00307474
05207963	00835609
05209324	01007354
05209324	01415605
05209822	01498769
05211044	10191943
05217168	02897524
05217168	09792237
05217688	00727573
05217688	02698944
05217859	02698944
05218119	02673139
05222591	01277431
05228496	02693895
05229805	00357332
05238036	01486312
05238282	01309478
05240211	02876088
05244934	00492410
05244934	01537409
05246511	01580928
05246511	02079525
05246511	02329292
05249420	01292169
05249636	02744651
05250659	01435380
05250659	01933900
05254795	00212173
05256862	00038849
05256862	10155849
05257737	01030022
05257737	01223616
05258299	01223833
05259240	00039488
05259240	01223616
05259512	00143914
05259512	01387656
05259512	01519569
05260533	01754421
05268965	00991838
05268965	01194938
05269901	05277728
05271383	02646072
05275905	02877910
05277728	05269901
05277728	14757848
05278152	02996605
05283498	01257173
05283498	01258091
05289601	01387786
05291010	01449427
05294606	00027705
05299178	02107248
05301072	01432353
05301072	01734300
05301072	02842445
05301908	01040707
05301908	01432474
05302499	00941990
05302499	01040707
05302499	01432474
05304932	01175224
05307091	02677861
05307773	00331082
05309725	02996605
05311054	02167052
05311054	02869563
05311054	10380305
05313822	00008055
05316025	02167052
05327767	00069295
05329735	02915055
05393023	02647497
05395286	05395548
05395548	04519153
05395548	04519536
05395690	02733187
05397468	02851001
05399847	00247439
05402091	00368367
05402091	00457998
05402091	00458276
05404336	00052548
05404336	00055010
05405324	00066977
05405751	00067545
05407119	02915055
05416198	00101956
05416198	00102791
05416678	00102974
05417472	00097179
05417472	02851709
05436752	02734192
05457973	00062397
05479314	02877704
05480076	02822055
05497741	00319534
05517837	00379774
05520699	01830946
05524615	02933304
05529286	02603540
05529286	02603673
05534333	01590747
05539454	01400856
05546040	01201089
05548840	01239359
05549061	01239359
05551711	02860389
05553486	01424456
05555917	00257535
05556595	02840935
05556943	00132385
05556943	02733187
05556943	02934594
05557839	01718867
05558345	02934594
05559256	00131426
05563266	01906322
05564590	01211098
05564590	02230772
05565548	10252921
05565696	01210737
05566504	00924431
05566504	01209678
05566504	01209953
05567217	01209953
05573895	02726017
05576573	02034986
05578095	01751545
05578442	02713097
05578442	02713218
05578911	01608122
05579944	01239494
05579944	01873942
05579944	02707429
05580929	01232387
05580929	01365131
05580929	01625666
05582859	01530431
05588174	02884456
05595083	02354287
05598147	02125223
05600637	02877704
05601198	02877704
05601357	00028565
05601758	02630189
05603160	01201089
05603650	02723904
05604535	02851001
05611302	00609506
05611822	02392762
05612809	00423702
05612809	02358034
05613962	01872745
05614476	02167052
05614657	00589309
05615500	01898129
05616246	00001740
05618056	01779986
05618056	02898750
05621808	00393227
05623628	02527085
05623628	02741149
05623818	02163746
05624042	02474239
05624700	00643250
05625465	01636397
05629682	02859053
05632272	01635432
05632446	01637368
05633385	01632411
05633385	01638368
05633385	01639714
05634219	01634142
05634219	01635056
05635188	01941093
05635188	09826204
05635448	01145766
05635624	00220869
05635624	01087197
05636048	10339966
05636048	10340312
05636171	09616573
05636402	10693459
05637106	02169119
05637558	00597915
05638063	01658762
05638063	09974648
05638063	09975425
05638374	10185793
05638778	09841188
05639556	10368920
05639832	10294602
05640184	01097031
05640184	10622053
05640339	10085217
05641959	00597385
05641959	00597634
05641959	02510337
05642175	00061262
05643190	02809220
05643190	10696251
05644727	02269143
05644727	02357228
05644727	10043643
05645199	00609100
05645597	00439588
05645597	01336587
05648459	00063277
05648459	01140514
05650579	02170427
05650820	00963570
05651399	00604576
05651399	00610010
05651399	02005756
05651680	00632627
05651680	00634472
05651680	00772189
05651971	00272391
05651971	02106006
05651971	02155248
05652593	00698398
05652926	02102484
05652926	02103481
05654362	02163746
05655119	02127358
05656537	02129289
05656537	02129709
05657718	02169702
05658226	02191546
05658226	02192992
05658226	02194286
05658226	02194495
05658226	02395115
05658226	02868916
05658603	02123672
05658603	02124748
05658826	02125223
05658985	02870453
05660937	02945971
05662532	02265231
05662876	02553697
05663671	02511551
05665146	10696251
05666700	01722980
05670972	02577061
05672391	02617933
05674584	00406243
05674584	00407848
05675130	00570590
05675905	00190115
05675905	00594621
05675905	01977155
05677340	00715239
05677504	00272391
05677952	00117385
05677952	01977155
05678745	00018526
05678745	00018813
05678932	00571643
05679611	00191603
05681117	00014742
05682570	00729378
05682950	00600724
05682950	01821423
05682950	02678438
05683390	00784874
05683390	01630903
05683390	02169119
05683582	00435492
05683582	00621734
05683582	01684133
05684003	02159741
05684440	01764171
05684561	02157731
05684561	02162434
05685030	00518653
05685030	00621734
05685030	00622384
05685030	00940214
05685030	01791232
05685030	01831308
05685538	00518653
05685538	00622384
05685879	00402831
05685879	01521124
05687338	02507736
05689249	00908099
05689249	01085474
05689249	02451370
05689249	02557199
05689801	00885217
05691376	02557199
05692419	00701040
05692419	00947077
05692758	00763713
05692910	02536557
05693919	02556126
05694232	01304944
05694791	00782527
05694791	01807529
05695232	00519854
05695232	00782527
05695232	02577877
05696020	00456596
05696020	00456740
05696425	00162688
05696425	02257767
05696425	02258617
05696425	02405390
05697363	00338817
05697976	00721098
05698247	00687295
05698791	00687926
05698982	00647070
05699434	02640440
05699434	02706046
05700087	00600370
05700087	00601043
05700087	01783394
05700401	02170861
05700401	02538365
05701363	00341285
05702275	02170427
05702726	00163592
05702726	02571901
05703429	00732552
05703429	01020005
05703429	01059123
05703429	02118933
05703429	02154508
05703429	02169352
05703429	02455407
05703956	00724492
05703956	02571901
05704096	02170427
05704266	00600370
05704266	00601043
05704266	00722232
05704694	00722232
05704694	00731789
05704694	02676496
05705184	10631941
05705184	10632576
05705355	00704388
05705722	00091311
05706629	00616153
05706629	00616857
05706629	00800930
05706954	00614999
05707146	00614999
05707269	00615421
05707269	00615774
05708432	00591519
05710210	01744111
05710210	02193194
05710573	01058574
05710860	02129289
05711915	01501113
05711915	01502195
05712076	02106006
05713737	02123672
05713737	02124332
05713737	02124748
05713737	02125641
05714161	02125223
05714161	02125641
05714466	00043480
05714466	01052248
05714466	02125641
05714466	02126382
05714745	02126686
05714894	01053144
05714894	02124106
05715283	02191546
05715283	02194286
05715864	02191766
05715864	02193974
05715864	02194138
05715864	02194286
05715864	02194495
05716577	02337667
05716577	02368336
05716744	02196690
05717342	02196214
05718254	02135048
05718254	02179518
05718254	02180529
05718556	01501113
05718935	01504625
05718935	10339966
05718935	10340312
05720248	00567604
05720248	02172888
05721500	02106006
05721990	02869097
05722208	02870453
05722427	01209678
05722427	02127358
05722868	02122983
05722868	02123298
05723417	01431987
05723417	02120140
05723563	02119874
05723563	02121188
05724694	00070816
05725269	02123424
05725527	00371264
05725527	00372665
05725527	02333358
05726345	00404222
05726596	00404642
05726596	00480969
05728678	00704690
05728678	00709625
05728678	01638368
05731568	00657016
05731779	01657641
05731779	02025009
05731779	02689882
05732756	00654625
05732756	00657260
05732756	00739662
05733090	00656292
05733583	00681429
05734018	00826509
05734018	00855512
05734381	00851933
05734559	00726300
05734559	00740053
05735478	00726300
05736149	00660971
05736149	00681429
05736593	00694866
05736593	00695761
05736736	02351010
05737153	00657550
05737153	00657728
05737153	00658052
05737153	01112364
05738625	00661824
05747582	00315810
05747582	00316195
05747582	00682781
05747582	00696189
05748054	00650016
05748054	02193765
05748285	00119074
05748285	00650353
05748285	00651991
05748786	00661213
05748786	00730499
05748786	02666882
05749402	00651759
05749402	02698178
05749619	02868326
05750027	09956387
05750163	01687569
05750163	10155849
05751173	10075899
05752544	00597915
05752544	02210855
05753564	00603298
05753564	10045454
05753954	00729781
05755156	00604576
05755486	00299580
05755486	00482893
05755883	00599992
05755883	00607114
05755883	00607405
05756203	00349951
05756414	01022420
05757049	00602255
05757049	03139749
05758059	02110220
05760202	00604576
05760202	00607780
05760202	00611256
05760202	00611802
05761380	00607780
05761559	00607780
05761559	00611055
05761918	00607780
05761918	00609683
05761918	00611256
05761918	00611481
05761918	00611802
05761918	02620724
05762149	00609506
05762258	00634090
05762998	00610374
05762998	00618878
05763412	00652346
05763412	01026095
05763916	00713167
05764197	00713167
05764365	02660631
05765415	00836236
05765415	02806907
05765901	02699141
05765901	02723733
05766247	00623151
05766247	00938247
05766247	01732172
05766984	01686956
05766984	01688256
05766984	01688771
05767733	01635432
05767733	01636397
05768415	01635432
05768415	01636221
05768553	02118242
05768806	01637633
05769314	02694247
05769471	01637633
05769471	02418205
05769726	01637633
05770391	01317533
05770926	00608808
05770926	00628491
05770926	00739082
05770926	00739340
05772044	00143704
05772215	01633343
05772215	02983097
05772356	00632627
05772667	00644583
05773049	00772189
05773923	00633443
05774129	00111129
05774129	00112628
05774129	00636574
05774129	00644066
05774129	00944924
05774415	00636441
05774415	01022420
05774614	00636574
05774614	00944924
05774614	01022420
05775081	00917772
05775407	00917772
05775407	00918312
05775407	00926702
05775407	01881696
05776015	00871942
05776015	01636993
05776679	01315140
05776679	10770891
05777439	02910789
05777830	02107817
05777830	10395209
05778131	09817816
05778749	00139586
05779116	00653449
05779116	10685123
05779371	00633443
05779712	00631737
05779712	00633443
05780718	00636574
05780885	02634808
05780885	02635189
05780885	02636132
05781145	00593669
05781145	01022420
05781347	00632236
05781800	00643473
05782140	00643473
05782884	02193612
05783041	00640385
05783041	00733250
05783357	00521874
05783940	00112628
05783940	00644066
05783940	10687231
05784242	00628491
05784242	00703512
05784242	00704388
05784242	02166460
05784560	02863247
05784560	02863464
05784831	00689344
05784831	00813044
05784831	02130300
05784831	02166460
05785067	00812580
05785067	00813044
05785067	00872886
05785067	00950431
05785311	00646271
05785311	00649481
05785508	00630380
05785508	00703875
05785508	00704388
05785508	02418872
05785885	00630380
05785885	00704388
05786184	00704388
05786372	00607780
05786372	00608808
05786372	00628491
05786372	00629738
05786372	00723056
05786372	00739082
05786372	00739340
05786372	01637166
05787005	00644583
05787005	02531625
05788029	00696414
05788149	00697589
05788149	00698855
05789432	00648977
05789432	00670261
05789432	00672433
05789808	00121678
05789808	00799798
05790012	00654015
05790012	00688768
05790242	00676450
05790572	00796976
05790572	02502916
05792010	00044353
05792842	01632411
05793210	00633265
05793554	00636888
05794403	00894738
05794694	01638368
05795044	01021629
05795460	00795632
05795460	02498320
05796423	00926472
05797597	00648224
05797597	00877327
05798043	02532595
05798569	00663160
05798569	02520997
05799212	01195299
05799581	02532261
05800611	00785962
05800611	00788564
05800998	02458747
05800998	10451590
05802185	00637259
05802185	02265231
05802185	02907473
05802730	00642644
05803212	00563824
05803379	00672433
05803938	00631737
05803938	00916909
05804136	00918746
05804274	00672017
05804274	00695475
05804491	00671335
05804491	00673766
05804491	00695761
05804793	00594621
05805277	00720808
05805475	00588221
05805475	00588888
05805475	00591115
05805902	00588221
05805902	02106506
05806623	00588221
05806855	00588221
05807306	00630223
05807540	00591115
05808102	00933821
05808218	00598954
05808218	00721437
05808218	00918872
05808218	01637982
05808218	02128066
05808218	02154508
05808794	00625119
05811884	00864910
05811884	01774426
05812038	00722232
05812038	02676496
05813229	01775164
05813229	01775535
05813229	01828736
05813626	00610538
05814291	02645839
05814291	02817339
05816287	00831651
05816790	00772640
05816790	00922867
05817145	00901103
05817845	00946105
05817845	00956250
05818741	00732552
05818741	02118933
05818741	02154508
05818741	02169352
05818741	02455407
05820170	02677097
05820462	02809220
05820620	01021128
05820620	02155493
05820620	02723733
05821486	02712443
05821775	01195299
05822612	01195299
05822746	00734054
05822746	00950431
05822746	01018928
05822746	02166460
05823054	00894738
05823054	00896141
05823932	01015244
05825245	00662589
05825245	00664483
05825245	00665886
05825245	01012073
05825245	02533282
05826291	00664788
05826291	00667224
05826291	01012561
05826469	00667747
05826469	00814850
05826914	02001858
05827253	01646866
05827253	01759326
05827684	00503164
05827684	00770437
05827684	00794079
05827684	02116118
05828102	01762528
05828263	01808626
05828552	00787660
05829782	01190948
05829782	01813499
05829782	01815628
05830059	01787955
05830059	01791535
05830059	01792567
05830059	02507736
05831784	01787955
05831939	01789514
05832264	01765908
05832264	01766748
05832264	01767163
05832264	02678438
05832745	00750532
05833371	00748282
05833840	00607780
05833840	00608808
05833840	00629738
05833840	00631737
05833840	00689344
05833840	00723056
05833840	00739082
05833840	01636397
05833840	01637166
05834758	01738597
05835162	00630380
05835747	01633343
05836275	01633343
05836921	01783394
05837370	00783042
05837957	00648977
05838176	00697589
05838176	00699815
05838176	00763399
05838765	00657260
05839024	00654625
05840188	00618682
05840188	02699141
05840650	00123170
05844105	01666894
05844105	01687569
05844105	10155849
05845140	01621555
05845140	01654628
05846054	02511551
05846355	00233335
05846355	00235368
05846932	00981083
05849284	00199309
05849284	00956687
05849284	02697950
05849789	02630189
05850823	01505254
05850823	01807882
05853449	01990281
05853636	02170427
05854150	00011757
05854150	00692329
05854150	00734587
05854812	00829107
05855125	00489837
05860200	00246217
05860200	01734502
05861067	00949288
05861067	02645007
05864177	02662297
05867413	01563005
05868477	00352826
05868477	02609764
05868477	02735418
05868954	00733250
05868954	02621244
05869857	00367685
05869857	00368109
05870180	00193486
05870180	01461328
05870180	01657828
05870615	01429953
05888929	10706812
05890249	01722980
05890249	01743784
05891572	01632103
05891572	01701634
05891783	00633443
05892096	00632236
05892096	00917300
05892651	00755745
05892651	02627934
05893356	00632236
05893653	00619869
05895138	00932798
05895138	09899929
05895723	00617748
05895723	00619869
05896059	01635432
05896059	01637368
05896733	02117649
05898171	01830965
05898568	00704690
05898568	00795264
05898568	01638368
05902327	01683582
05902327	01743784
05905152	02369390
05905348	10661563
05906554	02527431
05906554	02576921
05907682	00708128
05908520	00706975
05908520	00707956
05908520	01651444
05908882	00706975
05910453	01638368
05910940	00678282
05910940	00794981
05913275	01022906
05913275	01426077
05916306	00927711
05916306	00930806
05916739	00715239
05916739	00721098
05916739	02747667
05917174	01846413
05917477	01642924
05919034	00921072
05919866	00931852
05919866	00955148
05920791	00929839
05920791	00932636
05920791	02634808
05921123	02378183
05922651	01026975
05922949	02676054
05923696	00624967
05923696	00692907
05923983	00694068
05924519	01778017
05924519	10415230
05924920	00467717
05925366	01021128
05926358	01872745
05926676	00772967
05926676	00836236
05927586	00656292
05927813	00708376
05927813	01632103
05928118	01635432
05928513	00623151
05928513	00938247
05929008	00849788
05929008	01723690
05930736	00142191
05930736	00701040
05930736	02712243
05933246	02150948
05934278	00514069
05935060	00604576
05936381	01635432
05936381	01636008
05936704	01635432
05937112	01021128
05937112	01743784
05937112	02723733
05937524	02699141
05938795	01743784
05939432	02133435
05940414	00311113
05940414	00312990
05940869	09758424
05941423	00683280
05943066	00688377
05943066	02464693
05943300	00605086
05943300	02858231
05943300	10425946
05944958	00592702
05944958	00719734
05944958	00755745
05945508	10515194
05945642	00631737
05945642	00690614
05946687	01783158
05946687	09629065
05948264	09982370
05948857	02863247
05948857	02863464
05949937	00680145
05949937	01634011
05950733	00884317
05950733	01811441
05950733	01826723
05951323	00720063
05951566	00733454
05951566	01782432
05951969	10306279
05952979	00633443
05952979	10706812
05953416	01472807
05953416	01657254
05953416	02739861
05958208	09756637
05959954	03057075
05960464	00963283
05960464	00980908
05961429	10065066
05961867	02730304
05962043	10116246
05964098	10217038
05965195	10346015
05965388	09791816
05965586	10390199
05965933	10002031
05966129	00702773
05966129	00702969
05966129	00703310
05966129	10080508
05967097	10515194
05967191	10191388
05967402	10191388
05967773	10084635
05967977	10625860
05968450	10370381
05968971	00069531
05969194	09808080
05970755	10071557
05971086	10080508
05971394	03065516
05971394	10080508
05971621	02730304
05974564	10439629
05974564	10509161
05976257	10577820
05977340	09848285
05978159	01629958
05978472	01527877
05978472	10072054
05978623	01041762
05978623	01629958
05978812	00383275
05978812	02910789
05978812	10625860
05979350	00776988
05979454	00776988
05979454	01817314
05979595	01046006
05979595	10552486
05980256	09820044
05981230	00708980
05981230	01150559
05981768	00709379
05981768	00746479
05981768	02735418
05982152	00698572
05982152	00708538
05982152	00708980
05982152	01633825
05982152	01638368
05982915	00724492
05983654	00698398
05984287	00603298
05984287	10045454
05984584	00121046
05984584	00596644
05984584	01771535
05984584	02108026
05984936	00159880
05985999	10055566
05985999	10557854
05986395	00991385
05986948	01131473
05987835	00991385
05988097	01817755
05989479	10706812
05993367	02782815
05993367	10456138
05996646	00599992
05996646	00607405
05996646	03061081
05999797	10560637
06000644	10301261
06013741	00637259
06014730	02909168
06015505	00642980
06018465	10652954
06021761	00639998
06021761	02527294
06021761	02645389
06022291	02661252
06031248	00713996
06031248	02658979
06031248	02704461
06032246	00713996
06032246	02658979
06032246	02704461
06037298	09855630
06037666	02665803
06037666	09855630
06043075	00084230
06043075	02607455
06046692	09831411
06048552	10384610
06050901	10154013
06052864	10354265
06053439	10369699
06054446	10379073
06054700	10041195
06054892	10421753
06055300	10421470
06055946	10488016
06056923	10489944
06057539	09792237
06061631	09828760
06062407	10504206
06062842	10059323
06063588	01169194
06066555	00645415
06066555	09868270
06070929	02906478
06072275	10059904
06072476	10254761
06073494	10384214
06073888	10394786
06075527	02734192
06075527	10126424
06077413	10170359
06077648	10313580
06078978	10354265
06079620	09854915
06080522	10429965
06084469	10421470
06090869	10428004
06097775	09819291
06098195	02703438
06098195	09819667
06102476	01680836
06106502	02835887
06117562	10128519
06117855	02949511
06118563	10312287
06121554	10460286
06122178	10127555
06125041	02809692
06125041	09615807
06125698	10312077
06135915	10012484
06136258	10488865
06139491	10489426
06139764	02660651
06143154	10619642
06143546	09796323
06144081	09804806
06147873	00135013
06150633	02217266
06152821	10693824
06153186	03018498
06153186	10693824
06156346	00277399
06157326	10415638
06158185	10383689
06158346	00630026
06158346	02858231
06158346	10423589
06158346	10425946
06159473	10065066
06160244	09899929
06161223	00069531
06161718	10225219
06161718	10227985
06163751	10269785
06168855	00634286
06169050	02377418
06170498	10380672
06171040	02842445
06171040	10264437
06171040	10423225
06172502	02706691
06172502	09981540
06172789	10264437
06176107	10141364
06176322	10141364
06177033	10426454
06178042	02949931
06179792	10577820
06182144	10705615
06185748	02478059
06189551	10318414
06193727	00686447
06195839	01779986
06195839	02898750
06196284	00670991
06196584	00680841
06196584	02719399
06197664	01026975
06199142	00594058
06199142	02374914
06199702	00699815
06199702	00947077
06200010	00350461
06200344	00065184
06200344	00679389
06201042	00864159
06201136	10059582
06201136	10402086
06201908	00680145
06201908	00680346
06201908	01085677
06201908	02513742
06206800	02457233
06207199	00689950
06207561	01778017
06207561	01778568
06207561	02011810
06208751	00690614
06208751	02130300
06210363	00670991
06210363	02611373
06210363	02702120
06211078	00680485
06212650	09957834
06212839	10197392
06213688	03139045
06214379	09904837
06214580	10619176
06214744	00408852
06214744	00409281
06214744	02874876
06214744	09945319
06214744	09945603
06216160	09957156
06217103	02533748
06217103	02533907
06217944	10079893
06220616	00298041
06220616	10618848
06223468	02826443
06223468	09820044
06223669	09848110
06226057	00411009
06227263	00386566
06229853	02952975
06229853	09889346
06231191	10067011
06232880	02922448
06234825	02923510
06235829	10282014
06243096	09848285
06245816	00777391
06248214	10063177
06248968	10688356
06249177	10661563
06251781	00973056
06251781	02079933
06252138	00740577
06252138	00742320
06252743	00740577
06252954	00928630
06252954	02296153
06253371	02043190
06253518	00968211
06254007	00968211
06254007	00973056
06254239	00994076
06255354	00973056
06255354	00973728
06256229	02153023
06256229	06413889
06256697	00949093
06258680	00949093
06259898	02079933
06260121	01435380
06260121	01933900
06260121	02079933
06261260	00743344
06262567	01002740
06262567	01711965
06264398	01031256
06264398	01437888
06264812	01032127
06266417	10224578
06268567	09939154
06268784	02631659
06271778	00790703
06272290	00789448
06272290	10698064
06272803	00789448
06274921	10697519
06275095	01007222
06275634	01437888
06277280	00969506
06278136	02176268
06278136	02180529
06279326	01032451
06286395	00980453
06290637	00931852
06294441	01697986
06300193	00176137
06300193	02627753
06304671	00979988
06304671	01563336
06308049	01298283
06316048	00980453
06316048	02937108
06320801	00171127
06321054	00227165
06321702	02936020
06324475	00947077
06329313	00060477
06333653	00652346
06333653	00947439
06333653	01024190
06333653	01028748
06337693	01028640
06343520	01029500
06343971	02694287
06344461	00976224
06344461	02332445
06346681	00727791
06347588	02323870
06347588	02332311
06348500	07094355
06349597	00995103
06353445	00937879
06353445	01699896
06353934	00994076
06355307	00994076
06355894	00994076
06364149	00995838
06364149	01700934
06366581	00135285
06366581	00624263
06367107	01635176
06367373	00116619
06367373	01635176
06367879	10363573
06371267	01037910
06371267	02534492
06371413	10075529
06372095	00624263
06372095	02996904
06372095	10075529
06373747	00485609
06373747	02487718
06373747	02526934
06376154	00988287
06376154	01701311
06376154	10030277
06377133	00955601
06378298	09980090
06379568	01703326
06379568	01802219
06381372	01703613
06381869	01701858
06381869	01702514
06381869	10528493
06382590	00954137
06384708	01702514
06389230	01548718
06389553	01494310
06392935	00885082
06397307	00953216
06397903	00901799
06398401	01620854
06398401	02609764
06398401	02610628
06398401	02735418
06399631	01328705
06399995	01699539
06399995	01699700
06399995	02469443
06400510	00677021
06402031	10011486
06402565	01004692
06403969	10564660
06404147	01747203
06404582	00996485
06405198	00997794
06409562	10064405
06410391	00855512
06410776	01058574
06410904	06413889
06413889	02870092
06413889	06256229
06413889	07009946
06413889	10395605
06414727	00407146
06414727	00605783
06416206	00652622
06416206	01626844
06417598	00877083
06420781	00960961
06420781	00961329
06425065	00235918
06425065	00946755
06425065	00948071
06425065	00948853
06427831	00200397
06428216	00200863
06428216	01549187
06428216	01549420
06428646	01548718
06428792	00995838
06428792	00996102
06428976	00996102
06429145	00961736
06429316	00961736
06430996	02926519
06431740	02854521
06431740	02854747
06447897	02144243
06455990	00759944
06467007	01007924
06467445	01007924
06467445	02752695
06468123	00243900
06468123	00244416
06468123	00244625
06468951	01006421
06468951	01008288
06468951	01008437
06469377	00696414
06469377	01008903
06469694	00646542
06469694	01006421
06469694	01007924
06469874	02752695
06470073	00666510
06471345	00804002
06471345	02262139
06471345	02444662
06471345	02447793
06472242	00818553
06472242	00819508
06473381	00187526
06477371	00663894
06479665	00991151
06481320	00945853
06481320	00946755
06481320	02472223
06482401	00946105
06483454	00658052
06487897	00652622
06487897	01626844
06490887	00946105
06490887	00946755
06490887	00948853
06491786	02354112
06495328	00794981
06497459	00279239
06497459	02330967
06501141	02445356
06503724	01000214
06504462	01020934
06505517	09964805
06506757	00610538
06507041	01001857
06507041	02471690
06507041	02472033
06508816	00869931
06508816	01001643
06508816	01001857
06510977	02896789
06511560	02382367
06511874	00698855
06511874	00699626
06511874	01021420
06512580	00765396
06513366	00753428
06513366	00754731
06514093	01001136
06514621	00634286
06515827	09855433
06516955	02265231
06516955	02320374
06520222	00662485
06520222	00892698
06520944	00888786
06520944	02409941
06522501	02208537
06522501	02460619
06523132	02208537
06523132	02208903
06523132	02460199
06523132	02460619
06524935	00707624
06524935	02919275
06525588	02474780
06526291	09935434
06526291	10402417
06528783	00672433
06528992	00672017
06528992	00695475
06529219	00745499
06533648	02353201
06535222	02466670
06536389	00959827
06539770	00715868
06539770	00746718
06539770	00747135
06539770	01027508
06540863	02314275
06542047	00795863
06542047	00796392
06542047	02493666
06542267	00460900
06542830	00796839
06544142	02229055
06544432	02465297
06546633	09962612
06547832	01215137
06548498	00161225
06548498	00161987
06549661	00802318
06549661	00802946
06549661	02444662
06551627	02445356
06552639	00905677
06552814	02316304
06554981	02273293
06556481	00751389
06556692	00791134
06556692	01438681
06556692	02582042
06558088	00795863
06558277	00791134
06558678	02498716
06559365	01016316
06561942	00843468
06561942	00844298
06561942	00869931
06562802	00807941
06562802	01016626
06562993	00814850
06571301	01315333
06575932	00959827
06582403	03103198
06588326	01002297
06589574	00967625
06589574	01744611
06589574	01745722
06590885	00628302
06590885	01752316
06593099	00244625
06593099	00590924
06593099	01626138
06593099	02304982
06596978	00967625
06598445	00599992
06598445	00607114
06598445	02152812
06598746	02152278
06599788	02817339
06600684	00780575
06601327	00931852
06601327	00932324
06601327	00932636
06601327	00955148
06602935	00931232
06605396	00908672
06605897	00708980
06605897	00955148
06606191	00401688
06607339	01497736
06608143	01036804
06608728	00776846
06608977	00464962
06609503	01036804
06610143	01037650
06610143	01065630
06610332	01037650
06610992	01036804
06610992	01051956
06611376	00839526
06613056	01015866
06613056	01023259
06613056	01024190
06613056	01705257
06613686	01002740
06613686	01711965
06615561	01505254
06615561	01807882
06616806	01002297
06619065	02148788
06619428	00968211
06619428	00973056
06620063	00973888
06621447	02797021
06622709	01007222
06626446	00893878
06626446	00894221
06628861	00592883
06628861	00892467
06628861	01059123
06630017	00899597
06630627	00902932
06632097	00898019
06632097	00992518
06633041	00899956
06633041	00900214
06633363	00894738
06633363	01631830
06633692	01822248
06633896	00881998
06633896	00883847
06634095	02237338
06634239	02237338
06634376	00831651
06634960	00834009
06636806	00700336
06636806	01745141
06637350	00563552
06637350	00700896
06643408	00820976
06643408	01015244
06645039	02091410
06646243	00932324
06646243	02118476
06647206	00612042
06647206	01000214
06648207	01014821
06648207	01015244
06648724	00772640
06648724	00878136
06649567	00763399
06649915	00820352
06649915	00820611
06649915	00820976
06650070	00665886
06650070	01012073
06650431	00665886
06650431	00820976
06650431	01012561
06650431	02663340
06650701	00872886
06651577	00873469
06651577	00927430
06651577	02439732
06651577	10712835
06652242	00715868
06661562	02538765
06663940	00747135
06663940	02587084
06666829	00527034
06667317	00481739
06669864	02633534
06671637	00875141
06671637	00882948
06672297	00870577
06672297	00871195
06674542	10482921
06677302	01745722
06677302	01747945
06678302	01745722
06678302	01747945
06681551	00965035
06681551	00967098
06681551	01068134
06682494	00424691
06682794	01955127
06684383	00887463
06684572	01013040
06685198	00888009
06685198	02235842
06685198	02296153
06685456	00890100
06685456	00891936
06686174	00889555
06686174	00890100
06686174	00890590
06686174	00891936
06686736	00803815
06686736	00882948
06687178	00673983
06687178	00803815
06687178	00806502
06687358	00802318
06687358	00806502
06687358	02447793
06687358	02479154
06687701	00806502
06688274	00727143
06688522	00612042
06688522	00882802
06688913	00900214
06688913	01175467
06689125	02585360
06691083	00803325
06691684	00861725
06691684	00861929
06691989	00034115
06691989	00861929
06692572	00858568
06693198	00856824
06694149	09617161
06694540	00882948
06694796	00956687
06695579	00880227
06695862	00768778
06695862	00880227
06696025	00768778
06696483	02261888
06696483	02546075
06702458	02893338
06705984	00698732
06706125	01023071
06706317	01023071
06706676	02547046
06706676	10305062
06709692	00864159
06709692	00906735
06709692	02149302
06709998	00823669
06710546	00647542
06710546	00826509
06711159	00862683
06711855	00823669
06711855	00824066
06711855	00824767
06712325	00827730
06712325	00828374
06712833	00824292
06712833	00824767
06713187	00824292
06713187	00825975
06713930	00824767
06713930	00990008
06714288	00824292
06714420	00824066
06714697	01728840
06715223	00845299
06715223	00847870
06715223	00848420
06715638	00852922
06715786	00851933
06715927	01774799
06716234	00801782
06716234	00849080
06716234	00850192
06716483	00032539
06716483	00032778
06716796	01800422
06717170	00845909
06717170	00855933
06717170	00864475
06718434	00864475
06718543	00846509
06719404	00908977
06719579	00846509
06719579	00848169
06719974	00847158
06720216	00846509
06720216	00847870
06720216	00848169
06720371	00847683
06720600	00846509
06721461	01793742
06721604	00847870
06721949	00816143
06722186	00201407
06722453	01009240
06725067	01018928
06725877	01010118
06726158	00965871
06726158	00978173
06726939	00861560
06726939	00977336
06727616	00971650
06729499	01011031
06729499	01016778
06729864	02275365
06730563	00756338
06730780	00843468
06731510	00878136
06731802	00981083
06732013	00981083
06732013	01632411
06732581	01012073
06732710	01014821
06732925	00818553
06733227	00716758
06733227	00931232
06733939	00954422
06733939	01015244
06734467	01014821
06736405	01014821
06737112	02300060
06737394	02300549
06738162	00980453
06738281	00965035
06740183	00894738
06740183	00896141
06740183	00896803
06740183	00902424
06740402	00770437
06740402	01645601
06740644	00895304
06740644	00896141
06740644	00904690
06740919	00894738
06740919	01631830
06740919	09798534
06741099	00893741
06741305	00893167
06741305	00893435
06741305	00893741
06741305	00894738
06741305	00905852
06741728	00198850
06741728	00906037
06742173	00955601
06742426	00955601
06742426	01001294
06742772	00630026
06742932	00828374
06743230	00828374
06743362	00925873
06743362	00939277
06743506	00634906
06743506	00636279
06744000	00960961
06744000	00961329
06744154	00251791
06744154	00634286
06746005	00815686
06746580	00965871
06746580	00977336
06747670	00873682
06748969	00917772
06748969	00926472
06749729	10312287
06749881	00712135
06749881	00871942
06749881	00917772
06749881	00926472
06750154	01881696
06750154	02107588
06753299	00716758
06753800	00632236
06753800	00717208
06755568	01018928
06756407	00202236
06756407	00835903
06756407	02461723
06756680	00809654
06756831	00834259
06757057	00835294
06757891	01634424
06757891	01635176
06757891	10075529
06758225	00836705
06758225	02575082
06758225	02576921
06758835	00434077
06758835	00839834
06759063	00841125
06759349	00838043
06759349	01849288
06759974	02642814
06760722	02575723
06761099	00835506
06761603	00809654
06761798	00808671
06761798	00810385
06762380	00199309
06762711	00961329
06762711	00961586
06762711	01033189
06762711	01058574
06763273	00961329
06763273	01020005
06763273	01020934
06763273	01704953
06763681	00727791
06763681	01015866
06763681	01023259
06763681	01024190
06763681	01059123
06763681	01705257
06764244	01704953
06765044	01020005
06765044	01058574
06766190	01020005
06766190	01024190
06767035	00732552
06767035	02118933
06767035	02154508
06767035	02169352
06767035	02455407
06767693	00851933
06767777	00853958
06767777	00953923
06767777	01058880
06767922	00850192
06768901	00958334
06769032	00135578
06769238	00135013
06769392	00617748
06769670	01746839
06770275	00764222
06770875	01018928
06773150	00885217
06773976	01647867
06776138	01264336
06776138	10191943
06777164	00852685
06777164	02079029
06777164	10552742
06777794	00855295
06778102	00031820
06778102	00105554
06778102	00853633
06778102	00853958
06778102	10117267
06778102	10224098
06778925	00029836
06780069	00849788
06780069	09896170
06780309	00849939
06780309	00852685
06780309	02873654
06780309	10400998
06780678	01693727
06780678	09898346
06781383	00105778
06781581	01702331
06781581	10493093
06781878	02669081
06782019	01027668
06782680	00631737
06782680	00633443
06782680	00672433
06782680	00689205
06782680	00916909
06782680	00921072
06782680	00927049
06783598	00672433
06784639	00622384
06784639	01831308
06785223	00623006
06785223	00742051
06785367	00620379
06785367	00622384
06786629	02981759
06787037	02000288
06787150	00990812
06789411	03057075
06790042	00963283
06790042	00980908
06791372	00867231
06791372	00921300
06791372	00922438
06791372	00924612
06791372	00932324
06791372	01039330
06791372	02296984
06792645	00973056
06793426	00977153
06793426	00991683
06793426	00991900
06793426	01570403
06793426	01591621
06793426	01591835
06794666	01031109
06794666	01537409
06794666	02508245
06794666	03120454
06795746	00946105
06796119	01031256
06796119	01273814
06796642	00783523
06796642	00975036
06796642	01067816
06796642	01526521
06797169	00921300
06797671	00921300
06798336	00922438
06798558	00820976
06798750	00508032
06798750	00921738
06799897	01276361
06799897	01582645
06802571	00974173
06803157	00872414
06805297	00937208
06805297	00954422
06806469	00836236
06806469	02806907
06807198	00235918
06807198	00946755
06807198	00948071
06807198	00948853
06807198	02645007
06808493	00995286
06811625	00931852
06811625	00932324
06816935	00981083
06817782	01004062
06818121	00923793
06818121	01152670
06818747	00662182
06818970	01322391
06824227	01692266
06825120	01004692
06827503	02921325
06828818	01692579
06841365	00190023
06843520	01589056
06843520	01589224
06843520	01589363
06844199	01004403
06855207	01273016
06855207	01531265
06860177	01050896
06863751	00483656
06863751	02437148
06867675	01730384
06867675	01731353
06869951	00482180
06871384	01050896
06874391	00781303
06875094	01040550
06875697	01039330
06876144	00932324
06876144	01039330
06876309	00992041
06877381	02164531
06877849	00032981
06877849	00033852
06878071	00028565
06878071	00029025
06878071	01067512
06878580	00029336
06878934	00008435
06879180	02148788
06880249	00820976
06880533	01021128
06880664	00624263
06885083	01026095
06888345	02148788
06889330	01848355
06889330	02141973
06889591	00883226
06890254	01446901
06891022	00772967
06891022	00989602
06891022	02148788
06891493	01714208
06892016	01719302
06892016	01719921
06892016	02744977
06893285	01718185
06893885	00796047
06893885	01711445
06893885	01719302
06903255	00207184
06906439	02928066
06906971	02611442
06908159	02611442
06938493	02738760
06938887	03083069
06940290	03045750
06943771	03118790
06944480	02660940
06944911	02961688
06946497	02958126
06947032	03003344
06947479	02927512
06950528	02958126
06954303	02959912
06960298	02957823
06960566	02957823
06960778	03003744
06970103	02923745
06973610	03075191
06974127	03075191
06975132	03003928
06976392	03016202
06987124	03039087
06990000	02971469
06998748	09812338
06999233	01668421
06999233	01687401
06999436	01686956
06999436	02861617
07000195	01755137
07003119	01643464
07003119	01690294
07006119	00796047
07006119	02813315
07006119	03005423
07006712	01711445
07006951	02157100
07007171	01711445
07007945	01701311
07007945	01716619
07007945	01716882
07007945	01719302
07007945	01719921
07007945	07009538
07007945	10030277
07008680	00338071
07009421	00902289
07009538	07007945
07009538	07018931
07009946	01756719
07009946	06413889
07011209	00877848
07011387	00964478
07011529	00964478
07014029	00013615
07014029	01721556
07014320	00291286
07014320	00882220
07014320	01795428
07014752	00066191
07018931	01716619
07018931	01716882
07018931	01719921
07018931	07009538
07019172	01501113
07019172	01504625
07020538	01708676
07020895	10339966
07027180	01163083
07027458	00482180
07027458	01707306
07028373	01501113
07028373	01502195
07028373	01706756
07031752	01720773
07031752	01728355
07032026	01050651
07034634	01049737
07034634	01066775
07035870	00861423
07037465	01705494
07039238	01727490
07040939	10623650
07042586	01703857
07042735	01802219
07048000	01731031
07048000	10624310
07048000	10624540
07049713	09980090
07050177	01730799
07050177	02874282
07050619	01802219
07051975	01698916
07051975	10277912
07053732	01703857
07054122	02675320
07066659	10155849
07069948	00980453
07071483	00989602
07072698	10380672
07073208	00933403
07073208	00978369
07073208	00978549
07073208	00980453
07073447	00522068
07080868	00940384
07081739	00980453
07082573	01050313
07083246	10050880
07083732	00982293
07083958	00982293
07084166	00982293
07084166	01049737
07084166	01050313
07084560	00944788
07085375	00983333
07085786	00983333
07086518	01880673
07086518	02174830
07087777	01051956
07090108	00548781
07090721	01964367
07092356	02621395
07092592	01702514
07093489	01702514
07093603	01702514
07093759	01702514
07094355	06348500
07096661	02750432
07096661	10528493
07097094	01702154
07099271	01964367
07106502	00839834
07108123	02698944
07109847	00745187
07109847	00940384
07109847	00941990
07109847	00983824
07110615	00745187
07110615	00952182
07111047	00745187
07111047	00952182
07111047	02180529
07112550	00983635
07115914	02950154
07116304	00305846
07116443	01055661
07118002	00951399
07118210	01055146
07118747	00547022
07118747	01054186
07118747	01054399
07118747	01055404
07120364	00952182
07120524	00738747
07120524	00912048
07120524	00913065
07120524	01105186
07121157	00913065
07121361	00029836
07121361	00913065
07121361	00913795
07121361	00914634
07121361	00915423
07121361	01046932
07121361	01047381
07121361	01048569
07121361	01048718
07122118	00774641
07122118	00915041
07122409	00914061
07122730	01919931
07123012	00913065
07123012	00914420
07123012	01048939
07123288	00914215
07123552	00913065
07123710	01050651
07123870	00850501
07123870	00862225
07123870	01042725
07123870	01045073
07123870	01053771
07123870	01054186
07125096	00865387
07125096	00866314
07125523	00912048
07125958	00914769
07125958	00981944
07126734	00029836
07126734	01046932
07127006	00031820
07127252	01044533
07127563	00031663
07127911	01054553
07128060	00030010
07128060	01045073
07128692	00978549
07128946	00978549
07129202	00547022
07129202	01054186
07129202	01054399
07129202	01055404
07129422	00857923
07129602	00004032
07129602	00985800
07129867	00941990
07129867	00963570
07130341	00915830
07130341	01044377
07130341	02286294
07131511	00983333
07131854	00978549
07132415	00978369
07132415	00978549
07132634	01044533
07133701	00964694
07133701	09961999
07134850	00876665
07135734	00941990
07135734	00962447
07135734	00963570
07136940	01036804
07136940	01037498
07136940	01038666
07136940	01056554
07137129	01037650
07137950	00955601
07138085	01033527
07138085	01034312
07138915	00689344
07138915	00813044
07138915	02166460
07139151	00955601
07139316	00941990
07139316	00962447
07139700	00765649
07139700	00858781
07139873	00940384
07140348	00881998
07140348	01772498
07140659	00813978
07140978	00714884
07140978	00772189
07140978	00772640
07140978	00773432
07140978	00812580
07142365	00812580
07142365	00813044
07142566	00876665
07143137	00876442
07143137	00877083
07143137	00877559
07143624	00876665
07143624	00877559
07144190	00944548
07148192	00761713
07148573	10013927
07149836	02259829
07150138	00774344
07150138	02259547
07150328	01116585
07150644	00760956
07150850	00760956
07151122	00764902
07151892	02897524
07152948	02653651
07153130	00741911
07153130	02653651
07153727	00853958
07154330	00980453
07154330	03004358
07155661	00983333
07156819	00964478
07157273	00964110
07159791	01064560
07159791	01130455
07159791	02586458
07160116	01629958
07160296	01629958
07160424	00776988
07160424	00865958
07160752	00964478
07161429	00875394
07161741	00879764
07162545	00633443
07162680	00706243
07162680	00875394
07162680	00927430
07162680	02297142
07163988	00927430
07163988	00930806
07164349	00990392
07164546	02298632
07165086	02298632
07167415	00989602
07167415	02148788
07167578	00878636
07168131	00747135
07168131	00751567
07168131	00759657
07168131	02587084
07168486	00799798
07168623	00747135
07169353	01097960
07169480	00750345
07169480	02475922
07169480	09943811
07169848	00751567
07170467	00746718
07170753	00938247
07171206	00621058
07171206	00939857
07172756	00955601
07172979	00956405
07173959	00932798
07174433	00618267
07174433	00619869
07174433	00624801
07174877	00619869
07175102	00624801
07175241	00764222
07175241	00805376
07175241	01035530
07175575	00804139
07176243	00806049
07176243	02316649
07176682	00805376
07176962	00707624
07176962	00707956
07177437	00482893
07177924	00698855
07177924	00763399
07180183	00805376
07180372	02556817
07180570	01023259
07180570	01024190
07180570	01705257
07180787	00804802
07181043	02701775
07181043	02742638
07181546	00804802
07181935	00775156
07181935	00804802
07181935	00869126
07183000	02667698
07183151	00601783
07183151	00773432
07183151	00775156
07183151	00869126
07183660	00774932
07184149	00774344
07184149	00775156
07184391	01091427
07184735	00774817
07185076	02296726
07185076	02297142
07185076	02297742
07185076	02297948
07185076	02613487
07185325	00752764
07185325	01069809
07185668	00873682
07185870	00903212
07185870	01824532
07186148	00793580
07186148	01063695
07186148	01469770
07186148	01470225
07186148	02384686
07186148	02384940
07186661	02384686
07186661	02384940
07186828	00755447
07187486	09911849
07187773	00782057
07187996	00759269
07187996	00782057
07187996	02270815
07188385	00875141
07188685	02534492
07188685	02534761
07189130	00759944
07189411	00866505
07190290	00755447
07190941	02320374
07190941	02321046
07191279	00754942
07191777	00777931
07191777	00818974
07193184	00784342
07193184	00785008
07193184	00785962
07193596	00784342
07193596	00785008
07193596	00788184
07193596	00808855
07193958	00786816
07193958	00788184
07193958	00788564
07194499	01013040
07194950	00787049
07195630	00787049
07196075	00808855
07196682	00785008
07196682	00788184
07197021	00669970
07197021	00786458
07197021	00786816
07197021	00788564
07197021	01112584
07197021	02531625
07199191	00786458
07199565	00815686
07199922	00815379
07199922	00816353
07199922	02357072
07200527	00815686
07200813	00814850
07201365	00965035
07201365	00987071
07201804	00956687
07201804	00989084
07201804	02611630
07202579	00971650
07202579	01029852
07202579	01588493
07202812	00956250
07202812	01021973
07203126	00717045
07203126	00878136
07203126	01009240
07203126	01011031
07203126	01011725
07203696	00075135
07204240	00816556
07204911	02473431
07205573	02212825
07205573	02502916
07206096	00798717
07206302	00799076
07206302	01997680
07206461	00823436
07207410	00757544
07208000	00798539
07208000	01131197
07208000	01506157
07208708	00907147
07209089	00807941
07209089	01016626
07209305	00804802
07209965	00907147
07209965	00907657
07209965	00910973
07211092	00909219
07211092	00909573
07211752	00907930
07211752	01042531
07211950	00066025
07211950	01046932
07211950	01802219
07212190	00831651
07212424	00873682
07212424	01009240
07213395	00933821
07214267	00933821
07214432	00598954
07214432	00721437
07214432	00933821
07214432	01637982
07214432	02128066
07214432	02154508
07214432	02286687
07214894	00933821
07214994	00833199
07214994	00841986
07215185	00936169
07215185	00937023
07215377	00933821
07215568	00853195
07215568	00933821
07216083	00818553
07216083	00819508
07217349	00901103
07217349	00901651
07217924	00965035
07217924	00967098
07218470	00965035
07220773	00953216
07220773	00954038
07220773	00954271
07221094	00952524
07221094	00954271
07221756	00953216
07222823	00953058
07222823	00953216
07223170	01041954
07223450	01042228
07223811	01810447
07223985	00937208
07224774	00872414
07226545	00884011
07226545	00884317
07227772	00884011
07227772	00884540
07227772	00884946
07228211	00886602
07229747	00857517
07229747	00883226
07229747	00883635
07230089	00883226
07230227	00883226
07230502	00652346
07230502	00947439
07230502	01024190
07230502	01028748
07231048	00923793
07231048	00932161
07231294	00868591
07232421	00893435
07232421	00939277
07232655	00621058
07232655	00939857
07232988	00841580
07232988	02508245
07233214	00864159
07233542	00865958
07233634	00864910
07233634	00865958
07233863	00864910
07234230	00842989
07234230	00843468
07234881	00626428
07234881	01051364
07237758	00727991
07237758	00842989
07237758	02636921
07238102	02636921
07238102	02677332
07238694	00989201
07238694	00990008
07240549	00594146
07240549	00830761
07240925	00879540
07241837	00989201
07242104	00775156
07242104	00812580
07242912	00990249
07242912	01051956
07243193	01051956
07243837	00828003
07243837	00828374
07244613	10067011
07244613	10067305
07244949	00828003
07245125	00766418
07246036	00765649
07246036	00858781
07246582	00771961
07246582	00875394
07246582	00930806
07246742	00773285
07246742	00807461
07247071	00976653
07247602	10579835
07248060	02453889
07248060	02556817
07248507	00976365
07248507	00976487
07248653	02302817
07248801	00976653
07250034	00483146
07250339	00968211
07250339	02043190
07250339	02043665
07250339	02454649
07251619	00771961
07251779	00858568
07251779	00858781
07251779	01817938
07251984	02397637
07251984	02554422
07251984	02554922
07252206	00908351
07252206	02554422
07252378	00765649
07252378	01230710
07252378	01241073
07252378	01818835
07252378	02554647
07252764	00794079
07252764	01649999
07254057	00770141
07254057	01781180
07254057	01819554
07254267	02367032
07254267	02382367
07254594	00757544
07254594	02227487
07254594	02379198
07254836	02227487
07254836	02316304
07255027	00804476
07255027	01115585
07255299	00795863
07255401	00795863
07255401	00796392
07255401	02493666
07255998	10319580
07255998	10697879
07256375	10398806
07258664	00877083
07258664	01705257
07262579	00921300
07262704	02159890
07269916	02851550
07270179	00651991
07270179	01588493
07272172	00971650
07272172	01029852
07272172	01588493
07272545	01332205
07272545	01356750
07274027	01041415
07274425	00898691
07274425	02040273
07274425	02062632
07274890	00899352
07275078	02040709
07275275	00880978
07275275	02040709
07275489	02040709
07277158	02278061
07277158	10437262
07280072	02312478
07283608	00339934
07284554	02660442
07284554	02716165
07285191	00513492
07285403	00121046
07285403	01771535
07285403	02108026
07285403	02110220
07286014	00349592
07286368	00871942
07286799	00347420
07286799	00871942
07286905	00917772
07289014	00070816
07289014	01764171
07289014	01770501
07289588	00925735
07290278	00956405
07290278	00988287
07290905	00348746
07291312	00351963
07291312	00484166
07291312	01620854
07291312	02609764
07291312	02735418
07291794	00352826
07291794	01620854
07291794	02609764
07291794	02735418
07292694	02634265
07292694	02635659
07293180	02445509
07295047	00344174
07295507	00122626
07295629	02344381
07295629	02546075
07295955	00229630
07296428	00109660
07296428	00123170
07296428	00126264
07296428	00169806
07298154	00725274
07298154	01126051
07298982	00090186
07298982	01783022
07298982	01809064
07301543	01561143
07302267	02011865
07302267	02012043
07302542	01236164
07302542	01561143
07302836	00378664
07305234	01797730
07305760	02350175
07306252	01810447
07308563	00306298
07308563	00306723
07308889	01021128
07308889	02155493
07308889	02155799
07309223	01799794
07310507	02053941
07310642	02049696
07311115	01841079
07311661	01970348
07311661	02644050
07312221	00270005
07313004	00240571
07313004	00241038
07313241	00365188
07313241	00366547
07313241	01387786
07313518	00304422
07313636	00069879
07313814	01560984
07313814	02431320
07314277	00339934
07314658	00309990
07317764	02522319
07317764	02528380
07319652	02528380
07319909	00423971
07319909	00528990
07320176	00548266
07320302	00003356
07320302	00056930
07320302	00360932
07321772	00422090
07323024	00344174
07323922	01628449
07323922	02624263
07324380	00054628
07324380	01627355
07324673	00125841
07324673	00426581
07324673	02624263
07325190	00345761
07325190	00348746
07325190	01628449
07325190	01650610
07325190	02379528
07325190	02600948
07325190	02608347
07325190	02608823
07326557	00770437
07326557	01645601
07326880	00121865
07326880	02712443
07327288	00098770
07328942	01640207
07328942	01753788
07330007	00746479
07330666	00702969
07330666	10080508
07330828	00470701
07331013	00472230
07331013	00478830
07331013	01662118
07331210	00389638
07331210	00389856
07331400	01299758
07331400	01557774
07331400	02029663
07331400	02431320
07331759	02028994
07331759	02030424
07332148	02028994
07332148	02030424
07332691	00470701
07333649	00358431
07333649	01848718
07333649	02008396
07333649	02014165
07334206	00890855
07334490	00470701
07334490	00471196
07334490	00479391
07334490	01564144
07334876	00388635
07335097	01661804
07335243	01161635
07335243	01564144
07335414	00531302
07335581	01566185
07335716	02156546
07335917	00421691
07336214	00447771
07336214	00570694
07337390	01876907
07337390	02662297
07338114	00220115
07338114	01510827
07338681	01239619
07338681	02243567
07339098	01864865
07339329	01205696
07339329	01236164
07339329	02569790
07340249	00069879
07341038	01878063
07342049	00343334
07342049	00958334
07342049	01727490
07342049	01734502
07342049	01964367
07342049	02595662
07342495	00343771
07342495	00675701
07342495	02051270
07342495	02052675
07343195	01081001
07343363	00343334
07343574	09819860
07344233	01948077
07344233	01972976
07344528	01374020
07344663	02040054
07344663	02187922
07344663	07352190
07345166	01878063
07345593	01901783
07346057	01876907
07346057	01877204
07348399	01974062
07348399	01990281
07348545	01885239
07348545	01903756
07348545	02041206
07349532	01901783
07350069	00356954
07350192	01892104
07350401	01892104
07350567	00387680
07350567	01892104
07350754	01371454
07351031	01350971
07351031	01456771
07351031	01593937
07351612	00138508
07351612	01907258
07351612	01909812
07351612	02089984
07351909	01349493
07351909	01868370
07351909	01868780
07352048	01901783
07352190	07344663
07353075	01566185
07353716	01115190
07354731	01100145
07354731	01111028
07355491	00358431
07355491	02109818
07355887	00151689
07355887	00152887
07355887	00441445
07356489	00271711
07356676	00153263
07356676	00156601
07357101	00518395
07357388	00205046
07357388	00248659
07357388	02554922
07357679	00400883
07357679	00474017
07358060	00140967
07358060	00476744
07358060	01280014
07358060	01350699
07358377	00580512
07358576	00550546
07358985	00155547
07358985	00560391
07360293	00366020
07360647	02231661
07361128	01989053
07361416	01986367
07361416	01989053
07362218	01986185
07362218	01986367
07362386	01972298
07362386	01976841
07362386	01977701
07362386	01984317
07362830	01835280
07362830	02737183
07363883	01989873
07364115	00217700
07364115	01578254
07364115	01991472
07364434	01577093
07364700	01884974
07365024	01369758
07365024	02530003
07365193	02523521
07365849	01859221
07365849	01859586
07365849	01860795
07365849	02559752
07365849	02680814
07366145	01477014
07366145	02707125
07366289	00119074
07366289	00650353
07366289	00651991
07366289	02661252
07366627	02661252
07366799	01925694
07367385	00414823
07367385	00465762
07367708	00337065
07367708	01573515
07368256	00245059
07368256	00363493
07369604	00150287
07369604	00299580
07369604	00300537
07369604	00456740
07369604	00482893
07369604	02702830
07370125	02016523
07370270	01970826
07370410	00155143
07370410	00433232
07370410	01921964
07370671	01968569
07370671	01973759
07370671	01974062
07371168	02014553
07371293	02135048
07371293	02176268
07371293	02180529
07372565	01789514
07372565	02507736
07372779	01931768
07372779	01935233
07372779	01999423
07372959	01798782
07373602	00243124
07373602	00367685
07373602	00394813
07373803	00193486
07373803	00394813
07373803	01385170
07373803	01461328
07373803	02309008
07374756	00184117
07374756	00394813
07374756	00556193
07374756	01418667
07375214	00144694
07375214	00158804
07375405	00394813
07375405	01462468
07375525	01943718
07375635	02014165
07375635	02014553
07375781	01456088
07375781	01969601
07376257	01237398
07376257	02100176
07376257	02182479
07376257	02187693
07376937	01398919
07376937	02175578
07377082	00791372
07377082	02183175
07377244	02181973
07377473	00298767
07377473	02182479
07377473	02187510
07377682	00915605
07377682	01046059
07377682	01046587
07377682	02174662
07377682	02187510
07378234	00792304
07378234	02182109
07379094	01052301
07379223	01893771
07379223	02186506
07379223	02186690
07379409	01052301
07379577	01052301
07379577	01053623
07379963	01054849
07379963	02172127
07380144	02088627
07380144	02174115
07380144	02174311
07380144	02174461
07381423	01893771
07381423	02183024
07381864	02171664
07383823	01928838
07383823	02091885
07384741	02177976
07384741	02187922
07384898	00862225
07384898	01054186
07385803	02706605
07386370	02178866
07386370	02185373
07386614	00941719
07386614	01052782
07386920	01044114
07386920	01044533
07386920	10342543
07387316	01059743
07387509	02172888
07388987	01233027
07388987	02185373
07389330	02180898
07389330	02181402
07389330	02198014
07389569	01236795
07389569	02178866
07389931	01500572
07390400	00309582
07390400	00309792
07390400	02185988
07390945	02491383
07391240	01890626
07391240	02175057
07391863	00789448
07391863	02180898
07391863	02181538
07392483	01045719
07392483	02187320
07393161	00914420
07393161	02171664
07393161	02173336
07394236	01242208
07394236	02182851
07394814	00986897
07394814	02173513
07394814	02186360
07395104	01374020
07395104	01374767
07395104	02186868
07395446	01048939
07395623	02171664
07396658	02185373
07396945	01238204
07396945	02184610
07396945	02184797
07396945	02184965
07397761	02185664
07397955	02175578
07398276	02183175
07398659	01867504
07399917	02188587
07400552	01048171
07400906	01879251
07400906	01880113
07401726	01880113
07401726	02122665
07404944	01870275
07405893	02066939
07405893	02067689
07405893	02743727
07406765	02070466
07407272	02067889
07407272	02072159
07407777	01377032
07407777	02066939
07407970	00443984
07407970	02066510
07408171	01135922
07409121	00338071
07409475	01892849
07409592	01205696
07409592	01206218
07409592	01206849
07409592	02127358
07410021	01236164
07410021	01247804
07410021	01410223
07410021	01414288
07410021	02185373
07410207	00335923
07410207	01238640
07410207	01242391
07410207	01401772
07410207	01415162
07410207	01566705
07410745	01414916
07410745	01416871
07411645	02159890
07411645	02764765
07411645	02766390
07411645	02767760
07411851	01903385
07411851	02706478
07412092	00424869
07412310	02160177
07412310	02162947
07412310	02766687
07412668	02766390
07412668	02766687
07413899	00236999
07413899	00237259
07413899	00237511
07414566	00433232
07414740	00612114
07414740	02032634
07414740	02710402
07414922	02023107
07414922	02248465
07415730	00381013
07416107	00574996
07416107	00575169
07416441	00382493
07417043	00485609
07417043	02487718
07419233	00374534
07419233	01484027
07419599	02280132
07419599	10060621
07419792	00528339
07419960	00268314
07420770	00102586
07420770	00258857
07420991	01623027
07421316	00434374
07423001	00431826
07423001	00433778
07423365	00125841
07423365	00146138
07423365	02626604
07423560	00339464
07423899	00402539
07424109	00125633
07424109	00605310
07424109	10527334
07425011	00119873
07425011	02987177
07427337	00223500
07427534	00093593
07427534	00421917
07428954	01888784
07429484	01888784
07429976	01993352
07429976	02019716
07429976	02654686
07432119	00067999
07432337	00067999
07432559	01611516
07432559	02070874
07432559	02071142
07433145	02047650
07433662	00090708
07433662	00292672
07433973	00477665
07434102	00835903
07434209	01967373
07434209	01977080
07434473	00502757
07434473	00504270
07434942	00307785
07435273	00307785
07435891	00339464
07436100	01313411
07436100	01375637
07436100	01516290
07436100	02068413
07436352	00459498
07436475	00307568
07436661	00258109
07436661	00529759
07436661	00530017
07436661	01397385
07436986	00052548
07436986	00053159
07436986	00053341
07437372	00054059
07437575	00053656
07437575	00053889
07439284	01878719
07439284	01880888
07439284	01901783
07439284	02093390
07439284	02093610
07439570	00454868
07439570	00455212
07439570	00455368
07439570	02068413
07439883	00436668
07440240	01903756
07440240	02041206
07440979	02043982
07440979	02045043
07440979	02046755
07440979	02939919
07441619	00143204
07441619	01866192
07441619	01866610
07441619	01887020
07442068	02047650
07442068	02048891
07443010	00334803
07443010	01521367
07443210	00419137
07443210	00419375
07443210	00421125
07443210	00441212
07443761	00140751
07443761	00162688
07443761	02257767
07443761	02258617
07443761	02259005
07444495	01903756
07444668	00380159
07444668	00548913
07444668	00550117
07445010	00465762
07445265	01992503
07445480	01968569
07445480	01969216
07445480	02644050
07445896	00968211
07445896	00969873
07445896	01378556
07445896	01380122
07445896	02060141
07445896	02082690
07445896	02689299
07447022	00387310
07448717	01708676
07449862	01185981
07449862	01186208
07449862	02490877
07450343	00855295
07450651	02490877
07450651	02578510
07450842	02578510
07451687	02456493
07452074	02489456
07452348	00887463
07452699	02425462
07452699	02426171
07452841	00611481
07452841	00612612
07452841	00768062
07453195	02384041
07453195	02384275
07453195	02390470
07453638	02386388
07453638	02386675
07453638	02390949
07453638	02391193
07454758	02264179
07454758	02264397
07458453	01086103
07460104	01086103
07460104	01914947
07460104	01926311
07460104	02092309
07465290	01081152
07467846	01079480
07467846	02486932
07470671	01081152
07472460	01122736
07472657	01086103
07472929	01094086
07475364	02473688
07475870	02452092
07476623	01102997
07476623	01103180
07476623	01412912
07477945	01989053
07478318	00023646
07480896	01725712
07484265	01825237
07484547	00705517
07484547	01826060
07486229	00709205
07486229	00903212
07486229	01824532
07486229	01824736
07486229	01825237
07486628	01805684
07486628	01828405
07486922	01828405
07487063	01805684
07487695	01762283
07487695	02131072
07487695	02137538
07488340	01426397
07488875	01257145
07488875	09629246
07489059	02131072
07489059	02137538
07489714	01188485
07490713	01800349
07490713	01815628
07491038	01190948
07491038	01815628
07491286	00020926
07491286	01806505
07491286	01817314
07491708	01190948
07491708	01820302
07491708	01828736
07492655	01814815
07493280	00064095
07494363	01711071
07494363	01792567
07495327	00064643
07495327	00065070
07495327	01792567
07495327	02121511
07495551	01794363
07495551	01794523
07495551	01802689
07495551	02608090
07495551	09779280
07495551	10172793
07496463	00064643
07496463	01794668
07496463	01798100
07496463	02122164
07496755	01792567
07496755	01802689
07497797	01776468
07497976	01806505
07497976	01817314
07498854	00680841
07498854	02719399
07499113	02719399
07500414	00692143
07500414	02400037
07500414	02453692
07500414	02464725
07500741	00694068
07501420	01778017
07502387	01823528
07502387	02597246
07502980	01774799
07503260	01808374
07503260	02194913
07503430	01774136
07503430	01774426
07504111	01808374
07504111	02195191
07505047	01766748
07505047	01822936
07506382	01507402
07506569	01792287
07506569	02508078
07506569	02547225
07507742	01799794
07507912	01790739
07507912	01791232
07508232	01790020
07508232	01790739
07508806	10047459
07509572	00724832
07509996	00925490
07510495	00622384
07510625	00090186
07510625	01783022
07510625	01810447
07510625	02115430
07510923	00059019
07510923	00719734
07511733	01811441
07511733	01826723
07512465	02105990
07514345	01761706
07514345	01770802
07514345	02116118
07515560	01922763
07515790	01765392
07515974	00025654
07515974	02602212
07516354	00113818
07516354	01785971
07516354	01787106
07516997	01786906
07516997	01796033
07516997	02723016
07517417	01786906
07517550	01789270
07517737	01810447
07518468	01787955
07518468	01789270
07518663	01803003
07518663	02558172
07518878	01786906
07518878	01820901
07519040	01803003
07519253	01779165
07519253	01780202
07519773	00872414
07520112	01796346
07520112	01812324
07520112	01888946
07520112	02122983
07520411	01782650
07520612	01780941
07520612	01781983
07520612	01782218
07520612	02506361
07521039	01778568
07521437	01779165
07521674	01780202
07521674	01782432
07522128	00917772
07522729	00251809
07522729	00339941
07523286	00339941
07524242	01764171
07524242	01766748
07524242	01767163
07524242	01770501
07524529	01766748
07524529	02678438
07524760	01764171
07525057	00822449
07525555	00733454
07525555	00925372
07525555	01794195
07525555	02085449
07525555	02641298
07526757	01148283
07527352	01363613
07527352	01366718
07527352	01813499
07527352	01813884
07527656	01811736
07527817	00857923
07527817	01813668
07528097	01823370
07528212	01772960
07528212	01812324
07528470	01762528
07528470	01796346
07528470	02117333
07528807	01811736
07529563	01813884
07531536	01772498
07532112	01183573
07532276	00883635
07532440	00909363
07532440	01149494
07534108	00614057
07534430	01797347
07535209	01364008
07535670	00911562
07535670	01796582
07535670	01797347
07536870	01743217
07536870	01796582
07537068	00364479
07537259	01785748
07537259	01818972
07537973	01814396
07538395	01232298
07538395	01811172
07538965	00589624
07539367	00909363
07540081	00076114
07540602	01798936
07540866	02558172
07540866	09999795
07541053	01811441
07541053	01826723
07542675	01814396
07542675	01819147
07542675	01819387
07543288	01775164
07543288	01775535
07543288	01828736
07544647	02530861
07544647	02533313
07545161	02538086
07545415	02457233
07546125	01822936
07546465	01774136
07547674	01774799
07547805	01244410
07548366	01807314
07548366	09773245
07548978	01773346
07548978	01786760
07549716	01827064
07550666	01793177
07551052	00859604
07551498	02719016
07553301	01822248
07553741	00506299
07553741	01821996
07553964	01821996
07553964	01822248
07554856	00594058
07556637	00828779
07556637	01167188
07556637	02281485
07556637	02332999
07557165	01176232
07560903	02846322
07561112	01189224
07561112	01190012
07561112	02846322
07561112	10012484
07561590	01189224
07561590	01190012
07561590	02846322
07565259	01176897
07565259	01177118
07565259	02656763
07567139	00283911
07567390	00237259
07570720	01202728
07570720	01204191
07570720	03002351
07570720	10012484
07575076	01185304
07575076	01185475
07576577	00324806
07577374	01173405
07577538	01173405
07578093	01185981
07578093	01186208
07578363	01181295
07578879	01195299
07579399	01201089
07579399	01201574
07579399	01483779
07580782	00324560
07588947	00323856
07595180	00114291
07595180	00114615
07601809	00114291
07601809	00114615
07621618	01679433
07622261	01265740
07642471	00212049
07642471	00212414
07643306	00507143
07643981	00507143
07645469	00325328
07650792	01176079
07651025	01250474
07653982	01258091
07654667	01174294
07654667	01254477
07654886	01140315
07655337	01249294
07660065	01249294
07666521	01142761
07667151	00058265
07672421	01679669
07678729	00320681
07678729	00542809
07679356	01337653
07686873	00322151
07695965	01665081
07705711	01739814
07712559	00322151
07719437	00095377
07719437	00357332
07738353	01262936
07742704	01384102
07747455	01563005
07775375	01140794
07786164	01383511
07786686	01383947
07797641	01140315
07800091	01179865
07800091	01180206
07801091	01177699
07801091	01576165
07801091	01576478
07802417	02688623
07804323	01460408
07805006	01178220
07805006	01579488
07805254	00331082
07809368	02191766
07812184	02192570
07813107	00213353
07813107	01073822
07813107	02196214
07814925	02192818
07815588	02196081
07823951	02192225
07824988	00213223
07828987	02196690
07829412	00535844
07829412	01364357
07832902	01364184
07840804	01261491
07844042	00194170
07847198	01418037
07851054	01262936
07858595	02195470
07859284	02195951
07881800	01170052
07882497	00394813
07882497	01666131
07883860	02001858
07883980	01172114
07884182	01202068
07884413	01175467
07884567	00139729
07884567	00139908
07884567	01158596
07884567	01190494
07885223	01170052
07888909	00186001
07888909	10286855
07889274	10286855
07891726	00459114
07891726	01176567
07891726	01190840
07901587	01171183
07902520	00228858
07902520	01625985
07907161	03003744
07914006	00370412
07914128	00164444
07919310	00519363
07926127	00222135
07926642	00186001
07926642	10286855
07931280	01175467
07938773	00038849
07939382	01474209
07939638	00654625
07939638	00657260
07939638	00739662
07939880	00656107
07942152	00451461
07942152	02650840
07944050	01646941
07947958	02421374
07950418	02541302
07951464	01656788
07951464	02304982
07956887	02246456
07956887	02246686
07956887	02445509
07959016	00949288
07959016	02378183
07959943	01484392
07959943	02025009
07959943	02027411
07961016	00657016
07961379	01523401
07961480	00158804
07961480	01434822
07961480	01484714
07961480	01503404
07961480	02064131
07963087	01503952
07963711	00193486
07963711	00394813
07963711	01385170
07963987	01462005
07964495	01385170
07964495	02377938
07969695	03074922
07969695	13812607
07974025	00654625
07975026	02428924
07975026	02598143
07976936	01292885
07976936	01428853
07978423	00135013
07985223	01465365
07985628	02490430
07988857	01292885
07988857	01293389
07988857	01428853
07990377	02470175
07990824	00060185
07991364	02023600
07993109	02665803
07994331	02652158
07996412	02654686
07996412	02771320
07997703	00654625
07997703	00657260
07997703	00739662
07998573	00656292
07998573	02144644
08008017	01283746
08008017	01482449
08008017	01484392
08008017	01485158
08008017	01487008
08008335	01651444
08008335	02434238
08008335	02448185
08049401	02470175
08050678	02586619
08053576	02749778
08055150	00967625
08055150	02479323
08056231	10060352
08057460	02261464
08057633	01449974
08060193	02447542
08060193	08063446
08060193	10720453
08060446	01621555
08060446	01653442
08060694	09935434
08060694	10402417
08062623	01745722
08063446	02244956
08063446	02245993
08063446	08060193
08064130	01129876
08064523	02581675
08065234	10204177
08065937	00515154
08069878	02261464
08070465	00891216
08070850	02215966
08070850	02216083
08075388	02389927
08075388	09876701
08075388	10621400
08075647	10602470
08076578	02562585
08078020	02459633
08078020	10182499
08081403	01127795
08081668	09629065
08082236	09678009
08094013	02922448
08095647	02923510
08095647	09682803
08097072	09685564
08097222	09685398
08098346	09848285
08098499	09848285
08100907	10750365
08101410	00056334
08101937	01416508
08101937	02539788
08101937	02737187
08103777	00654625
08103777	00739662
08111419	02699141
08111783	00411312
08113443	10470779
08113443	10471250
08132637	02387486
08146782	01030132
08149781	02091574
08149781	02794372
08151490	09982370
08152657	10546850
08152657	10547145
08160276	00451461
08160276	02650840
08163273	02466670
08164585	00404642
08164585	00710005
08164585	02431971
08164585	02432530
08164585	02448185
08166187	02501278
08168531	03074922
08173515	02968325
08179879	02649830
08180190	00451461
08180190	02650840
08182379	02027612
08182716	02064131
08183046	02028722
08183398	01524298
08184217	02028366
08184217	02714974
08184600	02064131
08186047	02541251
08187837	01730799
08187837	02874282
08187988	01730799
08188449	01730799
08188449	02874282
08188638	01730799
08188638	02874282
08188638	09920771
08189659	00368109
08190292	00751887
08199025	01098869
08206460	10523341
08209687	02454939
08215248	02031622
08215603	01129337
08223263	02346895
08223263	02600255
08225090	10352299
08227214	02386012
08227214	02592111
08227214	02592250
08233056	02434238
08233056	02435867
08233056	10720964
08236438	02449011
08236438	02449183
08236621	02377938
08237863	01710481
08237863	02385813
08239808	00654625
08239808	00739662
08242799	01089737
08244062	08245172
08245172	08244062
08246302	10120085
08248157	01707737
08251303	02919275
08253450	01358328
08253450	02147962
08253640	01185981
08253640	01186208
08253815	01167780
08253815	01167981
08264897	02716767
08266235	01745536
08268321	00521874
08273843	01089737
08274565	02025009
08274565	02025353
08274923	02599939
08276720	02387910
08276720	02792903
08277805	09759311
08279298	09759069
08279298	09759311
08280124	02599939
08280124	09759069
08280124	09759311
08280124	09759501
08287586	01088749
08287844	00159880
08293982	00733632
08303275	00369194
08303275	02434541
08303275	02470685
08303504	00369194
08305942	02430191
08307589	02023107
08310389	02428924
08310389	02486932
08310389	02598143
08324514	02349212
08324514	09944022
08329113	02454939
08337324	02991463
08357784	10372373
08358594	00327031
08358594	02685299
08361001	02650795
08361329	02533748
08361329	02533907
08364143	09892262
08365855	00408852
08365855	02874876
08365855	09945319
08365855	09945603
08366202	00298041
08366202	10618848
08366440	00502085
08366753	10043643
08368308	02875499
08368308	09863936
08368308	10619176
08368907	00054628
08374049	00413876
08374049	00414174
08374049	00415044
08374049	02590340
08374049	10583387
08375369	00408852
08375369	00409281
08375526	02458943
08375526	10268629
08376250	01466303
08378356	03018498
08378356	10693824
08380340	02482139
08380340	10576316
08381436	09623038
08385009	02485844
08385009	02486232
08397255	01097031
08398036	01089137
08398773	00436879
08399586	02727039
08400965	10307234
08400965	13810615
08401554	00908621
08402442	02391803
08402442	02395395
08402442	09944022
08402442	10323182
08403225	10323182
08404549	00678105
08406486	02427103
08414381	00625963
08414381	10396106
08414608	10396106
08414807	10396106
08416328	10619176
08418103	00158804
08419562	02210855
08420278	02310855
08420278	02343056
08420278	02343374
08424951	02298160
08426461	02448185
08427629	01949333
08428019	01919391
08428019	01996735
08428019	02521816
08428485	01924505
08428756	01920048
08430203	02703539
08432345	02036755
08434259	01032840
08434259	01672168
08436562	01658762
08436759	00232542
08436759	02598211
08438067	01739814
08438533	01567888
08439955	01088749
08440630	03139045
08440630	09755398
08440630	10011902
08440630	10646325
08441203	10225219
08456993	00276883
08456993	00277659
08456993	00735571
08457976	02797021
08459252	00660571
08459252	00920125
08462205	02285392
08462320	00831651
08463063	01437888
08463647	01031256
08463647	01437888
08463817	01195299
08473482	10720964
08477634	00606006
08477634	10787470
08477634	14425715
08478482	01850315
08479615	00793271
08482271	01931768
08482271	01935233
08482271	01999423
08482271	02729023
08491027	00990812
08492747	02712243
08493064	02812482
08499057	02831736
08499840	10583387
08507558	02623731
08507558	02743343
08508105	00251615
08508105	00251791
08508105	02737187
08509442	00332835
08510666	02137907
08511241	01238358
08511241	02337699
08511970	01238358
08511970	02337699
08512259	00233335
08512259	02710673
08512736	00730301
08512736	01466978
08512736	01467370
08512736	02710673
08513163	01466978
08513718	02333689
08518171	02653996
08521267	02720042
08521267	02871229
08521816	00329831
08521816	01852701
08523483	00329831
08523483	01498498
08524735	00499642
08541288	00195617
08541609	00408852
08541609	00409281
08549070	00171852
08550076	01309701
08550076	01310660
08550076	01311103
08550076	01313923
08550076	02143539
08552138	02512150
08552138	02812482
08554440	02804590
08557131	10038620
08557131	10038778
08558488	10472799
08558770	10588357
08559155	03062280
08560027	02225204
08560027	02715047
08560952	02150948
08565701	01466978
08565701	01467370
08565701	02361600
08565701	02710673
08565894	02609764
08566554	02609764
08567235	01130607
08567235	01467370
08567877	00746479
08570758	01081852
08570758	01082290
08572467	01931768
08572467	01935233
08572467	01999423
08572467	02729023
08573472	00131018
08573472	01079172
08573472	02693319
08578517	02661574
08581503	01843497
08581503	01844431
08581503	02390287
08582837	02859053
08588294	00729781
08591680	01262113
08592656	00730301
08592656	00730499
08597176	02151966
08612049	02043982
08612340	02043982
08612786	01276361
08612786	01582645
08612786	01689379
08614104	02696129
08615374	00492677
08615638	01493380
08615638	01934427
08616050	01576165
08616050	01576478
08616311	01952750
08617963	02021149
08617963	02021376
08617963	02081178
08617963	02693168
08620763	01466978
08621598	01494310
08621598	01987160
08622950	02694933
08623927	00298556
08623927	01494310
08624196	01547001
08624196	02653381
08624196	02690708
08624385	01088923
08624656	02302817
08626080	00131018
08626080	02693319
08628921	02685665
08628921	02727039
08628921	02741149
08629199	01204439
08629199	01576165
08632423	00181664
08632423	00195342
08632423	00195617
08639776	01304716
08640111	01305542
08640111	02336947
08640531	01843497
08641113	09368224
08641113	10352299
08643015	02092476
08644045	02656189
08646188	00291873
08646306	00273082
08646306	02768702
08646902	10245863
08647457	00455529
08647457	01251228
08647616	01543998
08647616	02333979
08647616	02334302
08647616	02701962
08647945	02384275
08648322	01563005
08651247	02333689
08653706	01546111
08653706	01546768
08656590	01088923
08656893	01862918
08657249	00506952
08657249	02512808
08660339	01990281
08661277	01499692
08663354	02081178
08663860	01321509
08663860	02360497
08664443	01150559
08664443	01494310
08664443	01711749
08665504	08672199
08672199	08665504
08672199	08672199
08672562	00413876
08672562	00415044
08673395	02469085
08674970	02468965
08677628	01711749
08677628	02695895
08679369	02621853
08680888	01931768
08680888	01935233
08681222	02033295
08681222	02066939
08683548	02389220
08688247	02512150
08703454	03003928
08716738	02968828
08734385	03131116
08756884	03058754
08757569	02961688
08760510	02960130
08764107	02959912
08769645	09748408
08785343	02972499
08798382	02974615
08798771	02974615
08816236	02962013
08831004	03045750
08859173	03003744
08859173	09714952
08860123	02958017
08871007	03003344
08873622	09704630
08888676	09714952
08891595	10174695
08891889	10275249
08894456	03130073
08897065	02971469
08910668	03075191
08917503	02690613
08917881	02690613
08946187	03068473
08949093	09713108
08952190	02961505
08953151	09714120
08953324	09714120
08954611	02967791
08957212	09720033
08960548	09721088
08960987	09721244
08961402	09721244
08963369	03083069
08966820	03084759
08967329	03084759
08967484	03084759
08968677	03087088
09011151	02660940
09017526	02625648
09044862	02927512
09048460	10583387
09076982	02972499
09078231	02738760
09079505	02738760
09178999	00634472
09178999	00636888
09179776	01649999
09183693	10065066
09183971	10168183
09184975	00794079
09184975	00851239
09184975	01230710
09184975	01646866
09184975	01649999
09184975	01759326
09190918	14007546
09206985	01921964
09206985	01974062
09206985	02037472
09206985	02037989
09210604	02831736
09213828	01884577
09213828	02035425
09222051	01259458
09222051	01259691
09222051	01259951
09222051	01260291
09222051	02729182
09223725	02085320
09228324	00328802
09229709	00003431
09229709	00519056
09229709	02187922
09230041	02042067
09238926	00649887
09240621	01466303
09243769	00336539
09247410	02770717
09254614	01566916
09257949	01207951
09258715	00336922
09260218	00255079
09260218	01261628
09260466	00443670
09260466	00445940
09260907	01740608
09265620	02037839
09265620	02039876
09267490	02222318
09269972	01986185
09272468	00471711
09273291	02711114
09275473	02968325
09278537	00334186
09278537	00335366
09279458	00918872
09279458	01637982
09279458	02154508
09281777	01904293
09282208	01412346
09282724	00519363
09283623	01913849
09284015	01567888
09284589	00507664
09284589	10394786
09285254	00338071
09288635	02072394
09290777	00141524
09294716	00331082
09303008	01660640
09304750	01282545
09304750	01310660
09304750	02263982
09305031	02263982
09307300	00657016
09307300	01385920
09310460	00477941
09315159	00266798
09316454	10217436
09326662	01660386
09334396	01292727
09334396	01406356
09334396	01406684
09334396	01502654
09334396	01502762
09334396	01979901
09334396	01981036
09334396	01981279
09334396	01981436
09334396	02022359
09334396	02022486
09334396	02087156
09349648	01882814
09355850	01534745
09355850	01834896
09355850	01835103
09359803	10334567
09365863	00305109
09365863	02561888
09366317	01974062
09367203	01188725
09367203	01580050
09367203	02627934
09367991	01188725
09367991	02627934
09367991	02632567
09368224	02608004
09368224	08641113
09369169	01383393
09369169	02654947
09378529	03093184
09379111	01593614
09379111	02744651
09385137	00144314
09385137	01552219
09385137	02469274
09385137	02801349
09387222	01912159
09387222	02067540
09397607	01374465
09402704	00024279
09402704	00028362
09402704	00192836
09402704	00442063
09407043	00025654
09407043	00419685
09409203	01882814
09409512	02689730
09409752	02689730
09410928	01573276
09415938	02066939
09415938	09448361
09416076	01323518
09424489	01183573
09424489	01816431
09424489	02671880
09425607	01260159
09428967	02952109
09429387	01558440
09429387	01563005
09433134	00536143
09433442	01981436
09433952	00243900
09433952	00316768
09433952	00560893
09435965	02677332
09436531	01261018
09437454	02037090
09438055	00009147
09439213	00036932
09439213	00511855
09439213	00512043
09440186	00491689
09442838	00144314
09442838	00337903
09442838	00709625
09442838	02469274
09442838	02801349
09443136	00309310
09448361	02070466
09448361	09415938
09451517	01990281
09454412	01462928
09464486	02764765
09465459	00368109
09465459	01385458
09465459	02468793
09466280	02702807
09466280	02903062
09468237	01881180
09469285	02231661
09476521	00224901
09476521	00290740
09476521	00390215
09477037	01672168
09488259	00358431
09488259	02109818
09493562	02694247
09503282	00776988
09504915	00746479
09537660	00595410
09538915	02870663
09542339	00547300
09542339	00547493
09543353	00547493
09543353	02930503
09559201	02607455
09593651	00850501
09605289	14425103
09605289	15152817
09606009	00796315
09606009	02373336
09606009	02544348
09606380	09606527
09606527	09606380
09607280	00765396
09607630	02475922
09608002	02486932
09608002	02612762
09608377	00092366
09608377	02244773
09608520	02660651
09608520	06139764
09608709	02547586
09608709	02555434
09609232	13353607
09609232	13354420
09609871	00126264
09609871	00169806
09610660	00740577
09610660	00742320
09610660	01070102
09612131	00869596
09612291	00869596
09612848	01156834
09614047	02063771
09614315	01685313
09614684	00598215
09614684	00818466
09614684	00829378
09614684	00895304
09614684	01128193
09614684	01129876
09614684	01130169
09614684	01149138
09615211	01116585
09615465	00775156
09615807	00711550
09615807	00949619
09616573	05636171
09616922	02492198
09617161	06694149
09618760	00955601
09619824	04763293
09620078	02649830
09620794	01036083
09620794	01037148
09622302	01775164
09622302	01775535
09622302	01828736
09622745	01426397
09623038	00771632
09623038	01256417
09623038	01999423
09623038	01999798
09623038	02440244
09623038	08381436
09624559	00760956
09625401	02496816
09626238	00417001
09626238	00653620
09626238	00889831
09626238	02672187
09626589	02106506
09626589	02130160
09626589	02154508
09626589	02455407
09627017	01543731
09627462	00413432
09627906	02210119
09629065	05946687
09629065	08081668
09629246	07488875
09629752	01835496
09629752	01841079
09629752	01843055
09629752	01846916
09629752	02102002
09630641	01049462
09632518	02410855
09632518	02413480
09633969	02566528
09640327	02690613
09644152	03087088
09646432	02611442
09646608	02611442
09676884	03118790
09677830	01577093
09678009	08082236
09680657	02921753
09682291	02923510
09682803	06234825
09682803	08095647
09683180	00996513
09684609	02923745
09685398	08097222
09685564	08097072
09688008	02957823
09689435	03003928
09690371	02625648
09691279	03045750
09696280	02968828
09699020	03058754
09704630	08873622
09710164	03016202
09711132	02972499
09712696	03083069
09713108	08949093
09713501	02923745
09713501	02971672
09713985	02961505
09714120	08953151
09714120	08953324
09714429	03075191
09714952	08859173
09714952	08888676
09717047	02921325
09720033	08957212
09721088	08960548
09721244	08960987
09721244	08961402
09722399	03084759
09722530	03084759
09725402	02959912
09726970	03108623
09730204	02960130
09738708	00410406
09738708	02927512
09747329	03130073
09748408	08769645
09750891	02962013
09751622	03131116
09754051	00245289
09754217	02598768
09754541	00798717
09754780	01774426
09754907	00243900
09755241	02073714
09755398	03139045
09755398	06213688
09755398	08440630
09755398	14443912
09756195	01774426
09756400	11420376
09756637	01247413
09756637	05958208
09756961	01774426
09757175	00230324
09757653	00421535
09757944	01196037
09758173	01196037
09758424	05940869
09758643	00845299
09759069	02599939
09759069	02669885
09759069	08277805
09759069	08279298
09759069	08280124
09759311	02669885
09759311	08277805
09759311	08279298
09759311	08280124
09759501	00588473
09759501	02669885
09759501	08280124
09760609	02716767
09761068	02434541
09761068	02470685
09761403	00588598
09761403	00590806
09761403	00591006
09761403	00663160
09761403	02265231
09762101	00924873
09762101	02581675
09762385	00842989
09762385	00843468
09762509	01720980
09762509	02522581
09762821	02288295
09762821	02524171
09762821	02526085
09763784	13931145
09764201	02210855
09764900	00038750
09765278	01719302
09765278	01719921
09767197	01712704
09767197	02413480
09768830	01165290
09769076	01165290
09769345	00897564
09769345	00989201
09769345	00990655
09769345	00990812
09769345	01150981
09769636	02501278
09769929	00296178
09769929	00699334
09770472	02431971
09770949	02431971
09771435	01777817
09771435	01827858
09771664	01827858
09771855	00870577
09771855	00871195
09772029	00252710
09772330	00413195
09772606	00487748
09772746	00848466
09772746	01427278
09773076	01992503
09773245	00775831
09773245	00776059
09773245	01091427
09773245	02378623
09773245	07548366
09773245	13860548
09773245	13980288
09773962	00976653
09774167	00872886
09774266	00872886
09774266	00876442
09774783	00827730
09774783	00876332
09775663	00591236
09775663	00872886
09775663	01016316
09777012	02261464
09777353	02607909
09777353	14000403
09778537	01820901
09778783	02585050
09779124	00687295
09779280	07495551
09779280	14324274
09779790	00245457
09779790	00916464
09779790	01104406
09779790	01739814
09780828	00590626
09780828	00751887
09780828	02441022
09781504	01782650
09782167	01171183
09782167	01190277
09783369	01823528
09784306	14532816
09784443	00064095
09784564	01702154
09784707	02234087
09784707	02294436
09786338	02264179
09786338	02264397
09786922	01462005
09787534	00588780
09788073	01138204
09788073	01142203
09790278	00643197
09790482	00643473
09791530	00736216
09791816	05965388
09791816	13973059
09791816	13973320
09792237	05217168
09792555	00121865
09793495	14023491
09794917	00470701
09795124	00965871
09795124	00974367
09795334	00965871
09795334	00974367
09795639	00085626
09796323	06143546
09798534	00894738
09798534	00896141
09798534	00904690
09798534	06740919
09798811	00588881
09800249	00765213
09800469	02497586
09800469	03044083
09800631	00880978
09800631	02063771
09800631	02703432
09800964	02396205
09800964	02475922
09801102	01215137
09801533	00705517
09801533	01228530
09801864	00588998
09801864	00597915
09802050	00681429
09802239	00664276
09802239	00681429
09802445	00592341
09802641	02272549
09803429	00760956
09804806	06144081
09805475	01639714
09805475	01640550
09807075	00597532
09808080	03028465
09808080	05969194
09808949	02739668
09809925	01706129
09809925	01708113
09810166	02005948
09810364	02274482
09810364	02275365
09810707	00378296
09811712	00978549
09811852	01134522
09811852	01136614
09811852	02950256
09811852	02950482
09811852	02950826
09812068	01668421
09812338	00933420
09812338	02743547
09812338	02991122
09812338	05638987
09812338	06998748
09813219	02142775
09814567	00804139
09814660	00820801
09814660	01011031
09814660	01016778
09815076	02308552
09815790	02414710
09815790	02547586
09815790	02555434
09815790	02556126
09816771	02470175
09817816	05778131
09818343	02133297
09818343	06095022
09819667	06098195
09819860	07343574
09820044	02826443
09820044	05980256
09821253	00019792
09821253	00347610
09821253	00862683
09821253	01118449
09821253	01119169
09821253	01120069
09821831	02540670
09821831	02549847
09821831	02612762
09822955	00697062
09823287	00871942
09823287	00918471
09824135	00747135
09825096	00803325
09825519	00480221
09826074	01153486
09826204	01941093
09826204	05635188
09827683	02570267
09827683	14427239
09827683	15145586
09828760	06061631
09830400	02767956
09830629	01926031
09830629	02769748
09833997	02583545
09835348	02782093
09837824	02343056
09838370	02026629
09838701	01037819
09839167	02259829
09840639	02398681
09841188	05638778
09842047	02802215
09842823	00818253
09843602	00035603
09843824	02048051
09843956	01413173
09843956	01415585
09845589	01120900
09845999	04683814
09846755	00916285
09847010	02317970
09847727	01778990
09847727	02613275
09848110	06223669
09848285	05977340
09848285	06243096
09848285	08098346
09848285	08098499
09848489	00683280
09848489	00721098
09849598	01775164
09850121	02201521
09850974	01127411
09851165	02687385
09851876	01139104
09851876	01155687
09852081	00669762
09853184	02300060
09853305	13964466
09854510	00991683
09854510	01591621
09854510	02385634
09854915	06079620
09855630	06037298
09855630	06037666
09857852	01445932
09858299	00784388
09858299	02241767
09858299	02581073
09859557	01135922
09859684	00279465
09859684	00279822
09860940	00067274
09861059	01423929
09861395	01846658
09861718	00837872
09861718	01076953
09861946	01944692
09862345	01177118
09862345	02656763
09863749	00409281
09863936	00409281
09863936	02875499
09863936	08368308
09864536	01131902
09866661	02276866
09866661	02277303
09866922	00228858
09866922	02242049
09867956	02409412
09868270	06066555
09869171	01963942
09870208	00445802
09870208	01419982
09870208	01420765
09871095	01415585
09872066	00883226
09872557	02669806
09872782	02669806
09873604	00334996
09873604	01298931
09874260	02284096
09874260	02581276
09875786	00973056
09876701	08075388
09877587	01315333
09877951	02588871
09878275	01654628
09878702	01492725
09879144	01215137
09879297	01035199
09879744	00013172
09879744	00618057
09879744	02527651
09879744	02566227
09880338	01408297
09880741	02571511
09881748	01138204
09883452	01369758
09884133	01322854
09884391	01322854
09884815	01235769
09885145	02207206
09886540	00589596
09887034	00637259
09887034	00712135
09887034	01718952
09887850	02487573
09888017	00789448
09888832	02300060
09889170	06403969
09889346	02952975
09889346	06229853
09889691	01094086
09889941	02653996
09891079	01162291
09891470	01947543
09891470	01947887
09892262	08364143
09892693	00589769
09892831	00589769
09892831	02447001
09893015	00589769
09893191	00589769
09893600	01806505
09894143	00589948
09895222	00282613
09896170	06780069
09896826	00774056
09896826	00808671
09897696	01432601
09897696	01449974
09897696	01454246
09898215	00924579
09898346	01693727
09898346	06780678
09899929	05895138
09900499	00652622
09900499	01626844
09900981	01292885
09900981	01293389
09900981	01806505
09901143	01082454
09901143	01439190
09901642	01182709
09902954	02490877
09902954	02578510
09903639	00682928
09904057	00948071
09904837	06214379
09906538	01149138
09906538	02589576
09906848	00590148
09906986	00590148
09906986	00596692
09908508	00590269
09909060	00618682
09909060	02699141
09909760	02347637
09909760	02475922
09910222	01949817
09910222	03009111
09910222	03009269
09910374	01806505
09911570	01036804
09911570	01037303
09911570	01037650
09911570	01038666
09911570	01051956
09911570	01065630
09911849	07187486
09912995	00661824
09913329	00858568
09913329	00858781
09913824	06084469
09915964	01201089
09917593	14427065
09918554	14427065
09918554	14427239
09919297	06062076
09920771	08188638
09921409	00854904
09921409	01539063
09921409	02576349
09923673	04898208
09925592	01018352
09925592	02275365
09926088	00034115
09926088	00860292
09926088	00861929
09926246	03037709
09926862	00654625
09926862	00739662
09927089	01532589
09927089	01533442
09927305	01532589
09928451	00590518
09930257	00484166
09930464	02426395
09930876	00105778
09931418	00889294
09931640	00594836
09931640	00833702
09931640	01804414
09931640	02443049
09933098	01267475
09934921	01639105
09934921	13384877
09935233	01639105
09935434	02371684
09935434	02416278
09935434	06526291
09935434	08060694
09935793	01205341
09935793	02416751
09936362	02218173
09936620	01385170
09937903	02590340
09938672	01696648
09938672	04956594
09938672	14984973
09939154	06268567
09939313	00775156
09939313	01091427
09939313	01092366
09941383	00590626
09941383	00751887
09941383	02441022
09941571	00590626
09941571	00751887
09941571	02441022
09941964	00590626
09941964	00751887
09941964	02441022
09942431	00696189
09942431	00961586
09943811	01140471
09943811	02475261
09943811	07169480
09944022	08324514
09944022	08402442
09944763	00591111
09945319	06214744
09945319	08365855
09945603	06214744
09945603	08365855
09945905	00965606
09945905	02589245
09945905	02716767
09945905	13929588
09946278	02716767
09946278	13929588
09946957	01626138
09947232	01705494
09949946	01103000
09949946	01626138
09949946	01744888
09952163	00482473
09952163	01093587
09952163	01647867
09952163	01765392
09952539	01732921
09952539	01733213
09953178	02553697
09953965	00876665
09954479	00818553
09954479	00819508
09954639	00936465
09955015	02241107
09955015	02572119
09955015	02573275
09955015	02574516
09956387	05750027
09956578	00462092
09956578	01101913
09956578	01114303
09957156	06216160
09957614	00150287
09957834	06212650
09958892	00706975
09958892	00707322
09958892	02919275
09960545	00404726
09960545	13885370
09960688	00888786
09961605	00092690
09961739	00793037
09961999	01039162
09961999	07133701
09962414	00385385
09962612	01108402
09962612	06546633
09962789	00928630
09962789	02077656
09962966	00906367
09963320	00322847
09963320	01664172
09963320	01665638
09963914	00404642
09963914	02437905
09964411	01742886
09964411	02675067
09964411	02675701
09964659	00628125
09964805	01693881
09964805	01747374
09964805	06505517
09965134	01037910
09965134	01038538
09965134	01803641
09968259	02337545
09968845	00591236
09968845	00872886
09969491	00948071
09972157	01640550
09972157	01753596
09974648	05638063
09975425	01658762
09975425	05638063
09975933	00605783
09976119	01885845
09976119	01911888
09976429	01617192
09976917	01911888
09977660	02480923
09977660	02515080
09979072	00647542
09979072	00826509
09979321	00826509
09979589	00826509
09980090	06378298
09980458	00787049
09981540	00614489
09981540	06172502
09982152	02576503
09982370	05948264
09982370	08151490
09983572	00595785
09983572	02446660
09983572	02764828
09983572	02860564
09983889	00591523
09984298	00591622
09984298	02202928
09985279	01552519
09986189	01935476
09986189	02834778
09986532	00842772
09987239	02710043
09987696	02416030
09988703	01805247
09988703	01918669
09988703	02011685
09988703	02639075
09988703	02642238
09989502	01708676
09989502	01894649
09990415	01708676
09990415	01894649
09991026	00051942
09991867	01425892
09992538	02485844
09992538	02486232
09993252	02011685
09993252	02058590
09993252	02058756
09993252	02059916
09993901	01637633
09993901	02418205
09994119	01637633
09994943	00095873
09995398	00994454
09996920	00591725
09997212	00493517
09997404	00714884
09997404	00772189
09997404	00773432
09997404	00812580
09998101	00171618
09998101	00854420
09998101	01104624
09998101	02573275
09998101	02574516
09998101	02578235
09998907	01675963
09999135	00846509
09999135	00847683
09999135	00848169
09999135	00907657
09999795	07475364
09999795	07540866
10000007	00073343
10000007	00074038
10000787	02391803
10000787	02395395
10001058	01438304
10001058	02293321
10001217	01438304
10001647	00754942
10001647	01017826
10002031	05965933
10002760	00910135
10002760	02521410
10002760	02521816
10003120	02148788
10003283	00816556
10003283	01068380
10003283	02212825
10003283	02213074
10004539	01848718
10004539	02008396
10004539	02014165
10005280	02394445
10005280	02394662
10005548	02394445
10005548	02394662
10005721	02394445
10005721	02394662
10006511	02737187
10006842	00614057
10006842	02584097
10007109	00614057
10007109	00757856
10007109	02412939
10007109	02413140
10007109	02584097
10007109	02584475
10008716	00388635
10008716	01564144
10008716	01566490
10008716	01619929
10008716	01662118
10008716	02558951
10008716	02559199
10009671	00532115
10009671	00845909
10009671	00855933
10011074	06060845
10011074	14204950
10011486	06402031
10011902	02587084
10011902	08440630
10012377	01189224
10012377	01190012
10012484	01070187
10012484	06135915
10012484	07561112
10012484	07570720
10012484	13523661
10012815	00650016
10012815	00650353
10012815	02512305
10012989	01311103
10013242	01167981
10013927	00758459
10013927	07148573
10014658	00758459
10014939	00591858
10014939	00594836
10014939	02439501
10015215	01710317
10015897	00684645
10016103	00592001
10016103	02638845
10016954	00332672
10016954	01520844
10016954	01521367
10017272	01033346
10017794	02294436
10018021	00804802
10018021	00807461
10018021	00910135
10018021	02521410
10018861	02479990
10019406	01577635
10019406	01962865
10019406	01977080
10019552	01962671
10019888	02467662
10020031	02107588
10020366	02490634
10020890	00080304
10020890	02893338
10021892	02893338
10022645	01918803
10022759	00809654
10022759	02575723
10023656	00980908
10025730	02199590
10025730	02200686
10026976	00017674
10027590	00854420
10027590	02537812
10028765	01097500
10028765	01098706
10028765	02384275
10029068	00935940
10029068	01643464
10029068	01690294
10029269	00935940
10030277	01701311
10030277	06376154
10030277	07007945
10032342	02311387
10032524	02311387
10032884	00980176
10033082	00046534
10033225	00044797
10033663	00102974
10034201	01170052
10034201	01171183
10034201	01172275
10034201	01539063
10034785	01051956
10034906	01930874
10034906	02056971
10035430	01512259
10035809	02419773
10036266	01165043
10036929	01732532
10036929	02174830
10037080	00797299
10037385	00797299
10037385	01172275
10037385	01190277
10037385	01190494
10037922	15294382
10038620	08557131
10038778	08557131
10038929	00789237
10038929	01121948
10038929	01172784
10039391	02566227
10040344	02696306
10040789	00307419
10041195	06054700
10041887	02289295
10042300	01166351
10042300	01168468
10042300	01179865
10042690	02189714
10043163	06070929
10043643	05644727
10044470	02269143
10044470	02357228
10044879	00200397
10044879	00592102
10045454	00611433
10045454	00883297
10045454	05753564
10045454	05984287
10045713	02387486
10046527	01642924
10046527	02560767
10047199	00101800
10047199	04835028
10047459	00101800
10047459	04835028
10047459	04887497
10047459	07508806
10048001	00981944
10049896	00662681
10050880	07083246
10051337	02292535
10051975	00416135
10053808	02409412
10054657	02409412
10055085	00776988
10055297	00776988
10055566	05985999
10056103	00022686
10056103	00164816
10056103	00192836
10056103	00559102
10057271	00997794
10057714	03287733
10057714	03684823
10058155	01321895
10058411	01190948
10058411	01820302
10058411	01828736
10059162	02471327
10059323	06062842
10059582	06201136
10059904	06072275
10060175	02016523
10060352	04836074
10060352	08056231
10060621	00819274
10060621	07419599
10062996	00429440
10062996	01637633
10062996	02599004
10063177	06248214
10064405	06409562
10065066	05961429
10065066	06159473
10065066	09183693
10066452	00060833
10066732	00593944
10066732	00670261
10066732	00681429
10067011	06231191
10067305	07244613
10067968	00593613
10067968	00697062
10067968	02131279
10068234	00786458
10068234	02531625
10068804	01632411
10069120	00161225
10069296	01712704
10069427	01163779
10070563	02148788
10070711	02141973
10070942	02138611
10071139	02499312
10071139	02503365
10071332	00416399
10071557	05970755
10072054	01527877
10072054	05978472
10072708	00649481
10072708	00796315
10072708	02544348
10073992	00201034
10074339	01662118
10075529	06371413
10075529	06372095
10075529	06757891
10075693	00518395
10075899	05751173
10076778	01972298
10076957	00201407
10076957	00202236
10076957	00835903
10076957	02576921
10077593	00887463
10077593	01775164
10077593	01828736
10078131	01776468
10078806	01739814
10078806	02420232
10078806	10079210
10079210	10078806
10079893	06217944
10080337	01340439
10080508	03065516
10080508	05966129
10080508	05971086
10080508	05971394
10080508	07330666
10080869	00054628
10082146	00991838
10084635	00800421
10084635	05967773
10085217	01146918
10085548	03603958
10087736	00869931
10089615	02576921
10090498	02128873
10090498	02154312
10090498	02154508
10090498	02248465
10090498	02285629
10091012	00819508
10091012	00841986
10093658	01140794
10093908	00300537
10093908	02702830
10095869	00880227
10096217	01840238
10096217	01940403
10098092	00013858
10098245	03372029
10099093	01730216
10099375	02600255
10100124	01998432
10100124	02000868
10100761	00854904
10100761	02576349
10101634	00468480
10102506	00712135
10102506	00917772
10102506	00926472
10102800	00054628
10104209	00592535
10104756	00917614
10105085	01654271
10107303	00348746
10107303	01647229
10109662	02617338
10110287	13243261
10112591	01074650
10112591	13931145
10113362	03399047
10113997	13134947
10114550	01426397
10115082	02075049
10115082	02075462
10116246	05962043
10117017	02729965
10117267	06778102
10117511	01111028
10117511	02288295
10117511	02289295
10117511	02290461
10117739	00046151
10118382	00605310
10118382	01266895
10118382	01821634
10118587	01266895
10118844	01138523
10119200	02544348
10120085	08244062
10120085	08246302
10120671	01740969
10121246	01570744
10121246	01571744
10121952	02019011
10123711	15153787
10123844	00592652
10123844	05617467
10125561	00592652
10126177	00240754
10126177	01627355
10126177	02651014
10126424	06075527
10127273	01948573
10127555	06122178
10127689	06115701
10128519	06117562
10129133	02696503
10129585	01683101
10129825	15147330
10132641	01320009
10132988	00009978
10132988	01169067
10136959	01146793
10139347	01041954
10140051	01281611
10140314	00592795
10140783	00657728
10140783	00658052
10141364	06176107
10141364	06176322
10143595	02255942
10143595	02262278
10143725	02255462
10146927	00897241
10146927	00899597
10146927	00900583
10147262	00029025
10148305	00909573
10149128	01045719
10149436	01043231
10149527	00891936
10149867	02494356
10150071	02456031
10150794	00631737
10150794	00636061
10150794	00672433
10150794	00916909
10150940	02384686
10151570	01931768
10151570	02159427
10151570	02439732
10151760	03467517
10152083	01136614
10152083	02484570
10154013	06050901
10154601	02419773
10155222	00763630
10155849	01666894
10155849	04928903
10155849	05256862
10155849	05750163
10155849	05844105
10155849	07066659
10157744	02566227
10158010	01751173
10159714	00990249
10160012	01789514
10160412	00482473
10160412	00483181
10160624	01706889
10160770	01732713
10160770	03494278
10160770	03495258
10160913	01140515
10160913	03495671
10161047	03496296
10161178	01789514
10161363	01320009
10161867	02560164
10162194	01774136
10162354	03497657
10162507	01452255
10162507	01454810
10162991	00593108
10162991	02440244
10162991	02729023
10163723	01720980
10163723	02332445
10163723	02631349
10164025	00590383
10164233	00595146
10165448	02169891
10165448	02170427
10165448	02171039
10166394	00571738
10166394	02735066
10166762	01455866
10167565	00907800
10167565	01803380
10168012	00809654
10168012	00835506
10168183	09183971
10168584	02315525
10169796	01931768
10170359	06077413
10170989	02850826
10171219	00857784
10171567	02028722
10171567	02652158
10171755	00684507
10172080	01478626
10172080	02621901
10172793	07495551
10173895	01201100
10174695	08891595
10175507	01471825
10175725	01471825
10176111	01881180
10176111	01881957
10176111	01920698
10176111	01920932
10177014	00862225
10178216	01236164
10178216	01405044
10178216	01410223
10178611	02305856
10178917	01917244
10179069	00432689
10179649	01196653
10179649	02615739
10180580	01116585
10182499	08078020
10182913	01201422
10183556	01053495
10183556	02183175
10183757	02546075
10184081	01397707
10184081	02515443
10184290	02726717
10184946	01811441
10184946	01826723
10185148	01811441
10185148	01826723
10186350	00918383
10186774	01194418
10190516	02259547
10190516	02302817
10190745	02063988
10190871	02027226
10191388	05967191
10191388	05967402
10191613	00205885
10191613	02290956
10191943	04650201
10191943	05211044
10191943	06776138
10193026	01143838
10193026	01144657
10193026	02003601
10194566	02322596
10195261	00020671
10195261	00158996
10195593	00838043
10196965	01637633
10196965	04870643
10196965	05152696
10197392	06212839
10197525	00440286
10197967	02270404
10197967	02417504
10197967	02639606
10198437	01778017
10198832	01778017
10200047	01586018
10200365	00837288
10200531	02346136
10201535	00838043
10201535	01654271
10201535	01721556
10201535	01721754
10201535	02576921
10203949	02384275
10203949	02390470
10204177	08065234
10204921	01921204
10205457	02799593
10205985	00831651
10206173	00819508
10206173	00833199
10206173	00841986
10206173	00937208
10206173	01036804
10206173	02537407
10206887	02390470
10207514	00086835
10207831	00784342
10207831	00784727
10207831	00785962
10207831	00897746
10208287	00788184
10209082	00771961
10209082	01641914
10209246	00851239
10209246	01230710
10209246	01789514
10209731	00891216
10210137	00962129
10210137	02583139
10211203	00593837
10211203	02446819
10212501	00959827
10212780	01686132
10212780	01732172
10213034	02538765
10213180	00808855
10213319	00808855
10213429	00533897
10213652	02018524
10213652	02571251
10214062	01126360
10214062	01993352
10214062	02019716
10214230	00091968
10214390	02478059
10214637	01637982
10216106	02271137
10217038	05964098
10217436	09316454
10221312	00105554
10221312	00853633
10221312	00854150
10221777	01678685
10221777	03596787
10221956	01678685
10221956	03596787
10222497	02247226
10224098	00105554
10224098	00427580
10224098	00431005
10224098	00853633
10224098	06778102
10224578	06266417
10225219	00593944
10225219	00698855
10225219	02501278
10225219	06161718
10225219	08441203
10226556	01110661
10226556	02373578
10226556	02505807
10227266	02100709
10227985	08441203
10229498	02202928
10230580	01371756
10231087	01323958
10231087	02482425
10231515	08558155
10235549	13780719
10235549	13812607
10236304	13812607
10237196	01431230
10240082	00588221
10240082	00594621
10240082	01782432
10241300	02406916
10241300	02419773
10242439	01521603
10245863	01741221
10245863	01751836
10245863	08646902
10246395	00093593
10246511	10246511
10246511	10246703
10246703	10246511
10246703	10246703
10246913	00780889
10248711	00860620
10248876	00031820
10249950	00589217
10249950	00611143
10251779	00597915
10251779	00602255
10251779	13266170
10252075	02460199
10252075	02460619
10252222	00830761
10252547	00830761
10252674	02270404
10252921	05565548
10253479	00594260
10253995	00594374
10253995	02466670
10254392	02324182
10255096	02208903
10255567	01307142
10256080	00931721
10256080	06178812
10256537	00834259
10256756	01876006
10257221	02421374
10257647	02579447
10257948	00594477
10259348	00594580
10259527	00594580
10261041	13961642
10261041	15140405
10261041	15140892
10261388	01950502
10264219	02842445
10264437	06171040
10264437	06172789
10265070	02398956
10265532	00598767
10265532	01186578
10265801	00982178
10266486	01749394
10266848	02582450
10267941	01035853
10268180	02649830
10268299	02614387
10268629	02458943
10269458	01177118
10269458	02652494
10269458	02656763
10269785	05664069
10269785	06163751
10270232	02639075
10270878	01805684
10270878	01828405
10271216	02154312
10271677	02398854
10273064	01099592
10273064	02528380
10274318	00012434
10274318	00883226
10275249	08891889
10276045	01258302
10276045	01258828
10276477	00657016
10277352	01138204
10277352	02640053
10277912	07051975
10279018	01623967
10279018	01624169
10279018	02958343
10279018	03699975
10280130	00595146
10280130	00597385
10280130	00597634
10280674	00099951
10280674	01629958
10282014	06235829
10282920	01031256
10282920	01437888
10284064	00142191
10284064	01621555
10284064	01654628
10284064	01659248
10285762	02566528
10286539	00838043
10286539	01721754
10286539	02464132
10286855	07888909
10286855	07889274
10286855	07926642
10287213	01475831
10290422	01931768
10290919	00660783
10291110	01211699
10291240	02142626
10292316	01621555
10292316	01653442
10293172	02020237
10293332	01924505
10294602	01566476
10294602	05639832
10294953	01135501
10294953	05638606
10295819	02488834
10295951	00595032
10296176	00595032
10296176	01988325
10296618	00071646
10296618	01794668
10297983	01232738
10298647	00595146
10298912	00589769
10298912	00595146
10298912	02447001
10299250	01194418
10299250	02592397
10299875	01293389
10300303	01428853
10301261	06000644
10303513	01232098
10304383	00647094
10304505	01926031
10305062	06706676
10305192	02539101
10306279	05951969
10307114	00376106
10307234	08400965
10308504	00604576
10308732	00260648
10309347	01020005
10309347	01024190
10309896	02260362
10310903	00828336
10312077	06125698
10312287	06118563
10312287	06749729
10313580	06077648
10313872	00640889
10314952	01856626
10315561	13651218
10317007	00752335
10318414	06189551
10318892	00550016
10318892	01743531
10319796	01163620
10321126	02446660
10321474	01730216
10322391	00834009
10322391	02000288
10323182	00730984
10323182	00731222
10323182	08402442
10323182	08403225
10324560	02142775
10325243	00599329
10325243	00693633
10325774	01697406
10325774	01743784
10325957	04883614
10326087	00202934
10326087	00595545
10327583	02570267
10328782	13966007
10329337	02204242
10329337	14444114
10329945	00547300
10329945	00547493
10330189	02269894
10330189	02270165
10330189	02270404
10332385	00054628
10332385	02550516
10332385	13814041
10334101	01930117
10334101	02958343
10334567	01922895
10334567	09359803
10334957	01921964
10335246	00911350
10335246	01797051
10335246	01797204
10335246	01797347
10335246	01802219
10335801	00941990
10335931	01855606
10336234	01850315
10336537	00934744
10338094	02390101
10338498	03799710
10338707	01327301
10338707	02482425
10339504	00630380
10339966	00543233
10339966	05718935
10339966	07020895
10340312	00543233
10340312	01725051
10340312	03800933
10340312	05636048
10340312	05718935
10340312	07020895
10341446	03802007
10341660	00119873
10341660	02661252
10341660	02987177
10341660	02987454
10341955	00090708
10341955	00090888
10341955	00292672
10342180	00963896
10342180	02583958
10342543	00909219
10342543	01044114
10342543	01044533
10342543	07386920
10343554	02863247
10343554	02863464
10344774	01028748
10345100	01186428
10345804	00953216
10345804	01009240
10346015	05965195
10349243	02557199
10349243	02558172
10349243	02583545
10351625	00614999
10351625	00616153
10351625	00616857
10352299	02608176
10352299	08225090
10352299	08641113
10354265	06052864
10354265	06078978
10354898	01583040
10355449	00345761
10355449	01628449
10360101	00879540
10360101	02401523
10362428	00468236
10363149	00822101
10363445	02118476
10363573	06367879
10363913	02390470
10365399	00457998
10365514	01231252
10366779	01015996
10366966	00080705
10366966	02550698
10368920	01946996
10368920	05639556
10369317	03838899
10369528	00939035
10369528	01020005
10369699	06053439
10369955	01126360
10370381	05968450
10371741	00752335
10372373	01096497
10372373	08357784
10378412	01224744
10378780	02443849
10379073	06054446
10379376	04835488
10379758	02424652
10379758	02585489
10380305	05311054
10380672	00828901
10380672	00990008
10380672	06170498
10380672	07072698
10381214	02386012
10381214	02427726
10381369	00276883
10381369	00277659
10381369	00480969
10381369	01031705
10382825	03273551
10382825	03854065
10383237	00404642
10383237	01021629
10383237	01463963
10383505	00710005
10383689	06158185
10383816	00710005
10383816	01628449
10383816	01633343
10384214	01139865
10384392	02315277
10384610	06048552
10386071	02401809
10386984	03859717
10387586	03654374
10387712	02339413
10388440	00595684
10388440	02539334
10388440	05198036
10388732	02443049
10388924	00809465
10388924	02204692
10389398	00809465
10389398	02204692
10389398	13240514
10390199	01088005
10390199	05965586
10390427	01482449
10390427	01485158
10390427	01485839
10391653	01684663
10391653	01684899
10393909	01362736
10394786	06073888
10394786	09284589
10395073	01432601
10395209	02107817
10395209	05777830
10395390	02570267
10395605	06413889
10396106	08414381
10396106	08414608
10396106	08414807
10397001	01268112
10397482	01968275
10399130	00905399
10399299	00893167
10399299	00903385
10399299	00905399
10399491	02539788
10399491	14425414
10400998	00549610
10400998	00849939
10400998	00852685
10400998	06780309
10401639	02295208
10401829	01082606
10402086	06201136
10402285	00397953
10402285	01563724
10402417	06526291
10402417	08060694
10403876	01955984
10404242	02231473
10404426	02525044
10404672	02051694
10404998	01332205
10407310	04878101
10407552	02454939
10407726	00908621
10407726	01844431
10407726	02466134
10407954	00895304
10407954	00908621
10407954	02219940
10407954	02556126
10409011	02317970
10409634	02251743
10409634	02253456
10409752	00737884
10409752	02249741
10409752	02251743
10409752	02253154
10410668	00595894
10411163	01935476
10411551	02302817
10412055	01904930
10412055	01906322
10412055	01912893
10413834	01743217
10414612	02262601
10415230	05924519
10415230	14459422
10415638	01714208
10415638	06157326
10417168	02582615
10418101	02698944
10418302	01645157
10418302	02698443
10418735	00067545
10418841	00766418
10418841	00770437
10419047	02579447
10419047	02661252
10419630	01803380
10420031	00758627
10421470	03098803
10421470	03247620
10421470	06055300
10421470	06084469
10421753	06054892
10421956	01089483
10421956	04833276
10422540	03133141
10423225	06171040
10423589	02858231
10423589	06158346
10425946	05943300
10425946	06158346
10426454	06177033
10426749	00620554
10426749	00903559
10426749	01003249
10427764	00700000
10428004	06090869
10429965	06080522
10430665	03928116
10431514	01382083
10431625	00674607
10431625	00676450
10433452	01933305
10433737	01180975
10434725	01641914
10434725	01642437
10435041	01727684
10435367	03100026
10435716	00072012
10435988	01509079
10435988	02048891
10437262	00750405
10437262	02277897
10437262	02278061
10437262	03100026
10437262	07277158
10437852	00844298
10438042	01387656
10438042	01674717
10438172	00704690
10438172	01632411
10438172	01638368
10438172	01639714
10438172	01651444
10439629	05974564
10439851	01072949
10441694	00884540
10441694	02299269
10442232	01921204
10442417	01921204
10442417	02415573
10442815	01741864
10443170	02020027
10443170	02344568
10443170	02345048
10444194	01702514
10448983	00752335
10450303	00611972
10450303	13840719
10451263	00611972
10451263	13840719
10451590	02454312
10451590	05800998
10451858	00492410
10451858	00492706
10452260	13966925
10453533	02879638
10454752	00970215
10455094	00747215
10455619	01688256
10455619	01688771
10455915	00837288
10456138	02782815
10456138	05993367
10457444	00716758
10458111	00634906
10458111	00733044
10460286	00649887
10460286	00798108
10460286	06121554
10460806	00935247
10460806	01663443
10461424	00747418
10461424	01350449
10461424	02504562
10461747	00701040
10461747	00776523
10461747	02536557
10463028	00596193
10463714	00427580
10463714	02575723
10463714	02577586
10463943	01036804
10464178	00828003
10464178	00828374
10464542	00596393
10466198	02219940
10466918	02733122
10467179	00596807
10467179	02443609
10467179	02984104
10467179	15266265
10467395	00596807
10467395	02443609
10467395	02984104
10467395	15266265
10468559	00596807
10468559	02443609
10468559	02984104
10468559	15266265
10468750	00596807
10468750	02984104
10468962	00590047
10468962	00596807
10468962	00813790
10468962	02440020
10468962	02443609
10468962	15266265
10470460	01150559
10470460	01203715
10470779	08113443
10471250	08113443
10472799	08558488
10474446	02244956
10474645	00593108
10474645	00593219
10474645	00597629
10475297	01745722
10475297	01747945
10477077	01420451
10477585	02591893
10478626	02642238
10478626	02642814
10478960	00597957
10478960	02163301
10478960	02593354
10479561	01158181
10479561	02268351
10480018	02157100
10480730	00598056
10481003	13258362
10481268	00994076
10481268	01747717
10482054	00884011
10482054	00884317
10482220	00976487
10482220	00976653
10482220	02554922
10482414	00877848
10482921	06674542
10483138	00968211
10483530	00918312
10483530	01881696
10483890	01881696
10484526	00014549
10484526	00706243
10484526	00879356
10484858	02581477
10484858	02581900
10485440	01427695
10485440	02554066
10485440	02580577
10486349	01182709
10486679	01911888
10486679	02001252
10487182	01321002
10488865	06136258
10489426	06139491
10489944	00700652
10489944	06056923
10490699	00954608
10490699	00975902
10491309	00967625
10491309	01745722
10491575	00967625
10491575	01745722
10492202	01448100
10492202	01452918
10492202	01453433
10492202	01454636
10492202	01454810
10493093	06781581
10493685	04025130
10494935	02000868
10494935	02001858
10495167	02375131
10495421	01871680
10495555	02245555
10495555	02302817
10496193	01473176
10496193	01473346
10497202	00011982
10498046	01888511
10498422	00775156
10498551	01163847
10498816	01076370
10501203	00774056
10501203	00808671
10501203	00810385
10502046	01083044
10502576	02059462
10502950	06203758
10503247	00775943
10504206	00705580
10504206	00903309
10504206	06062407
10505206	01556572
10506220	01881180
10506417	02420430
10506762	00660102
10506915	00660102
10507070	01051956
10507230	02567519
10508710	00626428
10508862	00625119
10508862	00626428
10509161	05974564
10509161	13955461
10509389	05151869
10509389	13955461
10509605	05151869
10509605	13955461
10510339	00632627
10510339	00633265
10510339	00634472
10510339	00772189
10510546	00667424
10510546	00667747
10510546	00814850
10511069	00090253
10511239	00068617
10511239	00204585
10511425	00068617
10511425	01734502
10512201	01097500
10512201	01098452
10512201	02471327
10512372	01098452
10512562	01098452
10512708	02471327
10512982	00199912
10513120	00200397
10513120	00995838
10513120	00996102
10513120	01700934
10513623	02256998
10514429	01085237
10514429	01952898
10514784	00474017
10514784	00474492
10514784	00474762
10514962	00164201
10514962	01265246
10514962	02552449
10515194	00265386
10515194	00384620
10515194	02589576
10515194	05945508
10515194	05967097
10516294	02349212
10516692	02471690
10516874	01000214
10517826	02511551
10518194	02412175
10518349	01814815
10518349	01815185
10520804	02208903
10520804	02460199
10521470	01734502
10521470	02595662
10521662	00967098
10522759	02550868
10523076	00648224
10523076	00789138
10523076	00877327
10523341	08206460
10523519	00086809
10523519	01054335
10523519	02125409
10523519	02648639
10523519	02650552
10524223	00694068
10524223	02457233
10524413	00815686
10524973	00779360
10524973	00779601
10524973	01545883
10525134	00233335
10525134	01301051
10525134	01301410
10525134	01803936
10525134	01819554
10525134	02422663
10525134	02441022
10525436	02247028
10525617	02379753
10525617	02380009
10526927	00855794
10526927	01952898
10527334	00962722
10527334	00963283
10527334	02402409
10527334	07424109
10528493	01701858
10528493	01702514
10528493	06381869
10528493	07096661
10529231	02203362
10529231	02204692
10529965	01957529
10530769	00408085
10531227	08416652
10532058	02584661
10532576	00018158
10532576	01983264
10533013	00868591
10533013	01072262
10533013	01122194
10533983	00912473
10533983	00912833
10533983	00915605
10533983	01046480
10533983	01048718
10533983	01048939
10536897	02493260
10538154	01883716
10538272	01233993
10538733	01604251
10541229	00599234
10541229	00715868
10541229	02586619
10542888	01086103
10543795	00459498
10544232	02616542
10544748	00350380
10544748	01566185
10546633	01846658
10546850	00475819
10546850	00599329
10546850	00866702
10546850	02870663
10546850	08152657
10547145	00599329
10547145	00823129
10547145	00866702
10547145	08152657
10548227	00590518
10548537	05639651
10549510	01381357
10549510	02550868
10551751	02280869
10552486	05979595
10552742	00851933
10552742	06777164
10552980	03113881
10553235	01917980
10553235	01918183
10553627	02225492
10553627	02357228
10553805	02551144
10553805	02551832
10554455	02412939
10554455	02413140
10556518	00708128
10556518	00708376
10557854	00604694
10557854	05985999
10560637	05999797
10561320	00801782
10561320	00849080
10561320	00849332
10561320	00850192
10561613	01193099
10561861	00824767
10561861	00844941
10561861	00909573
10562283	01275762
10562391	01111816
10562749	02159427
10562749	02167571
10562968	02167571
10563711	02119874
10563826	01309143
10564224	00697419
10564224	02400378
10564660	01006239
10564800	02463990
10565302	00697062
10565302	02153387
10565502	00635850
10565502	00878052
10566072	01256157
10566072	01551871
10566072	01684337
10567401	01315613
10567401	01317723
10567401	02153709
10568443	02556817
10569744	00599472
10570019	00599472
10575089	01428578
10575787	00648224
10575787	01315613
10575787	01317723
10575787	02153709
10575787	02240881
10576071	02129289
10576071	02150948
10576316	01202184
10576316	02482139
10576316	08380340
10577284	02242464
10577284	02244956
10577284	02260770
10577284	02298160
10577284	02302817
10577820	05976257
10577820	06179792
10578471	00604131
10578762	01031256
10578762	01435380
10578762	01437254
10579676	04628080
10579835	07247602
10580030	02431320
10580535	13998263
10582154	02540670
10583250	02540670
10583387	00413876
10583387	00415044
10583387	08374049
10583387	08499840
10583387	09048460
10583916	00698855
10584318	01666327
10586265	01213614
10586265	01471547
10587227	01320513
10587378	01542207
10588357	08558770
10588724	01497750
10588724	02642814
10590339	01950798
10590977	01810447
10592397	02326355
10592397	02466134
10592595	02466134
10593115	01134781
10593115	01137138
10593115	02484570
10594408	01917549
10595647	00065070
10595647	00065639
10595647	02121511
10596689	00310201
10596689	00311809
10596689	01843055
10596689	01843904
10596899	01039330
10597234	00889229
10597234	00996485
10597234	02409941
10597234	02464866
10597505	01039330
10599806	00952182
10599806	01067816
10599806	01704236
10599806	01729431
10599806	07110615
10601078	02565687
10602470	08075647
10602985	13814184
10603528	02640440
10603528	02641035
10603528	02706046
10603528	02740204
10604491	01936753
10604634	00687295
10605088	01870867
10605848	01123765
10607706	01262936
10608385	02463704
10608803	01416871
10608803	01420928
10609092	01322675
10609556	02421199
10610333	01939174
10610465	00014742
10611361	00285141
10611361	01916960
10611613	00785690
10612373	07152259
10612803	01989720
10612931	02417504
10613996	02115430
10614225	00335923
10614225	01401772
10614225	01566705
10614363	00028565
10614363	01067512
10614976	01198101
10615179	01806505
10615334	02345856
10615334	03096273
10615808	01480770
10616204	02276866
10616204	02322230
10616379	00032539
10616379	00032778
10616379	00796976
10616379	01774799
10616578	00004819
10616670	00007549
10616670	02125032
10617193	00785690
10617904	00478217
10618007	00101779
10618685	00249017
10618848	00298041
10618848	06220616
10618848	08366202
10619176	06214580
10619176	06218459
10619176	08368308
10619176	08416328
10619492	02388950
10619642	06143154
10620758	06151693
10621400	08075388
10621514	00849294
10621514	02568392
10622053	05640184
10623175	00604321
10623354	00782057
10623354	02458747
10623650	07040939
10624310	00546389
10624310	07048000
10625285	02388764
10625860	05967977
10625860	05978812
10626194	02568884
10626867	00654625
10627899	00034758
10627899	02719016
10629020	00969370
10629020	01500873
10630188	00830761
10630188	00941990
10630188	00963570
10631941	00583461
10631941	02446164
10631941	05705184
10632576	02446164
10632576	05705184
10633298	00715541
10633450	02128653
10633450	02128873
10633450	02150510
10633450	02150948
10633450	02151700
10634075	02272090
10634316	00927049
10634990	00777522
10634990	01821132
10635275	02267060
10635275	02301502
10635460	02267529
10636598	01229631
10636874	00006238
10636874	00101956
10637635	02467662
10640620	01428853
10640968	01543426
10641551	00796976
10641755	00785470
10641755	00785690
10642151	00785470
10642151	00785690
10643727	00008602
10644179	01231652
10644301	00045639
10644469	01503404
10645611	01648126
10645611	01711445
10645854	01918803
10645854	01924882
10646325	08440630
10646780	00981544
10646942	01921204
10646942	01925338
10646942	01929467
10648033	01546111
10648237	02258617
10648696	01720980
10648696	02631349
10648909	02132745
10650162	00753093
10650162	04890865
10652954	06018465
10654015	00615462
10654015	06350127
10655169	01305731
10655169	01489989
10655169	01612084
10655169	02085742
10655594	00604523
10656223	00390842
10656223	01568630
10656488	03120454
10657306	01329239
10658304	02285392
10658304	02323286
10658304	04321534
10658304	13367070
10659393	01323518
10659571	01034932
10659762	02062632
10660333	00835294
10660333	01634424
10660729	01881180
10660729	01925694
10660729	02066304
10661002	01376894
10661563	05905348
10663315	02322596
10663315	02554235
10664340	00049900
10664340	00531490
10664340	10664340
10665302	02407338
10665698	00604694
10665698	00607405
10665698	02387486
10667041	01900408
10667187	00439588
10667187	01336587
10668450	00462092
10668450	01108148
10668450	02424128
10669727	00878348
10669727	01118081
10669991	00579712
10669991	00659535
10669991	00792991
10670310	02299269
10670483	02209745
10670668	00806314
10670668	02453889
10670668	02464866
10670668	02556817
10670885	02216710
10671042	02258617
10671042	02394662
10671613	02406585
10671736	02406585
10671898	02548710
10672192	00754731
10672192	02582042
10672662	05186306
10672908	05186306
10673451	00875394
10673451	00927430
10674130	02534492
10674130	02534936
10675010	00104147
10676877	02163301
10676877	02443049
10677271	02327200
10677713	00895304
10677713	01149138
10677713	01827858
10677713	02453889
10677713	02554922
10678472	02424652
10678662	14442530
10679054	01948077
10679998	01115585
10679998	02235229
10680153	00162688
10680153	00604930
10680153	02405390
10680609	00646738
10681194	02616713
10681194	02619924
10681383	00687926
10681383	00924873
10681557	02332999
10681557	02338975
10682038	00012434
10682380	01011031
10682501	00865387
10683126	01960911
10683349	01960911
10684146	01411085
10684146	01411630
10684630	00605783
10684630	02419773
10684827	00880978
10684827	02063771
10684827	04906923
10685123	00653449
10685123	05779116
10685685	00412271
10685853	00412271
10685853	00836236
10686073	01822724
10686313	01814815
10686313	01822248
10687231	00644066
10687231	05783940
10688356	05905152
10688356	06248968
10689104	02001461
10689104	02001858
10689564	01666327
10689564	01666717
10689564	04160372
10690538	00302130
10690849	00850501
10691148	01895757
10691318	02188848
10691600	01247804
10691764	01854519
10691764	02360274
10691764	04390977
10691764	04559451
10692482	01195299
10692696	00937208
10693459	00321148
10693459	05636402
10693824	01013770
10693824	01031705
10693824	06152821
10693824	06153186
10693824	08378356
10694258	00593732
10694258	00604811
10694258	00829107
10695555	00850501
10695555	00852506
10695555	01787955
10695555	01803380
10696251	05643190
10696251	05665146
10697282	01196364
10697519	01007222
10697519	04400499
10697519	06274921
10697879	07255998
10698064	06272290
10699262	09270894
10699752	00776523
10699752	00782527
10699752	00793785
10699752	01807529
10699752	01807770
10700105	02419773
10700201	01054335
10700201	02208537
10700201	02460483
10700201	02460619
10700517	01054335
10700517	02460483
10700640	01054335
10702615	10702781
10702781	00759694
10702781	07520612
10702781	10702615
10703692	00669970
10703692	00786458
10703692	00786816
10703905	01013040
10703905	01014821
10703905	01015244
10705615	00613973
10705615	00631398
10705615	01034118
10705615	06182144
10705615	06183899
10706812	00633443
10706812	05888929
10706812	05952979
10706812	05989479
10707233	00081725
10707233	00661091
10707804	02321757
10708454	00628491
10709529	01508368
10710509	01115190
10711483	00490968
10712055	01473346
10712229	01473346
10712474	00286928
10712573	02202133
10712690	01172114
10712835	06651577
10713502	01175467
10713923	04442831
10714465	01918803
10714851	02181538
10714851	02181973
10716005	00071178
10716005	01802689
10716005	01803003
10716005	02585489
10716389	00071178
10716389	01802689
10717055	01512625
10717196	01430633
10717589	01206218
10717589	01206849
10718131	00298161
10718131	00310666
10718131	01845229
10720097	02001858
10720453	02244956
10720453	02260362
10720453	02302817
10720453	08060193
10720964	08233056
10720964	08473482
10721124	01213702
10721124	02647497
10721124	04801877
10721470	02245993
10722385	00602805
10722385	00603298
10722385	02387034
10722385	02553697
10722575	00603298
10722575	00833702
10722965	00749767
10722965	00782072
10722965	04879658
10724372	02393086
10724699	01435380
10724699	02012344
10724699	02220461
10724699	02232190
10725280	00959827
10726233	01480770
10727016	01912159
10727256	00605246
10728998	01195299
10728998	02531625
10729175	02500902
10729175	02501278
10731013	11349318
10731848	01921204
10732010	01733829
10732010	03110669
10732314	02349212
10733117	00295346
10733999	01036804
10734235	01586278
10734394	00057665
10734568	01517662
10734568	01518047
10734963	03249569
10735298	01781757
10735298	02587239
10736394	02562585
10737103	00604930
10737103	02638444
10737431	01284271
10737431	01284461
10737431	01284908
10737431	01344293
10737431	01346003
10740017	00824066
10740017	00824767
10740017	00825975
10740219	00896497
10740219	02679530
10740219	02679899
10740219	02681795
10741590	01158872
10741821	01931768
10741821	01999798
10741821	10742005
10742005	10741821
10742546	02274482
10742546	02405390
10743124	01158872
10743675	00745187
10743675	00940384
10743675	00952182
10743675	00983824
10743941	01735475
10744164	02708707
10744164	15137890
10744544	01881180
10745332	01088547
10745332	02420991
10745332	02541138
10745894	00681429
10745894	00695226
10746346	00426958
10746346	02156546
10746931	01965806
10746931	01966168
10747294	06464419
10747672	00944548
10749715	00080456
10750188	08100907
10750365	08100907
10751785	00605616
10752093	02500619
10752093	02574205
10752480	00854904
10752480	02500619
10752480	02574205
10753182	02332999
10754281	02567519
10754281	02579447
10754578	01733667
10754578	04536866
10756433	01635432
10757193	01038666
10757193	01843689
10757193	01844048
10757193	02487573
10757193	02493030
10757193	02619424
10757492	01635432
10758589	00915265
10758847	00933403
10759151	02424984
10759331	02424984
10759702	00076400
10760340	02400760
10760340	02461314
10760340	02462580
10760763	00664483
10760763	00890100
10760763	01015104
10761326	02165146
10761519	00516932
10762064	01918803
10763245	01046932
10763383	01181295
10763725	00720063
10763725	02637938
10763725	02641463
10763878	00018526
10763985	00018813
10764296	02017149
10765098	01415807
10765189	01268112
10765679	01881180
10766025	00709205
10766025	01188725
10766025	01317064
10766025	01825237
10766025	02632567
10766492	01050896
10767020	01129337
10767265	00605909
10767265	01129337
10767519	02282365
10768585	01093172
10768903	01270199
10768903	01535246
10769321	02491383
10769321	02493260
10769459	01158181
10769459	02268351
10770059	02151966
10770309	02357873
10770545	01696435
10770545	04558578
10770545	04558804
10770545	14991319
10770767	00228236
10770767	02357873
10770891	01315140
10770891	05776679
10771270	01446901
10771392	01845720
10771392	01846916
10772190	01673891
10773040	00066191
10773126	00066191
10773394	01150370
10773394	01974062
10773527	02574072
10773665	01595830
10775128	01141938
10775379	00768778
10776339	00067274
10776339	00101779
10776339	00907147
10776339	00907930
10776339	00909219
10776339	00909573
10776339	00910973
10776339	01042531
10776339	01045419
10776339	01048939
10777147	02046755
10777299	00915830
10779775	01552219
10780632	01735475
10781236	01868370
10781236	01898282
10781984	01522052
10781984	01522276
10782791	01100145
10782791	02288295
10782940	01100145
10783539	00007739
10783734	00505802
10783734	02354536
10784922	00799383
10785085	00799383
10785333	00495998
10785695	02213690
10785695	02215001
10785869	02706816
10786033	00831651
10786033	02128286
10786270	01014821
10786270	02128286
10786517	02128286
10787197	01037910
10787470	00566322
10787470	00606006
10787470	01484987
10787470	02590910
10787470	08477634
10787470	14425715
10788852	02590910
10789118	02590910
10789963	01256600
10791221	05638063
10792178	01767163
10792335	01778017
10792856	01566185
10793168	01574292
10794014	00929718
10794014	01698271
10794014	01704452
10794014	01744611
10794014	02651014
10801291	00993014
10801291	01691057
10803193	00007328
10803838	01050651
10806222	06083243
10822338	03028465
10851599	03029133
10892564	02680723
10940669	03030919
10978098	03066658
10994906	03067506
10995115	03067506
10995292	03067506
10995592	03067506
11059079	01244853
11081828	02752496
11083656	00411009
11083656	02551602
11083656	02952275
11176932	00020671
11224877	00364629
11270023	03037924
11295196	03027335
11349318	10731013
11381824	02955562
11410298	00443670
11410298	00445940
11410625	01642924
11410625	02560767
11410625	02611002
11410625	02634265
11410625	02635659
11412727	00109660
11412727	00123170
11412727	00126264
11414411	00137313
11414608	00701040
11414608	00776523
11415084	02661252
11415084	02662297
11415842	01752884
11416722	00137940
11416722	02647918
11418138	00916909
11418138	02594102
11420139	02661769
11420376	09756400
11422597	01377758
11422597	01377940
11428023	00291757
11428023	02763740
11428023	02768431
11428379	00291444
11435028	00517847
11435028	00518115
11439031	00270005
11439031	02042404
11444117	00358431
11444117	02109818
11444643	00208836
11444643	00209837
11444643	00552815
11444816	00308105
11444816	00702773
11445395	01988755
11445564	00009492
11445564	01259951
11446242	00364868
11446242	00366275
11447851	01650425
11447851	01902783
11449907	00505802
11449907	00506040
11450566	00505802
11450566	00506040
11452218	00022686
11453016	01181559
11454591	00217152
11454591	00217700
11454591	00452220
11454591	01524523
11455695	00314782
11455695	02161922
11458624	01350449
11458624	01448100
11458624	01871979
11459538	01250908
11460063	00331082
11460063	01254013
11460063	02648106
11464143	01835280
11464143	02737183
11465017	01902783
11465017	02100632
11465017	02769241
11466043	00371264
11466043	00372665
11466043	02333358
11467786	00572186
11467786	02768874
11468172	01737417
11473138	01593254
11473954	00291873
11480930	02135048
11480930	02176268
11480930	02179518
11480930	02180529
11482140	00376106
11482312	00321936
11485367	00104147
11485367	02112546
11486708	00097394
11492014	00487182
11492014	00487350
11492014	00487554
11494638	02756821
11495041	00403149
11495041	00403401
11495041	00403609
11495041	01447257
11497888	00943436
11498040	01505254
11498040	01609287
11498203	01447632
11498203	01871979
11498203	02094569
11498203	02713852
11499284	02767116
11501230	02079933
11501381	02756558
11502102	00217700
11502102	01524523
11502102	02758033
11502497	02757651
11503968	03110183
11505546	00168588
11505546	00521478
11506167	02757828
11508092	02127100
11508092	02767922
11508382	02758977
11511523	02766687
11512818	00557813
11512818	02079933
11512992	01436139
11512992	02085573
11515051	00536304
11515325	00025203
11517494	00073584
11519450	01868370
11524662	00275088
11527967	01874568
11527967	01904293
11531090	00017222
11553240	02618877
11665372	02623529
11668117	00753922
11669335	00294245
11669921	00294245
11675537	00054059
11682842	02844728
11683556	00181258
11683556	00197744
11684739	00179567
11685179	02678677
11692265	00365513
11778534	02641201
11779300	02641201
11867525	02937720
12036368	00181434
12141495	02688623
12143676	01179155
12392070	02120715
13003522	00103317
13066129	00089154
13077033	00210738
13077295	00210738
13085113	00313171
13085864	01320009
13085864	01321002
13085864	01741446
13089631	01440801
13089631	01441993
13102409	01921964
13112664	13118569
13118569	13112664
13122985	03022349
13123431	01570935
13134947	00056188
13134947	00506672
13134947	10113997
13135832	00179718
13135832	01500873
13137409	01384102
13138308	13138658
13138658	13138308
13139055	00095870
13139055	00198057
13139647	00181258
13140049	00095870
13140049	00198057
13152742	00095747
13152742	00282790
13152742	13154077
13154077	13152742
13163991	00329654
13164583	00095377
13164583	00357332
13164763	00357332
13240514	10388924
13240514	10389398
13243261	10110287
13244109	02203362
13247554	02550868
13248087	02201521
13248393	02208903
13248393	02460199
13248928	02209261
13253612	02207206
13253751	02207206
13253751	02259829
13253751	02646757
13254237	02255942
13256691	02291434
13258362	02278830
13258362	02291548
13258362	10481003
13259917	02288295
13260190	01629000
13260190	02209745
13261916	02307547
13262462	01565472
13262663	02344568
13262663	02345048
13262663	02345288
13265011	02200686
13265011	02474239
13265425	02201268
13266170	10251779
13266892	02262278
13268146	02261888
13268842	01846413
13268842	02262752
13270038	02263027
13271320	02201268
13273550	00689673
13274092	00699334
13275288	02267060
13275495	02301502
13275847	02702508
13278375	02251743
13278375	02252931
13278375	02253154
13279262	02249741
13279262	02251743
13279262	02252931
13279262	02253456
13279262	02290196
13279262	02291708
13282007	02249741
13282550	02249741
13282550	02250625
13282550	02253456
13282550	02519991
13284562	02284096
13285714	00081072
13285714	02294436
13286254	00724150
13286640	02467662
13289467	02234087
13290676	02250625
13290676	02519991
13291189	02543874
13291189	02672540
13291189	02717831
13291189	02718015
13295657	02208537
13295657	02208903
13295657	02460199
13295657	02460619
13298701	02202133
13299651	02284951
13299651	02344060
13300141	02253766
13300922	02303331
13301174	02303331
13301328	02498716
13301328	02498987
13303315	02351010
13306870	02320374
13307784	02319050
13307901	02241107
13308864	02306462
13311368	02215001
13313733	02656390
13321495	02502536
13326198	01489161
13326198	01951276
13328357	00315020
13328357	00315330
13328853	00315956
13331634	00637259
13333237	02271137
13341756	02519991
13342692	02272090
13342692	02545272
13343526	01139104
13343526	01155687
13343526	02545272
13343917	01139380
13344664	00891216
13344804	00891216
13350976	02421749
13353607	00731159
13353607	09609232
13354420	00162167
13354420	00731000
13354420	00731159
13354420	02330742
13354420	09609232
13354985	02265231
13358549	02218635
13359572	02265979
13365286	01184625
13365286	02219094
13365698	02217695
13365698	02219094
13366311	01184625
13366912	02305856
13367070	01318053
13367070	02281093
13367070	02285392
13367070	02323059
13367070	02323286
13367070	02329733
13367070	10658304
13367593	02479323
13368052	00724150
13368052	02214485
13368052	02285392
13370448	01776214
13370448	02256109
13372123	02766390
13381734	01064999
13381734	02311260
13384164	02262601
13384557	09934921
13384877	09934921
13385583	02216710
13385583	02217011
13386614	02256354
13388245	01639105
13398953	02324182
13400798	02321046
13403331	02896789
13403643	01000214
13405962	02265231
13411157	00697062
13412321	02471690
13412321	02472033
13413493	00681429
13413493	00695226
13416345	02262139
13421462	00724029
13421832	00724029
13423489	00275466
13423615	02648106
13423922	01539063
13423922	01539633
13424183	02765464
13424643	00393677
13424865	00159368
13425245	00159368
13425637	00524083
13425637	00524299
13426238	00264875
13426376	00190999
13426376	01643657
13427078	00150287
13428159	02112891
13428608	01221684
13429888	00410406
13431722	02621901
13434878	00159642
13434878	00160261
13434878	00602255
13437181	01478603
13439390	00294245
13439570	00294245
13439570	00294522
13440063	00037457
13443787	00238720
13443787	02682699
13444940	02687191
13445296	02047263
13446197	00136800
13446197	02673134
13447361	00446885
13449566	02770717
13450206	00377002
13450636	02672859
13451348	00364868
13451348	00366275
13451508	00442669
13451804	01158572
13452347	00092690
13452347	00093163
13453160	00369864
13453160	00370412
13453428	00273963
13453428	00274283
13453861	00238542
13454318	01742726
13454479	00368367
13454479	00442847
13454479	00457770
13454479	00457998
13454479	00458276
13456567	00399074
13456899	00399074
13457378	00151689
13457378	00431826
13458019	00209837
13458019	00399553
13458268	00209174
13458571	00151689
13459088	00074038
13460299	00092293
13460568	00211108
13460568	00211396
13460568	00212790
13460568	00366858
13460991	00400101
13461525	00574514
13462795	00531904
13463255	00272683
13463255	02114924
13463490	00570003
13463490	00570205
13464204	00092293
13464204	00203866
13464204	00208497
13464820	00251064
13464820	00543410
13466586	00104868
13467700	00209598
13467916	00355955
13467916	00397576
13468094	00446329
13468094	00447309
13468306	00229026
13468306	00229280
13468306	00475183
13469674	01925694
13470491	00431826
13470491	00433778
13471681	00519363
13471681	02276088
13471815	00055010
13473097	00072989
13473097	00073343
13477023	00251064
13477023	00545557
13477934	00006238
13479034	00058645
13479889	00096766
13479889	00097179
13480541	00451838
13480667	01457954
13480667	01458664
13480848	00320536
13480848	00378664
13480848	02356420
13481883	02762981
13482330	02067689
13482330	02743727
13482781	02692335
13483190	00282790
13483726	00507664
13484082	01459542
13484082	01459696
13484303	00338071
13484644	00374135
13484644	00375865
13484644	00445711
13485408	00056188
13485408	00506672
13486270	00442267
13487207	00095377
13487207	00357332
13487207	00357667
13489037	00094460
13489037	00231557
13489037	00245457
13489037	00248026
13489037	00250181
13489037	00252019
13489037	02942769
13489037	02945820
13489037	02979722
13491060	00442669
13491060	00443116
13491060	00445169
13491060	00445467
13491060	00527572
13491464	00060185
13491464	00063095
13491616	00099184
13491616	00270561
13491876	00372665
13492453	02739578
13495636	00692907
13495873	02759614
13496286	01528821
13496517	00497705
13496771	00191517
13497135	00153263
13497135	00156601
13497135	00230746
13498404	00088713
13498828	00562523
13500557	00431610
13501941	01506812
13501941	01507006
13502909	00266798
13502909	00267041
13503673	00655378
13503908	00958334
13504173	00958334
13505843	00066977
13505843	00452098
13505987	01186428
13506587	00488617
13506587	02071627
13508651	00443984
13508651	00444309
13511755	00566569
13512036	00344174
13512238	00249852
13512238	00249969
13512238	00250181
13512238	00926156
13512238	02979722
13513747	00062203
13513747	02879273
13515958	00072012
13516176	00210738
13516312	00577170
13516842	00009147
13517199	01752728
13517843	00247390
13518963	00040325
13518963	00043411
13521072	00469904
13521616	00504901
13521873	00504676
13523661	01204191
13523661	03002351
13523661	10012484
13525549	01525666
13527965	02706046
13529616	02672859
13530408	00238867
13530408	00239321
13531149	00185465
13531652	01735144
13532886	00056930
13532886	00360932
13533886	00072012
13534098	00330909
13534274	01457954
13534274	01458228
13534274	01458464
13534274	01913532
13534274	01913707
13534274	02071627
13534608	02618877
13534954	01227235
13534954	01229071
13534954	01457954
13535261	00067545
13535261	02712125
13536794	02838592
13536794	03925226
13537894	01279631
13537894	01551195
13538182	01307389
13538757	00266197
13538757	00266586
13541167	00515154
13541167	02438535
13541491	00583242
13541491	00583523
13543871	00101956
13544073	00357332
13547199	00474492
13547513	00045817
13547677	00237877
13547925	00453803
13548105	00474492
13548105	00474762
13548105	00475183
13548531	00371051
13548531	00371955
13549488	00026385
13549488	00419685
13549672	00069295
13549672	00104868
13549916	01734929
13550318	00055142
13552270	00239614
13552270	00274283
13553916	00069295
13554343	00272391
13555446	00701040
13555446	02736778
13555599	00009147
13555775	00074038
13555775	00841986
13556377	00204391
13556509	00148472
13556509	00204391
13556509	00245289
13556509	00432839
13556509	00441212
13556893	02767922
13557158	00456151
13557158	01578513
13557766	00255389
13558490	01540449
13558696	00654625
13558696	02400378
13559409	00458471
13559782	00119266
13559782	00119524
13560079	00119266
13560417	00210259
13561521	00417596
13564215	00553616
13565379	00112628
13565379	00644066
13565622	00103875
13565781	00095990
13566535	00444629
13570574	00256507
13571217	00293760
13572436	00366858
13572436	00442267
13572436	00575720
13572860	00122097
13572860	00581671
13573181	00580865
13573666	00459114
13573915	00516932
13574452	00093775
13575433	00458471
13575433	00458754
13575433	03000447
13580415	02335828
13580415	02669789
13580723	01183573
13580723	01193721
13582013	00235918
13582013	00946755
13582013	00948071
13582013	00948853
13582013	02645007
13583724	00368109
13589321	00680485
13593219	00640385
13593219	00733250
13594585	01111816
13599547	00399788
13599547	00777522
13617952	00467717
13625884	01174294
13641534	02149899
13649791	02072501
13650447	00490722
13651218	10315561
13651218	13651520
13651520	13655262
13651520	13660337
13651520	13660619
13653902	02008066
13655262	10315561
13655262	13651520
13660178	00491689
13660337	13651520
13660619	13651520
13724081	02900081
13724081	02900219
13726296	02814453
13732078	00642098
13733402	00640385
13733402	00733250
13736197	00530829
13737480	01563575
13737480	02483564
13740168	00297507
13741022	00563824
13742358	00297507
13742358	00637259
13743605	01292885
13743605	01465365
13754293	00153263
13754293	00156601
13757249	00490722
13757249	01912709
13757249	01919711
13757249	01928838
13757249	01929254
13757249	02091165
13757249	02091410
13757249	02091689
13758745	01629000
13758745	02291708
13759558	01382083
13761171	01233194
13761171	01374020
13761966	01376245
13763384	00427802
13763384	00841125
13763384	00864475
13766896	01180351
13769317	01312371
13771404	01611516
13771404	13771828
13771828	13771404
13771828	13901585
13773361	02156063
13773539	01643657
13773725	01573891
13774404	00453424
13774404	01524298
13774404	02064131
13774404	02263788
13775706	00751131
13775706	01524523
13775706	02356704
13776137	00428583
13776137	00428870
13777344	01182709
13777344	02327200
13777344	02479323
13779374	02700867
13780719	00031921
13780719	10235549
13783816	00380698
13790712	00636888
13791389	02568884
13792183	01607072
13792183	02538086
13792579	00713167
13792692	01354673
13792692	01492052
13792842	00742320
13793504	02636132
13793504	02677097
13793776	02636921
13793776	02677332
13794034	02629793
13795180	02676054
13801700	03094520
13803782	00982514
13809920	00946105
13810141	00514069
13810323	00368109
13810323	02468793
13810615	08400965
13810818	02243461
13810818	02637592
13810818	02835654
13811184	02637592
13811900	01822724
13812607	00031921
13812607	07969695
13812607	10235549
13813042	00700162
13813042	02737187
13813765	02539788
13814041	10332385
13814184	10602985
13815742	00151279
13822995	00240293
13822995	00434077
13829047	01233347
13840719	10450303
13840719	10451263
13841651	00713996
13841651	02658979
13841651	02704461
13841863	01945550
13841863	02622033
13844212	00713818
13844212	02724417
13844212	13844212
13845239	00393953
13845239	00735866
13845239	00960734
13845239	02377651
13845239	02739254
13845838	00394563
13850304	00319406
13850304	01744082
13851067	00702434
13855627	00661213
13855627	02666882
13858045	00869596
13858604	00138508
13858604	00799798
13859043	00123170
13859043	00126264
13860281	00930599
13860281	02634808
13860548	09773245
13860793	00445169
13861050	00658942
13864153	00537339
13864763	02047807
13864965	00535452
13864965	01280645
13864965	02036339
13867276	01223182
13867641	02033295
13869327	02033137
13869327	02034671
13869327	02035919
13872211	01551195
13872421	01498872
13872421	01934205
13872592	01584321
13872592	02844728
13872975	02844728
13873502	02040652
13874073	00417001
13874558	00145299
13874558	01679106
13875571	01523986
13875571	01673472
13875970	00143204
13875970	00362128
13875970	01391280
13875970	01523986
13875970	02098458
13875970	02687251
13876371	02049190
13876371	02738544
13877918	00362128
13877918	01223182
13877918	01223833
13878112	02046755
13878112	02047650
13878112	02048891
13878634	00145448
13879320	02468618
13885370	01350699
13885370	09960545
13885700	00356954
13885836	01280808
13885836	01521124
13885836	01673732
13886724	00328802
13887056	00329817
13887056	02718863
13887319	01991744
13887509	02038357
13887509	02044866
13887509	02047807
13889602	02037090
13889843	02037090
13892897	02037090
13893786	01277431
13893786	01457489
13894306	01312371
13894434	00256369
13894434	00263231
13894434	02035559
13894434	02081946
13894434	02714360
13894434	02714731
13894434	02723904
13896100	02034986
13897996	00136800
13897996	02673134
13898315	00483466
13898315	00552619
13898315	02371718
13899404	00144694
13901585	13771828
13902482	00392960
13903079	00233335
13903079	01466978
13903079	02710673
13903738	02703790
13904843	01279631
13904843	01309143
13904843	01440801
13904843	01555742
13904843	01558883
13904843	01559055
13905121	01555742
13905405	01275762
13905572	00469637
13905572	01985524
13905572	01985757
13905572	02717701
13905792	00564857
13905792	01276361
13905792	01277784
13905792	01278427
13905792	01279305
13907272	00336922
13907415	01217780
13907415	01277974
13907415	01457206
13907415	02035919
13907847	01279015
13907847	01330822
13908201	01556572
13908201	01558681
13910384	01988080
13911151	01604696
13911151	02622234
13911151	02660147
13911872	01589056
13911872	01589224
13911872	01589363
13911872	02689882
13912992	00304422
13913427	02686952
13913566	00981276
13913566	01624568
13913566	01659248
13913566	01662771
13913566	01697027
13913566	02144644
13913849	00328802
13913849	00329244
13916721	01256867
13919547	01527271
13920835	00207418
13924659	01082606
13924659	02450256
13924659	02677567
13928388	00031921
13928388	10235549
13928668	00040962
13929588	09945905
13929588	09946278
13929852	02349212
13929852	02464693
13930385	00234217
13930385	02435311
13930385	02470175
13930385	02538086
13931145	09763784
13931145	10112591
13931436	01037910
13931436	02534492
13932421	00719231
13933841	02027612
13933841	02028722
13934900	00136800
13934900	02673134
13935227	00796588
13935227	02449340
13936153	02677797
13939353	02389220
13940456	00544549
13940456	02008066
13940456	02397637
13940456	02669081
13940456	02687385
13941337	02634265
13944747	01478603
13944914	02426799
13946760	00417001
13946760	02633534
13948026	02679012
13949802	00660381
13950440	02669081
13950440	02669477
13951444	02297409
13951984	00792991
13952171	02670578
13954253	00927017
13954253	01932973
13954253	02603699
13954818	00043765
13955461	01932973
13955461	10509161
13955461	10509389
13955461	10509605
13956488	02460502
13957601	01846413
13959931	00927578
13960117	00625774
13960117	01934554
13960464	00202236
13960464	00667942
13960464	00835903
13960464	02461723
13960464	02576921
13961642	02614181
13961642	10261041
13962166	02616713
13962166	02618149
13962166	02619924
13962360	02616713
13962498	00358431
13962498	02109818
13963970	02852920
13964466	09853305
13965049	02489183
13965049	02490090
13965274	02490090
13966007	10328782
13966925	10452260
13968547	02511551
13969243	00482473
13969243	00483181
13969243	02700104
13969700	01765392
13970236	01647867
13970764	00294884
13970764	01765392
13971065	01035530
13971561	00764902
13971561	01765392
13973320	09791816
13978344	02723016
13979503	01761533
13979503	01763303
13980288	01807314
13980288	09773245
13980845	02567147
13980845	02667228
13981137	00805228
13981137	02667698
13981403	01093172
13982357	00804802
13982999	01537959
13983147	00291873
13983304	00291873
13983515	00273082
13984082	00312648
13984613	02768702
13984944	02768702
13986372	01812324
13986372	01812720
13986372	01817314
13986679	01816431
13987423	01148283
13987719	01812068
13987719	01812324
13987905	01813668
13988663	01149494
13989051	01364008
13989051	01797347
13989280	01797051
13989627	01319874
13989863	01319874
13990064	00475819
13990064	01904845
13990502	00904046
13992514	02497062
13992514	02497400
13993356	02650795
13993517	00338071
13994148	00727564
13994456	02497062
13994806	02444662
13996061	02421374
13996061	02497062
13996300	02496816
13996571	02424128
13997253	13997253
13998263	10580535
13998576	02711114
13998781	01301410
13999206	02494356
13999663	01301410
13999663	02495038
14000403	02541509
14000403	09777353
14001348	00712708
14001348	00725772
14001728	00688377
14002109	00487182
14002109	00487350
14002109	00487554
14002279	01602318
14002279	02673134
14002279	02743020
14004317	00014549
14004572	01888511
14004572	01889129
14004572	01891249
14004572	02824444
14005892	02028366
14005892	02070679
14006945	00037457
14006945	00038750
14006945	00040325
14006945	00042457
14006945	00043411
14006945	02367363
14006945	02419073
14007546	02607909
14007546	09190918
14008567	00068858
14008567	00077071
14008567	00307568
14008806	01510827
14010148	00040685
14010636	00363493
14010927	00354634
14010927	00362610
14010927	01859586
14010927	01860795
14010927	01861403
14011811	00040685
14012667	02417504
14012667	02725067
14014162	00016183
14015361	01834485
14016361	00075021
14017332	01157517
14018567	00088532
14018567	01190494
14023491	09793495
14024882	00014742
14026592	00020671
14031108	00406243
14031108	01930512
14031523	00406243
14031523	01930512
14031660	00091311
14031660	00872414
14033587	00651935
14035298	02505358
14035909	01280488
14036539	00113818
14036539	01785971
14036539	01787106
14036735	01796033
14036735	02723016
14037011	01761706
14037011	01772960
14037011	02116118
14038264	02137806
14038482	02622859
14038993	01825237
14038993	01826378
14038993	01826723
14040310	01188144
14040846	00211108
14040846	00211396
14042423	00359511
14042423	01476180
14043882	00077698
14043882	00359511
14043882	01476180
14043882	01569181
14045507	01002377
14046202	02983097
14048441	00057506
14048441	02860919
14049711	01170243
14050143	00022686
14050143	00559102
14050143	00873603
14050871	00103317
14051056	01829747
14051056	01830042
14051201	01829747
14051494	01001689
14052046	01172889
14055408	00070816
14058252	00002724
14058252	00077698
14058252	01476180
14059663	00434374
14061462	00327031
14061805	02541302
14062725	01165290
14063633	00256862
14063633	00305537
14064644	01190494
14066203	00030647
14066203	01785579
14066492	00030647
14066492	01784295
14066492	01785579
14082595	01388813
14082595	01389007
14110411	00443116
14110411	00443384
14138691	02771320
14170337	02850826
14174549	00088713
14180327	02121188
14204586	02112546
14204950	10011074
14210971	02656218
14213328	02034671
14213328	02034986
14215331	02771320
14283178	00469637
14283632	00089154
14285276	00090186
14285662	00069879
14285662	00090186
14285662	02121511
14286549	01250908
14286549	01253808
14286549	01254013
14286549	01308160
14286549	01309143
14286549	01309478
14286549	02119874
14286885	01240514
14286885	01608508
14287113	01322675
14287113	01559055
14287408	01445932
14288235	00074834
14288871	01492725
14289590	00373766
14289942	00377715
14289942	00378521
14289942	00379440
14289942	00582743
14290534	00103875
14290534	00104026
14291561	00414823
14291561	00465762
14292090	00107739
14292090	00107943
14292090	00108303
14292090	00335366
14292090	00336260
14295248	01573515
14297870	01445407
14298102	00476744
14298620	01411085
14299070	00071803
14299070	00091124
14311348	01642924
14313154	00459498
14313440	00097394
14314850	00004819
14315192	00256507
14317720	00256507
14322699	00065070
14322699	00070816
14322699	01792567
14322699	02121511
14322699	02122164
14323683	02121511
14323683	02122164
14324274	00065070
14324274	00071178
14324274	01794363
14324274	01794523
14324274	01802689
14324274	02121511
14324274	02608090
14324274	09779280
14325437	02120451
14325437	02121048
14331873	02122164
14332085	01793742
14332085	02120451
14332085	02123424
14333136	01250908
14333136	01253808
14333136	02119659
14333433	00071178
14334511	01551195
14336539	00063557
14336539	00063724
14359174	00005815
14359459	00003826
14359952	02195191
14361182	00091124
14361664	00009631
14361664	01891817
14361664	02120140
14363483	01551195
14363483	01551679
14364306	00086835
14365356	02726715
14365356	03105742
14365741	00093979
14369744	00267871
14370122	00267871
14371161	00594146
14376188	01798452
14376855	02575082
14377617	02117649
14379703	00621058
14379829	00772189
14379829	01925372
14386590	02662076
14391876	01786906
14391876	01787822
14393161	01583040
14394094	00388296
14395018	02074092
14399116	03054551
14402922	00981544
14403282	01764171
14403282	01770501
14403282	01790020
14403560	01793933
14403560	01805384
14403772	01793933
14403772	01819911
14405225	01811736
14405931	01785748
14406573	01787955
14406573	01791535
14406573	02507736
14407536	00776988
14407536	01064560
14407536	01806505
14407536	01817314
14407899	01806505
14407899	01821132
14407899	02678839
14408951	01934205
14411981	00592883
14411981	00817311
14412725	00686447
14412725	00719231
14412725	00797697
14412882	00588797
14412882	01194238
14413644	02513460
14413993	01030397
14413993	02402112
14414715	00494269
14415518	00494269
14415773	01823528
14416089	02144835
14416349	01705655
14416845	00714273
14416845	02430580
14417146	00483801
14417697	01294182
14417697	01294396
14417697	02293856
14418103	00464962
14418662	00394813
14418822	02434541
14418822	02470685
14419164	00713167
14419164	01492052
14419164	02622234
14419510	01205696
14420240	02622969
14420464	01220885
14420954	00713167
14421139	00713167
14421373	02430580
14422035	00594413
14422179	00205046
14422179	00205885
14422488	00203866
14424517	00163441
14424517	00164201
14424517	02552449
14424780	01488245
14425103	01321456
14425414	02539788
14425414	10399491
14425715	08477634
14425715	10787470
14425974	01489722
14425974	01493897
14425974	01646941
14426449	01493897
14427065	09917593
14427065	09918554
14427239	01322221
14427239	09827683
14427239	09918554
14427633	02465658
14427633	02504017
14428160	00658052
14429608	00657550
14429608	00658052
14429608	01614079
14429985	00658052
14429985	00660102
14433769	00514069
14434866	01013367
14436438	01279978
14436438	02164402
14436875	02237631
14436875	02546075
14437134	00489299
14437134	00489496
14437134	00858341
14437134	00860620
14437552	00694068
14437552	02457233
14438125	00689950
14439294	00689950
14439447	02567519
14439745	00687738
14439745	00847478
14440137	00847478
14440137	02508078
14440137	02547225
14440488	01799794
14440623	00207728
14440623	01800422
14440875	00092293
14441825	00791227
14441825	02381571
14441825	02646931
14442530	02539334
14442530	02646931
14442530	10678662
14442749	02644234
14442933	02586619
14442933	02646931
14443912	09755398
14444114	02204242
14444114	10329337
14444326	02204242
14445226	00388635
14445379	00082308
14445379	00476819
14445749	01815185
14446652	00479933
14446878	02507736
14447908	01170243
14449126	01188725
14449126	02627934
14449405	01188725
14449405	02297409
14449405	02632353
14449405	02632567
14450691	01580050
14450691	02627934
14451349	00712419
14451349	02504562
14451349	02581073
14451349	02722782
14451672	00650577
14451672	00655779
14452294	01191838
14452294	02333225
14452616	02020413
14452616	02654686
14455206	01088749
14455700	02478059
14456138	00457998
14456435	00457998
14456752	00049900
14456752	00177243
14456893	00457998
14458593	00865958
14459422	10415230
14459824	00474017
14459824	02388403
14462666	01752167
14462946	02522319
14463826	00263044
14464203	00263044
14472624	00413432
14472624	01953467
14474052	02331262
14477342	00259927
14477342	01797730
14477877	02528380
14478433	02318165
14480420	00443984
14480420	00444309
14480420	01505991
14480420	02261386
14480772	00445169
14480772	00445467
14481080	00442267
14481929	00044353
14481929	01821266
14482620	00044353
14483126	01823092
14483917	01660994
14483917	02594102
14485064	01646528
14485249	00539936
14485526	01009240
14485526	01016002
14486122	00059376
14486122	00720063
14486533	01814396
14486767	01905653
14487184	00427786
14487184	01908039
14487443	00487748
14487731	00088713
14487731	00492706
14487731	00493259
14489113	00432839
14490110	00885217
14490110	02348182
14492373	01191645
14492373	01204803
14492953	02669789
14493426	00172732
14493426	02314275
14493426	02632567
14493716	02317970
14496193	00417413
14497763	00419289
14498096	00286605
14498096	00419289
14498096	00426608
14498096	01534147
14498404	00492410
14498404	00492706
14499262	00276373
14499594	02424254
14500047	00276214
14500047	01473886
14500341	01466733
14500341	02436140
14500567	00181875
14500567	00620532
14500567	01472807
14500567	01657254
14500567	02739861
14501726	01595596
14503665	02661769
14503665	02662076
14504726	00835903
14505821	09606380
14507951	02557199
14509712	00088532
14512817	03002190
14513259	02992070
14515463	02225492
14516743	00492706
14518924	00274724
14518924	00275253
14519366	00393677
14520278	02831736
14521648	02157731
14524198	02770717
14526182	00193130
14526182	01229631
14526182	02110552
14526182	02133435
14526182	02730471
14528873	02564146
14530061	02360448
14531392	00063291
14531983	00573932
14532816	09784306
14535431	00214951
14535431	00215800
14535431	00217956
14535643	00215800
14536831	00211108
14536831	00211396
14536831	00212790
14540564	01323958
14540564	01325536
14541044	02058794
14541852	01036319
14541852	02544348
14541852	02545578
14541852	02697120
14543231	02697120
14543552	01036319
14543552	02697120
14543931	01036319
14544335	00026153
14544672	00101277
14546844	02273326
14547643	00389638
14547643	02040049
14548105	00389406
14548343	00091968
14548343	00512186
14549937	01917244
14550469	01254692
14554011	02157399
14555214	02157399
14559208	01833906
14560360	02274253
14560612	00208836
14560926	00209837
14560926	00399553
14561618	00092293
14561618	00208497
14562142	00388635
14562324	01161635
14562324	01564144
14562324	01566490
14562683	00075021
14562683	00469382
14562683	01369346
14562960	00352826
14562960	00354845
14562960	01620854
14562960	02609764
14562960	02735418
14563564	02513740
14570330	01546349
14574846	00856578
14574846	00864159
14574846	00906735
14574846	02149302
14575180	00436404
14575180	00436668
14575180	00437125
14575399	00904046
14577046	00618878
14577046	01026095
14577469	00266798
14577469	00267041
14578104	00219012
14578104	01484982
14578104	02751597
14578471	01649999
14578471	02766328
14578940	02679899
14580090	00878348
14580090	01118081
14583670	01908039
14584502	03105742
14585519	00330144
14585519	01542252
14586258	00394813
14586769	00493517
14586769	01603303
14591091	00148763
14594456	00524083
14594456	00524299
14597158	01540449
14597413	01539633
14597758	01383646
14597758	01549057
14598079	01539063
14598525	01540232
14599641	00264875
14599641	02196690
14607521	00264875
14607521	02196690
14616939	00487748
14616939	02117232
14618253	00265094
14618253	01200068
14619225	00330144
14619225	01373138
14625458	01603303
14629149	02641571
14632129	00187016
14632648	00498530
14632648	00498662
14632648	00498988
14633206	00369628
14633206	00373520
14633206	02627221
14633206	02863724
14634591	00186567
14640434	00308534
14641397	00184907
14645346	02763520
14647235	00504676
14647623	03091996
14654954	01395493
14656219	00516747
14658109	00497391
14658855	01395382
14674408	00500638
14674408	00500834
14685172	02771997
14686913	00442267
14691822	01511706
14696793	01323518
14702416	00052672
14702703	02083237
14702875	01332205
14704465	00567291
14704465	01356750
14704966	01332205
14705718	01269008
14705718	01353405
14705718	01354006
14706026	00261533
14708720	01158596
14712036	00025728
14718822	01595260
14723079	00190682
14723628	00267519
14724025	00573671
14724025	00573932
14724436	00462689
14730553	00565081
14730553	00565279
14738752	00458471
14738752	00458754
14757172	00280532
14757547	01445027
14757848	00197423
14757848	05277728
14768201	02641571
14778019	00265094
14779205	00279465
14779205	00280301
14779796	00211108
14779796	00218475
14779796	00219403
14780040	00238867
14788714	02672886
14789885	01603732
14793533	00286798
14793533	01262470
14796969	00186740
14798450	00186740
14798450	02627221
14799244	01254013
14804175	01366653
14805899	00179959
14805899	00181258
14805899	02690429
14814616	02771997
14818238	01657828
14821043	02079933
14822141	00370412
14828683	01233387
14828683	01313249
14828683	01360899
14835333	00226071
14835333	00430625
14835478	00226071
14836960	00229026
14836960	00229280
14836960	00364868
14836960	00475183
14839846	01244351
14840092	01376245
14841267	00442267
14841267	02112891
14842091	00004227
14842091	00004605
14842992	01292727
14845743	00228236
14845743	02357873
14848785	01351754
14849880	01386433
14852913	00067999
14854262	00074038
14854262	03065685
14854581	00074038
14854581	00841986
14854847	00074453
14854847	00502623
14854847	02083087
14855724	00072012
14855724	03008207
14855992	00076400
14856263	02067889
14856263	02223479
14857278	00492706
14857497	02223238
14857897	02223238
14859344	00502757
14859344	00504270
14860102	00394813
14861355	03091996
14863521	02083087
14864360	00991838
14868243	00261533
14868243	00451838
14868243	00452512
14868564	01458664
14871601	00186161
14873641	01633173
14873951	02126686
14875077	02237024
14875077	02338386
14875077	02356420
14877585	00442267
14877585	02262542
14879750	00443670
14879750	00445940
14881303	01587575
14881303	02335363
14883206	00443670
14883206	00445940
14889479	00239614
14889479	00273963
14889479	00274283
14890659	00219012
14890659	01484982
14890659	02751597
14894140	02192383
14898470	00069166
14918994	02126686
14919272	00086835
14920388	01808769
14920844	00495038
14925198	00507143
14932303	02660164
14934031	01975587
14936010	01603732
14940100	00443984
14940100	00444309
14943580	01258828
14948645	00331082
14948645	01593937
14956325	01534745
14956661	00178380
14956661	01252730
14956661	01534745
14960090	00442267
14966667	03845190
14966667	03845360
14971519	00238867
14974264	01268112
14974264	01268457
14976448	01483779
14977075	01603418
14977188	01603418
14977504	01267098
14984973	00281101
14984973	01696648
14984973	02537092
14984973	09938672
14985383	00283090
14986004	00286928
14989820	00287258
14991319	01696435
14991319	10770545
14992287	01360899
14992287	01362568
14992613	01362568
14994328	00266197
14994328	00266586
14996020	01245637
14997012	00332154
14997012	00332445
14997888	01458228
14997888	01458464
14997888	02071627
15002959	01521367
15003969	00173338
15004501	02835654
15006258	00136254
15008847	00216561
15010703	01073822
15015501	00185103
15015501	00504676
15032376	00532429
15032376	01323338
15032376	01323793
15042542	01245490
15043763	02758977
15046900	00445169
15047313	00446329
15047313	00446514
15047313	00446695
15047313	00447309
15049594	01541803
15049594	01542207
15049594	02069888
15055181	00327145
15055633	00366858
15055633	00442267
15055633	00575720
15055633	00575970
15055936	00255389
15056541	01372682
15056541	01373844
15060131	00081509
15062284	00365810
15062284	00366020
15062284	00475183
15068436	00514871
15069820	00431327
15069820	00431610
15074568	01338663
15097209	00447158
15101361	02759614
15101586	02761685
15101854	01180701
15101854	01336159
15109745	00004605
15109745	00546192
15119536	01731351
15121625	01732270
15122231	00297906
15122231	00490968
15129927	00297906
15133621	00118523
15137890	02708707
15137890	10744164
15140405	10261041
15140892	10261041
15141486	02267989
15142167	00056930
15142167	00360932
15142836	01186428
15143276	00358431
15143276	02109818
15143477	00354845
15145171	00248026
15145586	01322221
15145586	09827683
15147097	09917593
15147330	10084295
15147330	10129825
15147330	10282482
15147850	00252710
15152261	01471954
15152817	01321456
15152817	01488245
15152817	09605289
15153787	00248026
15153787	00249679
15153787	10123711
15159583	00734927
15159583	00735389
15159819	00619183
15159819	00734927
15159819	00735389
15160579	00619183
15168790	00528836
15197042	03098491
15203229	02387910
15203229	02792903
15224293	00233335
15224293	00235368
15224692	00906735
15226214	00059019
15226214	02983097
15227846	02743112
15228378	02743112
15237250	00408448
15237567	02677332
15237782	00408272
15237782	01255807
15242209	03098491
15245515	00702226
15247110	02138611
15256915	01072949
15256915	01079480
15260964	02644234
15265518	00345761
15265518	00348746
15265518	01628449
15265518	01650610
15265518	02379528
15265518	02395782
15265518	02608347
15266265	00597265
15266265	10467179
15266265	10467395
15266265	10468559
15266265	10468750
15266265	10468962
15266911	00352826
15266911	01620854
15266911	02609764
15266911	02735418
15267536	00351963
15267536	00484166
15267536	02425913
15267536	02426395
15267536	02609764
15267536	02610628
15268239	02680814
15268857	00947077
15271008	00363493
15271008	00779061
15271008	02535716
15271008	02641035
15271417	00351824
15271417	02072849
15271417	02303761
15272029	00440286
15272029	01859586
15272029	02641463
15272029	02641957
15272029	02643574
15273626	00014742
15273626	00015498
15273626	02701445
15273955	00014742
15274074	00779360
15274074	00779601
15274441	00156276
15274441	00245059
15274441	00558061
15274441	01764800
15274863	02208537
15274863	02208903
15274863	02460199
15274863	02460619
15275598	02752567
15277730	02066939
15277730	02067689
15277730	02743727
15278281	01066542
15280497	00490722
15280497	01929254
15280497	02091165
15280695	01879251
15282696	00438178
15282696	00439343
15282696	02055649
15282696	02055975
15282696	02058994
15283097	00702601
15287830	00343771
15287830	00675701
15287830	02019021
15287830	02051270
15287830	02052675
15291199	00485609
15291199	02526934
15291498	02397460
15292069	01076615
15293590	01097192
15293590	01097500
15294382	10037922
15295045	00293760
15295416	02586619
15299367	00580512
