00800421	10084635
01313093	01342529
01313093	01465994
01313093	01759182
01313093	01762525
01313093	01767199
01313093	01906328
01313093	01908287
01313093	01908415
01313093	01908703
01313093	01918010
01313093	01918152
01313093	01918310
01313093	01921559
01313093	01921887
01313093	01923171
01313093	01923637
01313093	01924590
01313093	01928360
01313093	01928737
01313093	01929047
01313093	01929396
01313093	01934207
01313093	01938850
01313093	01939598
01313093	01940488
01313093	02313195
01313093	02313495
01313093	02314717
01313093	02315696
01313093	02316038
01313093	02316180
01313093	02316392
01333082	01330497
01341876	01342269
01341876	01347431
01341876	01354869
01341876	01379636
01341876	01388992
01347431	01347583
01354869	01352059
01354869	01352574
01354869	01353411
01354869	01355326
01354869	01356086
01354869	01357707
01354869	01357967
01354869	01360330
01354869	01370913
01354869	01374989
01354869	01377906
01354869	01378800
01354869	01381399
01356086	01354149
01356086	01356459
01356086	01364587
01356086	01366015
01356086	01367430
01356888	01357328
01356888	01357507
01357707	01358259
01357967	01358904
01358259	01358572
01358259	01359070
01358259	01359488
01360330	01360712
01360330	01361973
01360330	01363423
01360937	01361261
01361973	01362196
01361973	01362480
01362196	01362336
01362480	01362623
01363423	01364008
01364008	01364162
01366015	01366415
01366415	01366276
01367430	01367772
01370913	01371092
01371092	01371483
01374989	01375204
01377906	01378137
01377906	01378545
01378137	01378346
01378800	01379252
01379252	01379389
01379636	01379954
01379636	01380489
01379636	01380902
01379954	01380118
01379954	01380298
01380902	01381044
01381399	01381604
01381399	01382033
01381399	01382273
01382273	01382839
01383638	01383896
01383638	01384164
01386494	01347199
01386494	01387065
01386494	01387617
01386494	01388130
01386494	01399772
01386494	01406092
01386494	01407065
01386494	01413551
01386494	01421012
01389188	01389507
01389188	01389875
01389188	01394901
01389188	01416354
01389188	01421496
01389875	01390123
01389875	01390287
01389875	01391174
01390287	01390466
01391174	01391391
01391174	01391569
01391174	01392843
01391174	01393873
01391569	01391933
01391569	01392380
01392843	01393030
01394901	01395254
01394901	01395531
01394901	01396170
01394901	01396458
01394901	01396776
01399772	01400575
01399772	01400891
01399772	01401296
01400891	01401106
01401296	01401517
01401517	01401686
01402169	01402600
01402169	01402831
01402169	01403805
01402831	01403052
01403805	01404129
01404129	01404628
01404129	01405737
01404813	01405250
01406092	01406262
01406092	01406904
01407065	01407465
01407065	01407798
01407065	01412085
01407465	01408253
01407465	01408880
01407465	01409940
01407465	01410847
01407465	01411556
01408253	01408383
01408880	01409477
01409940	01410109
01411556	01411727
01412085	01412279
01412085	01413188
01412279	01412479
01413551	01413744
01413551	01413942
01413744	01414359
01413744	01414841
01413744	01415256
01414359	01414502
01414502	01414633
01414841	01414986
01415256	01415393
01416354	01416585
01416354	01417041
01416354	01418237
01416354	01420655
01417041	01417361
01417041	01417553
01417041	01417807
01418237	01418620
01418237	01419082
01419082	01419332
01421012	01421164
01421496	01421807
01421496	01422594
01421496	01424282
01421496	01425817
01421496	01426784
01422594	01422835
01422594	01423757
01423757	01424607
01423757	01425336
01425817	01425983
01425983	01426160
01428155	01428580
01428155	01437805
01428155	02517169
01428155	02521241
01428155	02525866
01428155	02528534
01428155	02543412
01428155	02545569
01428155	02546177
01428155	02546744
01437805	01438208
01437805	01438720
01437805	01443998
01437805	01446283
01437805	01448767
01437805	02583211
01438720	01439121
01438720	01439514
01438720	01439657
01438720	01440655
01438720	01440949
01438720	01441625
01438720	01442335
01438720	01442591
01438720	01442855
01438720	01443126
01438720	01443398
01439657	01439808
01443398	01443537
01443398	01443831
01443998	01444164
01444520	01444922
01444520	01445305
01444520	01445998
01446283	01446589
01446283	01447001
01446283	01447822
01446283	01448165
01447001	01447331
01448165	01448291
01448767	01448951
01448767	01449252
01448767	01449586
01448767	01449857
01449252	01449374
01449586	01449712
01449857	01449980
01450081	01450281
01450081	01451524
01450281	01450453
01452496	01452633
01452496	01453188
01452633	01452798
01452633	01452954
01453188	01453330
01453852	01454260
01453852	01454702
01453852	01455592
01453852	01456939
01453852	01457276
01453852	01457576
01454702	01454856
01454702	01455141
01455592	01455778
01455592	01456296
01455592	01456631
01456939	01457082
01457276	01457407
01457576	01457708
01457708	01457852
01465994	01466257
01465994	01466828
01465994	01466996
01465994	01467180
01465994	01467986
01465994	01471070
01467504	01467675
01467986	01468238
01467986	01468532
01467986	01469222
01467986	01470287
01468532	01468712
01471070	01429349
01471070	01432517
01471070	01471682
01471070	01472303
01471070	01473990
01471070	01479643
01471070	01479937
01471070	01480336
01471070	01502262
01471070	01504437
01471070	01507175
01471070	01625747
01471070	01626134
01471070	01626600
01471070	01656813
01471070	01657723
01471070	01861465
01471070	01862557
01471070	01864707
01471070	02511824
01471070	02514198
01471070	02514575
01472303	01472502
01473990	01474283
01473990	01474641
01473990	01476135
01473990	01476829
01474641	01475421
01475421	01475648
01476135	01476418
01476829	01477184
01476829	01477373
01476829	01478073
01476829	01478300
01477373	01477525
01477373	01477745
01477745	01477875
01478300	01478511
01480336	01480516
01480336	01480715
01480715	01480880
01481599	01482071
01481599	01482754
01481599	01483188
01481599	01485306
01481599	01485673
01481599	01486241
01481599	01487077
01481599	01487743
01481599	01488234
01481599	01488539
01481599	01491991
01481599	01493366
01481599	01494188
01481599	01495192
01481599	01496037
01481599	01496617
01482754	01482887
01483188	01483707
01483188	01484717
01483980	01484097
01484717	01484850
01485673	01485801
01485801	01486010
01486241	01486411
01486241	01486706
01487077	01487312
01487312	01487506
01487743	01487914
01488539	01488918
01488539	01489275
01488539	01490546
01488539	01490885
01488539	01491235
01488539	01491520
01491520	01491661
01491991	01492212
01491991	01492357
01491991	01493012
01493366	01493541
01493366	01493687
01494188	01494339
01494339	01494475
01495192	01495340
01495340	01495493
01496037	01496199
01496199	01496331
01496617	01496944
01496617	01497579
01496617	01497878
01496617	01498822
01496617	01499898
01496617	01500995
01496944	01497278
01497878	01498041
01497878	01498268
01498822	01498989
01498822	01499261
01498822	01499595
01499898	01500091
01499898	01500721
01500721	01500854
01500995	01501160
01500995	01501450
01502262	01503061
01502262	01515811
01502262	01518170
01502262	01518347
01502262	01519046
01502262	01520058
01502262	01520789
01502262	01521980
01502262	01522594
01502262	01523656
01502262	01523908
01502262	01604625
01502262	01613615
01502262	01620967
01502262	01789064
01502262	01810466
01502262	01822423
01502262	01825417
01502262	01831519
01502262	01834702
01502262	01837746
01502262	01843805
01502262	01845272
01502262	02001428
01502262	02012306
01502262	02021438
01502262	02048514
01502262	02049299
01502262	02051213
01502262	02055280
01502262	02057478
01515811	01516064
01518170	01809977
01518347	01518564
01518564	01518718
01518718	01518878
01519046	01519228
01519046	01519719
01519719	01519873
01520789	01521014
01521014	01521602
01521602	01521756
01522594	01522789
01522789	01522952
01522789	01523105
01523908	01524359
01523908	01524885
01523908	01545149
01523908	01546223
01523908	01546660
01524885	01525720
01524885	01526635
01524885	01526925
01524885	01527480
01524885	01528087
01524885	01529036
01524885	01538775
01524885	01539377
01524885	01542567
01524885	01544544
01524885	01555586
01524885	01556671
01524885	01562584
01524885	01566386
01524885	01566888
01524885	01570969
01524885	01571578
01524885	01575577
01524885	01576506
01524885	01578341
01524885	01582625
01524885	01586541
01524885	01588172
01524885	01589125
01524885	01590443
01524885	01591490
01524885	01593705
01524885	01594157
01524885	01596761
01524885	01597194
01524885	01598432
01524885	01600480
01524885	01601550
01524885	01602353
01524885	01603316
01527480	01527617
01528087	01528542
01528542	01528654
01529036	01529672
01529036	01530256
01529036	01530846
01529036	01532107
01529036	01533169
01529036	01533780
01529036	01534034
01529036	01535005
01529036	01535310
01529036	01535842
01529036	01536474
01529036	01536916
01529036	01540432
01529036	01540697
01529036	01540969
01529036	01541261
01529036	01542055
01529036	01542316
01532107	01532325
01533169	01533339
01536916	01537360
01536916	01537710
01536916	01538498
01537360	01537544
01538498	01538630
01538775	01538955
01538775	01539136
01539377	01539573
01539377	01539772
01539772	01539925
01541261	01541386
01542567	01542786
01542567	01543272
01542567	01543508
01542567	01543817
01542567	01544067
01543508	01543632
01543817	01543936
01544067	01544208
01545149	01545303
01545149	01545752
01545752	01545889
01545889	01546039
01546660	01546921
01546660	01547459
01546660	01551430
01546660	01552523
01546660	01552956
01546660	01554139
01547459	01547832
01547459	01548143
01547459	01549314
01547459	01549769
01547459	01550033
01547459	01550429
01547459	01555172
01548143	01548301
01549314	01549430
01549769	01549886
01550033	01550172
01550429	01550953
01550429	01552192
01552956	01553142
01552956	01553879
01554139	01554448
01555172	01555305
01555586	01556040
01555586	01556368
01555586	01557028
01556040	01556182
01556368	01556514
01556671	01557185
01556671	01557697
01556671	01559294
01556671	01560511
01556671	01561318
01556671	01562116
01557697	01557962
01557697	01558149
01557697	01558594
01557697	01558765
01560511	01560636
01562116	01562265
01562584	01564394
01562584	01564630
01562584	01566082
01566386	01566509
01566509	01566645
01566888	01567133
01566888	01567530
01566888	01568493
01566888	01569713
01566888	01570112
01567530	01567678
01568493	01568892
01568493	01569060
01568493	01569262
01568493	01569423
01568493	01569566
01569713	01569836
01570969	01571126
01571578	01571904
01571578	01572174
01571578	01573483
01571578	01573775
01571578	01574270
01571578	01574671
01571578	01575270
01572174	01572328
01572910	01573074
01573483	01573627
01573775	01573898
01574671	01574801
01575270	01575401
01575577	01575745
01575577	01575941
01576506	01576695
01576506	01576863
01576506	01577818
01576863	01577265
01577265	01577458
01577818	01577941
01578341	01578575
01578341	01578821
01578341	01579868
01578821	01579028
01578821	01579260
01578821	01579410
01578821	01579578
01579868	01580077
01579868	01580644
01579868	01581041
01581041	01581166
01582625	01582856
01582625	01583373
01582625	01583636
01584004	01584225
01584004	01584529
01584004	01585577
01584004	01585890
01584004	01586170
01586170	01586374
01586541	01586791
01586541	01587148
01586541	01587406
01586541	01587713
01586791	01586941
01587406	01587526
01587713	01587834
01588172	01588431
01588172	01588589
01588172	01588858
01589125	01589582
01589125	01590042
01590042	01590220
01590443	01590583
01590443	01590837
01591490	01591697
01591490	01591910
01591490	01592892
01591490	01593156
01591490	01593423
01591910	01592084
01591910	01592694
01593705	01593857
01594157	01594611
01594157	01595841
01594157	01596142
01594157	01596479
01596142	01596273
01596761	01596887
01597194	01597336
01597194	01597551
01597551	01597737
01598432	01598588
01598432	01598820
01598432	01599919
01599919	01600197
01600480	01600657
01600480	01600909
01600480	01601268
01600909	01601068
01601550	01601919
01604625	01605119
01604625	01610758
01604625	01618220
01604625	01618671
01605119	01605630
01605119	01606335
01605119	01607103
01605119	01608086
01605119	01608432
01605119	01608934
01605119	01609236
01605119	01609549
01605119	01610426
01605119	01613294
01605119	01613909
01605119	01614195
01605119	01614769
01605119	01616764
01605119	01617633
01605119	01617949
01609549	01609751
01609549	01610226
01610758	01610955
01610758	01612803
01611252	01611472
01611252	01612122
01613909	01614038
01614195	01614343
01614769	01614925
01614769	01615121
01615825	01615949
01615949	01616086
01618220	01618356
01618356	01618503
01618671	01618922
01618671	01619152
01618671	01619675
01618671	01620282
01618671	01620575
01619152	01619310
01620282	01620414
01620967	01621127
01620967	01621714
01620967	01625275
01621714	01621994
01621714	01622596
01621714	01623284
01621714	01624406
01621714	01624707
01621714	01624987
01621994	01622120
01622596	01622779
01622596	01622959
01622596	01623110
01622596	01623880
01623284	01623425
01623284	01623706
01624406	01624537
01624707	01624833
01624987	01625121
01625275	01625417
01625417	01625562
01625747	01627424
01625747	01627786
01625747	01628148
01625747	01628450
01625747	01639369
01625747	01654957
01625747	01655577
01628450	01628770
01628450	01628885
01628450	01631759
01628450	01633047
01628450	01633949
01628450	01634684
01628450	01638482
01628450	01638952
01628885	01629093
01628885	01630284
01628885	01630533
01628885	01630795
01631035	01631175
01631759	01631903
01633047	01633578
01633949	01634092
01633949	01634392
01634684	01634891
01634684	01635343
01634891	01635176
01635659	01635964
01635659	01636675
01635659	01636984
01635659	01637478
01635659	01637796
01637796	01637932
01638482	01638611
01638952	01639071
01639369	01640383
01639369	01642671
01639369	01644104
01639369	01644542
01639369	01645093
01639369	01645634
01639369	01647803
01639369	01648818
01639369	01649948
01639369	01652583
01639369	01653610
01640383	01640567
01640383	01640846
01640567	01641206
01640567	01641391
01640567	01641739
01642671	01642943
01642671	01643092
01642671	01643374
01642671	01643687
01643374	01643507
01643687	01643896
01644104	01644245
01644542	01644699
01644699	01644900
01645093	01645278
01645278	01645466
01645634	01645776
01645634	01646134
01647803	01648001
01647803	01648494
01648001	01648139
01648001	01648356
01648494	01648620
01648818	01648993
01648818	01649170
01649948	01650167
01649948	01650509
01649948	01651900
01649948	01652163
01650509	01650690
01650509	01650901
01650509	01651059
01651370	01651487
01652163	01652297
01652583	01652850
01652583	01653384
01652850	01653026
01653384	01653509
01653610	01653773
01653610	01653975
01653610	01654429
01655577	01656078
01655577	01656576
01660719	01661404
01660719	01672767
01660719	01695259
01660719	01719175
01661404	01661592
01661404	01662274
01662274	01662622
01662274	01663169
01662274	01665238
01662274	01665761
01662274	01666802
01662274	01667570
01662274	01671874
01663169	01663659
01663169	01663939
01663169	01664244
01663169	01664862
01663939	01664065
01664244	01664369
01664862	01664990
01665238	01665372
01665372	01665541
01665761	01665932
01665761	01666102
01665761	01666431
01666802	01667302
01667570	01668257
01667570	01669068
01667570	01669527
01668257	01668436
01669068	01669191
01669527	01669654
01669883	01670378
01669883	01670961
01670961	01671125
01671874	01672032
01671874	01672275
01672767	01672950
01672767	01673503
01672950	01673118
01673503	01673668
01673668	01674216
01673668	01674850
01673668	01675964
01673668	01676313
01673668	01683428
01673668	01683724
01673668	01684941
01673668	01685277
01673668	01687441
01673668	01689226
01673668	01690703
01673668	01691085
01673668	01691384
01673668	01691782
01673668	01692713
01673668	01693472
01673668	01694430
01674850	01675225
01676313	01676755
01676313	01677613
01676313	01677913
01676313	01678237
01676313	01678522
01676313	01678887
01676313	01679178
01676313	01679494
01676313	01679837
01676313	01680137
01676313	01681200
01676313	01681513
01676313	01681812
01676313	01682293
01676313	01682588
01677242	01677366
01678522	01678657
01680137	01680264
01681200	01681328
01681812	01681940
01682588	01682714
01683724	01684133
01683724	01684435
01684435	01684578
01684435	01684741
01685277	01685439
01685277	01685679
01685679	01685808
01687441	01687665
01687441	01688106
01687441	01688428
01687441	01688812
01688428	01688589
01688812	01688961
01689226	01689411
01689226	01690005
01691782	01691951
01691782	01692143
01692713	01692864
01692713	01693020
01693472	01693783
01693472	01693995
01693995	01694178
01693995	01694311
01694430	01694558
01694558	01694709
01695259	01695681
01695259	01696282
01695259	01700076
01695259	01707895
01695259	01722828
01695259	01723678
01695259	01724055
01696282	01696633
01696282	01696849
01696282	01698144
01696282	01699415
01696849	01697002
01697002	01697178
01699415	01699537
01700076	01700470
01700076	01701334
01700076	01702623
01700076	01705247
01701334	01701551
01701334	01701697
01701334	01702087
01702623	01703341
01703341	01703569
01705247	01705591
01705247	01705717
01705247	01707149
01705247	01707433
01705717	01705934
01707895	01708106
01707895	01708332
01708332	01708778
01708332	01711662
01708778	01708998
01708778	01709278
01709278	01709484
01710348	01711297
01711662	01712008
01711662	01712432
01711662	01713310
01711662	01715692
01711662	01716732
01712432	01712752
01713310	01713635
01713310	01714059
01714059	01714231
01715692	01715888
01716732	01717016
01716732	01717666
01719175	01719645
01719175	01721718
01719645	01719914
01719645	01720496
01719645	01721010
01722828	01722998
01722828	01723259
01723259	01723425
01723425	01723579
01723678	01723883
01724055	01724231
01724055	01724470
01726390	01726692
01726390	01726960
01726390	01740283
01726390	01740393
01726390	01741744
01726390	01744657
01726390	01751979
01726390	01753721
01726960	01727646
01726960	01728445
01726960	01728738
01726960	01729133
01726960	01730679
01726960	01731418
01726960	01732445
01726960	01733094
01726960	01733634
01726960	01735062
01726960	01735898
01726960	01736256
01726960	01736569
01726960	01737197
01726960	01738175
01726960	01740005
01728445	01728572
01728738	01728920
01729133	01729322
01729838	01729977
01730679	01730812
01731418	01731545
01732445	01732789
01733634	01733757
01734273	01734418
01735062	01735189
01737197	01737472
01740393	01740551
01740393	01740721
01741744	01741943
01741744	01742310
01741744	01742680
01741744	01742967
01741744	01743223
01743223	01743605
01743223	01743787
01744657	01745125
01744657	01745780
01744657	01746063
01744657	01746818
01744657	01747144
01744657	01747466
01744657	01747739
01744657	01748560
01744657	01749428
01744657	01750027
01744657	01750315
01744657	01750598
01744657	01751353
01745780	01745902
01746063	01746191
01746565	01746727
01746818	01746952
01747144	01747285
01748560	01748906
01749428	01749582
01751979	01752433
01751979	01752889
01751979	01753354
01753354	01753488
01753721	01753959
01753721	01754190
01753721	01754876
01753721	01755274
01753721	01757547
01753721	01758019
01754190	01754370
01754190	01754533
01755274	01755740
01755274	01756089
01755274	01756291
01755274	01756508
01757547	01757677
01767199	01767661
01767199	01768402
01767199	01783384
01767199	01784427
01767199	01786402
01767199	01788730
01767199	01999374
01767199	02159271
01767199	02159955
01768402	01768969
01768402	01786879
01768402	01787191
01768969	01769347
01768969	01769635
01768969	01770553
01768969	01771966
01768969	01775879
01769635	01769789
01769789	01769930
01769930	01770081
01770553	01770795
01770553	01770967
01771246	01771417
01771246	01771624
01771966	01772222
01771966	01772782
01771966	01773930
01771966	01774595
01771966	01774918
01771966	01775592
01772782	01772985
01772782	01773319
01773319	01773549
01773319	01773797
01773930	01774252
01774918	01775062
01774918	01775230
01775230	01775370
01775879	01776192
01775879	01776313
01775879	01776546
01775879	01779340
01775879	01779629
01775879	01780551
01776546	01776705
01776546	01777032
01776546	01778984
01777032	01778217
01778984	01779148
01780551	01780696
01780551	01780919
01780919	01781071
01781274	01781410
01782050	01782209
01782050	01782378
01782378	01782516
01783384	01783571
01783571	01783706
01784427	01785392
01784427	01785831
01785392	01785532
01785831	01786048
01786402	01786646
01787191	01787401
01787401	01787546
01787546	01787693
01787693	01787835
01789064	01789386
01789064	01793818
01789064	01794813
01789064	01799086
01789064	01800759
01789064	01802309
01789064	01809446
01790943	01789740
01790943	01791107
01793818	01793988
01793818	01794460
01793988	01794158
01794813	01795088
01794813	01796870
01794813	01797180
01794813	01797472
01794813	01797767
01794813	01798352
01796870	01797020
01798352	01798484
01799086	01800042
01799086	01800286
01800042	01800195
01800286	01800424
01800759	01801088
01800759	01801371
01800759	01801753
01800759	01802033
01801371	01801479
01801753	01801876
01802033	01802159
01802309	01790943
01802309	01802721
01802309	01802895
01802309	01803764
01802309	01804029
01802309	01804340
01802309	01805199
01802309	01805692
01802309	01807265
01802309	01808785
01802895	01803078
01804340	01804478
01805692	01805801
01807265	01807496
01807265	01807701
01807265	01807988
01807265	01808447
01807701	01807828
01808785	01808989
01808989	01809106
01809446	01809592
01809592	01809752
01809977	01810132
01810466	01810946
01810466	01811682
01810466	01815431
01810946	01811104
01810946	01811394
01811682	01811909
01811682	01812471
01811682	01813811
01811682	01814091
01811682	01815135
01812471	01812866
01812471	01813088
01815431	01815601
01815431	01815855
01815431	01816336
01815855	01816140
01816635	01816887
01816635	01817424
01817424	01817772
01817424	01818704
01817424	01818959
01817424	01819600
01817424	01820190
01817424	01821418
01817424	01821727
01817424	01822164
01820190	01820664
01820190	01820937
01821418	01821554
01822164	01822300
01822423	01822602
01822423	01822773
01822423	01825009
01822773	01823013
01822773	01823279
01822773	01823912
01825009	01825278
01825417	01825930
01825417	01826223
01825417	01826998
01825417	01828714
01825417	01829143
01825417	01829602
01825417	01830183
01825417	01830623
01825417	01831078
01826223	01826364
01826223	01826542
01826998	01827403
01826998	01827658
01826998	01827948
01826998	01828267
01829602	01829739
01829602	01829869
01829739	01830042
01831519	01831712
01831519	01831930
01831519	01833619
01831930	01832167
01831930	01832381
01831930	01832684
01831930	01832979
01834702	01834918
01834702	01835087
01834702	01836809
01834702	01837230
01835087	01835276
01835087	01835584
01835087	01836246
01835087	01836527
01835584	01835769
01835584	01835918
01835584	01836087
01836246	01836384
01836527	01836673
01837230	01837363
01837746	01838038
01837746	01838326
01837746	01843238
01838326	01838598
01838326	01838961
01838326	01840278
01838326	01840643
01838961	01839086
01840278	01840412
01840643	01840775
01843805	01843932
01843932	01844414
01844414	01844551
01845272	01845477
01845272	01845627
01845272	01860337
01845627	01847565
01845627	01849747
01845627	01850035
01845627	01850676
01845627	01851996
01845627	01852544
01845627	01853072
01845627	01853379
01845627	01854047
01845627	01855672
01845627	01856225
01845627	01857171
01845627	01858441
01845627	01858989
01847565	01848123
01847565	01848648
01847565	01848976
01850035	01850192
01850035	01850373
01850676	01851375
01853379	01853498
01854047	01855343
01854223	01854415
01854223	01854700
01854223	01854838
01854223	01855032
01854223	01855188
01855343	01855476
01856225	01856553
01856225	01856748
01857171	01857325
01857171	01857632
01858989	01859325
01858989	01859496
01860337	01860497
01860337	01860713
01861465	01321854
01861465	01871406
01861465	01873850
01861465	01886220
01861465	02370525
01861465	02371125
01871406	01871699
01871699	01873007
01872094	01872244
01872094	01872635
01872244	01872401
01873007	01873144
01873144	01873310
01873850	01874126
01874126	01874434
01874126	01874784
01874126	01875717
01874126	01876180
01874126	01880937
01874126	01883212
01874126	01885724
01874784	01874928
01876180	01876535
01876535	01876667
01876843	01877134
01876843	01878203
01876843	01878500
01876843	01879095
01876843	01879379
01876843	01879701
01876843	01879983
01879983	01880152
01879983	01880570
01880937	01881171
01880937	01881717
01880937	01881991
01881717	01881857
01881991	01882125
01883212	01883513
01883212	01883762
01883212	01884348
01883212	01884703
01883212	01885032
01883212	01885367
01883762	01883920
01884703	01884834
01885032	01885158
01885367	01885498
01885724	01885856
01885856	01886045
01886220	01886756
01886220	01888520
01886220	02062209
01886220	02073041
01886220	02074915
01886220	02082056
01886220	02082358
01886220	02138921
01886220	02323186
01886220	02329093
01886220	02372251
01886220	02373093
01886220	02394068
01886220	02453373
01886220	02461372
01886220	02469588
01886220	02494538
01886220	02502085
01886220	02502902
01888520	01889074
01888520	01889328
01888520	01890274
01888520	01891438
01888520	01893535
01888520	01894040
01888520	01894670
01889328	01889520
01889328	01890718
01889328	01891145
01890718	01890860
01891438	01891633
01891438	01891865
01891438	01892271
01891438	01892876
01893535	01893666
01893666	01893825
01894040	01894207
01894670	01894803
01906328	01906552
01906552	01906749
01906552	01907495
01907495	01907738
01908703	01908958
01908703	01909111
01909111	01909422
01909111	01909906
01909111	01910252
01909111	01910529
01909111	01910747
01909111	01913838
01911511	01911839
01912272	01912454
01912272	01913035
01913838	01914163
01913838	01914415
01913838	01915093
01913838	01916738
01914415	01914830
01914415	01914961
01915093	01915414
01915093	01916010
01916010	01916187
01916738	01916925
01916738	01917434
01917434	01917611
01918310	01918744
01918310	01919504
01919504	01919714
01919504	01920582
01920582	01920735
01920735	01920939
01924590	01924916
01924590	01925133
01924590	01925469
01924590	01927301
01925469	01922717
01925469	01926840
01926090	01926247
01926247	01926379
01926840	01926988
01926988	01927159
01927301	01922717
01927301	01927456
01927301	01927665
01928360	01928517
01929396	01922717
01929396	01929788
01929396	01929951
01929396	01930112
01929396	01930485
01929396	01931277
01929396	01931845
01929396	01932358
01929396	01932800
01929396	01933342
01929396	01933686
01930485	01930672
01930485	01930995
01930672	01930852
01930995	01931140
01931277	01931398
01931398	01931520
01931845	01931984
01931984	01932151
01932358	01932495
01932495	01932643
01933342	01933478
01933686	01933834
01933834	01933988
01934207	01934440
01934207	01935012
01934207	01936219
01934207	01937719
01935012	01935176
01935012	01935395
01935012	01935743
01936219	01936391
01936219	01936671
01936219	01937015
01937719	01937909
01937719	01938155
01938312	01938454
01940488	01940736
01940488	01941670
01941670	01942177
01941670	01942601
01941670	01943213
01941670	01945443
01941670	01946118
01941670	01947275
01941670	01947613
01941670	01947874
01941670	01948154
01941670	01948573
01941670	01948788
01941670	01949684
01941670	01950195
01941670	01951721
01941670	01952812
01941670	01954202
01942601	01942724
01942724	01942869
01944217	01944617
01944617	01944812
01944617	01944955
01946118	01946277
01946118	01946487
01947613	01947735
01948154	01948284
01948284	01948446
01948788	01948917
01949195	01949330
01949684	01949817
01949817	01949973
01950195	01950457
01950457	01950731
01950457	01950952
01951107	01951274
01952162	01944217
01953032	01953197
01953197	01953361
01954202	01954340
01954340	01954516
01954962	01955084
01955463	01955933
01955463	01956344
01955463	01956924
01955463	01959187
01955463	01959668
01955463	01960301
01955463	01961736
01955463	01962223
01955463	01962662
01955463	01963017
01955463	01963730
01955463	01964636
01955463	01965747
01955463	01966797
01955463	01967677
01956924	01957075
01956924	01957591
01956924	01958790
01957075	01957202
01957202	01957335
01957591	01957739
01957739	01958038
01958790	01958914
01959187	01959333
01960301	01960459
01960301	01960900
01960900	01961059
01961736	01961862
01962223	01962350
01963017	01963136
01963730	01963876
01963730	01964049
01963876	01964271
01964636	01965404
01965747	01965889
01965747	01966204
01966204	01966377
01966204	01966586
01966797	01967094
01966797	01967396
01968115	01968315
01968115	01969103
01969103	01969550
01969103	01970866
01969103	01973375
01969550	01969726
01969550	01970342
01970342	01970502
01970502	01970667
01970866	01971094
01970866	01972017
01970866	01972283
01972283	01972411
01974399	01974773
01974399	01975312
01974399	01989701
01974399	01994176
01974399	01996392
01974399	01998019
01975312	01975687
01975312	01975880
01975312	01988481
01975312	01988971
01975312	01990627
01975312	01992516
01975880	01976146
01975880	01982482
01975880	01983958
01975880	01984416
01975880	01984958
01975880	01985947
01975880	01986367
01976477	01976957
01976477	01977366
01976477	01977684
01976477	01978744
01976477	01980328
01976477	01980993
01976477	01981543
01977684	01977832
01978744	01978930
01978744	01979124
01978744	01979395
01978744	01979738
01979395	01979526
01980328	01980471
01980993	01981137
01981137	01981276
01981543	01981702
01981543	01981884
01981543	01982211
01981884	01982068
01982482	01976477
01982482	01982650
01982482	01982895
01982895	01983048
01982895	01983277
01983277	01983481
01984416	01984547
01984547	01984695
01984958	01985128
01984958	01985331
01984958	01985667
01985331	01985493
01985667	01985797
01986367	01986538
01986367	01987228
01986367	01987938
01986538	01986806
01987228	01987353
01987353	01987727
01988971	01989097
01989701	01989869
01989701	01990007
01990627	01990800
01990627	01991233
01990627	01991676
01990627	01991982
01992516	01992773
01992516	01992935
01992935	01993065
01993065	01993214
01994176	01995137
01994176	01995803
01995137	01995323
01995323	01995514
01995323	01995686
01996392	01996585
01996392	01997002
01997002	01997119
01998019	01998467
01998019	01998920
01998599	01998741
01998920	01999048
01999048	01999186
01999374	02000036
01999374	02000618
02001428	02001821
02001428	02005102
02001428	02005598
02001428	02006510
02001821	02002075
02001821	02002384
02001821	02002875
02001821	02003994
02001821	02004343
02001821	02004661
02002875	02003037
02002875	02003204
02004343	02004492
02004661	02004855
02005102	02005238
02005238	02005399
02005598	02005790
02005598	02005962
02005598	02006211
02006510	02006656
02006827	02007161
02007721	02008041
02007721	02008316
02007721	02009015
02007721	02009620
02007721	02010144
02007721	02010592
02007721	02010881
02007721	02011156
02007721	02011668
02007721	02012063
02009015	02009750
02009620	02009750
02011156	02011281
02012306	02012715
02012306	02013889
02012306	02018638
02012306	02019566
02012306	02020777
02012715	02012849
02012715	02013034
02013889	02014061
02013889	02014406
02014061	02014237
02014646	02014941
02014646	02015221
02014646	02015685
02014646	02015944
02014646	02016198
02014646	02017335
02014646	02017607
02014646	02017878
02016198	02016358
02016198	02016659
02016198	02016816
02017878	02018027
02017878	02018207
02018638	02018795
02018638	02019044
02018638	02019308
02019566	02019762
02019762	02019929
02020777	02020902
02020902	02021050
02021438	02022135
02021438	02036982
02021438	02040505
02021438	02040698
02021438	02045024
02022135	02022684
02022135	02023133
02022135	02025530
02022135	02034394
02022135	02035845
02022135	02036399
02022135	02037278
02022135	02038617
02022135	02039942
02023133	02023341
02023133	02023664
02023133	02024636
02023664	02023992
02023664	02024185
02024636	02024763
02025530	02026059
02025530	02026498
02025530	02026798
02025530	02027209
02025530	02027730
02025530	02028556
02025530	02029243
02025530	02029571
02025530	02029914
02025530	02030442
02025530	02030709
02025530	02031143
02025530	02031455
02025530	02031752
02025530	02032646
02027730	02028175
02028556	02028900
02029571	02029706
02031752	02032222
02031752	02032480
02034394	02034661
02034394	02034971
02034394	02035210
02034394	02035402
02034394	02035656
02035845	02036053
02037278	02037464
02037278	02037713
02037278	02038010
02037278	02038329
02038617	02039171
02038617	02039377
02038617	02039660
02038837	02038993
02039942	02040113
02040113	02040266
02040698	02040872
02040698	02043497
02040698	02043999
02040872	02041085
02040872	02041492
02040872	02042342
02040872	02042923
02041492	02041678
02041492	02041875
02041492	02042046
02041492	02042180
02042342	02042472
02042923	02043207
02043999	02044178
02043999	02044358
02043999	02044659
02044659	02044778
02045024	02045369
02045024	02045705
02045024	02046045
02045024	02047614
02045024	02047835
02045024	02048242
02048514	02048698
02048514	02048832
02048832	02048952
02049299	02049532
02049299	02049672
02049672	02050921
02051213	02051701
02051213	02052511
02051213	02052936
02051213	02053720
02051213	02054834
02051701	02051845
02051701	02052044
02052511	02052639
02052936	02053083
02052936	02053279
02053279	02053425
02053720	02053859
02054376	02054502
02055280	02055431
02055280	02055658
02055431	02055803
02055431	02056091
02055431	02056421
02055431	02056873
02055431	02057208
02057478	02058074
02057478	02058933
02057478	02060719
02058074	02058221
02058074	02058453
02058453	02058747
02058933	02059162
02058933	02059393
02058933	02059723
02058933	02060016
02060719	02061425
02062209	02062430
02062209	02062991
02062209	02066450
02062209	02072209
02062991	02063224
02062991	02063516
02062991	02064154
02062991	02065932
02063516	02063846
02063846	02064000
02064154	02064338
02064154	02064608
02064154	02065599
02064608	02064816
02064608	02065026
02065599	02065726
02065932	02066086
02066086	02066245
02066450	02066707
02066450	02066950
02066450	02067941
02066450	02068735
02066950	02067100
02066950	02067462
02067941	02068206
02068408	02068541
02068735	02068974
02068735	02069271
02068735	02069569
02068735	02071173
02068735	02071506
02069569	02069701
02071173	02071294
02071506	02071636
02072209	02072355
02072355	02072493
02073041	02073250
02073041	02073532
02073041	02074004
02073532	02073679
02073679	02073831
02074004	02074542
02074542	02074726
02074915	02075727
02074915	02083038
02074915	02116959
02074915	02120692
02074915	02131418
02074915	02134589
02074915	02440705
02074915	02507337
02075727	02075927
02075727	02076535
02075727	02079170
02075727	02081282
02076535	02076779
02076535	02078159
02076535	02078436
02076535	02078882
02079170	02079389
02079170	02079706
02079170	02080022
02079170	02080291
02079170	02080586
02079170	02080934
02079706	02079851
02080022	02080146
02080291	02080415
02080586	02080713
02080934	02081060
02081282	02081423
02081423	02081571
02082358	02082498
02082498	02082632
02082632	02082791
02083038	02083346
02083038	02083863
02083038	02115335
02083038	02115775
02083038	02116322
02083038	02118854
02083038	02119961
02083038	02120387
02083863	02084071
02083863	02114100
02115775	02115913
02116959	02117135
02116959	02117369
02116959	02117772
02116959	02118058
02117772	02117900
02118854	02119022
02119961	02120079
02120692	02120997
02120692	02121234
02120692	02127808
02120692	02130190
02121234	02121808
02121234	02124623
02121234	02125689
02128120	02128385
02128120	02128757
02128120	02128925
02128120	02129604
02130190	02130308
02131418	02131653
02131418	02131942
02131418	02132974
02131418	02133512
02131418	02133902
02131418	02134240
02131942	02132136
02132974	02133161
02133512	02133704
02133902	02134084
02134589	02135220
02134589	02135486
02134589	02135726
02134589	02135981
02134589	02136285
02134589	02136901
02134589	02137172
02134589	02137428
02134589	02138042
02134589	02138323
02135981	02136103
02137428	02137549
02138323	02138441
02138921	02139199
02138921	02139479
02139479	02139671
02139479	02140357
02140357	02140491
02140970	02141306
02140970	02142064
02140970	02143594
02140970	02144442
02140970	02145084
02140970	02149136
02140970	02150306
02142064	02142295
02142064	02142575
02142064	02142993
02143594	02144110
02144110	02144251
02144442	02144792
02145084	02145424
02145084	02145767
02145084	02146064
02145084	02146526
02145084	02147034
02145084	02147452
02145084	02147747
02145084	02148377
02146526	02146700
02147452	02147591
02147747	02147947
02148377	02148512
02149136	02149297
02149297	02149420
02150306	02150482
02150306	02151108
02159271	02161737
02159271	02161944
02159271	02163144
02159271	02163616
02159271	02163982
02159271	02183353
02159271	02183697
02159271	02185337
02159271	02188065
02159271	02205896
02159271	02222718
02159271	02225959
02159271	02232408
02159271	02232606
02159271	02236495
02159271	02260183
02159271	02261883
02159271	02262679
02159271	02263038
02159271	02269015
02159271	02269829
02159271	02271427
02159271	02272707
02159271	02273545
02163982	02164464
02163982	02165247
02163982	02166986
02163982	02168121
02163982	02169345
02163982	02170269
02163982	02170848
02163982	02171254
02163982	02176073
02163982	02177644
02163982	02178244
02163982	02178886
02163982	02179429
02163982	02181013
02163982	02181863
02165247	02165456
02165247	02166024
02165247	02166674
02165754	02165877
02166024	02166229
02166674	02166826
02166986	02167151
02168542	02168699
02168542	02168876
02168876	02169023
02169345	02169497
02169345	02169833
02169833	02169974
02171254	02171453
02171254	02171633
02171633	02171869
02171633	02172387
02171633	02173240
02171633	02173571
02171633	02174153
02171633	02175263
02173240	02173373
02173571	02173784
02174153	02174521
02174153	02174870
02174521	02174659
02175263	02175440
02175440	02175569
02176073	02176261
02176073	02176611
02176611	02176747
02178244	02178563
02178886	02179012
02179429	02179714
02179429	02180046
02181013	02181235
02181013	02181599
02181599	02181724
02181863	02182045
02181863	02182220
02181863	02182498
02181863	02182796
02183697	02183857
02183697	02184114
02183697	02184881
02184114	02184270
02184270	02184720
02184881	02185007
02185007	02185167
02185337	02185481
02185337	02185694
02185694	02185814
02185973	02186153
02185973	02186399
02185973	02187427
02185973	02187759
02187427	02187554
02188065	02188699
02188065	02189214
02188065	02190015
02188065	02190166
02188065	02191449
02188065	02193357
02188065	02193799
02188065	02194414
02188065	02195403
02188065	02195996
02188065	02196542
02188065	02198332
02188065	02199352
02188065	02199712
02188065	02205383
02189214	02189363
02189214	02189535
02190015	02190648
02191131	02191273
02191449	02191617
02191449	02192127
02191449	02192388
02191617	02191773
02193357	02193496
02193799	02194078
02194414	02194599
02194414	02194887
02195403	02195526
02195996	02196119
02196542	02196761
02196542	02197048
02196542	02198021
02196761	02196896
02197048	02197185
02198332	02198532
02198332	02198714
02198332	02198996
02198714	02198859
02199712	02199999
02199712	02202509
02199712	02203008
02199712	02203739
02199712	02205095
02199999	02200198
02199999	02200509
02199999	02200705
02199999	02201252
02199999	02201758
02202509	02202678
02203739	02204084
02204585	02204722
02205095	02205219
02205383	02205523
02205896	02206270
02205896	02206624
02205896	02212323
02205896	02214972
02205896	02217334
02205896	02218563
02205896	02219234
02206624	02206856
02206624	02207942
02206624	02210728
02206624	02211099
02207942	02208143
02207942	02209508
02208143	02208280
02210728	02210567
02211099	02211283
02212323	02212602
02212323	02213362
02212323	02214203
02214972	02215161
02214972	02215334
02214972	02215941
02215941	02216066
02216547	02216740
02217334	02217563
02217334	02217839
02217334	02217997
02217997	02218134
02219234	02219486
02219234	02219901
02219234	02220393
02219234	02221240
02219234	02222459
02219901	02220055
02219901	02220225
02220393	02220518
02221240	02221414
02222718	02223009
02222718	02223266
02222718	02225231
02223009	02223694
02224323	02224466
02225231	02225577
02225959	02226183
02225959	02228874
02225959	02229385
02226598	02226821
02226598	02227119
02226598	02227430
02227773	02227966
02227773	02228565
02228874	02229023
02229023	02229156
02229385	02229544
02229385	02229867
02230782	02231052
02230782	02231307
02231307	02231487
02231307	02231680
02231930	02232086
02232606	02232951
02232606	02235575
02233096	02233577
02233096	02235321
02233577	02233767
02233577	02234181
02233577	02234719
02234719	02234848
02235761	02235911
02235911	02236044
02236495	02237239
02236495	02238743
02236495	02239347
02236495	02240223
02236495	02240706
02236495	02241184
02236495	02245592
02237239	02237581
02237239	02237730
02237239	02238113
02237730	02237868
02238113	02238235
02238743	02238887
02238743	02239073
02239347	02239659
02239347	02239934
02240223	02240377
02240377	02240517
02240706	02240852
02240852	02241008
02241184	02241569
02241184	02242942
02241184	02243351
02241184	02244007
02241184	02244963
02243351	02243562
02243351	02243744
02243744	02243878
02244007	02244173
02244007	02244396
02244007	02244670
02244396	02244515
02245592	02246011
02245592	02246284
02245592	02248147
02245592	02256010
02245592	02256365
02245592	02257536
02245592	02259844
02246284	02246487
02246284	02246628
02246284	02247076
02246284	02247363
02247363	02247511
02248147	02248368
02248147	02248744
02248147	02249365
02248147	02249995
02249365	02249673
02250464	02250653
02250464	02250822
02250464	02251452
02250653	02251067
02250653	02251233
02252039	02252226
02252039	02252429
02252039	02254370
02252429	02252608
02252429	02253592
02252429	02254110
02253592	02253913
02254370	02254531
02254370	02254697
02254370	02255144
02255567	02255698
02255698	02255855
02256010	02256172
02256365	02256656
02256365	02256882
02256365	02257149
02257149	02257284
02257536	02257715
02257536	02258354
02260183	02260421
02260183	02260623
02260183	02261184
02260623	02261286
02260623	02261630
02261286	02261419
02261630	02261757
02261883	02262178
02261883	02262324
02262324	02262449
02263038	02263378
02263038	02263717
02263038	02264734
02263038	02265177
02263038	02265471
02263717	02263848
02263848	02264021
02264734	02264591
02264734	02264885
02265177	02265330
02265471	02265717
02265471	02266580
02265717	02265860
02265717	02266421
02265860	02266050
02265860	02266269
02266580	02266732
02266732	02266864
02267644	02267826
02267975	02268148
02269015	02269196
02269829	02270011
02269829	02270326
02269829	02271087
02270326	02270473
02270326	02270810
02271427	02271570
02271427	02271740
02271740	02271897
02271740	02272152
02271740	02272428
02272152	02272286
02272428	02272552
02272707	02273120
02273120	02273254
02273545	02274024
02273545	02274516
02273545	02277556
02273545	02279442
02273545	02280223
02273545	02281552
02273545	02283728
02273545	02285359
02273545	02286815
02273545	02288473
02273545	02291024
02273545	02293135
02273545	02294761
02273545	02298379
02273545	02300018
02273545	02301072
02273545	02305245
02273545	02306159
02273545	02309337
02274516	02274822
02274516	02275372
02274516	02275921
02274516	02276527
02274516	02277895
02274516	02278704
02274516	02279127
02275372	02275560
02275372	02275773
02275921	02276078
02275921	02276355
02276527	02276749
02276527	02276902
02276527	02277094
02276527	02277268
02277895	02278024
02278704	02278839
02279127	02279257
02279442	02279637
02279442	02279819
02279819	02279972
02280223	02280649
02280223	02280845
02281552	02281787
02281552	02281987
02281552	02282716
02281987	02282385
02282716	02282903
02283728	02283951
02283728	02284367
02283728	02285052
02285052	02285179
02285359	02285548
02285359	02285909
02285359	02286271
02286271	02286425
02286815	02287004
02286815	02287204
02288473	02288789
02288473	02289061
02288473	02289177
02288473	02289466
02288473	02289845
02288473	02290153
02288473	02290521
02288473	02309841
02289177	02289307
02289466	02289610
02290153	02290340
02290521	02290664
02291024	02291220
02291024	02291391
02291391	02291572
02291391	02291940
02291391	02292272
02291391	02292564
02292564	02292692
02293135	02293352
02293135	02293974
02293135	02294279
02294761	02295064
02294761	02295717
02294761	02296150
02294761	02296480
02294761	02296756
02294761	02297127
02294761	02297635
02294761	02310334
02295717	02295870
02296150	02296276
02296480	02296612
02297127	02297294
02298379	02298541
02298379	02298833
02298379	02299715
02298833	02299039
02298833	02299378
02299715	02299846
02300018	02300173
02300378	02300554
02300378	02300797
02301072	02301452
02301072	02301782
02301072	02302124
02301072	02302620
02301072	02302853
02301072	02303448
02301072	02303917
02301072	02304229
02301072	02304967
02303448	02303585
02303448	02303777
02304229	02304797
02305245	02305407
02305245	02305799
02305799	02305929
02306159	02306433
02306159	02306672
02306159	02307007
02306159	02308139
02306159	02308325
02306159	02308852
02313495	02313709
02313495	02314001
02313495	02314321
02316392	02316707
02316392	02317212
02316392	02317488
02316392	02318915
02316392	02319967
02316392	02321342
02317488	02317653
02317488	02317983
02318915	02319095
02319967	02320127
02319967	02320621
02320621	02320888
02321342	02321529
02321342	02321759
02321759	02321903
02323186	02323449
02323186	02323715
02323186	02328270
02323715	02323902
02323715	02324717
02323715	02325211
02323715	02326237
02324717	02324850
02325211	02325366
02325211	02325884
02326237	02326432
02326237	02327028
02328270	02328429
02328270	02328662
02328662	02328820
02328662	02328942
02329093	02329401
02329093	02330582
02329093	02346315
02329093	02354950
02330582	02330830
02330582	02335349
02330582	02351518
02330582	02352390
02330582	02368563
02330830	02331479
02331479	02331960
02331479	02332315
02331479	02332606
02331479	02333368
02331479	02334849
02332606	02332755
02333368	02333546
02335349	02336011
02335349	02336129
02335349	02336451
02335349	02337480
02335349	02338029
02335349	02338319
02335349	02338592
02335349	02338901
02335349	02339768
02335349	02340521
02335349	02340813
02335349	02341108
02335349	02341805
02335349	02342109
02335349	02343187
02335349	02343487
02335349	02344006
02335349	02344528
02335349	02344785
02335349	02345213
02338029	02338145
02338319	02338449
02339768	02339922
02339768	02340186
02340813	02340930
02341108	02341288
02341108	02341475
02341805	02341974
02343487	02343772
02346315	02346823
02346315	02347865
02346315	02364221
02346315	02365672
02346315	02366702
02346315	02367131
02346315	02369012
02346823	02346998
02346823	02347140
02346823	02347443
02347865	02347744
02347865	02348036
02348405	02348788
02348405	02349040
02348405	02349730
02348405	02349980
02348405	02350537
02350845	02350989
02350845	02351212
02351518	02351870
02352390	02352591
02352390	02352804
02352390	02353037
02353529	02353709
02353529	02353861
02353529	02354470
02353709	02354162
02353709	02354320
02354470	02354621
02354470	02354781
02354950	02348405
02354950	02353529
02354950	02355711
02354950	02362721
02354950	02363681
02355711	02355227
02355711	02356108
02355711	02357741
02355711	02359204
02355711	02359775
02355711	02362025
02356108	02355477
02356108	02356381
02357741	02358091
02359204	02359324
02359775	02359915
02362025	02362194
02362025	02362420
02362420	02362569
02363681	02363818
02363818	02363996
02364221	02364989
02365672	02365848
02366702	02366825
02366825	02366959
02367131	02367678
02367131	02367993
02367131	02368280
02367993	02368116
02368280	02368399
02371647	02371801
02372251	02372397
02372397	02372584
02372813	02372952
02373093	02373336
02373093	02373601
02373093	02391782
02373093	02393300
02373601	02373843
02373601	02374149
02373601	02375592
02373601	02377480
02373843	02374451
02373843	02389346
02373843	02389559
02373843	02390101
02373843	02390454
02373843	02391049
02374451	02376542
02391782	02391994
02391782	02392282
02391782	02393024
02394068	02394477
02394068	02394822
02394068	02397251
02394068	02398732
02394068	02436813
02394822	02395003
02394822	02395244
02394822	02396667
02395244	02395406
02395244	02395694
02395244	02396427
02396667	02396796
02397251	02397377
02397377	02397529
02398386	02398521
02398732	02400139
02398732	02429123
02398732	02429695
02398732	02435689
02400139	02401031
02400139	02401661
02400139	02407959
02400139	02408217
02400139	02408903
02400139	02409369
02400139	02409702
02400139	02410313
02400139	02411075
02400139	02411427
02400139	02415971
02400139	02416410
02400139	02418064
02400139	02418341
02400139	02418648
02400139	02419217
02400139	02419515
02400139	02420675
02400139	02421308
02400139	02422249
02400139	02422561
02400139	02423465
02400139	02423787
02400139	02425393
02400139	02425756
02400139	02426634
02400139	02427958
02400139	02428653
02401661	02402010
02401661	02402175
02401661	02402425
02401661	02403003
02401661	02404573
02401661	02404906
02401661	02405101
02401661	02405440
02402425	01887896
02408217	02408429
02408217	02409202
02409369	02409508
02409702	02402175
02409702	02409870
02410313	02410509
02411427	02411705
02411427	02412440
02411427	02413131
02411427	02415253
02411427	02415577
02415971	02416104
02416410	02416519
02422860	02423022
02423465	02423589
02423787	02424085
02423787	02424305
02423787	02424695
02423787	02425086
02423787	02425228
02425393	02425532
02429123	02429276
02429276	02429456
02429695	02430045
02429695	02430929
02429695	02432139
02429695	02432867
02429695	02433205
02429695	02433426
02429695	02433796
02429695	02434834
02429695	02435099
02430929	02431122
02430929	02431628
02430929	02431785
02430929	02431976
02432139	02432291
02432139	02432511
02432867	02432983
02433426	02433546
02433796	02433925
02435386	02435517
02435689	02435853
02435689	02436067
02435689	02436514
02436813	02437825
02436813	02438452
02438452	02438580
02438774	02438897
02438774	02439286
02438897	02439033
02439286	02439398
02440705	02441326
02440705	02441723
02440705	02444103
02440705	02445276
02440705	02446014
02440705	02446512
02440705	02446888
02440705	02447896
02440705	02448200
02440705	02449060
02440705	02449464
02440705	02449921
02440705	02450992
02440705	02451292
02441723	02441942
02441723	02442845
02441723	02443114
02441723	02443484
02446014	02446206
02446014	02446352
02446888	02447021
02448200	02448318
02448754	02448885
02449060	02449183
02449464	02449699
02449921	02450034
02451292	02451415
02453373	02453611
02453373	02453890
02453373	02459001
02453890	02454119
02453890	02456776
02453890	02457586
02453890	02458356
02453890	02459808
02454119	02454379
02454119	02454999
02454119	02455584
02454119	02456147
02454119	02456505
02454657	02454794
02456147	02456275
02456776	02456962
02456776	02457249
02457249	02457408
02457586	02457756
02457756	02457945
02457756	02458135
02458356	02458517
02458356	02458675
02458675	02458822
02459808	02460009
02459808	02460275
02459808	02460684
02459808	02461014
02460275	02460451
02461014	02461128
02461372	02461556
02461556	02461701
02461701	02461830
02469588	02469914
02469588	02470451
02469588	02496210
02469588	02496576
02469588	02500749
02469588	02501101
02470451	02470899
02470451	02471467
02470451	02479896
02470451	02482820
02470451	02483915
02471072	02471300
02471467	02471762
02471467	02475821
02471467	02477890
02472012	02472293
02472012	02473307
02472012	02474110
02472012	02475078
02472987	07942152
02475821	02476219
02475821	02476870
02479896	02480153
02479896	02480346
02479896	02480673
02479896	02481629
02480346	02480495
02480673	02480855
02481629	02481823
02481629	02482650
02482820	02483092
02482820	02483224
02482820	02483564
02483915	02484473
02483915	02484813
02483915	02486138
02483915	02486787
02483915	02488149
02484813	02484975
02486138	02486261
02488149	02488291
02489288	02489589
02489288	02490030
02489288	02491590
02490030	02490219
02490030	02490686
02490030	02490964
02490964	02491107
02491590	02491906
02491590	02492240
02491590	02492536
02491590	02493390
02491590	02493673
02491906	02492035
02492240	02492356
02492536	02492660
02493390	02493509
02493673	02493793
02494538	02494866
02494866	02495242
02494866	02495446
02496576	02496913
02496576	02498355
02496576	02499990
02497832	02497983
02498355	02498888
02498355	02499178
02498355	02499434
02498355	02499700
02499990	02500144
02499990	02500472
02500144	02500267
02501101	02501275
02502085	02502212
02502212	02502357
02502357	02502514
02502902	02503313
02502902	02505646
02502902	02506466
02503313	02503517
02503313	02503868
02503313	02504323
02503313	02505342
02505646	02505809
02505809	02505998
02505809	02506248
02507337	02507649
02507337	02507863
02507337	02508615
02507337	02509071
02507337	02509405
02507337	02509694
02507337	02510240
02507863	02508021
02508615	02508742
02509071	02509197
02509405	02509515
02509694	02509815
02510240	02510455
02511824	02512053
02514575	02514825
02514575	02514988
02514575	02515914
02514575	02527813
02514988	02515410
02515410	02515560
02515560	02515713
02515914	02516427
02517169	02517442
02517169	02517768
02517169	02518813
02517169	02520669
02517768	02517938
02517768	02518178
02517768	02518488
02518178	02518324
02518813	02518990
02518813	02520015
02518990	02519148
02520015	02520147
02521241	02521916
02521241	02525543
02521916	02521646
02521916	02522247
02521916	02522990
02521916	02523750
02521916	02524081
02521916	02525012
02522990	02523110
02523750	02523877
02524081	02524202
02525543	02525703
02525866	02526486
02525866	02527498
02527813	01428155
02527813	01453852
02527813	02528163
02527813	02544086
02527813	02544596
02527813	02549533
02527813	02551824
02527813	02638323
02528534	02528949
02528534	02529515
02528534	02534352
02528534	02540255
02528534	02541431
02528534	02542162
02528534	02542598
02528949	02529111
02529111	02529293
02529515	02529772
02529515	02530294
02529515	02531503
02529515	02533075
02529515	02533424
02530294	02530421
02530294	02531114
02531503	02531625
02531820	02532028
02531820	02532918
02533075	02533209
02533424	02533545
02534352	02534559
02534352	02534734
02534352	02535349
02534352	02535909
02534352	02537847
02535349	02535537
02535349	02537319
02535909	02536165
02535909	02536864
02537847	02538010
02537847	02538216
02537847	02538406
02538730	02538985
02538730	02539251
02538730	02539752
02539251	02539573
02540255	02540412
02540255	02540637
02540255	02541139
02540637	02540983
02541431	02541875
02541875	02542017
02542162	02542283
02543412	02543565
02544086	02544274
02544596	02544754
02544754	02544960
02544960	02545153
02545569	02545687
02545687	02545841
02546177	02546331
02546177	02546477
02546744	02546873
02546873	02547014
02547213	02547947
02547213	02548522
02547213	02548990
02547947	02548247
02548522	02548689
02549533	02549796
02549533	02550296
02549796	02549989
02550296	02550460
02551316	02551494
02551494	02551668
02551824	01450081
02551824	01452496
02551824	02547213
02551824	02552171
02551824	02553196
02551824	02574489
02551824	02641608
02551824	02641825
02551824	02652335
02551824	02657083
02552737	02552894
02552894	02553028
02553196	02554512
02553196	02554730
02553196	02555863
02553196	02556014
02553196	02558350
02553196	02558724
02553196	02558980
02553196	02559232
02553196	02562085
02553196	02563182
02553196	02565728
02553196	02571300
02553196	02571983
02553196	02572904
02553196	02573406
02553196	02573918
02553196	02575766
02553196	02581803
02553196	02582437
02553196	02582919
02553196	02585732
02553196	02586382
02553196	02588108
02553196	02590237
02553196	02590702
02553196	02593863
02553196	02599784
02553196	02600953
02553196	02604014
02553196	02604657
02553196	02605139
02553196	02606194
02553196	02607630
02553196	02610541
02553196	02610834
02553196	02611425
02553196	02611767
02553196	02612393
02553196	02618244
02553196	02618697
02553196	02619029
02553196	02619738
02553196	02620033
02553196	02620318
02553196	02620826
02553196	02621107
02553196	02621721
02553196	02622823
02553196	02623170
02553196	02632694
02553196	02635310
02553196	02635911
02553196	02636666
02554512	02637637
02556014	02556195
02556623	02556846
02556623	02557033
02556623	02557461
02556623	02558079
02559232	02559383
02559606	02559862
02559606	02560383
02560383	02560546
02562085	02562315
02562085	02563497
02562085	02564130
02563497	02563949
02564130	02564403
02565728	02566109
02565728	02566325
02565728	02566834
02565728	02567201
02565728	02567484
02565728	02567960
02565728	02568326
02565728	02568636
02565728	02569151
02565728	02569770
02565728	02570038
02566325	02566489
02567960	02568087
02570648	02570838
02570648	02571034
02571034	02571167
02571300	02571486
02571486	02571810
02571983	02572196
02572904	02573075
02573075	02573249
02573406	02573563
02573563	02573704
02573918	02574093
02574093	02574271
02574489	02574651
02574651	02574910
02574651	02575168
02575168	02575325
02575455	02575590
02575766	02576575
02575766	02577532
02575766	02577823
02575766	02578604
02575766	02580336
02575766	02580991
02575766	02581289
02580991	02581108
02581289	02581642
02581803	02581957
02582437	02582591
02582919	02583096
02583211	02583567
02583211	02584004
02584325	02584449
02585732	02585872
02586382	02586543
02586382	02586865
02586865	02587300
02588108	02588286
02588108	02588580
02588108	02589486
02588108	02589955
02590237	02590495
02590237	02591205
02590237	02591493
02590237	02591757
02590237	02592244
02590237	02592607
02590237	02592866
02592244	02592371
02592866	02593019
02593863	02594250
02593863	02594807
02593863	02595217
02593863	02595569
02593863	02595902
02593863	02596592
02593863	02596888
02593863	02597173
02593863	02598438
02593863	02598747
02593863	02599207
02595217	02595339
02595569	02595702
02595902	02596067
02595902	02596252
02596888	02597004
02597173	02597367
02598438	02598573
02599207	02599557
02599784	02599958
02599784	02600135
02599784	02600657
02600135	02600298
02600135	02600503
02600657	02600798
02600953	02601200
02600953	02602215
02600953	02602970
02601200	02601344
02601200	02601589
02601589	02601767
02601589	02601921
02601589	02602059
02602215	02602405
02602215	02602620
02604014	02604157
02604014	02604342
02604657	02604811
02604811	02604954
02605139	02605316
02606194	02606384
02606194	02606590
02606194	02606926
02606194	02607345
02606926	02607072
02607630	02608151
02607630	02608708
02607630	02609169
02607630	02609466
02607630	02610234
02609466	02609617
02610541	02610664
02610834	02610980
02610834	02611154
02612393	02612657
02612393	02612982
02612393	02613960
02612393	02615494
02612393	02616572
02612393	02617029
02612982	02613181
02612982	02613687
02614288	02614482
02614788	02614978
02614788	02615157
02615157	02615298
02615494	02615829
02615494	02616251
02616572	02616705
02616705	02616851
02617029	02617207
02617029	02617402
02617029	02617689
02617029	02617956
02618244	02618372
02618372	02618513
02619029	02619165
02619029	02619409
02620318	02620443
02620443	02620578
02621107	02621258
02621107	02621419
02621721	02621908
02621721	02622408
02622823	02622955
02623170	02623445
02623170	02623868
02623170	02629435
02623170	02630052
02623170	02632239
02623868	02624377
02623868	02625132
02623868	02625418
02623868	02626590
02623868	02627686
02623868	02628467
02623868	02628856
02624377	02624551
02625418	02625612
02625418	02625851
02625418	02626265
02626590	02626762
02626590	02627292
02626590	02627532
02627686	02627835
02627686	02628259
02628467	02628600
02628856	02629230
02629435	02629581
02629581	02629716
02630052	02630281
02630052	02630468
02630052	02630739
02632239	02632359
02632694	02633287
02632694	02633555
02632694	02635013
02633287	02633422
02633555	02633677
02633844	02633977
02635013	02635154
02635310	02635580
02636666	02636854
02636666	02637046
02636666	02637337
02638323	02638596
02638323	02638835
02638323	02639312
02638323	02640093
02638323	02641063
02638835	02638960
02638960	02639087
02639312	02639464
02639312	02639786
02639464	02639605
02640093	02640242
02640093	02640453
02640453	02640626
02640453	02640857
02641063	02641215
02641215	02641379
02641608	02647503
02641608	02648456
02641608	02651846
02641825	02552737
02641825	02642107
02641825	02644967
02641825	02646377
02641825	02646985
02641825	02649689
02642430	02642935
02642430	02643713
02642935	02643112
02642935	02643316
02644967	02645143
02644967	02645304
02644967	02645823
02644967	02646117
02646377	02646508
02646508	02646667
02647144	02647294
02647503	02647903
02647503	02648174
02648174	02648313
02648456	02648625
02648456	02648769
02648456	02649082
02649082	02649218
02649689	02650050
02649689	02650928
02649689	02651412
02651412	02651617
02651846	02652132
02652335	02652668
02652335	02652979
02652335	02653655
02652335	02654256
02652335	02654890
02652335	02655355
02652335	02656426
02652979	02653145
02652979	02653359
02652979	02653786
02653359	02653497
02653655	02653965
02654256	02654425
02654256	02654609
02654890	02655020
02655355	02655523
02655355	02655694
02656426	02656550
02656550	02656670
02657083	02657368
02657083	02657805
02657083	02660769
02657083	02663352
02657083	02663657
02657805	02658079
02657805	02658381
02657805	02658670
02657805	02658944
02657805	02659667
02658381	02658531
02658944	02659176
02659667	02659808
02660769	02661017
02660769	02661317
02660769	02661765
02660769	02662081
02660769	02662688
02660769	02663086
02661765	02661892
02662081	02662239
02663086	02663211
02663657	02663849
02663657	02664136
02663657	02664511
02663657	02664823
02663657	02665119
03351434	02860063
03351434	03351151
03351434	03351768
03351434	03351979
03351434	03410022
03351434	03495671
03351434	03639077
03351434	04067472
03351434	04271148
03351434	04278605
03394480	02932523
03394480	03393912
03614007	03613592
03896233	02775039
03896233	03895866
04162998	04161981
04178329	04029125
04178329	04461148
04468005	02959942
04468005	03684823
05282433	05282746
06351202	00390198
06497459	06828818
06497872	06833544
06497872	06833663
06497872	06833776
06497872	06833890
06498569	06836822
06498569	06836929
06498569	06837037
06498569	06837146
06498569	06837251
06498569	06837357
06498569	06837465
06498569	06837572
06498569	06837679
06498569	06837787
06498569	06837895
06498569	06838005
06498569	06838112
06498569	06838219
06498569	06838329
06593803	06596978
06825273	06825399
06856568	06865345
07144416	10190871
07940552	08102555
07942152	00007846
07945657	09994943
07947255	10441251
07956721	03963982
07956721	04033425
07956721	04351233
07966140	08378819
07968354	09636106
07969695	10235549
07969695	10308275
07969695	10728624
07970406	09918248
07970406	10399491
07970406	10595164
07978423	06372680
07989373	10640620
07993109	07993279
07993109	08436759
07993279	07993929
07994331	02402425
07994331	02411705
07994941	02084071
07994941	02087551
07995164	02062430
07995164	02075927
07996149	02159955
07997703	08103457
08008335	08400965
08029421	08029784
08029421	10141811
08029421	10237676
08049401	08228665
08049401	09816771
08049989	08820121
08049989	08831004
08049989	08844557
08049989	08888676
08049989	08900535
08049989	08972521
08049989	08999482
08050678	08163273
08050678	08165455
08050678	08166187
08050678	08220714
08050678	08357784
08053260	10453533
08060694	10402417
08061042	08220714
08066491	08420278
08067077	08066763
08069878	09777012
08072837	04323026
08072837	08419984
08075388	09876892
08075388	10621400
08075647	10602470
08075647	10602695
08080025	00726567
08082602	09678009
08083320	09679925
08083599	09680504
08085824	09894143
08087570	08147188
08087570	09679316
08090547	09677830
08094659	10384772
08094866	10161695
08095647	08096301
08095647	08096474
08095647	09682291
08095647	09682803
08096301	09683306
08096474	09683559
08096624	08097072
08096624	08097222
08096624	08097391
08096624	08097766
08096624	09684609
08097072	09685564
08097222	09685398
08098346	09848285
08098499	09848285
08100320	08100481
08102555	08103299
08102555	08103777
08103777	08106934
08106934	08107499
08107499	01333082
08107499	01333301
08107499	08108627
08107499	08108784
08107499	08108972
08108972	08109624
08108972	08110373
08110373	08101410
08110373	08111157
08112630	10165109
08121117	10091651
08146782	07991364
08146782	09847727
08149160	10778345
08150377	09679708
08151490	09982370
08152787	09927451
08153337	09505418
08153437	10175090
08153437	10231515
08153437	10472799
08153437	10474064
08153437	10499355
08153437	10499857
08154960	10159852
08154960	10994906
08154960	10995115
08154960	10995292
08154960	10995592
08154960	11365857
08155765	11041814
08156685	11086279
08157809	10951459
08157809	10995850
08158460	11079802
08159740	10951697
08159740	10995850
08160276	09923673
08161068	10760340
08161757	08161591
08161757	08161971
08164585	08381636
08166552	09625401
08168531	09648309
08168531	09648743
08172103	08705397
08172103	08762495
08172103	08848094
08172103	08897065
08172103	08913434
08172103	08927186
08172103	08929243
08172103	08957381
08172103	08959683
08172103	08966820
08172103	08969291
08172103	08975106
08172103	08986905
08172103	08993288
08172103	08998560
08172103	09029457
08172103	09033333
08172103	09037394
08172103	09044190
08172103	09164561
08173289	09738400
08173515	08765890
08173515	08766988
08173515	08779504
08173515	08780881
08173515	08801678
08173515	08845555
08173515	08849753
08173515	08860123
08173515	08888676
08173515	08929922
08173515	08949093
08173515	08960987
08173515	08984788
08173515	09023321
08174398	08714132
08174398	08761244
08174398	08764107
08174398	08766988
08174398	08780881
08174398	08801678
08174398	08849753
08174398	08860123
08174398	08929922
08174398	08953324
08174398	08960987
08174398	08984788
08174398	09023321
08174398	09039411
08174398	09044862
08174995	08175233
08175498	08175700
08176077	08709704
08176077	08711974
08176077	08720481
08176077	08732116
08176077	08736107
08176077	08737041
08176077	08737716
08176077	08738272
08176077	08739206
08176077	08740875
08176077	08750334
08176077	08751494
08176077	08752021
08176077	08753933
08176077	08755214
08176077	08756202
08176077	08763193
08176077	08776687
08176077	08847268
08176077	08852843
08176077	08853741
08176077	08978343
08176077	08979054
08176077	08987423
08176077	08988609
08176077	08989031
08176077	09030752
08176077	09044862
08176077	09160295
08176077	09161803
08177030	08705397
08177030	08897065
08177030	08900535
08177030	08907606
08177030	08910668
08177030	08913434
08177030	08929243
08177030	08959683
08177030	08986905
08177030	08993288
08177030	09044190
08177030	09161803
08180639	10481711
08181658	09869830
08188638	09920771
08189371	10321474
08190482	10055847
08190754	08397255
08191230	08190754
08191230	08212527
08191701	08191532
08191701	08292756
08193448	10348526
08196024	08195797
08197895	10150556
08198137	08198398
08198398	10582746
08199025	08242100
08206460	10523341
08206663	10337789
08209519	10671042
08209687	10448983
08210670	10540114
08210982	10770059
08211290	10317500
08212347	08242799
08212527	08213205
08214272	08214470
08215248	10095061
08215603	09863031
08221897	10165448
08221897	10336411
08221897	10440717
08223263	10077593
08227214	10308394
08229467	08228665
08231678	08078976
08232706	02907985
08232706	03073832
08232706	03109350
08232706	03163081
08232706	04512476
08243851	11377851
08244062	10120085
08244747	10119953
08245059	08245172
08245059	10503247
08245172	08244062
08245802	10280364
08246613	10340312
08251303	09958892
08256735	09874862
08256735	10097842
08256735	10148165
08261320	10242328
08271042	09444100
08273167	09977178
08273167	10669357
08276720	08287586
08276720	10560352
08278324	08278169
08280124	09759501
08286163	08282696
08287586	10480730
08289841	10176475
08292418	09685922
08292756	04552696
08293490	02930766
08293831	02686568
08295138	09006413
08295138	09011151
08295138	09014586
08295138	09014979
08295138	09017526
08295138	09018162
08295138	09018848
08295138	09019726
08295138	09020440
08295138	09020961
08295138	09021503
08295138	09022265
08295580	08296911
08295580	08299307
08295580	08299493
08304135	08765315
08304135	08770013
08304135	08770718
08304135	08773098
08304135	08773336
08304135	08773679
08304135	08773880
08304135	08774704
08304135	08851034
08304135	08983742
08304135	09012735
08304135	09013353
08304135	09014066
08305766	08849753
08305766	08949093
08305766	08960987
08306959	09872557
08308497	09953965
08309409	09944763
08320385	08011523
08324514	09944022
08324514	09944160
08329113	10407552
08329453	08414119
08340153	08124971
08340153	08133189
08340153	08136260
08340153	08138686
08340153	08140767
08340153	08194546
08340153	08197386
08340153	08347704
08340153	08348091
08340153	08395682
08340153	08396537
08350470	08350919
08350470	08418631
08350470	08419033
08355791	08356074
08355791	08356375
08355791	08356903
08356074	08123167
08356375	08161757
08356903	08330298
08358963	10702781
08367880	08256968
08367880	08359949
08369920	11126783
08369920	11167952
08369920	11313726
08372190	09626238
08372574	10717461
08374049	09937688
08376051	10169937
08378555	07974025
08378819	08367880
08382570	00601822
08385009	09992538
08387930	08251493
08388207	09807754
08388636	10242791
08388636	10412910
08389438	10341446
08389710	09902353
08391387	10702307
08398179	10058585
08402693	09821086
08414119	10228278
08414381	10396106
08415272	10420277
08416523	09904837
08418103	01383638
08427629	03122295
08431721	04413969
08438533	13104059
08439955	10644598
08456727	08357258
08464324	02787435
08472335	08358594
08479095	09681351
08487504	08715390
08487504	08716738
08487504	08907606
08487504	08956760
08487504	08963369
08487504	08981244
08487504	08997487
08487504	09036452
08487504	09163192
08519624	09639382
08544813	08548733
08544813	08654360
08699654	09692915
08703454	09689435
08707917	09692915
08715390	09695747
08716219	09693100
08716219	09693809
08716738	09696280
08719100	09732047
08723006	09698108
08729626	09736633
08730550	09698108
08730550	09733899
08734385	09693244
08734385	09698644
08734385	09751622
08735705	09697401
08738272	09700823
08740875	09722658
08747054	10774440
08756735	09699020
08757569	09699200
08759420	09705287
08759986	09705287
08760510	08764107
08760510	08765890
08760510	09730204
08764107	09725402
08766988	09747722
08769645	09748408
08780881	09710164
08783583	09711530
08785343	09711132
08785343	11239271
08788887	09750524
08792548	09715833
08800258	09717047
08800676	09696124
08801099	09696124
08801678	09716047
08806897	09716933
08815046	09693100
08815858	09751256
08820121	09696585
08831004	09691279
08841956	09712696
08847694	09729530
08848094	09691858
08848731	09691994
08848731	09692430
08849753	09694109
08852209	09694529
08852389	09692915
08852389	09693372
08852389	09693618
08857682	08820121
08857682	08831004
08857682	08858248
08857682	08858713
08857682	08900535
08857682	08948346
08857682	08972521
08858942	09700964
08859173	09714952
08859173	09715165
08871007	09701148
08871007	09701603
08890097	09730533
08894456	09747329
08897065	09700492
08898633	09886807
08900535	09673495
08902422	09713501
08906374	09724066
08906374	09733028
08906952	09733028
08907606	09714264
08910668	09714429
08913434	09714694
08915159	09720702
08915372	09721444
08921850	09718217
08929243	09719653
08929922	09692250
08929922	09708405
08932568	09708750
08941208	09709001
08946187	09705287
08946187	09748889
08949093	09713108
08952190	09713985
08953324	09714120
08956760	09719794
08957212	09720033
08958830	09693372
08960548	09721088
08963369	09712696
08963369	09721883
08964810	09712696
08966820	09722399
08967484	09722530
08967868	10327987
08969291	09723564
08972521	09724533
08973776	09724785
08975106	09725653
08975902	09725772
08981244	09727440
08986905	09728137
08993288	09729387
08996483	09730951
08997487	09749614
08999482	09693372
08999482	09693618
08999482	09731436
09007723	09706396
09007723	09706548
09007723	09707400
09007723	09707992
09007723	09728403
09011151	09695979
09017526	09690371
09019355	09639543
09019726	09736181
09020961	09734006
09022831	09720256
09023321	09692250
09023321	09731906
09036452	09734294
09039411	09734885
09050244	09053185
09050244	09059274
09050244	09071690
09050244	09075842
09050244	09090825
09050244	09103943
09050244	09105821
09050244	09126305
09050244	09137869
09050244	09140148
09050244	09141526
09050244	09148970
09050730	10628222
09052652	10802283
09103648	09102883
09103648	09103377
09163192	09747191
09165613	09697771
09167101	09697771
09167101	09751895
09203827	09316454
09232841	09435965
09240051	09193772
09240051	09378801
09252970	09208496
09252970	09444100
09340024	09396712
09340452	09396712
09354984	09441352
09372504	09725229
09439433	09270894
09439433	09322454
09439433	09355623
09439433	09381480
09439433	09394007
09440400	09731571
09466280	08271042
09503877	09504135
09636890	09636339
09639237	09638875
11529603	00017222
11529603	11534434
11529603	11534677
11529603	11551211
11529603	11744583
11536778	11537327
11536778	11537665
11536778	11537886
11536778	11538123
11536778	11538935
11538123	11538582
11538935	11539675
11538935	11540000
11538935	11540230
11538935	11540747
11538935	11541713
11540230	11540439
11540747	11540970
11540747	11541322
11541713	11541919
11542341	11542640
11542341	11542920
11542341	11543429
11542341	11544131
11543429	11543602
11543602	11543792
11544131	11544314
11544314	11544540
11544769	11545524
11544769	13166338
11544769	13167078
11544769	13169219
11544769	13215936
11544769	13217213
11544769	13218722
11551211	11595312
11551211	11664929
11595312	11553763
11595312	11554175
11595312	11596108
11595312	11596486
11595312	11599694
11595312	11604698
11595312	11605708
11595312	11663449
11595312	13108662
11596486	11596845
11596845	11598991
11598991	11599165
11599694	11600139
11599694	11604225
11600139	11600671
11600139	11601487
11600671	11600900
11600900	11601333
11601487	11603045
11601487	11603630
11604225	11604393
11604698	11604904
11604904	11605396
11605708	11606379
11605708	11607071
11605708	11660537
11605708	11660848
11606379	11606661
11607392	11607739
11607392	11629501
11607392	11645271
11607392	11648428
11607392	11649597
11607392	11651259
11607392	11659909
11607392	11660979
11607739	11608055
11607739	11618750
11607739	11620248
11607739	11620560
11607739	11622988
11607739	11628284
11608055	11608250
11608055	11609475
11618750	11618861
11620560	11620673
11622988	11623105
11624367	11624531
11627028	11627168
11628284	11628456
11629501	11630017
11629501	11630351
11629501	11632794
11629501	11633116
11629501	11634526
11629501	11634970
11629501	11636068
11629501	11636389
11629501	11638902
11629501	11639609
11629501	11639863
11629501	11640471
11629501	11640645
11629501	11643684
11629501	11644712
11630351	11630489
11633459	11633633
11634526	11634736
11634970	11635152
11634970	11635433
11634970	11635830
11636068	11636204
11636389	11636566
11636389	11637015
11638902	11639445
11641275	11641494
11641788	11641963
11641788	11642430
11643684	11644046
11643684	11644226
11645271	11647131
11647131	11647306
11647131	11647703
11647131	11648039
11648428	11648617
11648428	11649012
11649012	11649359
11651259	11651731
11651259	11654124
11651259	11654667
11651259	11655407
11651259	11655764
11651259	11656380
11651259	11657314
11651259	11657763
11651259	11658104
11651259	11659068
11651259	11659500
11651731	11652217
11651731	11652376
11651731	11652578
11654124	11654293
11655407	11655592
11656380	11656771
11658104	11658331
11658104	11658544
11658104	11658709
11659500	11659627
11659909	11660121
11660979	11661207
11660979	11661372
11660979	11662764
11660979	11663136
11661207	11662128
11663449	11663813
11663813	11664090
11664929	11665372
11664929	11665781
11664929	11667562
11664929	13109733
11664929	13120003
11665781	11555413
11665781	11562747
11665781	11567411
11665781	11667112
11665781	11740655
11665781	11800799
11665781	11803475
11665781	11910835
11665781	12090041
11665781	12212810
11665781	12213485
11665781	12224309
11665781	12250708
11665781	12289744
11665781	12300441
11665781	12313005
11665781	12317763
11665781	12358485
11665781	12391477
11665781	12598247
11665781	12600417
11665781	12723835
11665781	12740196
11665781	12769815
11665781	12778926
11665781	12808751
11665781	13140535
11665781	13148602
11667112	11564258
11667112	11571907
11667112	11692952
11667562	11556857
11667562	11668117
11667562	11668573
11667562	11668952
11667562	12410381
11667562	12610933
11668573	11778391
11668573	12154228
11668573	12581230
11668952	12100382
11668952	12350234
11668952	12605019
11692952	11693566
11692952	11697158
11692952	11700401
11692952	11701903
11692952	11702428
11692952	11702999
11692952	11703386
11692952	11708181
11692952	11712827
11692952	11713960
11692952	11714618
11692952	11718911
11692952	11719468
11693566	11693812
11693566	11695813
11693566	11696776
11693812	11693981
11695485	11695599
11695813	11695974
11697158	11697388
11697158	11698433
11697158	11698895
11697158	11699915
11697388	11697560
11698433	11698562
11698895	11699071
11699915	11700058
11700401	11700676
11700401	11701492
11700676	11700864
11701492	11701698
11702428	11702566
11703386	11703935
11703386	11704401
11703386	11705921
11703386	11706629
11703386	11707668
11703935	11704093
11704401	11704791
11704401	11705171
11706629	11706761
11707109	11707229
11707668	11707827
11708181	11711971
11708181	11712153
11708442	11708658
11708442	11709205
11712153	11712282
11712827	11713034
11712827	11713164
11712827	11713628
11713034	11713370
11713960	11714150
11714150	11714382
11714618	11714853
11714618	11715207
11714618	11716285
11714618	11717007
11714618	11717820
11715207	11715430
11715207	11715810
11716285	11716422
11717239	11717577
11717820	11718096
11717820	11718521
11719468	11720088
11719468	11723655
11719468	11724529
11719468	11724822
11719468	11726569
11719468	11726925
11719468	11727976
11719468	11728350
11719468	11729315
11719468	11731861
11719468	11732309
11719468	11732857
11719468	11733424
11719468	11733769
11719468	11734872
11719468	11735325
11719468	11736216
11719468	11736569
11719468	11737316
11719468	11738378
11719468	11738832
11719468	11739199
11720088	11720353
11720088	11720891
11720088	11721642
11720088	11722036
11723655	11723770
11724822	11725015
11726925	11727091
11726925	11727358
11727976	11728099
11728350	11728530
11729315	11729478
11731861	11732052
11733769	11733904
11735325	11735570
11735822	11735977
11736569	11736694
11739530	11739809
11739530	11740208
11739809	11739978
11740208	11740414
11740655	11740824
11740655	11742531
11740824	11741010
11740824	11742175
11741010	11741175
11741010	11741350
11742175	11742310
11742531	11742745
11742745	11742878
11743109	11743294
11743570	11743772
11746776	11747468
11746776	11748330
11746776	11748936
11746776	11749462
11746776	11749742
11746776	11750359
11746776	11750855
11746776	11751598
11746776	11752404
11746776	11753936
11746776	11754188
11746776	12487394
11746776	12487647
11746776	12495146
11746776	12501035
11746776	12501537
11746776	12501745
11746776	12556307
11748330	11748501
11749742	11749920
11750359	11750508
11750855	11750989
11751598	11751765
11752404	11752578
11754188	11755694
11754188	11758628
11754188	11759049
11754188	11760128
11754188	11761007
11754188	11761484
11754188	11762237
11754188	11762706
11754188	11764231
11754188	11765099
11754633	11754893
11754633	11755319
11755694	11756092
11755694	11757190
11758628	11758799
11759049	11759224
11762237	11762433
11762706	11763142
11764231	11764478
11764231	11764814
11765099	11765277
11766609	11767196
11766609	11768242
11766609	11769002
11766609	11769483
11766609	11770013
11766609	11770526
11766609	11770969
11766609	11771383
11766609	11772154
11766609	11772702
11766609	11773138
11766609	11774279
11766609	11775160
11766609	11775780
11766609	11776337
11766609	11776861
11766609	11777365
11767196	11767354
11768242	11768505
11769002	11769176
11770013	11770256
11771383	11771539
11772702	11772879
11773138	11773408
11773138	11773628
11774279	11774513
11775160	11775340
11776337	11776511
11776861	11777080
11777779	11777929
11778391	11778534
11778391	11794267
11778534	11779300
11778534	11779801
11778534	11780589
11778534	11780747
11778534	11781850
11778534	11782522
11778534	11783723
11778534	11784323
11778534	11785100
11778534	11785475
11778534	11786365
11778534	11786983
11778534	11787391
11778534	11787892
11778534	11788223
11778534	11788536
11778534	11788926
11778534	11789280
11778534	11789796
11778534	11790239
11778534	11790624
11778534	11791155
11778534	11791446
11778534	11791819
11778534	11792155
11778534	11792598
11778534	11793032
11778534	11793252
11778534	11793651
11779801	11780148
11780589	11780930
11781850	11782036
11782522	11782878
11783723	11783920
11784323	11784497
11786017	11786131
11786365	11786539
11786983	11787190
11787391	11787625
11788223	11788382
11788536	11788727
11790239	11790390
11791446	11791569
11792598	11792742
11793252	11793403
11793651	11793779
11794267	11794519
11794267	11794791
11794267	11795366
11794267	11795774
11794267	11796318
11796744	11797016
11796744	11798851
11796744	11799158
11796744	11799520
11796744	11800359
11797016	11797508
11797016	11797722
11797016	11797981
11797016	11798270
11798851	11798978
11799520	11800020
11800359	11800565
11800799	11801038
11801038	11801247
11801038	11802076
11801247	11801392
11802076	11802212
11802076	11802800
11803475	11565040
11803475	11573660
11803475	11804082
11803475	11841368
11804082	11818945
11804082	11822557
11804082	11827169
11804082	11827775
11804082	11835806
11804082	11854760
11804082	11856981
11804604	11805255
11804604	11805837
11804604	11806975
11804604	11807849
11804604	11809922
11804604	11810190
11804604	11810559
11804604	11810918
11804604	11811308
11804604	11812358
11804604	11812573
11804604	11813830
11804604	11814059
11804604	11814440
11804604	11814824
11804604	11817000
11804604	11817329
11804604	11817774
11804604	11818515
11805380	11805544
11805837	11805956
11806975	11807108
11807849	11807979
11811308	11811473
11814059	11814238
11814440	11814584
11815194	11815491
11815194	11816121
11815194	11816336
11817774	11817914
11818515	11818636
11818945	11819354
11818945	11819751
11818945	11820323
11818945	11820751
11818945	11821777
11818945	11822167
11820323	11820463
11820751	11820965
11822167	11822300
11822557	11822849
11822557	11824548
11822557	11825013
11822557	11825535
11822557	11825988
11822557	11826416
11822849	11823043
11826416	11826569
11827169	11827348
11827775	11828113
11827775	11830570
11827775	11831730
11827775	11833208
11827775	11833577
11827775	11834148
11827775	11835114
11827775	11835451
11828113	11828247
11830570	11830714
11830570	11830906
11831730	11831874
11832108	11832214
11833208	11833373
11834148	11834272
11835114	11835251
11835451	11835568
11835806	11836137
11835806	11836556
11835806	11838266
11835806	11838741
11835806	11839297
11835806	11841061
11836556	11836722
11838266	11838413
11838741	11838916
11839297	11839568
11841368	11841529
11841529	11842204
11841529	11843285
11841529	11843709
11841529	11844203
11841529	11845387
11841529	11846087
11841529	11846582
11841529	11846970
11841529	11847841
11841529	11848253
11841529	11848610
11841529	11849017
11841529	11851101
11841529	11851395
11841529	11852255
11841529	11852814
11841529	11853191
11841529	11853644
11841529	11854232
11845387	11845557
11849017	11849271
11850337	11850521
11851395	11851578
11852255	11852531
11854232	11854479
11854760	11855122
11854760	11856055
11854760	11856389
11855122	11855274
11856389	11856573
11856981	11857528
11856981	11858406
11856981	11859024
11856981	11859981
11856981	11860801
11856981	11862089
11856981	11862598
11857528	11858077
11858406	11858814
11860801	11861021
11862089	11862300
11862598	11862835
11862598	11863242
11862598	11863467
11862598	11863717
11862598	11864114
11864364	11864602
11864364	11867525
11864364	11900058
11864364	11909048
11864602	11864906
11864602	11867070
11864906	11865071
11866078	11866248
11867070	11867311
11867525	11868814
11867525	11869351
11867525	11869689
11867525	11869890
11867525	11870212
11867525	11871294
11867525	11871916
11867525	11872850
11867525	11873396
11867525	11874300
11867525	11874707
11867525	11875100
11867525	11880218
11867525	11880610
11867525	11881063
11867525	11881426
11867525	11881563
11867525	11883137
11867525	11883799
11867525	11884667
11867525	11885148
11867525	11885697
11867525	11886380
11867525	11886788
11867525	11888271
11867525	11888621
11867525	11889473
11867525	11889847
11867525	11890329
11867525	11890723
11867525	11891050
11867525	11891395
11867525	11891838
11867525	11892460
11867525	11893004
11867525	11893451
11867525	11893808
11867525	11894173
11867525	11895270
11867525	11895980
11867525	11896365
11867525	11897342
11867525	11897760
11867525	11898079
11867525	11898474
11867525	11899027
11867525	11899432
11867525	11899595
11867525	11899921
11870212	11870418
11871916	11872146
11872850	11872973
11873396	11873612
11874300	11874423
11875100	11875691
11875100	11876803
11875100	11876976
11875100	11877283
11875100	11877860
11875100	11878101
11875100	11878283
11875100	11878633
11875100	11878808
11875100	11879054
11875100	11879722
11880610	11880791
11881426	11881742
11883799	11883945
11884198	11884384
11885148	11885292
11885697	11885856
11886380	11886537
11886788	11887119
11886788	11887750
11888621	11888800
11889847	11890022
11890329	11890507
11891395	11891541
11892460	11892637
11894173	11894327
11894173	11894558
11897342	11897466
11898079	11898271
11898474	11898639
11899432	11872658
11900058	11900569
11900058	11900986
11900058	11902595
11900058	11903167
11900058	11903525
11900058	11903881
11900058	11904896
11900058	11905236
11900058	11905584
11900058	11905989
11900058	11906359
11900058	11906713
11900058	11907267
11900058	11907554
11900058	11907939
11900058	11908718
11902595	11902709
11903525	11903671
11905584	11905749
11907554	11907689
11907939	11908077
11909048	11909353
11909048	11910070
11909353	11909527
11910070	11910271
11910835	11566230
11910835	11579418
11910835	11911274
11910835	12659730
11910835	12808227
11911274	11911591
11911274	12036533
11911274	12157276
11911274	12168126
11911591	11915214
11911591	11915658
11911591	11915899
11911591	11917633
11911591	11918131
11911591	11918631
11911591	11919026
11911591	11919232
11911591	11920344
11911591	11921200
11911591	11921622
11911591	11921949
11911591	11923016
11911591	11923827
11911591	11925720
11911591	11926185
11911591	11926640
11911591	11927616
11911591	11927901
11911591	11928549
11911591	11929027
11911591	11937523
11911591	11937965
11911591	11939380
11911591	11939887
11911591	11941261
11911591	11941719
11911591	11942144
11911591	11942366
11911591	11942875
11911591	11943299
11911591	11943824
11911591	11944196
11911591	11944569
11911591	11945228
11911591	11945930
11911591	11946584
11911591	11947079
11911591	11949217
11911591	11949707
11911591	11950028
11911591	11950345
11911591	11951385
11911591	11952153
11911591	11952900
11911591	11953762
11911591	11955398
11911591	11955770
11911591	11956208
11911591	11956671
11911591	11957912
11911591	11958742
11911591	11959104
11911591	11959489
11911591	11960084
11911591	11960540
11911591	11960943
11911591	11961266
11911591	11961686
11911591	11962500
11911591	11962853
11911591	11963755
11911591	11964269
11911591	11964688
11911591	11965054
11911591	11965378
11911591	11967572
11911591	11968104
11911591	11969410
11911591	11969977
11911591	11970429
11911591	11971094
11911591	11971600
11911591	11972141
11911591	11972569
11911591	11973159
11911591	11973888
11911591	11975100
11911591	11975482
11911591	11975853
11911591	11976715
11911591	11977125
11911591	11978035
11911591	11980088
11911591	11980577
11911591	11980867
11911591	11981314
11911591	11981817
11911591	11982724
11911591	11983160
11911591	11983910
11911591	11984397
11911591	11984854
11911591	11985586
11911591	11986091
11911591	11987956
11911591	11988419
11911591	11988774
11911591	11989266
11911591	11989636
11911591	11990804
11911591	11991080
11911591	11991993
11911591	11992340
11911591	11992674
11911591	11993932
11911591	11994827
11911591	11995683
11911591	11996092
11911591	11996490
11911591	11996792
11911591	11997775
11911591	11998648
11911591	11999140
11911591	11999455
11911591	11999958
11911591	12001565
11911591	12002197
11911591	12002957
11911591	12003407
11911591	12004310
11911591	12004686
11911591	12005148
11911591	12005500
11911591	12005869
11911591	12006081
11911591	12006503
11911591	12007560
11911591	12008017
11911591	12009250
11911591	12009616
11911591	12010021
11911591	12010458
11911591	12011067
11911591	12012897
11911591	12013323
11911591	12013811
11911591	12014739
11911591	12015076
11911591	12015384
11911591	12018640
11911591	12019190
11911591	12019675
11911591	12020048
11911591	12020388
11911591	12021120
11911591	12023996
11911591	12025019
11911591	12025849
11911591	12026306
11911591	12026764
11911591	12027864
11911591	12028196
11911591	12029326
11911591	12029929
11911591	12030265
11911591	12030479
11911591	12031739
11911591	12032215
11911591	12032939
11911591	12033310
11911591	12033939
11916268	11916467
11917633	11917835
11919026	11919447
11920867	11920998
11921200	11921395
11921949	11922192
11921949	11922374
11923016	11923174
11923016	11923397
11923016	11923637
11923827	11924014
11924330	11924445
11925720	11925898
11927616	11927740
11927901	11928352
11927901	11928858
11927901	11929477
11931756	11931918
11937965	11938261
11937965	11938732
11939380	11939491
11939887	11940006
11943299	11943407
11945228	11945367
11945930	11946051
11947079	11947251
11947079	11947802
11949217	11949402
11950028	11951052
11951385	11951511
11952900	11953038
11952900	11953339
11953762	11953884
11955770	11955896
11956208	11956348
11956671	11956850
11959489	11959632
11963158	11963305
11965378	11965627
11967572	11967744
11968104	11968931
11968104	11969166
11969977	11970101
11970429	11970586
11971600	11971783
11972569	11972759
11973159	11973341
11973888	11974126
11973888	11974557
11973888	11974888
11975100	11975254
11975482	11975658
11975853	11976170
11978035	11978233
11981314	11981475
11981817	11982115
11982724	11982939
11983160	11983375
11983910	11984144
11985586	11985739
11986091	11986306
11986091	11986511
11986091	11986900
11988774	11988893
11989636	11989869
11989636	11990167
11989636	11990313
11989636	11990627
11991080	11991263
11992674	11992806
11993007	11993203
11993932	11994150
11993932	11994336
11994827	11995092
11994827	11995396
11996092	11996251
11996792	11997032
11996792	11997160
11996792	11997409
11997775	11997969
11998648	11998888
11999455	11999656
12000609	12001294
12002197	12002428
12002197	12002651
12002957	12003167
12005500	12005656
12006081	12006306
12006503	12006766
12007560	12007766
12008017	12008252
12008017	12008749
12008017	12009047
12011067	12011620
12011067	12012111
12011067	12012253
12012897	12013035
12013811	12014085
12015384	12015525
12015840	12015959
12018640	12018760
12019190	12019375
12020388	12020507
12021120	12021499
12021120	12022054
12021120	12022382
12021120	12023108
12021120	12023726
12023996	12024176
12025019	12025220
12025019	12025507
12026764	12027222
12026764	12027658
12028196	12028424
12028196	12028818
12028196	12029039
12030265	12030654
12032939	12033139
12033939	12034141
12034828	12035423
12036533	12036781
12036533	12168385
12036781	12036939
12039524	12039743
12039524	12087207
12039743	12041446
12039743	12043248
12039743	12044269
12039743	12044571
12039743	12045004
12039743	12045352
12039743	12046251
12039743	12046620
12039743	12047173
12039743	12047586
12039743	12048231
12039743	12048772
12039743	12049134
12039743	12049796
12039743	12050295
12039743	12050766
12039743	12052053
12039743	12052630
12039743	12053138
12039743	12054499
12039743	12054902
12039743	12055317
12039743	12055839
12039743	12058429
12039743	12059090
12039743	12059479
12039743	12059851
12039743	12060118
12039743	12060380
12039743	12060816
12039743	12061849
12039743	12062227
12039743	12063066
12039743	12063414
12039743	12063887
12039743	12064183
12039743	12064814
12039743	12064996
12039743	12068824
12039743	12069821
12039743	12070177
12039743	12070950
12039743	12071965
12039743	12072419
12039743	12073007
12039743	12073744
12039743	12074678
12039743	12075495
12039743	12076075
12039743	12076381
12039743	12077062
12039743	12077505
12039743	12077732
12039743	12078596
12039743	12078954
12039743	12079352
12039743	12079737
12039743	12080199
12039743	12081022
12039743	12081488
12039743	12081851
12039743	12082357
12039743	12082593
12039743	12082764
12039743	12082980
12039743	12083339
12039743	12084746
12039743	12085117
12039743	12085469
12039743	12085840
12039743	12086362
12043248	12043444
12045352	12045514
12045695	12045860
12049134	12049282
12050766	12050959
12051285	12051514
12051285	12051792
12053138	12053405
12054902	12055073
12055839	12056217
12058429	12058822
12060380	12060546
12060816	12061104
12060816	12061380
12060816	12061614
12062227	12062468
12062227	12062781
12064996	12065777
12071965	12072210
12074205	12074408
12074678	12075151
12075495	12075830
12076381	12076577
12077732	12077944
12077732	12078172
12083339	12083591
12087650	12089625
12087807	12087961
12087807	12088909
12090041	12090318
12090041	12096798
12090041	12097927
12090041	12099556
12090318	12090702
12090318	12092127
12090318	12092766
12090318	12093088
12090318	12093769
12090318	12094121
12090318	12094786
12090318	12096223
12090702	12090890
12092127	12092262
12092766	12092930
12093769	12093885
12094121	12094244
12094786	12095020
12096223	12096395
12096798	12097013
12096798	12097180
12097180	12097396
12097180	12097556
12097927	12098227
12097927	12098665
12097927	12099220
12098665	12098827
12099220	12099342
12099556	12099803
12099803	12100187
12100382	12100538
12100382	12149751
12100538	12101870
12100538	12104614
12100538	12104943
12100538	12106540
12100538	12107489
12100538	12108249
12100538	12108742
12100538	12109189
12100538	12109719
12100538	12110630
12100538	12111882
12100538	12112488
12100538	12113471
12100538	12114226
12100538	12114981
12100538	12115563
12100538	12116267
12100538	12116583
12100538	12116881
12100538	12117507
12100538	12118223
12100538	12118912
12100538	12119947
12100538	12120812
12100538	12121405
12100538	12122124
12100538	12122581
12100538	12123050
12100538	12124358
12100538	12124505
12100538	12125398
12100538	12125782
12100538	12126238
12100538	12126911
12100538	12127890
12100538	12128645
12100538	12129525
12100538	12130408
12100538	12130759
12100538	12131216
12100538	12133332
12100538	12133870
12100538	12134300
12100538	12135898
12100538	12136944
12100538	12139367
12100538	12140137
12100538	12141037
12100538	12141890
12100538	12143572
12100538	12145802
12100538	12146100
12104943	12105125
12108249	12108432
12108742	12108871
12109719	12109827
12110630	12110778
12111882	12112008
12112789	12112918
12113471	12113657
12113471	12113790
12115563	12115748
12116881	12117017
12117507	12117695
12117507	12117912
12118223	12118414
12118223	12118661
12118912	12119099
12118912	12119238
12119947	12120114
12120812	12121033
12121405	12121610
12122124	12122245
12123050	12123244
12124505	12124627
12125782	12125890
12126911	12127030
12128645	12128825
12129525	12129738
12129525	12130160
12130759	12130937
12131216	12131405
12131216	12131767
12131216	12132092
12132299	12132502
12132299	12133151
12134300	12135270
12136944	12137120
12139367	12139575
12140137	12140358
12140137	12140511
12141890	12142085
12143572	12143676
12145802	12145919
12146100	12146311
12147031	12147226
12147031	12147699
12147031	12148079
12147031	12148610
12147031	12148962
12148079	12148253
12148962	12149144
12148962	12149521
12149751	12150028
12149751	12151814
12149751	12152406
12149751	12152869
12149751	12153393
12150447	12150969
12150447	12151365
12150447	12151615
12152406	12152532
12153393	12153580
12154228	12154426
12154228	12155259
12154228	12156308
12154426	12154628
12155259	12155459
12156308	12156484
12157276	12157769
12157276	12158148
12157276	12162905
12157276	12163649
12157276	12164215
12157276	12165608
12157276	12166003
12157276	12166312
12157276	12167282
12158148	12158443
12158148	12158798
12158148	12159055
12158148	12160490
12158148	12161056
12158148	12161285
12158148	12162425
12162905	12163035
12164215	12164363
12164215	12165384
12165608	12165758
12166003	12166128
12166312	12166424
12168385	12168565
12169526	12169776
12169526	12188985
12169526	12194776
12169526	12202352
12169776	12170415
12169776	12170585
12169776	12171750
12169776	12172715
12169776	12173407
12169776	12174124
12169776	12174742
12169776	12175797
12169776	12180714
12169776	12181147
12169776	12181851
12169776	12182858
12169776	12183318
12169776	12183916
12169776	12184337
12169776	12185078
12169776	12185687
12169776	12186116
12169776	12187030
12169776	12187450
12169776	12188120
12170415	12171503
12171750	12171966
12171750	12172481
12172715	12173069
12173407	12173664
12174124	12174311
12174124	12174521
12174742	12174926
12175797	12175949
12180714	12180885
12182414	12182615
12185687	12185859
12187450	12187663
12188120	12188635
12188985	12189293
12188985	12189620
12188985	12190712
12188985	12191461
12188985	12191965
12189620	12189779
12190712	12190869
12191461	12191587
12192373	12192722
12192373	12193964
12192373	12194466
12192722	12192877
12193458	12193665
12193964	12194147
12194466	12194613
12194776	12197211
12194776	12198140
12194776	12198628
12194776	12199030
12194776	12199564
12194776	12200315
12194776	12201166
12194776	12201456
12194776	12201761
12197211	12197359
12198140	12198286
12198628	12198793
12199030	12199266
12201456	12201580
12201761	12201938
12202352	12202712
12202352	12204546
12202352	12204925
12202352	12205308
12202712	12202936
12212810	11566682
12212810	11585340
12212810	12213197
12212810	12322887
12212810	12618942
12212810	12684640
12213197	11796744
12213197	12946088
12213485	12213635
12213635	12214245
12213635	12214605
12213635	12215373
12213635	12216382
12213635	12217211
12213635	12218621
12213635	12219495
12213635	12219875
12213635	12220247
12213635	12220654
12213635	12220994
12213635	12221943
12213635	12222334
12213635	12223405
12213635	12223950
12214605	12214789
12215373	12215579
12216382	12216628
12216836	12216968
12218621	12218868
12218621	12219065
12218621	12219289
12220994	12221191
12220994	12221522
12222715	12223160
12223950	12224140
12224309	12224522
12224522	12224669
12226009	12249821
12226009	12250413
12226009	12252620
12226009	12255659
12226009	12258380
12226322	12227220
12226322	12231031
12226322	12233410
12226322	12234176
12226322	12234513
12226322	12235263
12226322	12236363
12226322	12238306
12226322	12239100
12226322	12239458
12226322	12240715
12226322	12241699
12226322	12242287
12226322	12242668
12226322	12243292
12226322	12243927
12226322	12245472
12227220	12227420
12231031	12231918
12233410	12233529
12235263	12235479
12235263	12235765
12235263	12236160
12236363	12236546
12238306	12238491
12238306	12238913
12239458	12239880
12240335	12240477
12240715	12240965
12240715	12241192
12240715	12241426
12241699	12242123
12242287	12242409
12243292	12243459
12243292	12243693
12243927	12244153
12245472	12245695
12245472	12246232
12249821	12249993
12250413	12251137
12250413	12251577
12251137	12251278
12251577	12251740
12252620	12252866
12252620	12254014
12252620	12254478
12252620	12255086
12254014	12254168
12255659	12255934
12255659	12257343
12255659	12257920
12255934	12256112
12257343	12257570
12257920	12258101
12258380	12258663
12258380	12259615
12258663	12258885
12260021	12260208
12260021	12280487
12260208	12260593
12260208	12262327
12260208	12264254
12260208	12264621
12260208	12265266
12260208	12265900
12260208	12268096
12260593	12260799
12260593	12261359
12260593	12261571
12260593	12261808
12260593	12262018
12262327	12262553
12262327	12263038
12262327	12263738
12262327	12263987
12264621	12264786
12265266	12265394
12265900	12266217
12265900	12266796
12268096	12268246
12280487	12280886
12280487	12283981
12280487	12286372
12280487	12286581
12280487	12287388
12280487	12288422
12280487	12288598
12280886	12281241
12280886	12281788
12280886	12281974
12280886	12282235
12280886	12282527
12280886	12282737
12280886	12282933
12280886	12283147
12280886	12283542
12280886	12283790
12283981	12284262
12283981	12285049
12283981	12285369
12283981	12285900
12283981	12286197
12286581	12286826
12287388	12288005
12288598	12288823
12289744	12290116
12289744	12299165
12289744	12299988
12289744	12484413
12289744	12485122
12289744	13233012
12290116	12290522
12290116	12291763
12290116	12292285
12290116	12292655
12290116	12293419
12290116	12293723
12290116	12295560
12290116	12296218
12290116	12297678
12290116	12298003
12290116	12298783
12290522	12290748
12291763	12291959
12292655	12292877
12292655	12293180
12296218	12296432
12298003	12298165
12299165	12299425
12299988	12300625
12299988	12301917
12299988	12302418
12299988	12302974
12299988	12303349
12299988	12306519
12299988	12307611
12299988	12309403
12299988	12309850
12300625	12300840
12300625	12301180
12303349	12303462
12306519	12306717
12307611	12307756
12310153	12310349
12311894	12312276
12311894	12312405
12312405	12312728
12313005	11564734
12313005	11573173
12313005	12260021
12313005	12313574
12313005	12314315
12314315	12314652
12314315	12315424
12314315	12315818
12314315	12316300
12314315	12317164
12314652	12314808
12316300	12316444
12316300	12316572
12317164	12317296
12317763	12317919
12317919	12318164
12317919	12322359
12318164	12318378
12318164	12318965
12318164	12319204
12318164	12319414
12319414	07771539
12319687	12320010
12319687	12320414
12319687	12320627
12319687	12320806
12319687	12321077
12319687	12321395
12319687	12321669
12319687	12321873
12319687	12322099
12322359	12322501
12322887	12323411
12322887	12325497
12322887	12326604
12322887	12327209
12322887	12329899
12322887	12339972
12322887	12341126
12322887	12344996
12322887	12345495
12322887	12346179
12322887	12347892
12322887	12348774
12323411	12323820
12323411	12324756
12323411	12325093
12325497	12325667
12325667	12325787
12326604	12326842
12327209	12327407
12327209	12327718
12327407	12327528
12327718	12327846
12328026	12328241
12328026	12329020
12328241	12328398
12329020	12329260
12329020	12329473
12329899	12330336
12329899	12330751
12329899	12331415
12329899	12332422
12329899	12332718
12329899	12332866
12329899	12333397
12329899	12334686
12329899	12339319
12330751	12330891
12330751	12331066
12331415	12332218
12332422	12332555
12332866	12333053
12333397	12333530
12333397	12333771
12334686	12334891
12339319	12339526
12340202	12340383
12341126	12341412
12341126	12342043
12341126	12343306
12341126	12344131
12341126	12344283
12341412	12341542
12342043	12342299
12342043	12342498
12342043	12342852
12343306	12343480
12344996	12345136
12345136	12345280
12345495	12345709
12346179	12346448
12346179	12347490
12346448	12346578
12347490	12347639
12347892	12348127
12348127	12348294
12348774	12349091
12348774	12349491
12348774	12349916
12350234	12350433
12350234	12351287
12350234	12351975
12350234	12354068
12350234	12355320
12351287	12351477
12351477	12351600
12351975	12352150
12351975	12353604
12352150	12352287
12353604	12353754
12354068	12354374
12354068	12354849
12354849	12355023
12355320	12355594
12355320	12356255
12355320	12356668
12355320	12357802
12355320	12358173
12355594	12355760
12356255	12356395
12356668	12356960
12356668	12357100
12356668	12357343
12356668	12357485
12357802	12357968
12358173	12358293
12358485	11565385
12358485	11575425
12358485	11864364
12358485	12169526
12358485	12226009
12358485	12359026
12358485	12734446
12359026	12034828
12359026	12359734
12359026	12362844
12359026	12367122
12359026	12370842
12359026	12371911
12359026	12372708
12359026	12373361
12359026	12374002
12359026	12376950
12359026	12377809
12359026	12381321
12359026	12382484
12359026	12383073
12359026	12385046
12359026	12386039
12359026	12387201
12359026	12929061
12362844	12363580
12363988	12364379
12363988	12365670
12363988	12366507
12363988	12367306
12363988	12370011
12363988	12370384
12364379	12364604
12365670	12366186
12365670	12366313
12366507	12366675
12366507	12366870
12367306	12367611
12370384	12370549
12370842	12371002
12371002	12371439
12371911	12372124
12372124	12372233
12372708	12372932
12372932	12373100
12373361	12373526
12373526	12373739
12374002	12374238
12374002	12375294
12374002	12376382
12374238	12374418
12375294	12375518
12376382	12376553
12376382	12376740
12376950	12377198
12376950	12377328
12377328	12377494
12377809	12378080
12377809	12378546
12377809	12379278
12377809	12380197
12377809	12380597
12377809	12380926
12378080	12378249
12378546	12378753
12378546	12378963
12379278	12379531
12379278	12379781
12381321	12381666
12381666	12381931
12381666	12382233
12382484	12382699
12383073	12383256
12383256	12383402
12385046	12385219
12385219	12385429
12386039	12386263
12386039	12386724
12386724	12386945
12387201	12387478
12387478	12387633
12391477	12391745
12391477	12396255
12391477	12398682
12391477	12404314
12391477	12404943
12391745	12392385
12391745	12392943
12391745	12393527
12391745	12393942
12391745	12394494
12391745	12394861
12391745	12395717
12392943	12393086
12392943	12393269
12393527	12393723
12394494	12394638
12394861	12395068
12394861	12395463
12396255	12396666
12396255	12397594
12396666	12396924
12397594	12397864
12398682	12399784
12398682	12400261
12398682	12401122
12398682	12403862
12398990	12399132
12400261	12400489
12400261	12400720
12401122	12401335
12401122	12402051
12401122	12403513
12404314	12404484
12404484	12404729
12404943	12405209
12404943	12409016
12404943	12410032
12405209	12405714
12405209	12406304
12405209	12406488
12405209	12406715
12405209	12407079
12405209	12407890
12405209	12408077
12405209	12408466
12405209	12408717
12409016	12409231
12409016	12409470
12410381	11556187
12410381	11561228
12410381	12039524
12410381	12410715
12410715	11743109
12410715	12087650
12410715	12311894
12410715	12411084
12410715	12418680
12410715	12422751
12410715	12423565
12410715	12467811
12410715	12475450
12410715	12476036
12411084	12411461
12411084	12415911
12411084	12417273
12411084	12417686
12411710	12411922
12411710	12412355
12411710	12412606
12413419	12412987
12418680	12419037
12418680	12419217
12418680	12419592
12418680	12420335
12418680	12420991
12418680	12422399
12423565	12425281
12423565	12426100
12423565	12428915
12423565	12429942
12423565	12431128
12423565	12436260
12423565	12437311
12423565	12438324
12423565	12438977
12423565	12439400
12423565	12440869
12423565	12441958
12423565	12442220
12423565	12443547
12423565	12443929
12423565	12444261
12423565	12444666
12423565	12445138
12423565	12449024
12423565	12450099
12423565	12451789
12423565	12454021
12423565	12455342
12423565	12455787
12423565	12456527
12423565	12457250
12423565	12457519
12423565	12459048
12423565	12460549
12423565	12461326
12423565	12461809
12423565	12462401
12423565	12462951
12423565	12463574
12423565	12464278
12423565	12466034
12423565	12466450
12423565	12469372
12423565	12469936
12423565	12471366
12423565	12471825
12423565	12473405
12423565	12474006
12423565	12474620
12426100	12426248
12428915	12429148
12428915	12429352
12429942	12430198
12429942	12430471
12429942	12430675
12431128	12431434
12440869	12441183
12443144	12443323
12445848	12446200
12445848	12446908
12445848	12447121
12445848	12447581
12445848	12447891
12445848	12448136
12445848	12448361
12449024	12449296
12449024	12449526
12449024	12449784
12449024	12449934
12450099	12450344
12451789	12451915
12454021	12454159
12455342	12455540
12455787	12455950
12456527	12456845
12456527	12457091
12457519	12457771
12459048	12459275
12459471	12459629
12460549	12460697
12461326	12461466
12462401	12462582
12463574	12463743
12466450	12466727
12466450	12467592
12467811	12468081
12468081	12468243
12469936	12470092
12469936	12470512
12471825	12472024
12474006	12474167
12474620	12474828
12474828	12475035
12474828	12475242
12475450	12475593
12475593	12475774
12476036	12476510
12476036	12476902
12476036	12478283
12476036	12479066
12476036	12479303
12476036	12479821
12476036	12480233
12476036	12480677
12476036	12481806
12476902	12477583
12476902	12477747
12479821	12480004
12480677	12480895
12481806	12482031
12484612	12484784
12485122	12485523
12485122	12485811
12485811	12485981
12486254	12486397
12486732	12486882
12487647	12488121
12487647	12490330
12487647	12490671
12487647	12491200
12487647	12493090
12487647	12494115
12487647	12494629
12487647	12495509
12487647	12496207
12487647	12496735
12487647	12497492
12487647	12498316
12487647	12498928
12488121	12488454
12488121	12489046
12488121	12489268
12488121	12489815
12488121	12490054
12490671	12491017
12493090	12493208
12494115	12494358
12494629	12494794
12495509	12495670
12496207	12496427
12496735	12496949
12497492	12497669
12498316	12498457
12498928	12499163
12501035	12501202
12501745	12505032
12501745	12505563
12501745	12505987
12501745	12506614
12501745	12507236
12501745	12507670
12501745	12508077
12501745	12508936
12501745	12509297
12501745	12510197
12501745	12510569
12501745	12511046
12501745	12512460
12501745	12512947
12501745	12513426
12501745	12514324
12501745	12516040
12501745	12517253
12501745	12517820
12501745	12518305
12501745	12518725
12501745	12519328
12501745	12520223
12501745	12520661
12501745	12520864
12501745	12521847
12501745	12524518
12501745	12525347
12501745	12525975
12501745	12526380
12501745	12526946
12501745	12529353
12501745	12529730
12501745	12530208
12501745	12531144
12501745	12532008
12501745	12532720
12501745	12533588
12501745	12533992
12501745	12534453
12501745	12535820
12501745	12536665
12501745	12537437
12501745	12537988
12501745	12538603
12501745	12542649
12501745	12545090
12501745	12546015
12501745	12549976
12501745	12550968
12501745	12552081
12501745	12552658
12501745	12553314
12501745	12554242
12501745	12555069
12501745	12555720
12501745	12556030
12501745	12559302
12501745	12559842
12501745	12561696
12501745	12563567
12501745	12563913
12501745	12564381
12501745	12564840
12501745	12566809
12501745	12567316
12501745	12567768
12501745	12568865
12501745	12570126
12501745	12571606
12501745	12572021
12501745	12573760
12501745	12574143
12501745	12574727
12501745	12575089
12501745	12579242
12501745	12579593
12505032	12505253
12505563	12505752
12505987	12506181
12505987	12506341
12506614	12506784
12507236	12507379
12507670	12507823
12508077	12508309
12509297	12509476
12510197	12510343
12510569	12510774
12514324	12514592
12516040	12516165
12517820	12518013
12518725	12518879
12519328	12519563
12520223	12520406
12520661	12521186
12520661	12521394
12521847	12522678
12521847	12522894
12521847	12523141
12521847	12523475
12525975	12526178
12526380	12526516
12529353	12529500
12530208	12530439
12530208	12530818
12531144	12531328
12532008	12532168
12532720	12532886
12532720	12533190
12534453	12534862
12535820	12536040
12536665	12536871
12537437	12537569
12537988	12538380
12538603	12539074
12538603	12539832
12538603	12541403
12538603	12542240
12542649	12542910
12542649	12543455
12545090	12545635
12546015	12546183
12547658	12547872
12548134	12548280
12549976	12550210
12550968	12551173
12550968	12551457
12552081	12552309
12552658	12552893
12552658	12553114
12553314	12553573
12553314	12553742
12554242	12554526
12556030	12557280
12556030	12558230
12556030	12558425
12558902	12559044
12559302	12559518
12559842	12560016
12559842	12560420
12561696	12562141
12563913	12564083
12564840	12565368
12564840	12565912
12564840	12566331
12567316	12567490
12567768	12568186
12570126	12570394
12570126	12570703
12572021	12572188
12573760	12573911
12574143	12574470
12574727	12574866
12575089	12575322
12575089	12575679
12577000	12577362
12577000	12577686
12577000	12577895
12577000	12578255
12577000	12578626
12577000	12579038
12579242	12579404
12581381	12582231
12581381	12583529
12581381	12584057
12581381	12584559
12581381	12584970
12581381	12585512
12581381	12586110
12581381	12586867
12581381	12587366
12581381	12587686
12581381	12588156
12581381	12588989
12581381	12589286
12581381	12590117
12581381	12590842
12581381	12591195
12581381	12591523
12581381	12591897
12581381	12592351
12581381	12593689
12581381	12593826
12581381	12594165
12581381	12594746
12581381	12595801
12581381	12596525
12581381	12597006
12581381	12597333
12581381	12597640
12584559	12584715
12584970	12585137
12585512	12585629
12587686	12587803
12588156	12588320
12588156	12588780
12589286	12589841
12590117	12590232
12591195	12591351
12591897	12592058
12592351	12592544
12592351	12593122
12594165	12594324
12594746	12594989
12595801	12595964
12597640	12597798
12597640	12598027
12598247	12598409
12598409	12598629
12598629	12598826
12600417	12600574
12600574	12600888
12600574	12601335
12600574	12602118
12600574	12602850
12600574	12603784
12600888	12601494
12600888	12601805
12602118	12602262
12602850	12602980
12602850	12603273
12603784	12603959
12605019	12605315
12605019	12605965
12605019	12606907
12605019	12608447
12605019	12608778
12605019	12608941
12605019	12609638
12605315	12605519
12605519	12605683
12605965	12606227
12605965	12606545
12605965	12606797
12606907	12607198
12606907	12607896
12607198	12607456
12607896	12608127
12608941	12609128
12609128	12609379
12609638	12609842
12609638	12610186
12609638	12610609
12609842	12609968
12610186	12610328
12610609	12610740
12610933	12611243
12610933	12611815
12610933	12612913
12610933	12615427
12610933	12617140
12610933	12618336
12611243	12611479
12611479	12611640
12611815	12612020
12611815	12612410
12612020	12612170
12612913	12613285
12612913	12613596
12612913	12614317
12612913	12615097
12613285	12613408
12613596	12613706
12613968	12614096
12614317	12614477
12615097	12615232
12615427	12615710
12615427	12615986
12615427	12616825
12615427	12618524
12617140	12617384
12617384	12617559
12618524	12618727
12618942	11746776
12618942	12619306
12618942	12784543
12618942	12787007
12618942	12787565
12618942	12792041
12618942	12804621
12618942	12806270
12619306	12620031
12619306	12622653
12619306	12624249
12619306	12624873
12619306	12626030
12619306	12628872
12619306	12629187
12619306	12629523
12619306	12629946
12619306	12631224
12619306	12632875
12619306	12633386
12619306	12636107
12619306	12636705
12619306	12637319
12619306	12644464
12619306	12651062
12619306	12651465
12619306	12657940
12619306	12659203
12620031	12620196
12622653	12622875
12623368	12623524
12624249	12624381
12624873	12625003
12626030	12626353
12626030	12627119
12626030	12627347
12626030	12627750
12626030	12628356
12628872	12628986
12629523	12629666
12629946	12630144
12629946	12630478
12631224	12631331
12632875	12633061
12633386	12633994
12633386	12634734
12633386	12634986
12633386	12635151
12636107	12636224
12636705	12636885
12637319	12637485
12637729	12638218
12637729	12640607
12637729	12641180
12637729	12641413
12637729	12642734
12637729	12643113
12637729	12644902
12637729	12646950
12637729	12647560
12637729	12648045
12637729	12648196
12637729	12648424
12637729	12649723
12637729	12650556
12651062	12651229
12651465	12651611
12653056	12653218
12653056	12654387
12657940	12658118
12659203	12659356
12659730	12660009
12659730	12671157
12659730	12682054
12659730	12949722
12660009	12660601
12660009	12660796
12660009	12661420
12660009	12661873
12660009	12662223
12660009	12662654
12660009	12663554
12660009	12664897
12660009	12667179
12660009	12668364
12660009	12668732
12660009	12669157
12660009	12670172
12660009	12670558
12660796	12661045
12661420	12661538
12662223	12662379
12662654	12662772
12663554	12663804
12663554	12664005
12663554	12664187
12664897	12665048
12667179	12667406
12667179	12667582
12668364	12668517
12669157	12669362
12669641	12669803
12670172	12670334
12670558	12670758
12671157	12671898
12671157	12672843
12671157	12673178
12671157	12673755
12671157	12677427
12671157	12677612
12671157	12678059
12671157	12679712
12671157	12680125
12671157	12681768
12673755	12674120
12673755	12674685
12673755	12676703
12677427	12677841
12678059	12678224
12678059	12678794
12678059	12679023
12679712	12679876
12680125	12680402
12680125	12680652
12680125	12680864
12680125	12681141
12682054	12682264
12682264	12682411
12683950	12684153
12684153	12684379
12684640	12683950
12684640	12685214
12684640	12693590
12684640	12694048
12684640	12694707
12684640	12701178
12684640	12702443
12684640	12704636
12684640	12706644
12684640	12715569
12684640	12719277
12684640	12720532
12684640	12916935
12685214	12685679
12685214	12687211
12685214	12688526
12685679	12685831
12687211	12687698
12687211	12687957
12688526	12688716
12689808	12690046
12689808	12690240
12690388	12691189
12690388	12691834
12690388	12692323
12690388	12693033
12692323	12692714
12694048	12694193
12694193	12694336
12694707	12695144
12694707	12695760
12694707	12696322
12694707	12697021
12694707	12697360
12694707	12697883
12694707	12698283
12694707	12698905
12694707	12699157
12694707	12699485
12694707	12699778
12694707	12700219
12695760	12695975
12696322	12696492
12697021	12697152
12697360	12697514
12697883	12698027
12698283	12698435
12699157	12699301
12699778	12699922
12700219	12700357
12701178	12701901
12702443	12702706
12702706	12702948
12704636	12704844
12704844	12705013
12706644	12707040
12706644	12707432
12706644	12712149
12706644	12712820
12706644	12713664
12706644	12714114
12706644	12714550
12707040	12707199
12707432	12707781
12707432	12708293
12707432	12708654
12707432	12709103
12707432	12709901
12707432	12710693
12707432	12710917
12707432	12711182
12707432	12711398
12707432	12711596
12707432	12711984
12712149	12712320
12712820	12713063
12712820	12713358
12714114	12714254
12714550	12714755
12714550	12714949
12714550	12715195
12715569	12715914
12715569	12716166
12715569	12716861
12715569	12717524
12715569	12717914
12715569	12718314
12715569	12718807
12716861	12717072
12717524	12717644
12718314	12718483
12719277	12719455
12719455	12719684
12720532	12720893
12720532	12721357
12720532	12721864
12720532	12722884
12720532	12723446
12720893	12721122
12721357	12721477
12721864	12722071
12722884	12723062
12723446	12723610
12723835	12723985
12723985	12724201
12723985	12731202
12724201	12724942
12724201	12725521
12724201	12725738
12724201	12726670
12724201	12726902
12724201	12727301
12724201	12727518
12724201	12727729
12724201	12727960
12724201	12728164
12724201	12728322
12724201	12728864
12724201	12729315
12724201	12729521
12724201	12729729
12724201	12730370
12724201	12730544
12724201	12731029
12734446	12734722
12734446	12737383
12734446	12738859
12734722	12735009
12734722	12735666
12734722	12736064
12734722	12736840
12735009	12735160
12736455	12736603
12736840	12736999
12737383	12738087
12737383	12738480
12738480	12738599
12738859	12739072
12738859	12739595
12739595	12739801
12740196	12740514
12740196	12745788
12740196	12747563
12740196	12750306
12740196	12751402
12740196	12751823
12740196	12756286
12740196	12758639
12740196	12767951
12740196	12769430
12740514	12741079
12740514	12741409
12740514	12742041
12740514	12742546
12740514	12743232
12740514	12744277
12740514	12744656
12740514	12745160
12741409	12741222
12741409	12741586
12741409	12741792
12742041	12742290
12742546	12742741
12743232	12743352
12743680	12743823
12744277	12744387
12744656	12744850
12745160	12745386
12745160	12745564
12745788	12745976
12745788	12746733
12745976	12746106
12746733	12746884
12747563	11598100
12747563	12747961
12747563	12748815
12747961	12748248
12748815	12749049
12748815	12749679
12748815	12749852
12750306	12750577
12750306	12751043
12750577	12750767
12751043	12751172
12751402	12751554
12751823	12752039
12751823	12756059
12756286	12756862
12756862	12756457
12758639	12759120
12758639	12759496
12758639	12760013
12758639	12760722
12758639	12761123
12758639	12761471
12758639	12762245
12758639	12762583
12758639	12764703
12758639	12765679
12758639	12766241
12759120	12759273
12760013	12760132
12760722	12760875
12761123	12761284
12761471	12761702
12761471	12762049
12762583	12762896
12764703	12765115
12765679	12765846
12765679	12766043
12766241	12766595
12766241	12766869
12766241	12767423
12766241	12767648
12767951	12768177
12768177	12768369
12769430	12769663
12769815	12770068
12769815	12772081
12769815	12776212
12769815	12776946
12770068	12770277
12770277	12770892
12770277	12771192
12770277	12771597
12772081	12772419
12772081	12772557
12772081	12773334
12772081	12773488
12772081	12774891
12772081	12775225
12772081	12775530
12772557	12772753
12775530	12775717
12776946	12777294
12776946	12778045
12777294	12777436
12778045	12778219
12778926	12779233
12778926	12779603
12778926	12781659
12778926	12782108
12778926	12783996
12779233	12779437
12779233	12780852
12779233	12781241
12779437	12779851
12779437	12780563
12781659	12781814
12782108	12782338
12782108	12782774
12782108	12783173
12782108	12783601
12784543	12784738
12785110	12785499
12785110	12786684
12785499	12785724
12785499	12786464
12787007	12787196
12787565	12787846
12787565	12789399
12787565	12789767
12787565	12790656
12787846	12788201
12790656	12790835
12790835	12791064
12792041	12792638
12792041	12796192
12792041	12796617
12792041	12797213
12792041	12797693
12792041	12798041
12792041	12799119
12792041	12799580
12792041	12800327
12792041	12801323
12792041	12802248
12792041	12802987
12792041	12803517
12792041	12804216
12792638	12793284
12792638	12793494
12792638	12793695
12792638	12793886
12792638	12794135
12792638	12794367
12792638	12794568
12796192	12796385
12796617	12796849
12796617	12797025
12797213	12797368
12797693	12797860
12798041	12798284
12798041	12798632
12799580	12799776
12800327	12800586
12800327	12800832
12801323	12801520
12802987	12803226
12803517	12803754
12803517	12803958
12804216	12804352
12804621	12804866
12804866	12805146
12804866	12805373
12804866	12805561
12804866	12806015
12806270	12806455
12806455	12806732
12806455	12807251
12806455	12807409
12806455	12807624
12806455	12807773
12806455	12808007
12808227	12808933
12808227	12811856
12808227	12813393
12808227	12815925
12808227	12823164
12808227	12829099
12808227	12834408
12808227	12838027
12808227	12871992
12808227	12874231
12808227	12874429
12808227	12876032
12808227	12892226
12808227	12914433
12808933	12810318
12808933	12811294
12810318	12810595
12811294	12811501
12811856	12812665
12811856	12813024
12813393	12813870
12813393	12815060
12813393	12815434
12815925	12816359
12815925	12816753
12815925	12818147
12815925	12818742
12815925	12819560
12815925	12819953
12815925	12820434
12815925	12821257
12815925	12821736
12815925	12822284
12816359	12816508
12818147	12818346
12819560	12819728
12819953	12820113
12820434	12821048
12821257	12821505
12822650	12822769
12823164	12823859
12823164	12824581
12823164	12824909
12823164	12825301
12823164	12825949
12824909	12825061
12826395	12826516
12829099	12830080
12829099	12832140
12829099	12832315
12829099	12832976
12829099	12833341
12829099	12833793
12834408	12834671
12834408	12835196
12834408	12835578
12834408	12836033
12834408	12837643
12834671	12834798
12835196	12835331
12836663	12836862
12837643	12837803
12838027	12839409
12838027	12839839
12838027	12840640
12838027	12841686
12838027	12842105
12838027	12842765
12838027	12843844
12838027	12844220
12838027	12844697
12838027	12845732
12838027	12846143
12838027	12846546
12838027	12846869
12838027	12847254
12838027	12847749
12838027	12848343
12838027	12848870
12838027	12849597
12838027	12850718
12838027	12851304
12838027	12851673
12838027	12852049
12838027	12852726
12838027	12852930
12838027	12853901
12838027	12854443
12838027	12854925
12838027	12857024
12838027	12857594
12838027	12858019
12838027	12859488
12838027	12859873
12838027	12860254
12838027	12860842
12838027	12861139
12838027	12861751
12838027	12862312
12838027	12862648
12838027	12863026
12838027	12864038
12838027	12864363
12838027	12866824
12838027	12867679
12838027	12868248
12838027	12868418
12838027	12868634
12838027	12869248
12838027	12870392
12838027	12871074
12839409	12839574
12839839	12839979
12840640	12840749
12841686	12841872
12842105	12842302
12842765	12842887
12843844	12843970
12844220	12844409
12844697	12844939
12846143	12846335
12846869	12847008
12847254	12847374
12847749	12847927
12848343	12848499
12848870	12849061
12849597	12849717
12850718	12850906
12850718	12851094
12851673	12851860
12852726	12853080
12852726	12853287
12852726	12853706
12853901	12854048
12854443	12854600
12854925	12855042
12857024	12857204
12857594	12857779
12858019	12858150
12859873	12859986
12860254	12860365
12861751	12861892
12862648	12862828
12863026	12863234
12863458	12863624
12864038	12864160
12864363	12864545
12866824	12866968
12868634	12868880
12869248	12869478
12870392	12870535
12871074	12871272
12871074	12871484
12871992	12872257
12871992	12872698
12874429	12873834
12874429	12874642
12874429	12874996
12874642	12874783
12874996	12875269
12874996	12875697
12874996	12875861
12876032	12876684
12876032	12877041
12876032	12878019
12876032	12878525
12876032	12879350
12876032	12879719
12876032	12880963
12876032	12881429
12876032	12882321
12876032	12882591
12876032	12883395
12876032	12883733
12876032	12883923
12876032	12884523
12876032	12888733
12876032	12890009
12877041	12877244
12878019	12878169
12878525	12878784
12878525	12879068
12879719	12879963
12880963	12881105
12881429	12881631
12882591	12882779
12883923	12884260
12884523	12886600
12884523	12887293
12884523	12887713
12888733	12888906
12890009	12890265
12890009	12890685
12890009	12891093
12890009	12891469
12892226	12893094
12892226	12898226
12892226	12898628
12892226	12899333
12892226	12900148
12892226	12902297
12892226	12902887
12892226	12903250
12892226	12903794
12892226	12904720
12892226	12905655
12892226	12906334
12892226	12906926
12892226	12907287
12892226	12908432
12892226	12909252
12892226	12910141
12892226	12912105
12892226	12913004
12892226	12913352
12892226	12914048
12893094	12893463
12893094	12894438
12893094	12894607
12893094	12896000
12893094	12897493
12893094	12897999
12898226	12898342
12899333	12899537
12899333	12899752
12900148	12900462
12900148	12900783
12900148	12900987
12900148	12901264
12900148	12901565
12900148	12901724
12900148	12902021
12902297	12902662
12903250	12903367
12904148	12904314
12904720	12904938
12904720	12905412
12905655	12906021
12906334	12906498
12906926	12907057
12907287	12907465
12908432	12908645
12909252	12909421
12910141	12910285
12910141	12911079
12913645	12913791
12914048	12914193
12914433	12914731
12914433	12915230
12914433	12915400
12914433	12916025
12914433	12916356
12916356	12916511
12916935	12917338
12916935	12922283
12916935	12922600
12916935	12923439
12916935	12923839
12916935	12924452
12916935	12924984
12916935	12925394
12916935	12925836
12916935	12926316
12916935	12927354
12916935	12927921
12916935	12928690
12917338	12917901
12917338	12918404
12917338	12918609
12917338	12919195
12917338	12919403
12917338	12920204
12917338	12920521
12917338	12920719
12917338	12921868
12922600	12922763
12922600	12923108
12923839	12924036
12923839	12924284
12924452	12924623
12926316	12926480
12927354	12927494
12927354	12927758
12927921	12928071
12929061	12929237
12929237	12929403
12929237	12929783
12930044	12930778
12930044	12931109
12930044	12931449
12930044	12932532
12930044	12933164
12930044	12933827
12930044	12934368
12930044	12934776
12930044	12935457
12930044	12935982
12930044	12936713
12930044	12936999
12930044	12937822
12930044	12938897
12930044	12940060
12930044	12940427
12930044	12940778
12930044	12942270
12930044	12942930
12930044	12943302
12930044	12944238
12930044	12944590
12930044	12944960
12931738	12931906
12932532	12932706
12932532	12932966
12933827	12934036
12934368	12934479
12935457	12935609
12936333	12936469
12936999	12937130
12936999	12937388
12937822	12938193
12937822	12938667
12938897	12939104
12940060	12940226
12940427	12940609
12941360	12941536
12942270	12942395
12942930	12943049
12943302	12943443
12944960	12945177
12944960	12945366
12944960	12945549
12945708	12945828
12946088	12946578
12946088	12948978
12946578	12946849
12949722	12949955
12949722	12950501
12949722	12950984
12949955	12950126
12950501	12950669
12951465	12951668
12951465	12952022
12952022	12952165
12952852	12954185
12952852	12954634
12954978	12955191
12954978	12955639
12954978	12956791
12957298	12957467
12957298	12958140
12957467	12957608
12958772	12959371
12958921	12959074
12959802	12959967
12959967	12960211
12959967	12961689
12963140	12963307
12963796	12964130
12963796	12964572
12963796	12965209
12963796	12966386
12964572	12964750
12965209	12965463
12965463	12965626
12966386	12966581
12967281	12967504
12967281	12967776
12967281	13226526
12968408	12968658
12968408	12970379
12968658	12968882
12968882	12969131
12968882	12969425
12968882	12969670
12968882	12969927
12970379	12970560
12970872	12971157
12972414	12972629
12972629	12972818
12972629	12974286
12972818	12972966
12972966	12973541
12974286	12974457
12975207	12975608
12975207	12975982
12975608	12975804
12976985	12977296
12976985	12977565
12977296	12979478
12977296	12980231
12977296	12983217
12977565	12977795
12977565	12978381
12977795	12978969
12978381	12978654
12978969	12979129
12979478	12979630
12980231	12980478
12980231	12981595
12980231	12982103
12980478	12980652
12980478	12980840
12982103	12982723
12983217	12983404
12984802	12985010
12985010	12985236
12986447	12987056
12986447	12989142
12986447	12989462
12986447	12990800
12986447	12991488
12989462	12989739
12989462	12990407
12990800	12990938
12990938	12991184
12991488	12991645
12991488	12992022
12992464	11592146
12992464	11594676
12992464	12975207
12992464	12976672
12992464	12992868
12992464	12994979
12994979	12972414
12994979	12976985
12994979	12996225
12994979	13023292
12995724	12996068
12996225	12998130
12996225	12998349
12996225	13038944
12996225	13049285
12996225	13065702
12996225	13065902
12996225	13069348
12996841	12997654
12996841	13060451
12996841	13063046
12998349	12986084
12998349	12998815
12998349	13000372
12998349	13010219
12998349	13011856
12998349	13012613
12998349	13015040
12998349	13016457
12998349	13018579
12998349	13019017
12998349	13054211
12998349	13070003
12998349	13074084
13000372	13000668
13000372	13002433
13000372	13005568
13000372	13006377
13000372	13006741
13000372	13007195
13001743	13001930
13002433	13003254
13002433	13003522
13005166	13005329
13005568	13006171
13007195	13007417
13010219	13007770
13010219	13010401
13011856	13012030
13012613	13013187
13013187	13013534
13015040	13015229
13015040	13015826
13016457	13001743
13016457	13005166
13016457	13020623
13016457	13022078
13016457	13231436
13016457	13232515
13019017	13019202
13019017	13020011
13023292	12967281
13023292	12984802
13023292	13023783
13023292	13024012
13023292	13024763
13023292	13026529
13023292	13028070
13023783	13028337
13024763	13024967
13024967	13025197
13024967	13025647
13024967	13026146
13025197	13025421
13026529	13026763
13026763	13027049
13026763	13027190
13027190	13027670
13028070	12963140
13028070	12963796
13028337	13028611
13028337	13029946
13029946	13030157
13029946	13034953
13030157	13030438
13030438	13030852
13031690	13032923
13031956	13032115
13031956	13032381
13034953	13031956
13034953	13035521
13034953	13037124
13035521	13035707
13038944	12968408
13038944	12970872
13038944	13039349
13038944	13039553
13038944	13041548
13038944	13043264
13038944	13046285
13038944	13047216
13039553	13039870
13039553	13040303
13039553	13042514
13039870	13040108
13041548	13041725
13042514	13042814
13043264	13043516
13043264	13044541
13043516	13043926
13043516	13044149
13044541	13044778
13046285	13046512
13047216	13047385
13047385	13048666
13049285	13049561
13049285	13053187
13049561	13052431
13049561	13053816
13052431	13052670
13052431	13052931
13053187	13053450
13053450	13053608
13054211	13054560
13054211	13055009
13054211	13057845
13054211	13059485
13060451	13060689
13060451	13062112
13060451	13062630
13060689	13060912
13060912	13061704
13062112	13062272
13062272	13062421
13063046	13063269
13063046	13064678
13063784	13063936
13063784	13064247
13063936	13064111
13064678	13064852
13064678	13065215
13065215	13065514
13065902	13066129
13065902	13066631
13065902	13067845
13066631	13067191
13066631	13067532
13067845	13068073
13068073	13068434
13069348	13069535
13070003	13070308
13070003	13070708
13070003	13071029
13074084	13074277
13074084	13076181
13077479	13078133
13077479	13079203
13077479	13080471
13077479	13081369
13079203	13079567
13080471	13080674
13080471	13081050
13080674	13080866
13140535	13140699
13140699	13140993
13140699	13142695
13140699	13143097
13140699	13143626
13140993	13141141
13143097	13143285
13143626	13143758
13143930	13144084
13144303	13144511
13144303	13148019
13144511	13144794
13144511	13145040
13144511	13145250
13144511	13145444
13148602	13148791
13148602	13151265
13148602	13151568
13148791	13149039
13148791	13150741
13149039	13149296
13149039	13149506
13149039	13149970
13149039	13150178
13150741	13150894
13151568	13151820
13151568	13152203
13151820	13151975
13169219	11545714
13169219	12957298
13169219	12958772
13169219	12959802
13169219	13169674
13169219	13179216
13169219	13187031
13169219	13187604
13169219	13192025
13169219	13202749
13169219	13203251
13169219	13203551
13169219	13214645
13169219	13227009
13169219	13227235
13169674	12951465
13169674	12952852
13169674	12959226
13169674	13170060
13169674	13172107
13169674	13179410
13169674	13179972
13169674	13184492
13169674	13190218
13169674	13203842
13169674	13205482
13170060	13170661
13170060	13171041
13171041	13171210
13171447	13171649
13171649	13171797
13172107	13174206
13172107	13175484
13172107	13176201
13172107	13176523
13172107	13176873
13172107	13177354
13172107	13178107
13172107	13178500
13176873	13177048
13177354	13177529
13177354	13177884
13178107	13178284
13179410	13179648
13179972	13180304
13179972	13183874
13180304	13180534
13180304	13183056
13180304	13183489
13184492	13185436
13187167	13187367
13187604	13187826
13187826	13188096
13187826	13188268
13187826	13188767
13188973	13189222
13188973	13189656
13189222	13189428
13190218	13190469
13190218	13190917
13190218	13191318
13192025	13192625
13192025	13192898
13192025	13194328
13192025	13195151
13192025	13195547
13192025	13196545
13192025	13196942
13192025	13197085
13192025	13197670
13192025	13197800
13192025	13198354
13192025	13198728
13192025	13200806
13192025	13201239
13192025	13201725
13192898	13193642
13194328	13194572
13194328	13194918
13195547	13195761
13197800	13198054
13199445	13199717
13199445	13199970
13200806	13200986
13201725	13201969
13203842	13204102
13205482	13206584
13205482	13208138
13205482	13208468
13205482	13209647
13205482	13210006
13205482	13211516
13205482	13212751
13205482	13213768
13206001	13206178
13206584	13206817
13208468	13208705
13210006	13210205
13211516	13211790
13211516	13212025
13214645	13214813
13214813	13215063
13214813	13215462
13215936	13216238
13216238	13216475
13217213	13218114
13218722	13218900
13218900	13219067
13219067	13219258
13219258	13219422
13220842	13221383
13220842	13221529
13220842	13222227
13220842	13224086
13220842	13225729
13222227	13222477
13224086	13224256
13224256	13224454
13225729	13225955
13225955	13226135
13226526	13226698
13227235	13227557
13227235	13229747
13227557	13227778
13233012	13233548
13233012	13235947
13233012	13236354
13233012	13236726
13233012	13237343
13233012	13237788
13233012	13238178
13233012	13238828
13233012	13239471
13233548	13233727
13238178	13238375
13238828	13238988
13354420	13333047
13404248	13405962
13837840	10020890
13837840	10405694
13839662	10249950
13840553	10665698
13840553	10694258
