00001930	00001740
00002137	00001740
00002325	02108377
00002452	00001930
00002573	00001740
00002684	00001930
00002724	00001740
00002942	00001740
00003316	00005041
00003431	00105333
00003553	00002684
00004032	00001740
00004227	00001740
00004258	00003553
00004605	00105333
00004819	00010241
00005041	00001740
00005526	00007012
00005815	00006238
00006484	00004258
00006523	00004227
00006697	00001740
00007012	00004227
00007328	00001740
00007347	00001930
00007549	00005041
00007739	00010241
00007846	00004475
00007846	00007347
00008055	00007739
00008435	00462092
00008602	00034288
00009147	01513430
00009492	00009147
00010054	01831531
00010241	00010435
00011551	00010435
00011982	00010435
00012267	00010435
00012434	00010435
00012944	00010435
00013172	00010435
00013328	00010435
00013615	00010435
00013858	00010435
00014201	00010054
00014405	01547390
00014742	00014405
00015163	00014742
00015303	00015498
00015388	00004475
00015498	00014742
00015806	00014742
00015946	00014742
00016183	00014742
00016380	00014405
00016855	00017282
00017031	00001740
00017222	00004475
00017531	00017865
00017674	00017531
00018526	00146138
00018813	00126264
00019128	00003553
00019182	00018813
00019448	00126264
00019613	00020827
00019792	00019448
00020090	00020827
00020671	00022316
00020827	00001930
00020926	00020671
00021065	00084738
00021265	00020090
00021679	00021065
00021826	00021065
00021939	00003553
00021997	00021065
00022099	00018813
00022316	00019448
00022686	00019448
00022903	00021939
00023100	00002137
00023271	00023100
00023380	00022686
00023473	00092690
00023646	00023868
00023773	00023100
00024047	00146138
00024264	00002137
00024649	00126264
00024720	00024264
00024814	00109660
00025034	00024814
00025203	00019448
00025654	00019448
00025985	00025654
00026153	00146138
00026192	00024720
00026385	00146138
00026734	00026385
00026941	00026385
00027064	00099721
00027268	00025203
00027705	00992041
00027807	00024264
00028010	00027705
00028270	00024264
00028565	00034288
00028651	00024264
00029025	00028565
00029336	00028565
00029378	00023100
00029677	00001930
00029836	00031820
00030010	00031820
00030142	00031820
00030358	00029378
00030647	00065639
00031264	00002137
00031540	00031820
00031663	00031820
00031820	01802494
00031921	00002137
00032539	00028565
00032613	00031921
00032778	00943837
00032823	00031921
00033599	02604760
00033615	00002137
00033852	00032981
00034115	00992041
00034213	00029677
00034288	00740577
00034574	00037396
00034758	00034288
00034948	00104868
00035189	00037396
00035603	00035758
00035697	00428000
00035758	00040353
00036178	00035758
00036362	00035758
00036580	00035189
00036762	00035189
00036780	00036362
00036932	00035758
00037298	00040353
00037396	00030358
00037514	00173338
00037919	00035758
00038262	00037396
00038365	00040353
00038573	00038262
00038687	00038365
00038849	00040353
00039121	00038849
00039297	00039021
00039488	00038849
00039950	00040353
00040152	00039021
00040353	00293141
00040804	00040152
00040928	00040353
00040962	00040804
00041188	00037396
00041899	00030358
00042311	00030358
00042541	00030358
00042757	00030358
00043116	00036762
00043195	00030358
00043609	00030358
00043683	00044149
00043902	00036762
00043912	00044149
00044037	00044149
00044149	00046534
00044455	00030358
00044673	00030358
00044797	00046534
00044900	00030358
00045064	00044149
00045114	00030358
00045240	00044149
00045250	00030358
00045639	00293141
00045646	00036762
00045817	00146138
00045907	00030358
00046022	00045817
00046151	00146138
00046177	00030358
00046344	00036762
00046522	00030358
00046534	00109660
00047018	00036762
00047172	00050652
00047317	00050652
00047745	00035189
00047745	02630189
00047945	00146138
00048374	00037396
00048633	00047945
00048656	00048225
00048790	00047945
00048828	00048225
00048912	00047945
00049003	00048374
00049007	00047945
00049102	00047945
00049197	00047945
00049309	00047945
00049483	00047945
00049636	00049003
00049669	00047945
00049770	00047945
00049900	00179060
00050037	00049003
00050195	00048374
00050454	00049900
00050652	00046534
00050693	00050195
00051060	00050652
00051170	00050652
00051511	00047945
00051525	00049003
00051712	00051525
00051761	00047945
00051942	00046534
00052043	00047945
00052146	00048374
00052334	00048374
00052500	00048374
00052548	00126264
00052791	00305153
00052845	00052548
00053097	00042757
00053159	00052548
00053341	00052548
00053609	00042757
00053656	00052548
00053889	00146138
00054059	00052548
00054285	00146138
00054628	01617192
00054821	00053913
00055142	01617192
00055315	00053913
00055539	00055142
00055633	00055315
00055793	00055315
00056188	00055142
00056334	00055142
00056912	00053913
00056930	01752495
00057162	01076046
00057306	00056912
00057506	02108377
00057665	00056930
00057748	00052334
00057748	00952963
00057895	00056930
00058002	00052334
00058014	00056930
00058135	00056930
00058265	00056930
00058337	00042757
00058401	00056930
00058516	00056930
00058519	00042757
00058743	00046177
00058794	00056930
00058897	00056930
00059019	00056930
00059127	00058743
00059376	00720063
00059552	00059127
00059728	00059552
00059899	00104868
00059989	00058743
00060063	00358431
00060185	00055142
00060477	00061595
00060833	00061595
00061014	00035189
00061171	00044455
00061219	00060833
00061290	00042757
00061595	00083809
00061598	00211110
00061792	00211110
00061917	00061598
00062133	00061598
00062203	00074834
00062397	00104868
00062451	00061598
00062806	00035189
00063095	00360932
00063291	00208210
00063557	00203866
00063652	00062806
00064095	00205885
00064151	00064504
00064370	00064504
00064504	00063652
00064643	00064889
00064789	00063652
00064889	00126264
00065070	02604760
00065370	00065070
00065575	00063652
00065639	02108026
00066025	00066191
00066191	01802494
00066216	00030358
00066636	00066216
00066685	00126264
00066901	00066636
00066977	00066191
00067274	00066191
00067545	00072989
00067990	01073995
00067999	00072989
00068333	00066636
00068617	00068333
00068627	00067999
00068740	00067999
00068858	00067999
00068901	00066397
00069060	00066397
00069173	00068901
00069295	00067999
00069879	00064643
00070641	00030358
00070816	00064643
00070965	00066216
00071178	00069879
00071646	00071178
00071803	00069879
00071864	00074790
00072012	00072989
00072261	00070965
00072473	00070965
00072586	00072989
00072730	00072012
00072808	00070965
00072897	00072012
00072989	00104868
00073032	00072808
00073177	00072808
00073343	00072989
00073525	00072808
00073584	00073343
00073713	00070965
00073813	00078760
00073828	00070965
00074453	00074038
00074624	00070965
00074790	00070965
00074834	00104868
00075021	00064889
00075283	00074790
00075421	00075021
00075471	00074790
00075618	00070965
00075708	00075421
00075790	00074790
00075912	00074790
00075998	00075021
00076072	00074790
00076114	00092293
00076196	00074790
00076323	00074790
00076393	00074790
00076400	00072989
00076563	00074790
00076884	07317519
00077071	00104868
00077698	00065070
00077950	01387786
00077981	00041899
00079212	00079018
00080304	00078760
00080456	00080304
00080705	00078760
00081072	00078760
00081367	00081072
00081509	00081072
00081572	00079018
00081725	00082081
00081836	00081572
00082081	00081836
00082081	00205885
00082308	00064095
00082563	00078760
00082870	00077419
00082929	00082714
00083124	00082714
00083260	00030358
00083334	00083124
00083523	01340439
00083809	00078760
00083975	00041899
00084107	00083809
00084230	00078760
00084371	00083975
00084562	00497705
00084738	00084230
00085219	00083975
00085432	00088481
00085626	00866505
00085678	00085219
00085907	00084230
00086077	00078760
00086297	00085219
00086809	00041899
00087218	00083975
00087290	00078760
00087423	01083645
00087454	00203866
00087663	00087423
00087736	00087454
00087849	00087663
00087988	00087736
00088481	00041899
00088713	00492706
00088725	00088481
00089027	00088481
00089154	00088713
00089324	01532589
00089351	00077419
00089657	00089351
00090186	00069879
00090253	00041899
00090386	00078760
00090513	00090386
00090708	00090888
00090888	00069879
00091013	00043609
00091124	00069879
00091234	00091013
00091968	00069879
00092293	00203866
00092366	01117541
00092690	00205046
00093006	01113068
00093127	00093006
00093163	00081725
00093327	00387310
00093483	00045907
00093593	00092293
00093775	00092293
00094001	00093483
00094240	00094001
00094312	00094460
00094460	00109660
00094500	00094240
00095121	00094001
00095329	00095121
00095377	00094460
00095502	00035189
00095595	00094460
00095747	00094460
00095870	00094460
00095873	00095502
00095971	00093483
00096343	00093483
00096513	00093483
00096520	00094460
00096648	00094460
00096766	00104868
00097394	00093775
00097504	00037396
00097621	00205885
00098083	00022099
00098517	00098083
00098770	02004874
00099184	00205046
00099517	00076114
00099588	00550771
00099951	00550771
00100044	00099721
00100235	00099721
00100253	00550771
00100253	06157326
00100551	02407987
00100905	00100551
00101191	00100253
00101277	00099721
00101629	00010241
00101779	00005041
00101956	00006238
00102303	00006238
00102457	00950858
00102586	00069879
00102779	00102457
00102791	00010241
00102927	00044150
00102974	00102791
00103140	00045250
00103317	00281101
00103619	00281101
00103834	00045250
00103875	00281101
00104026	00103875
00104147	01547001
00104249	00103834
00104299	00281101
00104539	00045250
00104976	00104539
00105333	00104868
00105479	00104539
00105554	00010435
00105624	00104539
00105778	00105554
00105820	00104539
00106272	00104539
00106592	00047945
00106843	00010435
00107231	00018813
00107739	00069879
00107875	00106272
00108181	00106272
00108303	00362348
00108475	00094460
00109081	00108181
00109389	00067999
00110057	00788632
00110964	00110057
00111222	00110964
00112312	00045250
00112674	00112312
00112997	00112312
00113113	00112312
00113726	00112312
00113853	00109660
00114052	00126264
00114095	00113726
00114291	00115157
00114431	00045250
00114615	00114837
00114837	00109660
00114871	00114431
00115036	00114431
00115157	00126264
00115500	00114431
00115667	00114431
00115803	00114431
00116376	00045250
00116619	00115157
00116687	00045250
00117124	00863513
00117267	00863513
00117578	00116687
00117578	00863513
00117959	00863513
00117985	02604760
00118268	00863513
00118523	02604760
00118552	00116687
00118733	00863513
00119079	00118733
00119210	00118733
00119266	00251064
00119524	00252019
00119568	00045250
00120010	00119568
00120095	00126264
00120202	00119568
00120316	00126264
00120515	00119568
00120943	00105820
00121046	00109660
00121166	00042311
00121366	00121166
00121645	00121366
00121678	00138508
00122097	00126264
00122338	00121366
00122661	00045250
00123234	00122661
00123430	00123234
00123783	00122661
00124442	00123170
00124617	01170962
00124880	00046522
00125078	00109660
00125126	00124880
00125436	00046522
00125629	00046522
00125633	00126264
00125841	00109660
00126236	00125629
00126584	00786195
00126721	00140652
00127286	00035189
00127531	00786195
00127672	00786195
00128477	00125629
00128638	00125629
00128867	00128638
00128976	00128638
00129089	00125629
00129317	00129089
00129743	00130093
00131090	00043902
00132219	00125629
00132355	00131090
00132601	00131090
00132756	00131090
00132982	00131090
00133668	01173038
00133978	02579447
00133981	01173038
00134099	01173038
00134136	00126264
00134328	00126264
00134472	00133668
00134564	00109660
00134574	01173038
00134737	00126264
00134780	01173038
00135013	00126264
00135285	00126264
00135311	00046522
00135504	00134780
00135578	00126264
00135637	00134780
00135799	00134780
00135857	00126264
00135952	00134780
00136048	00134780
00136254	01264283
00136329	01173038
00136800	00146138
00136876	00136329
00136984	00136329
00136991	02725714
00137279	00136329
00137313	00126264
00137877	00136329
00137940	00137313
00138069	00137313
00138217	00137313
00138221	00046522
00138508	00109660
00138956	00046522
00139544	00138956
00139586	00126264
00139758	00138956
00139908	00497705
00139919	00138956
00140112	00138956
00140123	00109660
00140264	00138956
00140652	00046522
00140900	00046522
00140967	00109660
00141027	00046522
00141396	00635850
00141524	00140967
00142191	00126264
00142361	00635850
00142665	00635850
00143204	00142191
00143251	00635850
00143704	00142191
00143885	00046522
00143885	00635850
00143914	00142191
00144445	00046522
00144694	00144850
00144850	00109660
00145024	00046522
00145147	00142191
00145218	00376063
00145299	00142191
00145448	00142191
00145623	00126264
00145772	01387786
00145929	00145218
00146138	00109660
00146443	00145218
00146572	00145218
00146856	00146572
00147187	00145218
00147595	00145218
00147815	00146138
00147862	00199707
00148057	00199707
00148472	00426958
00148978	00147595
00149084	00147595
00149262	00147862
00149508	00147595
00149583	00146138
00149699	00149508
00150287	00109660
00150591	00046522
00150762	00046522
00151087	00043195
00151279	00296178
00151497	00043195
00151689	00169651
00152018	00151497
00152558	00151689
00152727	00152018
00152887	00151689
00153061	00151689
00153105	00152727
00153263	00126264
00153288	00177127
00153809	00151497
00153961	00151497
00154141	00153263
00154233	00153961
00154433	00153961
00154689	00153961
00155085	00209943
00155143	00230746
00155298	00151497
00155487	00151497
00155547	00109660
00156276	00126264
00156390	00042311
00156485	00151689
00156601	00169651
00156625	00156390
00156812	00042311
00157081	00042311
00157957	00157081
00158185	00157081
00158222	00433232
00158503	00153263
00158804	00156601
00158996	00157081
00159177	00042311
00159236	00158804
00159368	00158804
00159620	00157081
00159642	00150287
00159880	00159642
00159899	00159620
00160086	00159880
00160261	00126264
00160532	00063652
00161044	00159620
00161225	00162688
00161243	00037396
00161739	00161243
00161888	00161243
00162167	00161225
00162632	00161243
00162688	01631072
00163047	00161243
00163406	00191142
00163441	01631072
00163779	00162632
00164072	01631072
00164152	00163779
00164201	01631072
00164345	01083077
00164579	00164345
00164658	01631072
00164801	00162632
00164816	00220869
00165178	00163779
00165244	00220869
00165298	00163779
00165942	00162632
00165971	00220461
00166355	00166172
00167824	02623906
00167934	00205046
00168237	00165942
00168588	01631072
00168658	00191142
00168910	00168588
00168911	00168658
00169298	00310386
00169458	00046534
00169651	00109660
00169651	00170844
00169806	00109660
00169811	00170844
00170844	00059552
00171127	00182406
00171249	00168237
00171586	00205885
00171618	00171249
00171852	00205885
00171882	00171618
00172073	00168237
00172490	00168237
00172505	00473572
00172710	00044150
00172732	00203866
00173159	00171586
00173283	00172710
00175605	00174412
00176137	00173338
00176327	00173338
00176459	00173338
00176618	00173338
00176756	00173338
00176874	00173338
00177127	01023820
00177243	00173338
00177448	00172710
00177783	01023820
00178380	00173338
00178832	00177448
00179060	00173338
00179311	00173338
00179718	00173338
00179959	00173338
00180413	01215392
00180495	00173338
00180837	00173338
00180962	00161243
00181005	00173338
00181258	00173338
00181434	00173338
00181559	00173338
00181664	00126264
00181781	00182213
00181875	00452512
00182037	00452512
00182213	01080366
00182269	00452512
00182406	00156601
00183505	00161243
00184117	00182406
00184802	00183505
00184907	00515154
00185103	00515154
00185104	00044673
00185307	00044673
00185438	00042541
00185465	00515154
00185698	00515154
00185778	00042541
00185857	00220461
00186001	00515154
00186161	00515154
00186567	00515154
00186634	00063652
00186740	00515154
00187016	00515154
00187147	00515154
00187526	01494310
00188000	00187526
00188252	00187526
00188466	00187526
00188580	00187526
00188721	00187526
00189062	00187526
00189257	13610162
00189511	00187526
00189565	00186634
00189823	00187526
00190023	00182406
00190180	00182406
00190783	00063652
00190999	00126264
00191142	00037396
00191517	00126264
00191980	00191142
00192051	00126264
00192300	00191142
00192613	00037396
00192659	00192836
00192836	00022686
00192910	00192613
00193130	00192836
00193406	00199707
00193486	00182406
00194170	01854132
00194414	00191142
00194534	00173338
00194696	00173338
00194912	00195342
00194969	00407535
00195342	00173338
00195617	01617192
00195813	00194912
00196024	00195342
00196084	00191142
00196364	00258857
00196485	00191142
00197229	00216174
00197419	00197772
00197423	00173338
00197590	00173338
00197610	00197772
00197744	00173338
00197772	00196485
00198057	00197744
00198118	00196485
00198213	00173338
00198270	00196485
00198451	00191142
00198477	00173338
00198631	00198451
00199130	00191142
00199309	00169806
00199490	00126264
00199659	00138508
00199707	00191142
00199912	00199659
00200397	00126264
00200768	00399393
00200863	00682928
00201034	00243900
00201058	00199130
00201407	00200397
00201671	00199130
00201722	00126264
00201923	00037396
00202284	00037396
00202569	00302130
00202934	00126264
00203081	00169806
00203213	01158572
00203342	00030358
00203649	00203342
00203753	00203342
00203866	00146138
00204022	00203753
00204199	00203753
00204391	00203866
00204439	00203342
00204585	00204391
00204814	00204439
00204943	00204439
00205046	00146138
00205079	00203342
00205349	00203342
00205543	00205079
00205598	00205046
00205649	00205079
00205649	01205961
00205766	00438178
00205885	00126264
00205891	00030358
00206302	00203342
00206927	00206302
00206998	00205885
00207184	00205885
00207418	00205885
00207434	00206927
00207622	00206927
00207728	00208210
00207761	00206302
00208055	00205885
00208210	00126264
00208277	00206302
00208497	00208836
00208797	00206927
00208836	00109660
00208943	00208797
00209174	01458973
00209546	00183505
00209598	00209174
00209837	00552815
00209943	00199130
00210259	00552815
00210518	00211110
00210738	00109660
00210797	00210518
00210940	00209943
00211108	00218475
00211110	00209943
00211396	00218475
00211462	00211110
00211593	00211110
00211776	00211110
00211852	00212414
00212049	00212414
00212065	00211110
00212205	00209943
00212414	01664172
00212790	00212414
00212808	00209943
00213052	00212808
00213186	00212808
00213223	00212414
00213343	01108753
00213353	00212414
00213544	00327362
00213694	00212808
00213794	00212414
00213903	00213694
00214020	00215800
00214951	00126264
00215013	00213903
00215314	00209943
00215683	00209943
00215800	00217956
00215838	00215683
00216174	00209943
00216216	00214951
00216561	00216216
00216692	00216216
00216723	00216174
00216801	00216216
00216991	00216216
00217014	00209943
00217152	01207951
00217427	00217152
00217700	00217152
00217773	00217014
00217956	00214951
00218045	00217014
00218208	00217014
00218427	00217014
00218602	00218208
00218753	00218208
00219012	00126264
00219012	00209943
00219403	00109660
00219575	00219012
00220023	00219012
00220115	01206218
00220276	00146138
00220461	00109660
00220522	00220023
00220869	00126264
00222135	00126264
00222248	00219012
00222472	00220869
00222485	00219012
00223109	00665886
00223250	00665886
00223362	00222485
00223500	00151689
00223720	00220522
00223854	00219012
00223983	00220522
00224260	00223983
00224738	00219012
00224901	00126264
00225593	00219012
00225786	00225593
00226071	00224901
00226566	00156601
00226882	00226566
00226951	00226107
00227165	00156601
00227595	00219012
00227667	00227165
00228236	00214951
00228283	00209943
00228535	00209943
00228655	00214951
00228858	00229280
00229280	01617192
00229605	00227165
00229814	00229260
00229934	00209943
00230033	00205885
00230172	00209943
00230276	00230033
00230324	00209943
00230475	00230324
00230746	00156601
00231161	00230324
00231557	00252019
00231567	00199130
00231887	00232386
00232386	00231567
00232863	00232386
00233203	00233335
00233335	02510337
00233386	00231567
00233614	00209943
00233795	00216174
00233980	00216174
00234105	00216174
00234217	00233335
00234277	00216174
00234390	00233335
00234423	00231567
00234536	00233335
00234725	00233335
00234857	00233335
00234892	00199130
00234988	00233335
00235110	00118523
00235208	00234892
00235368	00441445
00235435	00199130
00235918	00235368
00236104	00235368
00236289	00233335
00236581	00062806
00236592	00235368
00236999	00441445
00237078	00235435
00237259	00151689
00237511	00146138
00237877	00109660
00238022	00235435
00238527	00238022
00238542	00209174
00238720	00238867
00238867	00109660
00238867	00126264
00238871	00238022
00239024	00235435
00239230	00235435
00239614	00239321
00239910	00235435
00240131	00241038
00240184	00235435
00240293	00153263
00240571	00151689
00240810	00230746
00240938	00235435
00241038	00441445
00241245	00235435
00241496	00241038
00241507	00137279
00241507	00235435
00242003	00235435
00242026	00241689
00242146	00235435
00242205	00241689
00242583	00237078
00242808	00199130
00243124	00126264
00243237	00238022
00243373	07453195
00243900	00441445
00243918	00199130
00244416	00244625
00244625	00243900
00245457	00253761
00246746	00247390
00246754	00243918
00246940	00243918
00247390	00153263
00247442	00243918
00248026	00252019
00248063	00248977
00248368	00199130
00248659	00252019
00248977	00199130
00249017	00248659
00249188	00248659
00249313	00203866
00249501	00250259
00249556	00248026
00249679	00126264
00249780	00249501
00249852	00250181
00249969	00126264
00250181	00252019
00250259	00248977
00250710	00250259
00251013	00248977
00251064	00252019
00251463	00253761
00251615	01617192
00251780	00251013
00251791	00251064
00252019	00230746
00252020	00251780
00252307	00251013
00252430	00251013
00252662	01247647
00252710	00252019
00252990	00252019
00253270	00251013
00253277	00153263
00253395	00252430
00253761	00126264
00253919	00251013
00254415	00251013
00254597	00251013
00255079	00443116
00255214	00251013
00255214	00255710
00255389	00126264
00255600	00255710
00255710	00575741
00256369	00257650
00256507	00257269
00256746	00257228
00256862	00256507
00257228	00654885
00257269	00230746
00257535	00256507
00257650	00245457
00257770	00255214
00258665	00258857
00258695	00659048
00258854	00248977
00258857	00126264
00259177	00258854
00259643	00258854
00259894	00259643
00259927	00258857
00260051	00248977
00260311	01809321
00260622	00248977
00260648	00205885
00260881	00260622
00261029	00248977
00261258	00248977
00261314	00260648
00261405	00261258
00261533	00260648
00261604	00199130
00261705	00260648
00261845	00260648
00261957	00260648
00261972	00261604
00262076	01631072
00262249	00199130
00262549	00260648
00262596	00262249
00262703	00260648
00262743	00262249
00263044	00258857
00263231	00140967
00263492	00262249
00263682	00256507
00264366	00248977
00264386	00153263
00264529	00264366
00264875	00146138
00265094	00146138
00265119	00248977
00265386	00205885
00265673	00205885
00266197	00140123
00266391	00266197
00266586	00140123
00266798	00146138
00266806	00248977
00267041	00109660
00267217	00266806
00267349	00266806
00267519	00146138
00267522	00266806
00267681	00151689
00267855	00441445
00268112	00267522
00268165	00146138
00268314	00151689
00268457	00266806
00268557	00266806
00269018	00268557
00269140	00236592
00269258	00266806
00269423	02213690
00269963	00269258
00270005	01850315
00270215	01380638
00270275	00266806
00270440	00126264
00270561	00205046
00270826	00126264
00271263	00199130
00271520	01219993
00271711	00126264
00271879	00271263
00271946	00109660
00272123	00271263
00272391	00126264
00272448	00271263
00272683	00126264
00272713	00271263
00272878	00271263
00272910	00273445
00273077	00271263
00273257	00272910
00273319	00271263
00273445	00126264
00273449	00271263
00273690	00199130
00273963	00208836
00274283	00258857
00274707	00273690
00274724	00258857
00274941	00273690
00275088	00208836
00275253	00208836
00275466	00469382
00275607	01463963
00275843	00277659
00276068	00275843
00276214	00276373
00276342	13540610
00276373	00126264
00276601	00276373
00276620	00199130
00276813	00276620
00276883	01463963
00276987	00276620
00277376	00199130
00277399	00619183
00277569	00277376
00277659	01463963
00277811	00277376
00277935	01463963
00278040	00277376
00278117	00276373
00278221	00277376
00278403	00277376
00278555	00278403
00278810	00199130
00279136	00278810
00279235	00278810
00279239	01463963
00279822	00282076
00279835	00191142
00280301	00281101
00280532	00281101
00280586	00191142
00280853	00279835
00280930	00109660
00281101	00109660
00281132	00280853
00281462	00280853
00281703	00283911
00281752	00280853
00282050	00279835
00282076	00126264
00282485	00282050
00282523	00125841
00282523	00281101
00282613	00282050
00282652	00281101
00282790	00253761
00282840	00282050
00282953	00282050
00283090	00281101
00283127	00279835
00283568	00283127
00283911	00126264
00284101	00284798
00284409	00284101
00284669	00283911
00284798	00295701
00284813	00283911
00284958	00283911
00285088	00283911
00285141	00283568
00285141	00858188
00285231	00283911
00285314	00283911
00285387	00858188
00285387	05701738
00285414	00283911
00285506	00283911
00285557	00283127
00285705	00283911
00285856	00283911
00286008	00283090
00286333	00286008
00286360	00285557
00286497	00283568
00286605	00126264
00286756	00286497
00286798	00286605
00286928	00283911
00286957	00283127
00287258	00283911
00287560	00286928
00287735	00283911
00287848	00286928
00288000	00450700
00288017	00126264
00288486	00286957
00288563	00283911
00288970	00284798
00289392	00281101
00289532	00283911
00289679	00283911
00289840	00281101
00289974	00283911
00290125	00286497
00290132	00281101
00290276	00279835
00290406	00286497
00290579	00283568
00290740	00441445
00291004	00290579
00291286	00284798
00291286	02767308
00291444	00515154
00291757	00280930
00292247	00291873
00292368	00291873
00292386	00284798
00292507	00778275
00292672	00258857
00292712	00283568
00293141	00205885
00293760	00252019
00293916	00283127
00293977	00293141
00294190	00283127
00294245	00252019
00294452	00293916
00294522	00294245
00294868	00283127
00294884	00224901
00295346	00296178
00295563	00126264
00295563	00295172
00295697	00296178
00295701	00279835
00295966	00296178
00296178	00126264
00296263	00295701
00296585	01080366
00296585	07951464
00296946	00295701
00297062	00295701
00297507	00296178
00297532	00295701
00297906	00296178
00298161	01094725
00298497	00295701
00298497	00815320
00298556	00296178
00298896	00126264
00299217	00295701
00299341	00296178
00299680	00620752
00300317	00299580
00300441	00295701
00300537	00142191
00300761	02387034
00301192	00308370
00301338	00126264
00301856	00299580
00302130	00126264
00302394	00300441
00302464	00299580
00302861	00302394
00302875	00169806
00303056	00443384
00303297	00302394
00303465	00156601
00303495	00302394
00303661	00126264
00303748	00303495
00303849	00326440
00304349	00303495
00304422	00419950
00304662	00304422
00304851	00302394
00305109	00109660
00305153	00052500
00305537	00303465
00305846	01989053
00306017	00140123
00306102	00042757
00306426	00295701
00306723	00140123
00306900	00295701
00307314	00306900
00307419	00306723
00307568	00306017
00307785	00226566
00308105	00548266
00308370	00306426
00308534	00126264
00309115	00306426
00309310	00334186
00309582	00309310
00309647	00306426
00309792	01989562
00309990	00334186
00310201	00306426
00310386	00230746
00310666	00306426
00311113	00223500
00311338	00311113
00311559	00126264
00311687	00306426
00311809	00306426
00312165	00311559
00312266	00311809
00312380	00109660
00312403	00311809
00312553	00306426
00312648	00312380
00312784	00313647
00312932	00312784
00312990	00126264
00313171	00173338
00313245	00312553
00313647	00295701
00313806	00313647
00314272	00296178
00314469	00584367
00314782	00150287
00315020	00151689
00315330	00493703
00315390	00313647
00315605	00315810
00315810	00660971
00315830	00280586
00315956	00315330
00315986	00280586
00316195	00156601
00316460	00315986
00316594	00315986
00316768	00429060
00316989	00315986
00317207	00315986
00317594	00315986
00317700	00153263
00317888	00317700
00318035	00317207
00318186	00317207
00318326	00317888
00318484	00317888
00318735	00315986
00318816	00317700
00319176	00041899
00319214	00169651
00319406	00319214
00319886	00322847
00319939	00279835
00320246	00322847
00320284	00319939
00320486	00319939
00320536	00319886
00320625	00319939
00320681	00452512
00320852	00280586
00321148	00452512
00321195	00320852
00321486	00452512
00321562	00671351
00321652	00217956
00321731	00320852
00321936	00322847
00321956	00320852
00322151	00371264
00322228	00321956
00322488	00321956
00322634	00320852
00322719	00328128
00323532	00321731
00323856	00322847
00324056	00320852
00324071	00323856
00324231	00328128
00324384	00279835
00324560	00322847
00324806	00326773
00324834	00324384
00325110	00324384
00325328	00322847
00325502	00325110
00325785	00325110
00326291	00324384
00326619	00325328
00326773	00322847
00327145	00322847
00327362	00456151
00327824	00279835
00328015	00279835
00328128	00109660
00328327	00328015
00328370	00326773
00328502	00279835
00328802	02032415
00328885	00279835
00329227	00279835
00329244	00230746
00329495	00328802
00329619	00329227
00329654	00328802
00329817	00328802
00329819	00329227
00330144	00338071
00330160	00279835
00330457	00330160
00330836	00330160
00330909	01458973
00331082	00338071
00331102	00280586
00331514	00338071
00331531	00280586
00331655	00279835
00331713	00331082
00331842	00331082
00332017	00331082
00332445	00397576
00332672	00397576
00332835	02031158
00333037	00331950
00333066	02467662
00333203	00331950
00333366	00331950
00333594	00334186
00333829	00331950
00334174	00331950
00334186	00140123
00334356	00331950
00334649	00334186
00334803	00334186
00334935	00334509
00334996	02031158
00335366	00334996
00335384	00331950
00335653	00331950
00335814	00331950
00335814	00338071
00335923	00334996
00335988	00331950
00336260	00109660
00336539	00336718
00336654	00335384
00336805	00331950
00336922	00336718
00337065	00334186
00337078	00331950
00337210	00331950
00337234	00336260
00337486	00331950
00337903	00338071
00338071	00334186
00338559	00126264
00338641	00331950
00338736	00338071
00338821	00939628
00339085	00338071
00339463	00338821
00339464	00339934
00339738	00339934
00340192	00339463
00340662	00340463
00340704	00339934
00340846	00339934
00341040	00339934
00341109	00331950
00341184	00339934
00341243	00331950
00341285	00339934
00341422	00339934
00341548	00331950
00341560	00339934
00341695	00331950
00341890	00331950
00341917	00339934
00342028	00331950
00342314	00426958
00342443	00339934
00342565	00342028
00342640	00339934
00342755	00342028
00342980	00339934
00343249	00342028
00343334	00339934
00343600	00343334
00343730	00343249
00343771	00343334
00343894	00343249
00343898	00339934
00344040	00331950
00344042	00339934
00344174	00339934
00344259	00331950
00344699	00331950
00344942	00331950
00345000	00339934
00345149	00331950
00345312	00339934
00345641	00342028
00345817	00331950
00345926	00331950
00346095	00331950
00346296	00191142
00346537	00345761
00346693	00346296
00346714	00345761
00346839	00345761
00346936	00346693
00347104	00345761
00347276	00345761
00347420	00345761
00347610	00345761
00347652	00333366
00347804	00345761
00347918	00345761
00348008	00337210
00348103	00345761
00348252	00345761
00348312	00335814
00348541	00345761
00348571	00331950
00348801	00345926
00349080	00331950
00349213	00331950
00349369	00331950
00349416	00348746
00349592	00348746
00349705	00331950
00349886	00346296
00349951	02647497
00350030	00349886
00350104	02679899
00350380	00350030
00350461	02679899
00350878	00350380
00350889	00350461
00351048	00350461
00351266	00350461
00351406	00350461
00351638	00351485
00351824	02609764
00351963	00352826
00352331	00351638
00352558	02367363
00352826	00126264
00353249	00351638
00353469	00351638
00353639	02431320
00353782	00351638
00353992	00351638
00354183	00351638
00354452	00354634
00354583	00351638
00354845	00426958
00354884	00351638
00355252	00351638
00355365	01510576
00355524	00075421
00355547	00354884
00355691	00354884
00355919	00351638
00355955	00352826
00356258	00109660
00356367	00356199
00356621	00356199
00356790	00113113
00356954	00356258
00357023	00356790
00357275	00357023
00357332	00231557
00357451	00354884
00357667	00245457
00357680	00356790
00357906	00357680
00358089	00356790
00358290	00358089
00358431	00146138
00358931	00351638
00359238	00358931
00359492	00386915
00359511	00358431
00359614	00359238
00359806	00358431
00359903	00359238
00360242	00359238
00360485	00351638
00360501	00358431
00360757	00351638
00360805	00358431
00360932	00146138
00361041	00360757
00361192	00360757
00361797	00256507
00361932	00351638
00362103	00351638
00362128	00356258
00362348	00352826
00362355	00351638
00362610	00364064
00362659	00362355
00363260	00351485
00363268	00363110
00363493	00364064
00363788	00363260
00364064	00352826
00364260	00363260
00364600	00351638
00364629	00140123
00364787	00363260
00364868	00443984
00365012	00363788
00365446	00339738
00365471	00351638
00365647	00226566
00365709	00363260
00365810	00109660
00365995	00365709
00366020	00442267
00366275	00140123
00366317	00365709
00366521	00365709
00366547	00173338
00367066	00363260
00367280	00365709
00367552	00363260
00367685	00467451
00367768	00365709
00367976	00367768
00368109	00654625
00368302	00367976
00368367	01461152
00368592	00367976
00368662	02431320
00368847	00367685
00368939	00368592
00369194	02469835
00369399	00369802
00369628	00146138
00369802	00358931
00369864	00146138
00370412	00126264
00371051	00370412
00371264	00126264
00371487	00371314
00371846	00371314
00371955	00212414
00372013	00363260
00372226	00372013
00372448	00372226
00372607	00372448
00372665	00146138
00372958	00126264
00372977	00372607
00373130	00363260
00373278	00373130
00373520	00146138
00373766	00078760
00374063	00363260
00374135	00146138
00374224	00363260
00374534	00445467
00374668	00126264
00374835	00374224
00375021	00146138
00375071	00374063
00375625	00374224
00375865	00126264
00375938	00375625
00376063	00191142
00376625	00376106
00376715	00376400
00376807	00376106
00376825	00376400
00376994	00376400
00377002	00146138
00377169	00376400
00377364	00376063
00377686	00377364
00377715	00371264
00378069	00376063
00378296	00378069
00378479	00378069
00378521	00379440
00378664	01564144
00378706	00378069
00378985	00376063
00379280	00378664
00379422	00378985
00379440	00196364
00379588	00379422
00379754	00378985
00380083	00378985
00380159	00126264
00380424	00138508
00380568	00378985
00380696	00378985
00380698	00380424
00380994	00380696
00381013	00126264
00381326	00378985
00381331	00381013
00381601	00109660
00381680	00378985
00381850	00126264
00382010	00126264
00382109	00381680
00382474	00381680
00382493	00126264
00382635	00126264
00382739	00381680
00383093	00382635
00383275	00382635
00383390	00376063
00383542	00126264
00383606	00376063
00383952	01066163
00384055	00138508
00384329	00383952
00384510	00383952
00384620	00126264
00384802	00383606
00384933	00383606
00385047	00384620
00385266	00384933
00385385	00126264
00385501	00383606
00385791	00383606
00386566	00385385
00386676	00385791
00386715	00126264
00386915	00385791
00387310	00138508
00387657	00383390
00387680	00387310
00387897	00387657
00387919	00126264
00387919	01654628
00388065	00126264
00388065	00387657
00388210	00385791
00388296	00126264
00388392	00385791
00388635	01564144
00388710	00388392
00389238	00146138
00389308	00385791
00389406	00389638
00389610	01012360
00389856	00224901
00390198	01012360
00390215	00192051
00390560	00390215
00390581	00385791
00390735	00385791
00390741	00461493
00390842	00462092
00391086	00383606
00391407	00391086
00391417	00462092
00391599	00383606
00392588	00227165
00392950	00391599
00393227	00392960
00393369	00671351
00393677	00150287
00393953	00296178
00394563	00138508
00394610	00391599
00394803	00391599
00395333	00391599
00395583	00394813
00395698	00394813
00395797	00391599
00395841	00394813
00396029	00395797
00396035	00394813
00396513	00394813
00396642	00391599
00396825	00397010
00396880	00394813
00397010	00394610
00397191	06362953
00397576	00140123
00397760	00394610
00397953	00383606
00398427	00397953
00398585	00397953
00398704	00376063
00399074	00140123
00399368	00126264
00399393	00398704
00399553	00552815
00400101	00126264
00400449	00269018
00400645	00268557
00400883	00126264
00401688	00126264
00402130	00400883
00402308	00399393
00402535	00376063
00402539	00126264
00402831	00402539
00403092	00376063
00403149	00296178
00403334	00403092
00403401	02681795
00403466	00403092
00403609	00126264
00403783	00403092
00403967	00296178
00404222	00404642
00404642	01463963
00404726	00404403
00405079	00404642
00405206	00404403
00405236	00126264
00405360	00405206
00405540	00126264
00405853	00126264
00406053	00406243
00406243	00126264
00406365	00404403
00406612	00404403
00406800	00406612
00406963	00406243
00407090	00404403
00407146	00406243
00407328	00406243
00407458	00406243
00407535	00030358
00407633	00406243
00407848	00406243
00408085	02339413
00408272	00406243
00408448	00406243
00408624	00406243
00408852	00411547
00409211	00407535
00409281	00126264
00409869	00126264
00410247	00407535
00410406	00126264
00411020	00109660
00411312	00126264
00411384	00410247
00411547	00126264
00411792	00126264
00412048	00411792
00412271	00410247
00412292	00126264
00412696	00126264
00413195	02205272
00413239	00410247
00413239	01022178
00413432	01856626
00414174	00413876
00414179	00413239
00414409	01850315
00414823	02013571
00415398	00271946
00415676	00038262
00415988	00415676
00416135	01856626
00416399	00416135
00416409	00415676
00416705	00275607
00417001	00126264
00417131	00812526
00417397	00812526
00417482	00417001
00417596	00126264
00417643	00417397
00417859	00417397
00418025	00410247
00418110	00417596
00418394	00418025
00418615	00418025
00418765	00233335
00418903	00418025
00418921	00233335
00419137	00223500
00419375	00126264
00419644	00418025
00419685	00419375
00419908	00418025
00419950	00109660
00420132	00126264
00420477	00419908
00420712	00803617
00420877	00424599
00420909	00126264
00421125	00419375
00421437	00420477
00421535	00426958
00421917	00426958
00423702	00422090
00423971	00422090
00424599	00419908
00424691	00422090
00424767	00424599
00424869	00422090
00424934	00424767
00425090	00424767
00425278	00419644
00425451	00418394
00425905	00419644
00426301	00422090
00426526	00418903
00426581	00422090
00426928	00407535
00427580	00426928
00427802	00441445
00427853	00426928
00428000	00426928
00428270	00426928
00428270	06157326
00428583	00153263
00428870	01164273
00429048	00426928
00429322	00426928
00429440	00426928
00429642	00429060
00429713	00331950
00429713	00426928
00429763	00429060
00429968	00441445
00430140	00426928
00430140	00747029
00430261	00429060
00430370	00429060
00430606	00426928
00430625	00429060
00431005	00426928
00431117	00146138
00431327	00126264
00431552	00426928
00431826	00151689
00431893	00426928
00432683	00431826
00432689	00431552
00432839	00432683
00433216	00582388
00433232	00156601
00433458	00523513
00433661	00523513
00433778	00151689
00433802	00523513
00434075	00433802
00434374	00109660
00434919	00434374
00435294	00434374
00435563	00624738
00435688	00356258
00435778	00624738
00435853	00140967
00436339	00435778
00436404	00123170
00436668	00123170
00436879	00437125
00437125	00126264
00437321	00624738
00437449	00123170
00437788	00438065
00437976	00437449
00438065	00046344
00438178	00226566
00438495	00126264
00438752	00438495
00439284	00351638
00439343	00126264
00439484	00437788
00439749	00439484
00439826	00523513
00439958	00151689
00440286	00126264
00440580	00223500
00440747	00523513
00440786	00439958
00441212	00441445
00441445	00126264
00441824	00523513
00442063	00503164
00442115	00441824
00442267	00140123
00442669	00445169
00442847	00442115
00442847	00457998
00442981	00442115
00443116	00109660
00443231	00442115
00443384	00109660
00443670	00445169
00443984	00140123
00444309	00126264
00444629	00447309
00444651	00442115
00444975	00444629
00445055	00441824
00445169	00140123
00445351	00523513
00445467	00140123
00445711	00445169
00445802	00433458
00445940	00140123
00446493	00445802
00446514	00146138
00446695	00126264
00446885	00146138
00447073	00523513
00447158	00205885
00447309	00140123
00447540	00433458
00447950	00126264
00448232	00433216
00448232	00447540
00448440	00126264
00448466	00523513
00448680	00146138
00449295	00449692
00449295	00523513
00449517	00449295
00449692	00126264
00450335	00523513
00450700	00450335
00450866	00450335
00451370	00523513
00451648	00449692
00451838	00146138
00451866	00523513
00452098	00451838
00452220	00451838
00452293	00451866
00453424	00452512
00453731	00582388
00453803	00452512
00453935	00433661
00454237	00453935
00454624	00453935
00454868	00228236
00455212	02066939
00455348	00407535
00455368	00216216
00455529	01536168
00455919	02673134
00456151	00497705
00456199	07456188
00456596	00150287
00456740	00296178
00457100	00417001
00457228	00457382
00457327	00146138
00457382	00407535
00457569	00146138
00457770	00146138
00457998	00146138
00458276	00126264
00458471	00146138
00458754	00115157
00459114	00458754
00459296	00765649
00459498	02367363
00459776	00439958
00460900	00440286
00461493	00462092
00461782	00455599
00462092	02510337
00462689	00233335
00462894	00462092
00463007	00462092
00463234	00462092
00463246	00455599
00463246	00523513
00463469	00140967
00463543	00433458
00463543	00463246
00463778	00142191
00464321	00468791
00464651	00463246
00464828	00464321
00464894	00464651
00465291	00464321
00465461	00464321
00465762	01850315
00466053	00296178
00466651	01461328
00467451	00146138
00467717	02511551
00467719	00464651
00467995	00467719
00468236	00126264
00468480	00433458
00468480	00467719
00468583	00109660
00468791	00109660
00469382	00208497
00469651	00468480
00469904	00126264
00470386	00126264
00470966	00468480
00471058	01323958
00471196	00471711
00471437	00467719
00471576	00471711
00471613	00471437
00471711	01619929
00472230	00471711
00472671	00471711
00473003	02604760
00473322	00471711
00473572	00205885
00473799	00473572
00474017	00205885
00474308	00474017
00474492	00475183
00474762	00515154
00474994	00146138
00475183	00205885
00475647	00475183
00475787	00471613
00475819	00126264
00476313	00475819
00476389	00467719
00476744	00142191
00476788	00280853
00476965	00140967
00477107	00476744
00477665	00140967
00477941	00258857
00478217	00471711
00478262	00468480
00478647	00045250
00478830	00179311
00479076	00463246
00479176	01323958
00479391	01323958
00479598	00126264
00479734	00479076
00479887	00479076
00479932	00126264
00480221	00126264
00480508	00479076
00480751	02339413
00480969	00277659
00480993	00479076
00481739	00480969
00481941	00352826
00482180	00126264
00482298	00479076
00482473	00296178
00482893	00483181
00483466	00483181
00483656	00482180
00483801	01556921
00483935	00455599
00484166	00352826
00484892	00484166
00485435	00484892
00485609	02609764
00486018	00484166
00486130	00282050
00487182	01557774
00487350	01556921
00487554	00126264
00487748	00203081
00487874	00483935
00488225	00455599
00488430	00487748
00488617	00173338
00489299	00126264
00489496	00956405
00489730	00488225
00489837	01061017
00490569	00488225
00490722	00489837
00490968	00489837
00491689	00489837
00491910	00489837
00492095	00947077
00492310	01534147
00492410	02547225
00492706	01534147
00493259	00126264
00493308	00488225
00493517	00493703
00493703	00126264
00493929	00207728
00494269	02512305
00495038	00126264
00495331	00488225
00495524	00488225
00495808	01556921
00495998	00494269
00496167	00488225
00497060	00495331
00497219	00497705
00497391	00497705
00497705	00452512
00498299	00452512
00498662	00146138
00498988	00443116
00499066	00455599
00499642	00296178
00499812	00126264
00499924	00499066
00500055	00126264
00500356	00109660
00500449	00565302
00500638	00146138
00500669	00565302
00500834	00126264
00501080	00499066
00501479	00499066
00501534	00126264
00502085	00126264
00502623	00502757
00502757	00171586
00502952	00502415
00503164	00137313
00503237	00502415
00503715	00503164
00504019	00503715
00504270	00126264
00504464	00405540
00504676	00515154
00504844	00508091
00504975	00502415
00505349	00173338
00505802	00299580
00505871	00502415
00506040	00452512
00506207	00502415
00506377	00146138
00506658	00430140
00506672	00205046
00506952	01463963
00507143	00140123
00507485	00507664
00507664	00115157
00507673	00430140
00507673	00455599
00508032	00126264
00508091	00507673
00508933	00508032
00509607	00508032
00509846	00428000
00509958	00109660
00510050	00509846
00510189	00509846
00510364	00509607
00510475	00747671
00510723	00510189
00510922	00510723
00511041	00510189
00511212	00510189
00511817	00426928
00511855	01617192
00512043	00519363
00512186	00126264
00512267	00120202
00512522	00511817
00512749	00512186
00512843	00511817
00512877	00126264
00513251	00512843
00513401	00512843
00513492	01013367
00513597	00513401
00514041	00427580
00514069	00514463
00514128	00427580
00514463	01013367
00514658	00514128
00514871	00126264
00515791	00429048
00516086	01030820
00516747	00515154
00516932	00515154
00517728	00428000
00517847	02327200
00518115	00126264
00518303	00517728
00518395	02547586
00519056	00105333
00519363	00519056
00519751	00519363
00519854	00126264
00520257	00429048
00520357	00780191
00520881	00126264
00521209	00520257
00521478	00281101
00521562	00520257
00521641	00281101
00521874	00383542
00521970	00520257
00522068	00126264
00522145	00521562
00522537	00521562
00522751	00109660
00523436	00356258
00523513	00426928
00523645	00126264
00524083	00126264
00524299	00109660
00524530	00126264
00524682	00109660
00525446	02478936
00526259	00428270
00526412	00428270
00526793	00428270
00527034	00352826
00527367	00126264
00527498	00428270
00527572	00212414
00527872	00527695
00528397	00428270
00528397	06619065
00528608	00528339
00528667	00528397
00528836	00109660
00529101	00428270
00529224	00428270
00529400	00428270
00529411	00528990
00529511	00428270
00529582	00528990
00529759	00528990
00530017	00528990
00530018	00528397
00530177	00528990
00530291	00528990
00530442	00173338
00530592	00381013
00530829	00126264
00531201	00528397
00531302	00241038
00531490	00531201
00531904	00109660
00532115	00429060
00532429	00126264
00532607	00126264
00532886	00126264
00533185	00836705
00533403	00260648
00533527	00260648
00533671	00260648
00533897	00126264
00533922	00283127
00534152	00533922
00534837	00283911
00534849	00532110
00535844	00126264
00536143	00126264
00536304	00126264
00536655	00534849
00537682	00532110
00538571	00126264
00538876	00537682
00539110	00109660
00539121	00537682
00539546	01628449
00539936	02339171
00539951	00539121
00540235	00153263
00540701	00539121
00540739	00540235
00540895	00539121
00540946	00126264
00541035	00539121
00541178	00539121
00541479	00428270
00542711	00541479
00542809	01664172
00542841	00541479
00543410	00109660
00544549	00126264
00544842	00543233
00544936	00544549
00545501	00100253
00545557	00109660
00546873	00151689
00547022	00109660
00547300	00126264
00547493	00126264
00547802	00126264
00547995	00126264
00548173	00097504
00548266	00422090
00548326	00407535
00548326	06157326
00548750	00835903
00548913	02257767
00549106	00548802
00549284	00548326
00549552	02452885
00549610	00549472
00549982	00205885
00550016	00548326
00550242	00550016
00550341	00548326
00550545	00550341
00550546	00550117
00550771	00521562
00551065	00550117
00551585	00548326
00551714	00548326
00552097	00548326
00552219	00099951
00552312	00099951
00552458	00126264
00552619	00126264
00552815	00109660
00553173	00333829
00553208	00126264
00553362	00553173
00553407	00109660
00553616	00394813
00553823	00333829
00554541	00333829
00554850	00333829
00555138	00553823
00555325	00407535
00555447	00126264
00555780	00173338
00555983	00555648
00556142	00555648
00556193	00193486
00556313	00279835
00557419	00556313
00557588	05902545
00557686	00173338
00558008	00556313
00558061	00461493
00558181	00556313
00558371	00205885
00558630	00557588
00558883	00558630
00558963	00126264
00559102	00126264
00559329	00558883
00559555	00558883
00559724	00558883
00559916	00558883
00559919	00126264
00560293	00558883
00560391	00550117
00560893	00126264
00561226	00560529
00561571	02609764
00561714	01157517
00562280	00556313
00562303	00429060
00562523	00429060
00562882	00126264
00562935	00562280
00563100	00126264
00563100	00562882
00563552	02467662
00563824	00126264
00564177	00556313
00564300	00137313
00564695	00109660
00564857	00564695
00565081	00126264
00565302	00556313
00565592	00109660
00566135	00565302
00566298	00566135
00566322	00126264
00566569	00126264
00567044	00566298
00567291	01356750
00567418	00566298
00567604	00126264
00567685	00567044
00568430	00566135
00568483	00126264
00568813	00568430
00568879	00126264
00569087	00382635
00569318	00382635
00569556	00126264
00570003	00173338
00570205	00426958
00570694	00109660
00571390	00158804
00571596	00173338
00571609	00565302
00571738	00126264
00572043	00571609
00572285	00571609
00572489	00571609
00572661	02680814
00572788	00109660
00572838	00571609
00573085	02510337
00573247	00126264
00573268	00571609
00573530	00573268
00573671	00126264
00574218	00109660
00574227	00336805
00574341	00126264
00574514	00173338
00574735	00126264
00574996	00109660
00575083	00574227
00575169	00126264
00575365	00795720
00575561	00173338
00575657	00575365
00575720	00109660
00575741	00407535
00575970	00126264
00576228	00173338
00576684	00109660
00577068	00575741
00577170	00515154
00577330	00162688
00578116	00126264
00578295	00126264
00578795	00575741
00578993	00208836
00579564	00407535
00579952	00126264
00580370	00251013
00580512	00126264
00580865	00126264
00581671	00109660
00581891	00126264
00582145	00126264
00582318	00126264
00582388	00407535
00582743	00377002
00582868	00407535
00583089	00582388
00583242	00126264
00583246	00582388
00583461	00583246
00583523	00109660
00583759	00126264
00583933	00199130
00583991	00205885
00584367	00582388
00584954	00126264
00585406	00021939
00586262	00582388
00586973	00429060
00588221	00588888
00588473	00586262
00588598	00586262
00588703	00586262
00588703	02145814
00588780	00586262
00588881	00586262
00588998	00586262
00589103	00586262
00589217	00586262
00589309	00588888
00589318	00586262
00589415	00586262
00589494	00586262
00589596	00586262
00589691	00586262
00589769	00586262
00589948	00586262
00590047	00586262
00590148	00586262
00590241	00588221
00590269	00586262
00590366	00588221
00590383	00586262
00590518	00586262
00590626	00586262
00590761	00588221
00590806	00586262
00590913	00586262
00590924	00588221
00591006	00586262
00591111	00586262
00591236	00586262
00591446	00586262
00591519	00591115
00591523	00586262
00591622	00586262
00591725	00586262
00591858	00586262
00592001	00586262
00592102	00586262
00592199	00586262
00592341	00591115
00592367	00586262
00592446	00586262
00592535	00586262
00592652	00586262
00592702	00690614
00592795	00586262
00592883	00686447
00593108	00586262
00593219	00586262
00593389	00586262
00593512	00586262
00593669	00636574
00593732	00586262
00593837	00586262
00593944	00586262
00594070	00586262
00594146	00586262
00594260	00586262
00594374	00586262
00594477	00586262
00594580	00586262
00594738	00586262
00594836	00586262
00594953	00586262
00595032	00586262
00595146	00586262
00595333	00586262
00595410	00586262
00595545	00586262
00595684	00586262
00595785	00586262
00595894	00586262
00596081	00586262
00596193	00586262
00596290	00586262
00596393	00586262
00596496	00586262
00596592	00586262
00596692	00586262
00597216	00596644
00597265	00596807
00597385	00595935
00597532	00586262
00597629	00586262
00597634	00595935
00597728	00586262
00597821	00586262
00597957	00586262
00598056	00586262
00598215	00586262
00598318	00586262
00598502	02222318
00598767	00586262
00598868	00586262
00598970	00586262
00599064	00586262
00599234	00586262
00599329	00586262
00599434	00598954
00599472	00586262
00599613	00598954
00599835	00598954
00600370	01821423
00600724	00600370
00601043	00722232
00601822	00599472
00601822	00686447
00602112	00601822
00602255	00597915
00603298	00829107
00603866	00586262
00604131	00586262
00604228	00586262
00604321	00586262
00604424	00586262
00604523	00586262
00604576	00607114
00604694	00586262
00604811	00586262
00604910	00586262
00604930	00604576
00605086	00829107
00605246	00586262
00605310	00605086
00605349	00586262
00605430	00586262
00605498	01767949
00605511	00586262
00605616	00586262
00605715	00586262
00605783	00607114
00605812	00586262
00605909	00586262
00606006	00586262
00606093	00599992
00606119	00582388
00606335	00829107
00606370	00582388
00606600	00606335
00607114	00597915
00607542	00607775
00607775	00606370
00608037	00606370
00608372	00607780
00608502	00650353
00608896	00606370
00608978	00609100
00609236	00606370
00609506	00606370
00610010	00609683
00610222	00582388
00610373	00609953
00610374	00607780
00610738	00609953
00611143	00610373
00611433	00609953
00611802	00713167
00611972	00609953
00612042	00610538
00612160	00610373
00612454	00612042
00612612	02578510
00613973	00610373
00614057	00613683
00614224	00407535
00614489	00614224
00614730	00614224
00614829	00614999
00615421	00615774
00615462	00614730
00615774	00471711
00615887	00614489
00616083	00615887
00616361	00616153
00616498	00614999
00617059	00614489
00617413	00800930
00617989	00606370
00618057	00617748
00618267	00618451
00618682	00618451
00618878	00699815
00619183	00699815
00619230	00618734
00619610	00618267
00619738	00618734
00619869	00623151
00620379	00622384
00620424	01094725
00620532	01657254
00620554	00582388
00620673	00126264
00620752	00575741
00621058	00939857
00621476	00620752
00621627	00620752
00621734	02604760
00622068	00621627
00622204	00621734
00622384	00621734
00622584	00620752
00623006	00622384
00623151	00588888
00623162	00620752
00623370	00620752
00623545	00620752
00623670	00575741
00623862	00621627
00623947	00623151
00624263	00623151
00624436	00621627
00624476	00623151
00624553	00621627
00624738	00621627
00624801	00624476
00624967	01634142
00625119	00623151
00625427	00621627
00625699	00624738
00625963	00674607
00625993	00624738
00626188	00625993
00626428	00941990
00627013	00626188
00627091	00917772
00627437	00624738
00627849	00624738
00628125	00200397
00628302	00662589
00628692	00624738
00628883	00628692
00628883	00837293
00629176	00624738
00629257	00628491
00629597	00629176
00629911	00624738
00630026	00628491
00630071	00629911
00630223	00628491
00630380	00628491
00630960	00624738
00631244	00630380
00631378	00947128
00631398	00630380
00631591	00630380
00631737	00719734
00632201	00631378
00632236	00719734
00632627	00628491
00633329	00621627
00633443	00719734
00633864	00575741
00634090	00633443
00634276	00633864
00634286	00634090
00634472	00628491
00634586	00633864
00634906	00588888
00635012	00633864
00635205	00635012
00635523	00634906
00635714	00634906
00635794	00597385
00635850	00633864
00635904	00634906
00636061	00634906
00636279	00634906
00636441	00634472
00636461	00633864
00636574	00634472
00636728	00633864
00636921	00633864
00637145	00636461
00638080	00641820
00638194	00637259
00638585	02645007
00638723	00637259
00638770	00638080
00638837	00637259
00639148	00637259
00639478	00637259
00639556	00641820
00639693	00637259
00639975	00639556
00639998	00637259
00640385	00637259
00640828	00637259
00640889	00636921
00641252	00637259
00641672	00637259
00642045	00635850
00642098	00637259
00642644	00637259
00642803	00637259
00642980	00637259
00643197	00078760
00643910	00643473
00644066	00193486
00644503	00635850
00645241	00644583
00645365	00635850
00645415	00643473
00645552	00644583
00645771	00644583
00645939	00645771
00646271	00645552
00646332	00152727
00646332	00646833
00646542	00644583
00646738	00637259
00646833	00634276
00647094	00697589
00647270	00646833
00647270	00996969
00647770	00647094
00647929	00644583
00648224	00789138
00648764	00648224
00648931	00634276
00649033	00648224
00649481	00789138
00649482	00646833
00649760	00646833
00649992	00649760
00650016	00650353
00650743	00649482
00650912	00649482
00650932	00650353
00651480	00650353
00651630	00650353
00651759	00650353
00651954	00315986
00651991	00956687
00652466	00635012
00652622	00654625
00652803	00634586
00652900	00644583
00653388	00634586
00653449	00634472
00653518	00634586
00653620	02166460
00653811	00634586
00653958	00634586
00654015	00690614
00654113	00634586
00654234	00981830
00654258	00690614
00654400	00633864
00654625	00657260
00654885	00575741
00655378	00654625
00655555	00654625
00655792	00654625
00655987	00654625
00656107	00654625
00656292	00654885
00656576	00654625
00656643	00695448
00657016	00656576
00657260	00632627
00657550	00654625
00657604	00658082
00658052	00670261
00658082	00654885
00658619	00658052
00658627	00657604
00658798	00658052
00659048	00658082
00659112	00658052
00659349	00177783
00659349	00659048
00659535	00658052
00660102	02604760
00660381	00658052
00660571	00658052
00660730	00658052
00660783	00654885
00660851	00658052
00660957	00654885
00660971	00681429
00661091	00657604
00661213	00650353
00661480	00650353
00661584	00650353
00661824	00644583
00661847	00658082
00662182	00664483
00662485	00662182
00662589	00664483
00662681	00661091
00662972	00661091
00663160	00662589
00663353	00664483
00663549	00662589
00663682	00662589
00663819	00662589
00663894	00662589
00664110	00661091
00664111	00662589
00664276	00820976
00664483	00665886
00664788	00665886
00664849	00654885
00665079	00654885
00665358	00654885
00665476	00654885
00665476	01617192
00665630	00664788
00665679	00654885
00666350	00671351
00666510	00665886
00666733	00671351
00666886	00664788
00667224	00665886
00667246	00671351
00667384	00667246
00667747	00667424
00667847	00671351
00667942	00667424
00668099	00802318
00668112	00671351
00668805	00668099
00669000	00393369
00669099	00668099
00669243	00668099
00669366	00668099
00669481	00671351
00669630	00668099
00669762	02108377
00669970	00669762
00670105	00671351
00670179	00668099
00670250	00671351
00670261	00628491
00670703	00391599
00670991	00670261
00671022	00671351
00671190	00617748
00671190	00671351
00671335	00671190
00671351	01024392
00672017	00671190
00672277	00698855
00672433	00637259
00673095	00672433
00673448	00672433
00673710	00671351
00673766	00672433
00673863	00671351
00673983	00670261
00674158	00690501
00674340	00670261
00674562	00671351
00674607	00697589
00675064	00671351
00675219	00671351
00675901	00674607
00676135	00674607
00676693	00671351
00676834	01076046
00677021	00674607
00677038	00393369
00677174	00393369
00677203	00674607
00677299	00671351
00677445	00674607
00677544	00674607
00677683	00674607
00678010	00387657
00678105	00677683
00678282	00704690
00679715	00679389
00680145	02536557
00680346	00680145
00680485	00680346
00680841	00701040
00681125	00701040
00681429	00670261
00681613	00690501
00681613	00693679
00682080	00690501
00682230	00672433
00682436	00681429
00682436	00690501
00682592	00670261
00682781	00681429
00682928	00681429
00683127	00630380
00683280	00686447
00683771	01011031
00684128	00667384
00684273	00683280
00684450	00684128
00684507	00684273
00684645	00685683
00684838	00690614
00684988	00671351
00685508	00393369
00685683	00670261
00686447	00670261
00687295	00684645
00687523	00687926
00687738	00800930
00687926	00684645
00688377	00683280
00688768	00689344
00689062	00674158
00689205	00636574
00689729	00671351
00689950	00689344
00690501	00671351
00690614	00689344
00691050	00671351
00691312	00690614
00691516	00690614
00691648	00671351
00691834	00690614
00691879	00671351
00691944	00690614
00692130	00671351
00692143	00690614
00692329	00690614
00692349	00692506
00692506	00692130
00692580	00690614
00692718	00692580
00692726	00692506
00692907	00690614
00693172	00692907
00693399	00671351
00693401	00692907
00693633	00693401
00693679	00671351
00693780	00690614
00694068	00690614
00694276	00671351
00694641	00690614
00694681	00874067
00694866	00694641
00694866	00694681
00694974	00644583
00694990	00664110
00695226	00699815
00695300	00694990
00695448	00657604
00695761	00695226
00696189	00644583
00696414	00611256
00696700	02165543
00696852	00607780
00696882	00657604
00697062	00644583
00697365	00657604
00697419	00644583
00698004	00657604
00698104	00672433
00698256	00690614
00698398	00697589
00698572	00708538
00698609	00678010
00698609	00698004
00698855	00352826
00699334	00698855
00699485	00770437
00699736	00654885
00700000	00661091
00700162	00699815
00700336	00699815
00700421	00661091
00700652	00661091
00700708	02611630
00700896	00699815
00700979	00700652
00701040	01645601
00701576	00701040
00701755	00700979
00701877	00701040
00702202	00701755
00702226	00701040
00702418	00700979
00702434	00701040
00702601	00701040
00702773	00701040
00702969	00702773
00703310	00702773
00703512	00630380
00703875	00734054
00704073	00813044
00704305	00700652
00704388	00628491
00705227	00708538
00705517	00705227
00705778	00705517
00706019	00705580
00706243	00704690
00706371	00661091
00706605	00662681
00706605	00706371
00706975	00708128
00707322	00706975
00707624	02376958
00707956	00708128
00708128	00704690
00708376	00704690
00708980	00708538
00709205	00658082
00709205	00754942
00709379	00704690
00709625	00709379
00710155	00658082
00710338	00658082
00710415	00710005
00711523	00622584
00711550	01639714
00711715	00703875
00711932	00734054
00712031	00621627
00712135	00670261
00712225	00623162
00712389	00671190
00712556	00672433
00712708	00688377
00712833	00712225
00713015	00709379
00713167	00628491
00713250	00712225
00713818	00713167
00713996	00713167
00714273	00650353
00714531	00713167
00714718	00713167
00714884	00813044
00714944	00606370
00714944	00935005
00715239	00634472
00715541	00700708
00715674	00714944
00715769	00715541
00715868	00697589
00716055	00715674
00716130	00715868
00716179	00393369
00716179	00853487
00716531	00632236
00716758	00716531
00716777	00671351
00716945	00712225
00717045	00716758
00717208	00712225
00717208	00716531
00717748	00717208
00718573	00712225
00718815	00712225
00719231	00717358
00719494	00575741
00719705	00719494
00719734	00670261
00720565	00719494
00720808	00595630
00721098	00719734
00721302	00598954
00721431	00720565
00721437	00598954
00722675	00600370
00722848	00722232
00723056	00722232
00723545	00712135
00724029	00637259
00724150	02228698
00724492	00734348
00724832	00725274
00725274	01767949
00725775	00722479
00726100	00722479
00726300	00670261
00726567	00725775
00726784	00726300
00727012	00726300
00727143	00726300
00727409	00726300
00727573	00726300
00727791	00726300
00727991	00726300
00728393	01767949
00728617	00594621
00728641	00796586
00728826	00636574
00728849	00728641
00728975	00728641
00729108	00728641
00729109	00644583
00729285	00728641
00729378	00785008
00729642	00726300
00729781	00726300
00730052	00713167
00730247	00719494
00730301	00235368
00730538	00730247
00730708	00730247
00730984	00575741
00731000	00690614
00731159	00637259
00731574	02154508
00731789	00464321
00732091	00731789
00732224	00628491
00732746	00407535
00733044	00637259
00733250	00733044
00733317	00732746
00733454	01765908
00733483	00732746
00733632	00670991
00733883	00732746
00734054	00734348
00734348	00628491
00734482	00733883
00734587	00734054
00734790	00742320
00734927	02327200
00735389	00734927
00735389	01273016
00735571	02432530
00735832	00732746
00735866	00735571
00735936	00732746
00736219	00735936
00736375	00735936
00736586	01806505
00736786	00736375
00736894	00736375
00737005	00601043
00737070	00735936
00737188	00735936
00737399	00737188
00737536	00735936
00737656	01809321
00737705	00854717
00737884	00668099
00738314	00634906
00738966	00732746
00738966	00739270
00739082	00628491
00739340	00628491
00739536	00647094
00739662	00740053
00740048	00739270
00740053	00670261
00740290	00672433
00740342	00739270
00740577	02376958
00740609	00739270
00740712	00739270
00741272	00740712
00741478	00740712
00741685	00740712
00741911	00740577
00742051	00740577
00742149	00800930
00742320	02231661
00742474	00732746
00742645	00407535
00743082	00742320
00743344	00740577
00743641	00742645
00743692	00743344
00743822	00742645
00744004	00743822
00744070	00743344
00744237	00550117
00744305	00732746
00744443	00732746
00744616	00732746
00744758	00732746
00744904	00742320
00745005	00732746
00745078	00978549
00745187	00941990
00745383	00941990
00745431	00745005
00745499	00752764
00745637	00745005
00746232	00745637
00746479	00746084
00746718	00753428
00747029	00745005
00747135	00748282
00747215	00908492
00747418	02506546
00747519	00747215
00747640	00941990
00747671	01073241
00747757	00748282
00748011	00747029
00748155	00782241
00748282	00740577
00748307	00747671
00748515	00748011
00748616	00748282
00749205	00746718
00749232	00310666
00749574	00732746
00749767	00749574
00749963	00746718
00749991	00749767
00750345	00749963
00750405	00770834
00750532	00751567
00750730	00749574
00750890	00749574
00751131	00750532
00751145	00732746
00751389	00747135
00751398	00750890
00751529	00751145
00751567	00746718
00751779	00751145
00751887	02539334
00751944	00751145
00752144	00751944
00752298	00752431
00752431	00751145
00752493	00752764
00752764	00742320
00752954	00752431
00753428	00752493
00753472	00750890
00753685	00752954
00753881	00753428
00753973	00753685
00754118	00752954
00754280	00780148
00754731	00752764
00754767	00752431
00754942	00752764
00754956	00752431
00755277	00754956
00755447	00752764
00755500	00754956
00755673	00754956
00755745	00754942
00755863	00755673
00756194	00754956
00756331	00752431
00756338	01011725
00756598	00752431
00756780	00752431
00757080	00745005
00757483	00757080
00757483	06789411
00757730	00757080
00758175	00757730
00758333	01011031
00758525	00757730
00758627	00759269
00758972	00757730
00759186	00757730
00759335	00757730
00759657	00759501
00760402	01030832
00760956	00761713
00761454	00763399
00761713	00813978
00762043	00761713
00762478	00813978
00763132	00759694
00763282	00759694
00763399	01021420
00763713	00763399
00763787	00759694
00764031	00759694
00764032	00805376
00764222	00797697
00764258	00759694
00764436	00759694
00764588	00759694
00764891	00759694
00764902	00805376
00765081	00759694
00765193	00745005
00765213	00764902
00765343	00766234
00765396	00752764
00765488	00732746
00765649	00872886
00765791	00732746
00765977	00765649
00766418	00770437
00767334	00770437
00767826	00773814
00768062	00989201
00768483	00766234
00768701	00766234
00768921	00750890
00768921	00766234
00769092	00766234
00769453	00768778
00769695	00766234
00769944	00766234
00770141	00872886
00770270	00766234
00770543	00732746
00770834	00770543
00770997	00770543
00771133	00770437
00771341	00770437
00771490	00770437
00771632	00770437
00771713	00770270
00771961	00770437
00772026	00770270
00772189	00772967
00772253	00770270
00772381	00770270
00772640	00772967
00772813	00770270
00772967	01009240
00773235	00766234
00773285	00772189
00773402	00774107
00773432	00964694
00773814	00766234
00774056	00773432
00774344	00775156
00774506	00766234
00774641	00754942
00774796	00766234
00774817	00775156
00774932	00775156
00775006	00766234
00775156	00773432
00775286	00768701
00775460	00775286
00775702	00775286
00775831	00773432
00776059	00814850
00776262	00768701
00776523	00766418
00776732	00780889
00776846	00983824
00776988	02586458
00777324	00776732
00777391	00776988
00777439	00776732
00777522	00776523
00777931	00759269
00778275	00362348
00778745	00778275
00779061	00778275
00779248	00780148
00779360	00779061
00779599	00779248
00780148	00769092
00780191	00778275
00780575	00952524
00780615	00780148
00780889	00768701
00781000	00962447
00781303	02367363
00781355	00780889
00781480	00780889
00781652	02296726
00781685	00780889
00781912	00781685
00782057	00752764
00782072	00766234
00782241	00766234
00782338	00766234
00782518	00766234
00782527	00794079
00782927	00781685
00783063	00781685
00783199	00781685
00783246	00782527
00783523	00782527
00783527	00783199
00783902	00780889
00784083	00780889
00784342	00740577
00784727	00980453
00784874	00784342
00784934	00784388
00785008	00897746
00785045	00768701
00785263	00785045
00785470	00785962
00785690	02163301
00785962	00788564
00786195	00407535
00786458	00786816
00786816	00785008
00786887	00786195
00787049	00786816
00787061	00786195
00787218	00786195
00787465	00786195
00787660	00829107
00787832	00786195
00788097	00786195
00788184	00897746
00788362	00786195
00788473	00786195
00788564	00789138
00788632	00786195
00788766	00786195
00788821	00786816
00788973	00786195
00789138	00644583
00789237	00788973
00789391	00788973
00789448	00790703
00789534	00077419
00789906	00789534
00789934	00789448
00790086	00202284
00790135	00789448
00790205	00786195
00790308	01224744
00790509	00720063
00790703	00740577
00790965	00790703
00791078	00786195
00791134	00792471
00791372	00792471
00791527	00791078
00792304	01041762
00792356	00791078
00792471	00746718
00793037	01041762
00793271	00792471
00793580	00753428
00793785	00793580
00794367	00786195
00794614	00791078
00794981	00704690
00795008	00791078
00795161	00791078
00795632	00752764
00795720	00575741
00795863	00751567
00796315	00795720
00796392	00795863
00796586	00795720
00796588	00795863
00796839	00795863
00796886	00795720
00796976	00797430
00797303	00883226
00797430	00717358
00797697	00717358
00797878	00795720
00798108	00432689
00798245	00797878
00798539	00796976
00798717	00757544
00798959	00798245
00799076	00757544
00799125	00798245
00799236	00798245
00799409	00798245
00799537	00798245
00799798	02477334
00799809	00799537
00800121	00799537
00800242	00799798
00800270	00798245
00800586	00200397
00800657	00798245
00800750	00179311
00800825	00798245
00800930	00685683
00800940	00798245
00801125	00798245
00801277	00798245
00801522	00800930
00801782	00800930
00801977	00800930
00802136	00800930
00802238	00797878
00802318	00797697
00802629	00802238
00802946	00802318
00802962	00802238
00803208	00802962
00803325	00802318
00803617	00407535
00803815	00803325
00804002	00803325
00804139	00764222
00804476	00797697
00805034	00803617
00805228	00804802
00805524	00805034
00806049	00805376
00806314	00805376
00806502	00803325
00807178	00670261
00807461	00807178
00807500	00807273
00807941	00807461
00808162	00807461
00808182	00805034
00808343	00752764
00808614	00808182
00808671	00807461
00808767	00808182
00808855	00964694
00809465	00803617
00809654	00811375
00810385	00809654
00810557	00811375
00810598	00809465
00811036	00803617
00811171	00811375
00811221	00863513
00811355	00810598
00811661	01094725
00812149	00811375
00812274	00803617
00812298	02439281
00812526	00812274
00812580	00813978
00812977	00812526
00813044	00813978
00813790	00813978
00813978	00943563
00814458	00812977
00814458	00943563
00814621	00962447
00814850	00757544
00815173	00803617
00815320	00803617
00815379	00815686
00815644	00815320
00815686	01009240
00815801	00815320
00816143	00815686
00816556	00823436
00817311	00822367
00817680	00407535
00818170	00817680
00818253	00822367
00818466	01129920
00818553	00817311
00819163	00818974
00819274	00819024
00819508	00817311
00820611	00923307
00820721	00817680
00820801	01011031
00820976	01015244
00821580	00820976
00821765	00820976
00822101	00820976
00822367	00670261
00822970	00174412
00823129	00822367
00823436	00804802
00823669	00826509
00823827	00826509
00823884	00828990
00824054	00817680
00824292	00824767
00824767	00826509
00825648	00824767
00825776	00941990
00825951	00825443
00825975	00842989
00826201	00826509
00826333	00826509
00826509	01058574
00826789	00825443
00827379	00712225
00827638	00817680
00827730	00765649
00827782	00817680
00828003	00830761
00828082	00817680
00828237	00828082
00828374	00827730
00828559	00828237
00828990	00817680
00829107	00831651
00829170	00828990
00829378	00817680
00829761	00829107
00829918	00954311
00830188	00829107
00830257	00030358
00830448	13440063
00830761	00829107
00831191	13440063
00831651	00740577
00831919	00177783
00831919	00831191
00832626	00177783
00832626	01048210
00833199	00831651
00833702	00829107
00833870	00831191
00834009	00831651
00834135	00831191
00834259	00834009
00834460	00835267
00834636	00831191
00834745	00834259
00834943	00770437
00835032	13440063
00835267	00835032
00835294	00834259
00835501	00835267
00835506	00834009
00835903	00836705
00835976	00831191
00836149	00831191
00836236	00955148
00836705	00988028
00836788	00835032
00836926	00137313
00837098	00836788
00837133	00894738
00837288	00854420
00837293	00863513
00837675	00836788
00837872	01779165
00838043	00836705
00838098	13440063
00838367	00838098
00838524	01719302
00838816	00838367
00839023	00838367
00839194	00854420
00839292	00863513
00839526	00838043
00839597	00863513
00839778	00838098
00840189	00839778
00840363	00863513
00840609	00839834
00840751	00838367
00840809	01013367
00840980	01013367
00841091	00838367
00841580	00826509
00841901	00838367
00841986	00831651
00842281	00359614
00842281	00838816
00842538	00843468
00842692	00838098
00842772	00826509
00842989	00843468
00842997	01057759
00843128	00838098
00843325	00843128
00844254	13440063
00844941	00907147
00844994	00845523
00845299	00862683
00845523	00844254
00845658	00845299
00845765	00862683
00845909	00826509
00846344	00845909
00846432	00845523
00846509	00843468
00846515	00844254
00846817	00845523
00847158	00846509
00847340	00844254
00847365	00933821
00847478	00845909
00847770	00847340
00847870	00845299
00847932	00847340
00848098	00845523
00848169	00846509
00848282	00848098
00848420	01793177
00848466	00848282
00849059	00851994
00849080	02514187
00849294	00854717
00849332	01742886
00849523	00844254
00849768	00849523
00849788	00849332
00849939	00849332
00849982	00849523
00850192	00850501
00850260	00849982
00850425	00847340
00850501	00849080
00850873	00850425
00850986	00850425
00851100	00854904
00851146	00850425
00851239	00794079
00851316	00850425
00851587	00847340
00851689	00851994
00851733	01789514
00851933	00849080
00851994	01144133
00852181	00851994
00852506	00851933
00852922	00849080
00853195	00851933
00853445	00851933
00853487	00692130
00853487	00852181
00853633	00740577
00853649	00847340
00853835	00844254
00853958	00853633
00854000	00853835
00854150	00853633
00854150	02418686
00854420	00834009
00854717	00844254
00854876	00854717
00854904	00854420
00855169	00854876
00855295	00850501
00855301	00855169
00855512	00670261
00855527	00844254
00855674	00855527
00855794	00855512
00855933	00845909
00856193	00855674
00856342	00844254
00856578	01010118
00856824	00681429
00856847	00844254
00857275	00856847
00857424	00856847
00857517	00983824
00857664	00844254
00857784	00983824
00857872	00737705
00857872	00856847
00857923	00859153
00858060	00844254
00858188	13440063
00858341	00857923
00858437	00858781
00858568	00860292
00858781	01818235
00858849	00858188
00859001	13440063
00859153	01813884
00859604	01182293
00859758	00859325
00860011	00859001
00860136	00859153
00860292	00856824
00860434	00859001
00860620	00856824
00861077	00860620
00861423	00860620
00861560	00965871
00861611	00859001
00861725	00860292
00861929	00992041
00862225	00856578
00862683	00826509
00863174	00862683
00863277	00862683
00863433	00862683
00863513	00859001
00863579	00862683
00863906	00862683
00864159	00841580
00864226	00864535
00864475	00845909
00864680	00864226
00864859	00863513
00864910	00826333
00865387	00940384
00865471	00867357
00865600	00859001
00865664	00912048
00865776	00912048
00865808	00863513
00865958	01629958
00866079	00365995
00866079	00863513
00866273	00863513
00866314	00845299
00866423	00863513
00866505	01629958
00866606	00863513
00866702	01010118
00866882	00863513
00867163	00863513
00867231	00992041
00867357	00863513
00867409	00868591
00867606	00863513
00867790	00863513
00867983	00863513
00868097	00868591
00868196	13440063
00868523	00868196
00868591	00793580
00868799	00868196
00868910	01023820
00869126	00869596
00869583	00868910
00869596	00775831
00869931	00842989
00870213	00831651
00870453	00869583
00870577	00872886
00871195	00870213
00871781	00871942
00871942	00921300
00872107	00872541
00872414	00870213
00872541	00869583
00872722	00869583
00872886	00813978
00873469	00872886
00873682	00831651
00874002	00755745
00874067	00030358
00874175	00831651
00874621	00874067
00874806	00874067
00874977	00874806
00875141	00875394
00875246	00874067
00875394	01010118
00875671	00874067
00876332	00872886
00876542	00177127
00876542	00882159
00877083	00877327
00877127	00876874
00877327	00789138
00877559	00784342
00877625	00877127
00877848	00831651
00878052	00877127
00878136	00875394
00878221	00877127
00878348	00804476
00878456	00877127
00878636	01952898
00878648	00878456
00879271	00635850
00879356	00875394
00879607	00877127
00879759	00877127
00880227	00856824
00880269	00879759
00880662	00652466
00880978	00880227
00881441	00880662
00881545	00877127
00881649	00877127
00881998	00902932
00882045	00877127
00882159	00876874
00882220	00856824
00882523	01024190
00882682	01024190
00882702	00876874
00882802	01024190
00882948	00856824
00882961	00876874
00883139	00882961
00883226	00839834
00883297	00407535
00883635	00883226
00883847	00883635
00884202	00883297
00884311	00883297
00884317	01010118
00884466	00883297
00884540	00884011
00884946	00885217
00885082	00885217
00885217	02458103
00885569	00885217
00885858	00883297
00885925	02542280
00886039	00883297
00886173	00800930
00886272	00883297
00886602	00886759
00886699	00883297
00886807	00883297
00886978	00887463
00887081	00611433
00887463	01158872
00887702	00883297
00888009	00886281
00888150	00887463
00888786	00884011
00889026	00888786
00889229	00888786
00889294	00887081
00889472	00887081
00889555	00884011
00889740	00889555
00890100	00884540
00890441	00884466
00890855	00890590
00890941	00884466
00891071	00883297
00891216	00891936
00891850	00884466
00891936	02453889
00892861	00887081
00893167	00903385
00893435	00896141
00893741	00893435
00893878	00902424
00893955	00407535
00894221	00752764
00894359	00893955
00894365	00894738
00894552	00893955
00894738	00895304
00895135	00894552
00895304	00772189
00895501	00893955
00895680	00895501
00896141	00896497
00896348	00894552
00896497	01012073
00896688	00896348
00896803	01012073
00896832	00894552
00897241	00990655
00897564	00740577
00897746	00897564
00897811	00894552
00897989	00897811
00898019	00897241
00898127	00894552
00898286	00894552
00898518	00407535
00898691	00992041
00898804	00898518
00899292	00898518
00899352	00897241
00899597	00897241
00899927	00898518
00899956	00897241
00900070	00899927
00900207	00898518
00900214	00897241
00900375	00898518
00900581	00898518
00900583	00897241
00900726	00900375
00901083	00900375
00901103	00831651
00901476	00901316
00901651	00901103
00901789	00153288
00901789	00901083
00901799	01009240
00902289	00901799
00902424	00903385
00902932	00897241
00903212	00940384
00903309	00901083
00903559	00900375
00903711	00903385
00904046	00971650
00904428	00903559
00904494	00904046
00904623	00177127
00904623	00904428
00904878	00904046
00905283	00904046
00905399	00903385
00905677	00905399
00905852	00903385
00906037	00894738
00906367	00971650
00906735	01010118
00907340	00903559
00907657	00907147
00907800	00778275
00907919	00903559
00907930	00907147
00908099	00807178
00908133	00907919
00908351	01818235
00908492	00407535
00908621	00908351
00908772	00908492
00908909	00908492
00908977	02376958
00909219	00907147
00909573	00907147
00909899	00908909
00910135	00907147
00910203	00908909
00910891	00907147
00910973	00907147
00911048	00908909
00911261	00907147
00911350	00907147
00911562	00831651
00911572	00911048
00911752	00911048
00912001	00911048
00912048	00940384
00912274	00407535
00912473	00941990
00912822	00911048
00912833	00912473
00912960	00030358
00913065	00983824
00913795	00913065
00913982	00913065
00914061	00913065
00914215	00913065
00914343	00913705
00914420	00913065
00914632	00913705
00914634	00914420
00914769	00778275
00915041	00940384
00915265	00940384
00915423	00912473
00915605	00912473
00915722	00913705
00916011	00941990
00916123	00941990
00916285	00915722
00916464	00915722
00916679	00941990
00916909	00927049
00917211	00916464
00917300	00927049
00917614	00916464
00917651	00917772
00917759	00915722
00917772	00916909
00918312	00926702
00918383	00916464
00918471	00917772
00918580	00917772
00918746	00672433
00918820	00915722
00918976	00916464
00919424	00918872
00919513	00916464
00919608	00918872
00919877	01051331
00920125	00918872
00920510	13489037
00920778	00920336
00920929	00918872
00920956	00238022
00921072	00916909
00921300	00952524
00921738	00921300
00921790	15236475
00922144	00913705
00922327	00913705
00922438	00921738
00922867	00928015
00923307	00922867
00923444	01094725
00923793	00831651
00923802	00923444
00923995	00912960
00924431	00923793
00924579	00923995
00924612	00923793
00924777	00871942
00924873	00631737
00925110	00630380
00925207	00924825
00925372	00925110
00925490	00717358
00925735	00940384
00925873	00633443
00926156	00925873
00926472	00917772
00926668	00908909
00926702	00917772
00927049	00632627
00927261	00908492
00927430	00928630
00927516	00927261
00927711	00927430
00928077	00927261
00928371	00928077
00928630	02296153
00928751	00397953
00928947	00927261
00929362	00928630
00929839	00943837
00930368	00943837
00930599	00943837
00930736	00929718
00930806	00930599
00930868	00929718
00931040	00929718
00931232	00930599
00931453	00929718
00931467	00931852
00931608	00929718
00931721	00929718
00931847	00927261
00932088	00931847
00932161	01030132
00932298	00932088
00932324	00955148
00932624	00932088
00932636	00955148
00932798	00931467
00932804	00932088
00933000	00932088
00933154	00933000
00933239	00941990
00933403	00940384
00933420	00908492
00933566	00126264
00933821	00952524
00934744	00933821
00934965	00933821
00935005	00933420
00935247	00933420
00935264	00933821
00935456	00933821
00935827	00933821
00935940	00933420
00936169	00935987
00936330	00933821
00936456	00933420
00936465	00933821
00936620	00933420
00936620	06156968
00936763	00841986
00937023	00933821
00937476	00933420
00937656	06156968
00937879	00945255
00937895	00937656
00938247	00939277
00938419	00935940
00938791	00937476
00939035	00938247
00939277	00831651
00939452	00927261
00939628	00939452
00939818	00939628
00939857	00939277
00940412	00927261
00940709	00940412
00940842	00927261
00941037	00941990
00941140	00940842
00941166	00940384
00941451	00940842
00941719	00983824
00941777	00908492
00941974	00941777
00941990	00740577
00942234	00941777
00942988	00407535
00943187	00942988
00943281	00941990
00943436	00941990
00943563	00941990
00943600	00153288
00943600	00943187
00943732	00941990
00943837	00928630
00944548	00943837
00944788	00941990
00944924	00634472
00945205	00941777
00945255	00957679
00945777	00945401
00945853	00946105
00945916	00945401
00946060	00945401
00946105	01026095
00946588	00946755
00946650	00945401
00946755	01026095
00946806	00945401
00947077	00674607
00947128	00407535
00947439	00947077
00947591	00947077
00947596	00947128
00947719	00947128
00947857	00945255
00947923	00947719
00948071	00918872
00948206	00947128
00948707	00948071
00948853	01030132
00948868	00947128
00949093	00948853
00949134	00947128
00949288	00948071
00949619	00609953
00949619	00949134
00949841	01000214
00949974	00868591
00950206	02530167
00950670	00978549
00950782	00978549
00950858	00949619
00950936	00978549
00951069	00978549
00951206	00978549
00951399	00978549
00951433	00948206
00951601	00978549
00951626	00948206
00951781	00948206
00951911	00983824
00952039	00978549
00952182	00978549
00952214	00875246
00952524	00831651
00952841	00952524
00952963	01080366
00953058	00953216
00953216	00831651
00953559	00952963
00953923	00953216
00954038	00953216
00954086	00952963
00954137	00953216
00954311	00952963
00954422	00833199
00954608	00952524
00954751	00952963
00955060	00407535
00955148	00928630
00955565	00955060
00955601	00939857
00955806	00952963
00955987	00952963
00956250	00955601
00956405	00839834
00956485	00953559
00956687	00609683
00957378	00947077
00957679	00983824
00958334	00952524
00958477	00953559
00958823	00958334
00958896	01080366
00959027	00958334
00959367	00958334
00959524	00931467
00959645	00959376
00959827	00958334
00959992	00955060
00960562	00960734
00960734	00126264
00960851	00954311
00960961	00959827
00961001	00960851
00961329	00938247
00961586	00938247
00961594	00954311
00961736	00958334
00962129	00958896
00962190	00980453
00962447	00740577
00962567	00973077
00962722	01080366
00963241	00962129
00963283	00962447
00963447	00962129
00963452	00962447
00963570	00740577
00963896	00962129
00964110	00963570
00964343	00953559
00964478	00962447
00964569	00037396
00964911	00813978
00965035	00831651
00965404	00964569
00965542	00907147
00965687	00974367
00965871	01009240
00965895	00964569
00966384	00965895
00966504	00780889
00966599	00965895
00966718	00403092
00966869	00965895
00967098	00831651
00967157	00965895
00967310	00965895
00967455	00662589
00967625	00954608
00967780	00973077
00967993	00954311
00968211	00954608
00968479	00968155
00968715	00968479
00969137	00973056
00969260	00973056
00969370	00968211
00969506	00973056
00969769	00969506
00969873	01835496
00970215	00968211
00970645	00955060
00970732	00976653
00971015	01029852
00971309	00952963
00971463	00955060
00971650	00822367
00971802	01170962
00971999	00971650
00972191	00971650
00972608	00971650
00972621	00955060
00973056	00954608
00973077	00952963
00973530	00973056
00973888	00973056
00974031	02680814
00974173	00952524
00974224	00953559
00974367	00831651
00974444	00953559
00974762	00972621
00974786	00974367
00975036	00983824
00975270	00972621
00975452	00972621
00975584	00974367
00975781	00972621
00975902	00974367
00976085	00556313
00976270	00556313
00976365	00975902
00976487	00976653
00976653	00856824
00976698	00975452
00976953	00975452
00977301	00972621
00977336	01010118
00978173	00972621
00978173	01029500
00978369	01009240
00978413	00972621
00979411	00978549
00979667	00978549
00979988	00978549
00980038	00955060
00980176	00978549
00980339	00978549
00980394	00980038
00980453	00943837
00980904	00955060
00980908	00980453
00981083	00980453
00981180	00955060
00981276	00980453
00981369	00981180
00981544	00941990
00981814	00941990
00981944	00941990
00982178	00978549
00982514	00169806
00982852	00981830
00983333	00978549
00983635	00978549
00983982	00955060
00984609	00981830
00985106	00984609
00985800	00983824
00985921	00984609
00986275	00981830
00986750	00983824
00986897	00983824
00986938	00972621
00987071	01001294
00987345	00987071
00987863	00986938
00988028	00940384
00988287	00988028
00988320	00986938
00989084	00987071
00989602	00941990
00990008	00989602
00990249	00989201
00990392	00990655
00990655	01849221
00990812	01029852
00991151	00990812
00991385	00829107
00991683	00974367
00991900	00991683
00992041	00740577
00992331	00646833
00992518	00992041
00993014	00740577
00993787	00945401
00993892	00115157
00994076	00993892
00994449	00986938
00994454	00995838
00994682	00995838
00994895	00994449
00994895	00995838
00995103	01020356
00995134	00954751
00995286	01020356
00995838	00993014
00996056	00967780
00996102	00995838
00996513	00788766
00996817	00973077
00996969	00407535
00997794	00889229
00998037	00996969
00998196	00996969
00998399	01000214
00998604	00996969
00998886	00998399
00999089	00996969
00999245	00407535
00999270	00998399
00999588	00999245
00999787	00999245
00999815	00179311
01000068	00999787
01000214	02225492
01001097	00999787
01001136	01000214
01001294	00955601
01001643	01000214
01001857	02471690
01002297	01000214
01002413	00996969
01002677	00996969
01002740	01000214
01002956	00996969
01003049	01000214
01003272	00996969
01003570	00996969
01003588	01003249
01003729	01003570
01003741	01002740
01003885	01003249
01004062	01000214
01004403	00190023
01004550	01000214
01004582	00996969
01004692	00993014
01004775	00996969
01004961	00996969
01005284	00996969
01005579	00996969
01006239	00993014
01006421	00987071
01006675	01002677
01007053	01006675
01007222	00790703
01007463	01006675
01007495	00740577
01007609	01007463
01007676	00790703
01007924	00958334
01008288	01007924
01008378	00407535
01008437	01007924
01008546	01007924
01008801	00939628
01008903	01007924
01009190	01008378
01009240	00940384
01009637	01009190
01009871	01008378
01010118	01009240
01010334	01009871
01010458	01009871
01010684	01010458
01011166	01008378
01011425	01011166
01012073	01011725
01012561	01012073
01012712	01012360
01013040	01010118
01013156	01012712
01013316	01012712
01013367	00943837
01013434	01012712
01013604	01012712
01013770	01012712
01013856	01013367
01014066	01012360
01014186	01013367
01014362	01013367
01014609	01013367
01014731	01014066
01014821	01010118
01014990	01014066
01015104	01014821
01015175	01014990
01015244	00831651
01015310	01014990
01015689	01014066
01015866	01015244
01015996	01014066
01016002	01016778
01016201	01014066
01016316	01016002
01016420	01014066
01016626	01016316
01016778	00818974
01016832	01012360
01016973	01008378
01017222	02724417
01017320	00407535
01017550	01017320
01017701	01017320
01017826	01018352
01017987	00407535
01018352	00752764
01018366	01017987
01018630	01017987
01018928	00888786
01019129	01018630
01019372	01018630
01019472	00890100
01019643	01011031
01020005	01009240
01020117	01018630
01020356	00993014
01020934	01020356
01020936	01019524
01021420	00805376
01021579	01017987
01021889	01017987
01021973	00955601
01022008	01017987
01022178	01017987
01022420	00634472
01022483	00209943
01022906	00941990
01023071	01059123
01023259	00958334
01023574	01024190
01023636	01184814
01023820	00407535
01024190	00730052
01024392	01023820
01024643	01023820
01024763	01024190
01024811	01023820
01024864	01024190
01025089	01024190
01025246	01024190
01025602	01027174
01025785	01024190
01025935	01024190
01026095	00931467
01026482	01023820
01026728	00927430
01026975	00955148
01027174	01009240
01027379	00407535
01027508	01010118
01027662	01027379
01027668	01010118
01027859	00413239
01027924	01027668
01028079	01028748
01028082	01027379
01028381	01027379
01028640	01028748
01028655	00407535
01028748	01029852
01029114	01028655
01029406	01028082
01029500	01028748
01029671	01029406
01029852	01030132
01030397	02449340
01030820	00410247
01030832	00884540
01031109	00971015
01031194	01029406
01031256	02232190
01031563	00410247
01031705	00410247
01031756	01031256
01032040	01028082
01032127	01031256
01032368	01032040
01032451	00790703
01032840	00740577
01033189	00939277
01033346	01033189
01033458	01029406
01033527	00964911
01033714	01033458
01033903	01033458
01034077	01033458
01034118	01033527
01034312	01033527
01034925	01028082
01034932	02557199
01035199	00768778
01035380	00763399
01035803	01035530
01035853	01034925
01036319	00137313
01036333	01030820
01036778	01027859
01036804	00941990
01036996	01027859
01037303	00941990
01037498	00941990
01037650	01036804
01037819	01034925
01037910	00962447
01038434	01037910
01038538	01037910
01038666	00964694
01039140	01034925
01039162	01038666
01039307	01039140
01039330	00740577
01039925	01028082
01040128	01039925
01040390	01039925
01040550	01039330
01040646	01039925
01040707	00838043
01041111	01206153
01041298	00941990
01041415	00992041
01041674	00712833
01041674	01028082
01041762	00792471
01041954	00962447
01041968	01028655
01042228	01041954
01042242	01028082
01042531	00941990
01042764	01041968
01043189	01042764
01043231	00983824
01043333	01042764
01043333	08457976
01043612	01039330
01043820	01028655
01043887	02176268
01044114	00941990
01044377	01044114
01044448	01028655
01044533	00941990
01044811	00941990
01044867	01044448
01044983	01044448
01045073	00983824
01045091	01044448
01045306	01044448
01045419	00983824
01045719	00983824
01046006	01028655
01046059	02172888
01046441	01028655
01046480	01046059
01046932	00913065
01046984	00407535
01047263	01046932
01047338	07357388
01047381	00983824
01047596	00941990
01047745	00983824
01047803	01047338
01047937	01047338
01048059	01047338
01048073	00941990
01048171	01047745
01048210	01047338
01048330	00983824
01048466	01046984
01048492	00907147
01048569	00912473
01048718	00983824
01048912	00407535
01048939	00913065
01049266	01048912
01049475	01048912
01049685	01048912
01049737	01729431
01050165	01049737
01050187	01048912
01050313	00971650
01050627	01048912
01050651	01729431
01050896	01729431
01051118	00952182
01051331	00407535
01051364	01712704
01051801	01051331
01051956	00941990
01052215	01051331
01052301	00983824
01052372	01051331
01052450	01051331
01052618	01051331
01052739	01051331
01052782	00983824
01052853	01051331
01053067	01051331
01053207	01051331
01053221	00983824
01053339	00983824
01053404	01051331
01053617	00030358
01053623	01052301
01053771	00983824
01053920	00030358
01054186	00941990
01054227	01053920
01054335	01053920
01054399	00983824
01054545	01054335
01054553	00983824
01054694	00983824
01054849	00983824
01054876	01054545
01055018	00983824
01055146	00978549
01055165	01054545
01055266	00978549
01055404	00978549
01055558	00978549
01055661	00978549
01055978	00978549
01056369	00983824
01056411	01053617
01056554	00941990
01057034	00778275
01057200	00407535
01057759	01057200
01058036	00126264
01058049	01057759
01058224	02172888
01058291	01057759
01058426	00983824
01058870	01058049
01058880	01058574
01058995	01058574
01059123	00717358
01059564	02514187
01059719	01057200
01059743	00983824
01060198	00983824
01060234	01057200
01060746	00740577
01061017	00740577
01061320	00742320
01061333	00407535
01061481	00931467
01062165	00862683
01062253	00742320
01062395	00665476
01062555	02232190
01062583	00030358
01062739	00790703
01062817	01062583
01062997	01062817
01063188	01018928
01063350	01062817
01063695	00752764
01063697	01062817
01064148	01062583
01064401	00983824
01064560	00776988
01064696	02421374
01064758	01064148
01064863	01064148
01065057	01064863
01065441	01062583
01065630	00941990
01066163	01062583
01066775	00941990
01066881	01066163
01067002	00941990
01067070	01066881
01067192	01022483
01067362	01066163
01067512	00943837
01067577	01066163
01067664	00940384
01067816	00983824
01067819	01066163
01068134	00993014
01068184	00383952
01068633	00383952
01068773	01069578
01069125	01068773
01069311	01069578
01069391	01295275
01069578	00803617
01069638	02255268
01069809	00729378
01070102	02376958
01070187	01069980
01070708	00803617
01070892	01068773
01071090	01141841
01071155	00906735
01071474	00742320
01071632	00742320
01072072	00407535
01072236	00407535
01072236	06880249
01072565	00191142
01072780	01072565
01072949	01072262
01073241	01072780
01073655	01073241
01073824	01073241
01073995	00030358
01074252	01073995
01074498	01073995
01074694	01074498
01075117	00954086
01075164	01072949
01075725	01074498
01076046	00030358
01076359	01073995
01076370	01072949
01076488	01073995
01076863	01076488
01076863	05943300
01076953	01076615
01077329	01076615
01077350	01073995
01077568	01076615
01077881	01077350
01077887	01076615
01078050	01076615
01078086	01077350
01078235	01076615
01078783	01079480
01079042	01077350
01079172	01078783
01079396	01077350
01079604	01077350
01079873	01158872
01080064	01158872
01080366	00029378
01080366	00030358
01080691	01405044
01081152	01078783
01081456	01080366
01081505	01072262
01081852	01072949
01082153	01090335
01082290	01210737
01082454	01072949
01083077	00030358
01083373	01108148
01083504	01083077
01084180	01083645
01084331	01111816
01084466	01111816
01084588	01111816
01084637	01083645
01084866	01111816
01084932	01083645
01085098	01083645
01085237	00672277
01085337	01083077
01085474	02513460
01085677	00680145
01085793	01083077
01085937	01085793
01086081	01085793
01086103	01072262
01086356	01086081
01086572	01086081
01086945	13265904
01087178	01086945
01087559	01087197
01087740	01087178
01088005	02314275
01088192	01097743
01088304	01086945
01088381	01098869
01088547	01088749
01088749	01182709
01088923	01850315
01089483	13265904
01089737	01089878
01089778	01086081
01089878	02428924
01090446	01106808
01091427	01090335
01091844	01091427
01091905	01090446
01092366	01090335
01093172	01090335
01093380	01093085
01093587	00764902
01094086	01086103
01094725	01090446
01095218	02410855
01095753	00796886
01095899	01095218
01096245	01095753
01096454	01096245
01096497	01095218
01096860	01095218
01097031	02708420
01097292	00407535
01097500	02471327
01097743	01474550
01097960	00792471
01098206	01097743
01098452	01097500
01098698	01094725
01098706	01097192
01098869	00126264
01098968	01098698
01099436	01098698
01100567	01100145
01101103	01101913
01101218	01111816
01101329	01094725
01101753	01101329
01101913	01108148
01101958	01094725
01102667	01101913
01102839	01101913
01102997	01101913
01103000	00606370
01103159	01094725
01103180	01108148
01103603	01101913
01103614	01103159
01103693	01108148
01103788	01094725
01103836	00126264
01104018	01101913
01104248	01101913
01104376	01101913
01104406	01094725
01104509	01131473
01104624	01101913
01104637	01094725
01104852	01105639
01105097	01105639
01105186	01105639
01105259	01094725
01105385	01105639
01105526	01105639
01105639	01101913
01105737	01105259
01105909	01105259
01106272	01105259
01106377	01105639
01106504	01105639
01106587	01105259
01106670	01105639
01106808	01080366
01106864	01105639
01107254	01105639
01107359	01106808
01107439	01105639
01107544	01105639
01107625	01105639
01107726	01106808
01107806	01105639
01107932	01106808
01108053	01105639
01108402	01107932
01108627	01101913
01108753	01108402
01109087	01108148
01109259	01101913
01109431	01101913
01109467	01106808
01109687	01093085
01109863	01076615
01110274	01106808
01110661	01110517
01110880	01105639
01111375	01106808
01111750	01090446
01111816	01111028
01112364	02526085
01112420	01090446
01112584	01112364
01112979	01111816
01113068	01090446
01113134	01111816
01113264	01111816
01113473	01111816
01113806	00249313
01113867	01090446
01114303	01108148
01114475	01101913
01115162	01117541
01115190	00417001
01115411	01111816
01115916	01091427
01116026	01113068
01116466	00646833
01116466	00996969
01116585	01091427
01116968	01113068
01117164	01094725
01117318	00996969
01117484	01072949
01117541	01113068
01117723	14485064
01118449	02367363
01118614	01117723
01119030	01120069
01119169	01090335
01119620	01117723
01119950	01120069
01120448	01090446
01120900	01120069
01121070	01120448
01121508	01101913
01121690	01120448
01121855	01120448
01121948	01090335
01122149	01120448
01122194	01072262
01122601	01122149
01122736	01090335
01122754	01122149
01123095	00279835
01123415	01835496
01123598	01080366
01123765	01090335
01123887	01119169
01124794	01123598
01125084	01119169
01125562	01124794
01125693	01124794
01125724	00222472
01126051	01119169
01126335	01124794
01126360	01119169
01126846	01127411
01126856	01125693
01126961	01476483
01127019	01123598
01127075	01476483
01127215	01476483
01127245	01127019
01127379	01127019
01127411	01119169
01127623	01127019
01127795	02450505
01128071	01127795
01128193	01127795
01128390	01123598
01128655	01128390
01128984	01123598
01129201	01128193
01129337	01128193
01129876	01128193
01129920	01123598
01130169	01128193
01130455	01128193
01130607	01128193
01130930	01130607
01131197	01091427
01131473	01127795
01131515	01129920
01131794	00829378
01131902	01119169
01132980	01131902
01133106	01123598
01133281	01123598
01133288	01131902
01134037	01133281
01134479	01133281
01134522	01097743
01134699	01134479
01134781	01133825
01134861	01133281
01135501	01134781
01135529	01133281
01135795	01135529
01135922	01131902
01135952	01133281
01136519	01135952
01136614	01134781
01137138	00069879
01137582	01133825
01137696	00173338
01137829	02339413
01137987	01136519
01138204	02637938
01138523	01072949
01138670	01133281
01138911	01138523
01139000	01138670
01139104	01155687
01139194	01138670
01139380	01139104
01139623	01139104
01139830	01138670
01139865	02169352
01140315	01140794
01140471	01138670
01140515	01439190
01140654	01072949
01140658	01140471
01140794	01439190
01140839	01138670
01141160	01140839
01141593	01139194
01141612	01140794
01141763	01141612
01141841	01139194
01141938	01143838
01142203	01143838
01142324	01139194
01142519	01133281
01142761	01143838
01142899	01143838
01143040	00407535
01143498	01143838
01143713	01140794
01143838	01480149
01144133	01143040
01144355	01144133
01144550	01143838
01144657	02153709
01144716	01143040
01144873	01143838
01144876	01133281
01145015	01080366
01145024	01143838
01145163	02001858
01145359	00803617
01145612	01143838
01145766	01143838
01145944	01143838
01146039	01145359
01146051	02406916
01146288	01145359
01146768	01146576
01146793	01072949
01146918	01090335
01147060	01146918
01147451	01145359
01147950	01145359
01148182	01079604
01148283	01127623
01148614	01145359
01149138	02453889
01149303	01148614
01149480	01148614
01149911	00356790
01150164	01118449
01150200	01123598
01150370	00099721
01150467	01150200
01150559	01151110
01150938	01123598
01150981	01150559
01151097	01150938
01151110	01987160
01151407	01150938
01151788	01123598
01152033	01123598
01152040	01151110
01152214	01151110
01152396	02524171
01152583	01123598
01152670	02604760
01152787	00237078
01152973	00237078
01153007	01150559
01153305	00237078
01153486	02499629
01153548	01123598
01153762	01153486
01153947	01153762
01154237	01153548
01154554	02016523
01154957	01101913
01155044	01153548
01155421	01088923
01155687	01138523
01155893	01153548
01156115	01155687
01156438	01123598
01156899	01156438
01157138	01156899
01157384	01156899
01157517	02267060
01157557	01158190
01157850	01156438
01158022	01157517
01158064	01157850
01158181	02267060
01158190	01123598
01158543	01156438
01158690	01123598
01159025	01158690
01159461	00037396
01159776	01158690
01159964	01159776
01160342	01123598
01160370	01158872
01160729	01161161
01161017	01160342
01161087	01158872
01161161	01160342
01161290	01158872
01161635	01160342
01161695	01158872
01161821	01160342
01162143	01158872
01162257	01163047
01162291	01156834
01162376	01160342
01162425	01158872
01162754	01158872
01163047	01160729
01163316	01160729
01163429	01163047
01163620	01164273
01163779	01161161
01163847	01164273
01164081	01163620
01164273	01158872
01164568	01164273
01164618	01163779
01164874	01163779
01165043	01156834
01165290	00273445
01165537	01160342
01165579	01158872
01165692	01146576
01165919	01071411
01166093	01158872
01166351	01156834
01166517	01080366
01166926	01080366
01167146	01166926
01167188	01166351
01167385	01167146
01167710	00958896
01167780	01178565
01167981	01166351
01168369	01177033
01168468	01156834
01168468	01166351
01168569	01080366
01168961	01168569
01169067	01168468
01169317	01080366
01169433	01170052
01169589	01182709
01169704	01170052
01169744	01169317
01170052	01156834
01170175	01167710
01170813	01169317
01170962	00958896
01170983	01170052
01171183	01156834
01171644	01170962
01172114	01171183
01172252	01170962
01172275	01165043
01172441	01170962
01172598	01221790
01172701	01156834
01172784	01170962
01173038	00349369
01173405	01166351
01173660	01173038
01173813	01168468
01173826	01170962
01173965	01173038
01174251	01173965
01174294	01168468
01174555	01168468
01174645	01173965
01174742	01173405
01174973	01201089
01174988	01173038
01175224	01201089
01175467	02546075
01176079	01166351
01176219	01170962
01176232	01182709
01176335	01170962
01176431	01170962
01176567	01176232
01176897	01182709
01176931	01169317
01177033	01169317
01177118	01165043
01177314	01176897
01177505	02061846
01177583	01173826
01177699	01179865
01177703	01177033
01178220	01178565
01178565	01182709
01179155	01178565
01179167	01177703
01179865	01156834
01180200	01179707
01180206	01182709
01180351	01182709
01180701	01180351
01180975	01182709
01181166	02327200
01181295	01182709
01181475	01080366
01181559	01182709
01181902	01184814
01182021	01182709
01182293	01182709
01182654	01184814
01182709	02199590
01183031	01182654
01183166	01182654
01183373	01182654
01183497	01182654
01183573	01182709
01183638	01182654
01183798	01182654
01184058	01182709
01184407	01181902
01184625	02203362
01184814	01181475
01185292	01184814
01185304	01166351
01185475	01178565
01185611	01184814
01185981	01166351
01185981	01187810
01186192	01187810
01186208	01194418
01186428	01178565
01186578	01184814
01186810	01184814
01186958	02313250
01187537	00358431
01187620	01184814
01187740	02313250
01187810	01181475
01188144	00065070
01188273	01187810
01188485	01825237
01188537	01187810
01188725	02604760
01188783	01187810
01189001	01187810
01189224	01189427
01189282	01189001
01189427	01196037
01189604	01196037
01189650	01187810
01189929	01187810
01190012	01189604
01190172	01187810
01190277	01171183
01190364	01187810
01190494	00019448
01190561	01187810
01190840	01171183
01190884	01187810
01191158	01187810
01191645	01157517
01191755	05788149
01191838	01191645
01191975	01187810
01192150	01191975
01192510	01158872
01192773	02609764
01193099	01166351
01193721	01156834
01194021	01189282
01194114	01183573
01194125	01189282
01194225	01189282
01194238	00235368
01194331	01181475
01194777	01185981
01194904	00156812
01194938	00126264
01195299	01156834
01195380	01080366
01195584	00030358
01195675	01195299
01195867	01184814
01196316	01195867
01196364	01196037
01196524	02534062
01196653	01168468
01196759	01195867
01196802	01168468
01197338	00515154
01197980	01156834
01198101	01156834
01198307	01181902
01198588	01181902
01198616	01198101
01198750	01181475
01198779	01198101
01199009	00005041
01199035	01198750
01199213	01200440
01199365	01195867
01199365	01199213
01199697	01184814
01199881	02759614
01200068	01200440
01200440	01156834
01200806	01200440
01201021	01080366
01201089	01394464
01201271	01201021
01201429	07362075
01201574	01201089
01201693	01201089
01201773	01201021
01201856	01156834
01202068	01170052
01202184	01201021
01202374	01170052
01202415	01080366
01202728	01182709
01202904	01080366
01203074	01202728
01203234	01183573
01203500	01177699
01203676	01202904
01203715	01162754
01204021	01183573
01204055	01203676
01204191	01178565
01204419	01203676
01204439	01178565
01204677	01182709
01204803	01158181
01205000	01157517
01205010	01203676
01205156	01202904
01205341	01202904
01205459	01156834
01205827	01202904
01205961	01202904
01206153	01202904
01206553	01206153
01206849	01206218
01207527	00126264
01207609	00407535
01207951	01205696
01208291	01207609
01208400	01332730
01208460	01207609
01209135	00137313
01209220	01207609
01209576	01207609
01209953	01206218
01210152	01206218
01210352	01206218
01210737	01206218
01210816	01207609
01211019	01207609
01211019	01210737
01211098	01226215
01211339	00112312
01211667	01209220
01211699	01210737
01211888	00395333
01212225	01211888
01212519	01207609
01212572	01214265
01212882	01212519
01213614	01214265
01213702	01212882
01214171	01212519
01214746	01214171
01214786	00435853
01215137	01212572
01215168	01212519
01215392	01212519
01215421	01212572
01215694	02339413
01215719	01212519
01215851	01212572
01215902	00407535
01216004	01216670
01216515	01215902
01216522	01216004
01217306	01216515
01217617	01217043
01217859	00037396
01218084	01217043
01218327	01217859
01218396	01217043
01218593	01215392
01218791	01217043
01218932	01218766
01219004	01217043
01219075	01218593
01219282	01219004
01219306	01219075
01219544	01974062
01219551	01215392
01219706	01217043
01219893	00874621
01219993	00220869
01220152	01219893
01220303	01216670
01220336	01220619
01220619	06710546
01220636	01422886
01220885	01205696
01220984	00407535
01221542	01220885
01221611	01220984
01221684	01220885
01221790	01221611
01222328	01212572
01222477	01221611
01222645	01907258
01222666	01222477
01222859	01221790
01223182	00140967
01223488	00874621
01223616	01222645
01223833	01223616
01223877	01220984
01224001	01212572
01224031	01220984
01224415	01211699
01224517	01224031
01224744	01211699
01225027	01224031
01225397	01225027
01225461	01224744
01225562	01224031
01225783	01224031
01225970	01206218
01225997	01225783
01226215	01225970
01226600	01226215
01226875	01227675
01226941	00034574
01227190	00034574
01227235	01227675
01227675	02016523
01227908	00037396
01228102	00037396
01228877	01227908
01229071	01227675
01229938	01080366
01229976	01899262
01230241	01441100
01230283	01229938
01230350	01899262
01230555	01410223
01230850	01229938
01230965	01229938
01231252	01871979
01231652	00069879
01231819	01229938
01231980	01229938
01231980	01231652
01232098	01549905
01232272	01556572
01232387	01556572
01232738	01211699
01233027	01410223
01233156	01230965
01233194	01363648
01233387	01332730
01233397	01080366
01233993	01332730
01234625	01575675
01234729	01080366
01235137	01234729
01235258	01234729
01235355	01211699
01236164	01206218
01236173	00958896
01236296	00958896
01236795	01236164
01236941	01236164
01237167	00964343
01237231	01236164
01237415	00378985
01237872	01237415
01238058	00367976
01238204	01236164
01238358	01236164
01238424	01237415
01238640	01410223
01239064	01080366
01239359	01974062
01239494	01231252
01239619	01236164
01239862	01410223
01239868	01239064
01240210	01239064
01240308	01236164
01240432	01240210
01240514	01240720
01240720	01206218
01240979	00215314
01241073	01230710
01241331	01247647
01241379	02339413
01241594	01247647
01242391	01400044
01243089	01069980
01243474	01410223
01244178	01393339
01244351	01532589
01244516	00173338
01244593	00095502
01244853	01532589
01244895	00217014
01245052	01532589
01245159	00219012
01245490	01245637
01245618	00430140
01245637	00293141
01245813	01245618
01245986	01245637
01246095	01245637
01246541	00972621
01246601	00126264
01246697	00759694
01246697	01246541
01246926	01246541
01247306	00220522
01247306	01246926
01247413	00095502
01247426	01494310
01247647	00095502
01248023	01247804
01248075	00070965
01248191	00049003
01248205	01494310
01248405	01494310
01248597	01240514
01249060	01018630
01249294	01255967
01249315	01071411
01249483	00217014
01249490	01552519
01249616	00217014
01249724	01212230
01249816	00217014
01249816	00736375
01249991	00213052
01250335	00220522
01250474	01249724
01250908	01205696
01251228	01249724
01251270	00995134
01252124	00030358
01252216	01251928
01252280	00237078
01252425	01534147
01252566	00315986
01252601	01252425
01252730	01534147
01252800	01022483
01252875	01534147
01252971	00356258
01253060	00044455
01253277	01253060
01253379	00995134
01253665	00231887
01253778	00545501
01253808	01254013
01254013	01254324
01254051	01254253
01254253	01016832
01254324	00173338
01254473	00315986
01254477	01552519
01254685	00545501
01254692	00173338
01254882	01254685
01254978	00545501
01255057	00173338
01255222	01299268
01255355	01513430
01255624	01552519
01255648	00545501
01255807	01255624
01255935	00545501
01255967	01552519
01256157	01552519
01256157	01659248
01256374	01659248
01256417	00407535
01256487	01494310
01256600	01552519
01256743	01256417
01256867	01552519
01257145	00407535
01257173	01552519
01257542	00402535
01257701	00095502
01258091	01552519
01258161	00120202
01258251	00095502
01258302	01552519
01258642	01258302
01258719	00231887
01258828	01258302
01258852	00231887
01259005	01552519
01259034	01071411
01259380	00457382
01259458	01552519
01259691	01557774
01259773	00242808
01259951	01259691
01260159	01259691
01260291	01659248
01260309	00819024
01260867	00242808
01261018	00173338
01261490	00242808
01261491	01264283
01261628	01264283
01261712	00242808
01261773	01264283
01262113	01659248
01262441	00394803
01262470	01264283
01262574	00391599
01262713	00391599
01262936	01263479
01263018	00744443
01263257	00350030
01263479	00173338
01263659	00173338
01263711	00035189
01264050	00037396
01264148	00173338
01264243	00037396
01264283	01332730
01264447	00407535
01265176	00117959
01265246	01264283
01265475	00037396
01265740	01264283
01265989	01264283
01266152	00407535
01266491	00030358
01266895	01264283
01266945	00248977
01267098	01264283
01267475	01267098
01268112	01332730
01268457	01332730
01269008	01264283
01269379	01332730
01270589	01269008
01270784	01332730
01271189	01332730
01271658	01654628
01272582	02499629
01273016	01531742
01273263	00508032
01273814	01356370
01274341	00173338
01275516	00126264
01275762	01276970
01276192	01275762
01276361	01275762
01276970	01555742
01277431	01309701
01277649	01552519
01277784	01277974
01277974	00356258
01278427	01277974
01278817	01278427
01279015	01278427
01279631	01280014
01280014	00140967
01280488	01831531
01280645	01280014
01280808	01280014
01280958	01280014
01281184	01280014
01281611	00090708
01281782	01282545
01282413	01309701
01282545	00449692
01282888	01282545
01283208	01332730
01284271	01339505
01284461	01519977
01284908	00126264
01285440	01340439
01286038	01285440
01286290	01285440
01286777	01340439
01286913	01301410
01287242	01286913
01287388	01286913
01288052	01301410
01288201	01288052
01288554	02421374
01289155	01285440
01290255	01205696
01290422	01291069
01291069	01354673
01291707	01295275
01292169	01295275
01292727	01292534
01292885	01295275
01293389	01295275
01294026	01292885
01294182	01557774
01294396	01556921
01295275	01354673
01296462	01354673
01297401	01296462
01298283	01296462
01298668	01356038
01298931	01298668
01299268	01299758
01300437	01283208
01300655	01301051
01300937	01301051
01301051	00233335
01301410	00512186
01302183	01301410
01302365	01301410
01302982	01340439
01304466	01340439
01304716	01340439
01305099	01340439
01305241	01305542
01305361	02085742
01305542	01340439
01305731	01931768
01306175	01340439
01306654	01309143
01306853	01380638
01307142	00356258
01307609	01307142
01308008	01307142
01308160	01249724
01308381	01494310
01308681	01494310
01309143	01555742
01309478	00069879
01309701	00173338
01310249	01309701
01310660	00173338
01310964	01310660
01311378	01282545
01311896	01310660
01312371	00173338
01312810	01309701
01313249	01363648
01313923	02238085
01314388	00015388
01314663	00015388
01314738	01315613
01314781	00015388
01314910	00015388
01315213	00015388
01315330	00015388
01315333	01315613
01315581	00015388
01315805	00015388
01316288	00015388
01316401	01315613
01316619	01315613
01317064	01315613
01317541	00015388
01317723	02131279
01317916	00015388
01318053	01317541
01318478	00015388
01318659	01317723
01318660	00015388
01318894	00015388
01319001	00015388
01319187	00015388
01319467	00015388
01319562	01552519
01320009	01380638
01320314	00004475
01320513	01321002
01320669	01321002
01320872	00015388
01321002	00430370
01321230	00015388
01321456	00015388
01321509	01321002
01321579	00015388
01321671	01321002
01321854	01321579
01321895	01256600
01322221	01321854
01322223	01256600
01322391	01321895
01322509	01552519
01322675	01552519
01322685	01321854
01322854	01323958
01323338	01323958
01323355	01321230
01323518	01323958
01323599	00015388
01323781	00015388
01323793	01323958
01324142	00015388
01324305	00015388
01324610	00015388
01324799	00015388
01324916	00015388
01325060	00015388
01325417	05470189
01326015	05470189
01326291	00004475
01326730	01323958
01327028	00004475
01327301	01323958
01327322	00004475
01328513	01296462
01328702	01326291
01328705	01296462
01329026	01328513
01329141	01328705
01329186	01328702
01329239	01340439
01330093	01329239
01330269	01329239
01330497	01335659
01330676	00260648
01330822	01329239
01331348	01329239
01331518	01329239
01331689	01329239
01332205	01296462
01333082	01329186
01333301	01329186
01334862	01328702
01335460	01328702
01335588	01332730
01335659	01328702
01335804	01332730
01336159	01332730
01337224	01332730
01337653	01332730
01338113	01332730
01338663	01332730
01338685	01335659
01338908	01338685
01340283	01296462
01340439	01296462
01341876	07940552
01342124	01340439
01342269	01326291
01342529	08106934
01343892	01290422
01344293	01519977
01344903	01340439
01345877	01301410
01346804	00146138
01347199	08106934
01347298	02422663
01347431	08221348
01347583	01342269
01347678	01347298
01348174	01340439
01348530	01326291
01349130	01223182
01349318	01351170
01349493	01609287
01349495	01348530
01349735	01348530
01349948	01355326
01350226	01349948
01350226	02842303
01350283	01212572
01350449	02367363
01350699	01223182
01350971	01593937
01350994	01355326
01351170	00173338
01351170	01350994
01351601	01351170
01351754	02210855
01352010	01351754
01352059	08107499
01352574	08108972
01352996	02045043
01353169	02045043
01353405	01423285
01353670	01340439
01354006	01345109
01354149	01352059
01354869	08221348
01355326	01342269
01355326	01348530
01355646	01354673
01356038	01556921
01356086	01342529
01356370	01296462
01356459	01352059
01356582	01356370
01356750	01290422
01356888	01352574
01357288	01478603
01357328	01355326
01357429	01340439
01357507	01355326
01357507	02842303
01357707	08221348
01358023	00182406
01358191	02327200
01358259	08103777
01358328	01332730
01358572	01355326
01358904	01352059
01359070	01352059
01359145	00126264
01359432	01463963
01359488	01352059
01359917	01351170
01360330	01342529
01360571	01463963
01360712	01352059
01360899	01264283
01360937	01352574
01361261	01355326
01361561	01360899
01361973	01352574
01362196	01352574
01362336	01355326
01362480	01352574
01362568	01332730
01362623	01355326
01362736	01264283
01363121	01355326
01363423	01352059
01363482	01332730
01363648	01332730
01363719	01355326
01364008	01352574
01364162	01355326
01364184	01363648
01364357	02191766
01364587	01352059
01365131	01332730
01365355	01362736
01365549	01340439
01366015	01352059
01366276	01355326
01366653	01340439
01367069	01340439
01367083	01355326
01367266	01340439
01367430	01352059
01367772	01355326
01368216	01367772
01368597	00126264
01368863	01368597
01368973	01367772
01369204	01369346
01369758	01564144
01370913	01342529
01371201	01494310
01371454	01892104
01371483	01355326
01371756	01511706
01372189	01511706
01372408	01371756
01372556	01370561
01372682	01376245
01373138	01372682
01373826	01355326
01373844	01376245
01374020	01376245
01374457	01348530
01374465	01374020
01374587	01374020
01374767	01376245
01374989	01342529
01375204	01355326
01375637	01377032
01375909	01375637
01376082	01374767
01376237	01375204
01377032	01378556
01377092	01355326
01377571	01377032
01377758	01376245
01377906	01342529
01377940	02028994
01378123	01378556
01378137	01352059
01378346	01352574
01378545	01355326
01378800	01352059
01379252	01352574
01379389	01350855
01379636	01352059
01379954	01352574
01380118	01355326
01380122	01831531
01380298	01349495
01380298	01380118
01380489	01352574
01380902	01352574
01381044	01355326
01381357	01380638
01381399	01342529
01381549	01380638
01381604	01352059
01381796	02304982
01381913	01380638
01382033	01355326
01382083	01380638
01382818	01480149
01382839	01352574
01382917	01380638
01383393	01380638
01383511	01380638
01383638	00004475
01383646	01380638
01383800	01380638
01383896	00017222
01383947	01380638
01384102	01382083
01384164	00015388
01384275	01263479
01384439	02304982
01384491	01326291
01384687	00004475
01384752	02304982
01385170	01462005
01385330	01384687
01385458	01385170
01385920	02304982
01386200	02304982
01386433	01252971
01386494	07940552
01386906	01254013
01387065	01326291
01387208	08220891
01387301	01277974
01387617	08107499
01387656	01518924
01387786	00419950
01388130	08108972
01388386	01387786
01388813	01387786
01388992	08102555
01389007	01387786
01389186	01387786
01389188	08102555
01389329	01527271
01389507	01387065
01389776	01587062
01389875	08103777
01389942	01587062
01390123	01389507
01390210	01587062
01390287	08103777
01390466	01390123
01390616	00463469
01390833	01390616
01391174	08103777
01391280	00463778
01391391	01389507
01391569	01342529
01391933	08107499
01392080	01463963
01392080	01532589
01392237	01249724
01392380	01391391
01392843	01342529
01392918	00173338
01393030	01391391
01393714	01392237
01393873	01342529
01393996	01532589
01394464	00338071
01394901	08103777
01395049	01264283
01395254	01389507
01395382	01395049
01395493	01395049
01395531	08103777
01395885	01388130
01396170	01388130
01396776	01388130
01397114	01387065
01397497	01397114
01397707	01397210
01398032	01410223
01398212	14989820
01398443	01411085
01398682	01411085
01398772	01411085
01398919	01410223
01398941	01398212
01399772	08221348
01400044	01206218
01401106	01383896
01401106	01397114
01401296	01347199
01401517	01387617
01402169	08103777
01402600	01397114
01402831	01347199
01403540	01405044
01403785	01072949
01403805	01342529
01404129	01387617
01404628	01402600
01404813	01388130
01405044	01511706
01405250	01404628
01405737	01388130
01406092	08221348
01406262	08103777
01406356	01405044
01406512	01405044
01406684	01508368
01406904	01397114
01407065	08221348
01407465	08103777
01407798	01397114
01407904	01405044
01408153	01405044
01408253	01347199
01408297	01405044
01408383	01387617
01408547	01388130
01408760	01405044
01408880	01347199
01408958	01405044
01409477	01387617
01409642	01405044
01409940	01342529
01410109	01387617
01410223	01206218
01410847	01347199
01411085	01397210
01411556	01347199
01411630	01411085
01411727	01387617
01411768	01411085
01411870	01411085
01412085	08103777
01412204	01397210
01412279	01347199
01412346	01398919
01412548	01398919
01412759	01410223
01412912	01101913
01413173	01400044
01413188	01387617
01413551	08221348
01413744	08103777
01413942	01397114
01414088	01397210
01414359	01387617
01414502	01388130
01414626	01400044
01414633	01413942
01414841	01387617
01414916	01400044
01414986	01388130
01415162	01400044
01415256	01387617
01415285	01400044
01415393	01388130
01415585	01400044
01416020	01400044
01416193	01397210
01416354	08103777
01416364	01398919
01416539	01398919
01416585	01389507
01416871	01410223
01417041	01342529
01417361	01416585
01417807	01387617
01417868	01418179
01418037	01418179
01418179	01419473
01418237	08103777
01418498	01416585
01418536	01419473
01418620	01416585
01418667	01211699
01418947	01416585
01418959	01418667
01419082	01342529
01419332	01416585
01419473	01850315
01419573	01416585
01419729	01419473
01419888	01416585
01419982	01090335
01420304	01090335
01420451	01419982
01420525	01416585
01420655	08103777
01420765	01400044
01420928	01397210
01421012	08102555
01421122	01421622
01421164	08103777
01421496	08103777
01421807	01389507
01422539	01421622
01422594	08103777
01422662	01421622
01422835	01342529
01422886	01423285
01423167	01422886
01423285	00261533
01423623	01422886
01423757	01342529
01423929	01400044
01424220	01419473
01424282	01388130
01424456	01216522
01424607	01387617
01424948	01220303
01425076	01388130
01425336	01387617
01425348	01494310
01425511	01424456
01425709	01426153
01425817	08103777
01425892	01226215
01425983	01342529
01426153	01425892
01426160	01388130
01426397	01428853
01426784	08103777
01427127	01426397
01427278	01426397
01427695	01427278
01428011	01428853
01428155	01342529
01428381	01428853
01428578	00766418
01428580	02528163
01428853	01291069
01429322	01428853
01429349	08107499
01429455	01621555
01429663	01429455
01429953	01429455
01430447	01428853
01430633	02116118
01430952	02116118
01431132	01430633
01431230	01206218
01431879	01431230
01431987	01226215
01432474	01206218
01432517	08108972
01432601	01449974
01433042	01449974
01433294	01435380
01434278	00173338
01435000	01434278
01435128	01434278
01435380	01850315
01436015	01435380
01436139	01435380
01436290	01435380
01436518	01435380
01437254	01435380
01437888	01437254
01438208	01428580
01438304	01433294
01438681	01438304
01438720	01429349
01438902	00126264
01439121	01438208
01439190	01212572
01439514	01439121
01439604	01215421
01439657	01432517
01439745	01212572
01439808	01439514
01440344	01432517
01440378	01439190
01440655	01432517
01440801	01441100
01440949	01432517
01441100	01227675
01441425	01439121
01441510	01227675
01441625	01432517
01441993	01441510
01442203	01441510
01442335	01432517
01442591	01432517
01442779	01441100
01442855	01432517
01443021	01552519
01443126	01432517
01443398	01432517
01443537	01439121
01443831	01439121
01443998	01429349
01444164	01432517
01444520	01429349
01444723	01444326
01444887	01444326
01445027	01441510
01445305	01432517
01445597	01201089
01445597	01445932
01445932	01224001
01445998	01432517
01446283	01429349
01446589	01438208
01446760	01446589
01446901	01850315
01447001	01432517
01447257	01206218
01447331	01446760
01447632	01871979
01447822	01432517
01447868	01447257
01448100	01850315
01448165	01432517
01448291	01446589
01448767	01429349
01448951	01438208
01449053	01448100
01449236	01448100
01449252	01432517
01449374	01448951
01449427	01448100
01449586	01432517
01449712	01448951
01449857	01432517
01449974	01850315
01449980	01448951
01450081	01342529
01450281	01429349
01450453	01432517
01450661	02552171
01451176	01449974
01451502	01449974
01451524	01429349
01451842	01449974
01452255	01449974
01452496	01342529
01452546	01448100
01452633	01429349
01452798	02552171
01452918	01505254
01452954	01432517
01453188	01429349
01453256	01850315
01453330	01432517
01453433	01448100
01453852	01342529
01454246	01449974
01454260	01429349
01454636	01454431
01454702	01429349
01454810	01448100
01454856	02552171
01455141	01432517
01455184	01974062
01455592	01429349
01455639	01974062
01455754	01974062
01455778	02528163
01455866	01579153
01455986	01432517
01456088	01455866
01456296	01432517
01456463	01552519
01456631	01432517
01456771	01224001
01456939	01429349
01457079	01456771
01457082	02528163
01457276	01429349
01457407	02528163
01457576	01429349
01457708	01432517
01457852	02528163
01457954	01227675
01458105	05445668
01458302	05470189
01458664	01458973
01458842	00015388
01459242	05303402
01459480	01463259
01459542	01458973
01459696	01458973
01459791	01471682
01459896	01462005
01460029	01458973
01460108	01459791
01460408	01460029
01460457	05457973
01460594	00644583
01460785	01460029
01460937	01460029
01461328	01462005
01461646	01458842
01461646	01461328
01462005	00126264
01462209	05426243
01462468	01462005
01462928	01223182
01463115	05249636
01463259	05225602
01463520	00277659
01463739	01463519
01463792	01463520
01463963	01494310
01464077	01463519
01465218	01463963
01465365	02612368
01465593	05307091
01465713	05282746
01466047	01463963
01466257	00015388
01466303	01463963
01466472	05588174
01466543	01463963
01466733	01850315
01466978	01205696
01466996	08108972
01467180	08102555
01467370	01205696
01467504	01466828
01467675	01466996
01467751	01467370
01467917	01467370
01467986	08102555
01468058	01468576
01468238	01466257
01468327	01468576
01468532	08103777
01468576	02501738
01468712	01468238
01468948	01468576
01469080	01468576
01469222	08103777
01469263	01494310
01469445	01494310
01469770	00752764
01470287	08103777
01470856	01470225
01471043	01213614
01471070	08102555
01471547	01471043
01471682	01466257
01471825	01213614
01472251	01471825
01472303	01471682
01472417	01471825
01472502	01471682
01472638	05515670
01472807	00276373
01472939	05515670
01473176	01831531
01473346	02413480
01473729	01473346
01473806	01471682
01473886	01466733
01474209	01463963
01474283	01473806
01474641	01342529
01475075	01474550
01475421	01342529
01475536	01474550
01475648	01474283
01476135	01342529
01476180	01476483
01476418	01474283
01476483	02451370
01476829	01342529
01477014	01476483
01477184	01342529
01477224	01476483
01477373	01429349
01477394	01478002
01477525	01474283
01477538	01476483
01477745	01432517
01477875	01477525
01477888	01476483
01478002	01476483
01478073	01342529
01478300	01429349
01478423	01478002
01478511	01474283
01478603	01476483
01479009	01478603
01479333	01478603
01479545	01478603
01479937	08103777
01480149	02210855
01480336	08103777
01480469	02304982
01480516	02512053
01480715	08103777
01480770	01480149
01480880	01480516
01481027	01480770
01481154	01481360
01481360	01340439
01481599	08103777
01482071	01480516
01482330	01482071
01482449	01486312
01482754	01429349
01482887	01432517
01482958	01587062
01483131	01489989
01483188	01429349
01483247	02144835
01483522	01482330
01483707	01432517
01483980	01432517
01484027	02604760
01484097	01483522
01484392	00144850
01484714	01484392
01484717	01432517
01484850	01483522
01485073	01432517
01485158	01486312
01485306	01429349
01485513	00173338
01485673	01429349
01485801	01432517
01485839	01482449
01486010	01482330
01486151	01486312
01486241	01429349
01486312	01587062
01486411	01432517
01486706	01432517
01487008	01482449
01487077	01429349
01487311	01488956
01487312	01432517
01487506	01482330
01487718	01487311
01487743	01429349
01487830	01487311
01487914	01432517
01487927	00173338
01488234	01429349
01488313	00173338
01488539	01429349
01488555	01489989
01488918	01482330
01488956	00126264
01489161	01488956
01489275	01432517
01489332	00173338
01489465	01438304
01489734	01489465
01489859	01489465
01489989	00452512
01490112	01488918
01490336	00452512
01490546	01432517
01490885	01432517
01491235	01432517
01491520	01432517
01491661	01488918
01491991	01429349
01492052	01296462
01492212	01432517
01492725	00069879
01493012	01432517
01493142	02281093
01493366	01429349
01493380	01494310
01493619	01494310
01493687	01432517
01493741	00126264
01494188	01429349
01494310	01850315
01494339	01432517
01494475	01482330
01495192	01429349
01495340	01432517
01495493	01482330
01495701	01482071
01496037	01342529
01496199	01429349
01496331	01495701
01496497	01494310
01496617	01342529
01496630	01494310
01496843	01494310
01496944	01429349
01496978	01494310
01497278	01432517
01497292	01494310
01497458	01494310
01497579	01429349
01497634	01494310
01497750	01494310
01497864	01494310
01497878	01429349
01498041	01495701
01498166	01494310
01498268	01432517
01498319	01494310
01498498	01494310
01498615	01494310
01498713	01494310
01498822	01429349
01498872	01494310
01498989	01495701
01499006	01494310
01499261	01432517
01499265	01494310
01499595	01432517
01499692	01494310
01499849	01494310
01499898	01429349
01499948	01494310
01500082	01494310
01500091	01495701
01500214	01494310
01500372	01494310
01500572	01500372
01500721	01432517
01500854	01500091
01500873	01494310
01500995	01429349
01501160	01495701
01501184	01500873
01501347	01500873
01501450	01432517
01501793	01494310
01501960	01494310
01502122	01494310
01502262	08103777
01502279	01494310
01502441	01494310
01502540	01494310
01502654	01494310
01502762	01301410
01502946	01494310
01503061	01471682
01503101	01494310
01503268	01544692
01503404	01463963
01503736	01503404
01503952	01489989
01504298	01380638
01504437	08107499
01504480	01090335
01504699	01090335
01505254	01448100
01505958	01505254
01506157	01871979
01506583	01505254
01506812	01506583
01507006	01506812
01507143	01508368
01507175	08108972
01507914	01508368
01508368	01511706
01509079	01508368
01509280	02529284
01509584	01508368
01510173	01510827
01510576	01510173
01510827	01850315
01511380	01474550
01511706	01850315
01512259	01511706
01512465	01508368
01512625	01512465
01512921	01512625
01513430	00173338
01513838	01513430
01513990	01513430
01514348	01507143
01514655	01511706
01515566	01511706
01515811	08103777
01516064	01507175
01516071	01899262
01516290	02066939
01516534	01899262
01516965	01517662
01517055	01675963
01517175	01332730
01517355	01675963
01517515	01494310
01517565	01503061
01517662	01223182
01517966	01503061
01518047	01617192
01518170	01342529
01518343	01517662
01518347	01342529
01518564	01504437
01518659	01517662
01518718	01507175
01518772	01223182
01518878	01517565
01518924	01223182
01519046	01342529
01519228	01504437
01519569	01518924
01519719	01507175
01519727	01675963
01519873	01517565
01519977	00138508
01520058	01342529
01520789	01342529
01520844	01519977
01521124	01517662
01521367	01463520
01521602	01507175
01521603	01285440
01521756	01517565
01521980	01342529
01522052	00420132
01522276	01850315
01522594	01342529
01522716	00142191
01522789	01504437
01522878	01522276
01522952	01507175
01523105	01517565
01523105	01522276
01523401	01522276
01523656	01342529
01523823	01519977
01523908	01342529
01523986	01522276
01524298	01524871
01524359	01503061
01524523	00452512
01524871	01612295
01524885	01342529
01525295	00434374
01525720	01524359
01526290	01525666
01526521	01525720
01526635	01504437
01526925	01504437
01526956	01524871
01527271	01850315
01527480	01504437
01527774	01507175
01527877	01468576
01528069	01340439
01528087	01504437
01528339	01543123
01528542	01507175
01528654	01525720
01528821	01421622
01529036	01504437
01529672	01525720
01529766	01528821
01530098	01528821
01530256	01507175
01530431	01421622
01530678	01291069
01530846	01507175
01531265	01531742
01531742	00356258
01531998	00356258
01532107	01507175
01532325	01529672
01532329	01531998
01532589	00126264
01532664	01507175
01533169	01507175
01533339	01529672
01533780	01507175
01534034	01507175
01534433	01529672
01534609	01534147
01534745	01534147
01534762	01529672
01535002	01534147
01535005	01507175
01535246	01532589
01535742	01535246
01535842	01507175
01536344	01458973
01536474	01507175
01536916	01504437
01537134	01529672
01537360	01507175
01537409	01531998
01537544	01537134
01537710	01507175
01537959	00477941
01538310	01531998
01538498	01507175
01538629	01531998
01538630	01537134
01538775	01504437
01538928	01539063
01539136	01507175
01539377	01504437
01539487	01539063
01539633	01540449
01539772	01507175
01539925	01539573
01540232	01540449
01540233	01529672
01540432	01507175
01540449	00146138
01540693	00173338
01540697	01507175
01540969	01507175
01541261	01507175
01541386	01529672
01541579	01850315
01541803	02069551
01541922	01529672
01542055	01507175
01542207	01850315
01542316	01507175
01542567	01504437
01542786	01525720
01543272	01507175
01543383	01542786
01543426	01543123
01543426	01547001
01543508	01507175
01543632	01542786
01543731	01543123
01543817	01507175
01543936	01542786
01543998	01494310
01544067	01507175
01544208	01542786
01544285	01494310
01544544	01504437
01544692	01494310
01545149	01342529
01545303	01504437
01545314	01543123
01545752	01504437
01545883	02604760
01545889	01507175
01546039	01524359
01546111	01545883
01546223	01342529
01546768	01494310
01546921	01524359
01547390	01547001
01547459	01504437
01547832	01546921
01548143	01507175
01548290	01340439
01548576	01340439
01548718	01549187
01549057	01548718
01549187	00173338
01549314	01507175
01549420	01549187
01549430	01547832
01549641	01549430
01549719	01548718
01549769	01507175
01549886	01547832
01549905	00477941
01550033	01507175
01550172	01547832
01550429	01504437
01550761	01547832
01550953	01507175
01551195	01549905
01551430	01504437
01551679	01551195
01551871	01256157
01552192	01507175
01552219	01552519
01552519	01556921
01552523	01504437
01552956	01504437
01553142	01546921
01553879	01507175
01554139	01504437
01554448	01546921
01554622	01552519
01554799	01659248
01555172	01507175
01555305	01547832
01555586	01504437
01555742	01552519
01555809	01525720
01556040	01507175
01556178	01552519
01556182	01555809
01556346	01556921
01556368	01507175
01556514	01555809
01556572	01556346
01556671	01504437
01556921	01850315
01557028	01504437
01557185	01525720
01557517	01556921
01557774	00109660
01557962	01557185
01558149	01557185
01558440	01557774
01558594	01557185
01558681	01617192
01559055	01552519
01559294	01507175
01559340	01573515
01559590	01552519
01559868	01517662
01559964	01507175
01560184	01291069
01560369	01248782
01560511	01507175
01560636	01557185
01560731	01552519
01560984	01556921
01561143	01236164
01561318	01507175
01561819	01561143
01562061	00397576
01562116	01507175
01562265	01557185
01562584	01504437
01562627	01562209
01563005	01557774
01563128	01525720
01563336	01563005
01563575	01563005
01563724	01557774
01563746	01563128
01564394	01563128
01564630	01507175
01565472	01564144
01565599	01564394
01566082	01507175
01566185	01564144
01566490	00388635
01566509	01507175
01566645	01525720
01566888	01504437
01566916	01850315
01567275	01494310
01567530	01507175
01567888	01567275
01568493	01507175
01568630	00462092
01569181	01323958
01569262	01567133
01569423	01567133
01569566	01494310
01569566	01567133
01569713	01507175
01569836	01567133
01569896	01569566
01570112	01507175
01570258	01569566
01570403	01569566
01570562	01387786
01570676	01567133
01570744	01387786
01570935	01323958
01570969	01504437
01571126	01525720
01571578	01504437
01571744	01570935
01571904	01525720
01572174	01507175
01572328	01571904
01572489	01572328
01572510	01557774
01572782	01571904
01572910	01507175
01573074	01571904
01573276	01573515
01573483	01507175
01573515	01556921
01573627	01571904
01573775	01507175
01573891	01573515
01573898	01571904
01574270	01507175
01574292	01212572
01574390	01574045
01574571	01389329
01574671	01507175
01574801	01574045
01574923	00126264
01575146	01899262
01575270	01507175
01575388	01661804
01575577	01504437
01575675	01494310
01575745	01525720
01575941	01507175
01576165	01179865
01576506	01504437
01576695	01525720
01576863	01507175
01576917	00169806
01577093	01577635
01577265	01507175
01577458	01576695
01577513	01577093
01577635	01227675
01577659	01576695
01577818	01507175
01577941	01577659
01578180	01577659
01578254	01577635
01578341	01504437
01578513	01577635
01578575	01525720
01578821	00173338
01578821	01507175
01578993	01494310
01579028	01578575
01579153	01850315
01579260	01578575
01579410	01578575
01579488	01578821
01579578	01578575
01579813	01519977
01579868	01504437
01580077	01578575
01580467	01332730
01580644	01507175
01580928	01580467
01581041	01507175
01581070	01580467
01581434	01581166
01581730	01578575
01581933	01580467
01582200	01580467
01582220	01578575
01582409	01587062
01582625	01504437
01582645	00508032
01582856	01525720
01583142	01582645
01583344	01582645
01583373	01507175
01583494	01582645
01583636	01507175
01583656	01582645
01583993	01552519
01584004	01504437
01584225	01524359
01584321	01583993
01584450	00142191
01584529	01507175
01585121	01584225
01585523	00187526
01585577	01507175
01585759	01475953
01585890	01507175
01586018	01211699
01586170	01507175
01586278	01211699
01586374	01584225
01586541	01504437
01586600	01227675
01586791	01507175
01586850	01587062
01586941	01525720
01587062	01467370
01587148	01507175
01587406	01507175
01587526	01525720
01587575	01587062
01587713	01507175
01587818	01587062
01587834	01525720
01587984	01587062
01588134	01587062
01588172	01504437
01588297	01587062
01588431	01525720
01588493	01296462
01588589	01507175
01588858	01507175
01589056	01588493
01589125	01504437
01589224	01588493
01589286	01525720
01589363	01588493
01589497	01588493
01589582	01507175
01589718	01589286
01590007	01205696
01590042	01507175
01590171	01291069
01590220	01589286
01590443	01504437
01590583	01525720
01590747	00173338
01590837	01507175
01591158	01871979
01591490	01504437
01591621	01356370
01591697	01525720
01591835	01591621
01591910	01507175
01592072	01448100
01592084	01591697
01592456	01448100
01592669	01456771
01592694	01591697
01592774	00173338
01592892	01507175
01593011	01592456
01593156	01507175
01593254	01346003
01593423	01507175
01593614	01346003
01593705	01504437
01593763	01224415
01593857	01507175
01593937	01447257
01594157	01504437
01594362	01593937
01594372	01525720
01594514	01593937
01594611	01507175
01594978	01447257
01595260	01291069
01595624	01594372
01595830	01291069
01595841	01507175
01596056	01595830
01596142	01507175
01596273	01595624
01596404	01595830
01596645	01368597
01596761	01504437
01596887	01507175
01597194	01504437
01597286	01405044
01597336	01525720
01597551	01507175
01597662	01597286
01597737	01597336
01598432	01504437
01598588	01525720
01598820	01507175
01598988	01598588
01599539	01587062
01599805	01332730
01599919	01504437
01600191	01423285
01600197	01507175
01600478	01587062
01600657	01525720
01601068	01600657
01601268	01507175
01601550	01504437
01601694	01525720
01601919	01507175
01602318	01601234
01602353	01504437
01602630	01525720
01603316	01504437
01603418	01264283
01603732	01332730
01604251	01215421
01604330	01503061
01604586	01340439
01604625	01342529
01604696	01340439
01605119	01504437
01605630	01604330
01606018	01424456
01606177	01605630
01606205	01587062
01606335	01507175
01606574	01494310
01606736	01216670
01607072	02603056
01607103	01507175
01607590	01494310
01607716	01467370
01608086	01507175
01608122	01555742
01608432	01605630
01608508	00069879
01608934	01507175
01609236	01507175
01609287	01350449
01609549	01507175
01609751	01605630
01609953	01609287
01610101	01494310
01610226	01609751
01610426	01507175
01610463	00126264
01610666	00161225
01610758	01504437
01610955	01605630
01611240	01494310
01611252	01507175
01611472	01610955
01611516	02069551
01612084	01494310
01612122	01610955
01612295	01494310
01612803	01507175
01613239	01494310
01613294	01604330
01613391	01494310
01613615	01321579
01613909	01507175
01613921	01579813
01614038	01613294
01614079	01463963
01614195	01507175
01614343	01613294
01614581	01343892
01614925	01613294
01615020	01587062
01615121	01613294
01615457	01586278
01615458	01615121
01615825	01504437
01615949	01507175
01616086	01605630
01616318	01604330
01616764	01616318
01616901	01494310
01616970	01507175
01617633	01507175
01617949	01507175
01618220	01504437
01618356	01507175
01618671	01504437
01618922	01616318
01619152	01507175
01619310	01618922
01619354	01617192
01619536	01618922
01619675	01507175
01619725	01621555
01620282	01507175
01620414	01618922
01620436	01619929
01620575	01507175
01620854	01619929
01620967	01342529
01621127	01604330
01621219	01619929
01621635	01621127
01621714	01504437
01621994	01507175
01622120	01621127
01622352	01621127
01622596	01507175
01622779	01621127
01622795	01621555
01622959	01621127
01623027	01621555
01623110	01621127
01623284	01507175
01623425	01621127
01623489	01621555
01623706	01621127
01623792	01621555
01623880	01621127
01623967	01621555
01624169	01659248
01624321	01659248
01624406	01507175
01624537	01621127
01624568	01659248
01624707	01507175
01624743	01659248
01624833	01621127
01624897	01659248
01625121	01621127
01625275	01504437
01625417	01507175
01625562	01621127
01625666	01621555
01625747	08103777
01626134	08107499
01626138	01653873
01626420	01656788
01626600	01626138
01626600	08108972
01626844	01626138
01627355	01617192
01627424	01471682
01627786	01626600
01628148	01626600
01628197	01621555
01628449	01617192
01628450	01342529
01628770	01627424
01628885	01626134
01629000	01621555
01629093	01626600
01629276	01627424
01629403	01617192
01629958	01617192
01630284	01629276
01630532	00623151
01630533	01626600
01630795	01626600
01631035	01626600
01631072	01619354
01631175	01630284
01631759	01626134
01631903	01626600
01632047	01629276
01632411	01631534
01632897	01951480
01633047	01626134
01633173	01653013
01633578	01626600
01633825	01633343
01633949	01626600
01634011	01633343
01634092	01626600
01634142	01631534
01634392	01626600
01634424	01634142
01634684	01626134
01634734	01634424
01634887	01634424
01634891	01626600
01635176	01619354
01635176	01629276
01635343	01626600
01635432	01636397
01635659	01626134
01635964	01626600
01636008	01636397
01636221	01636397
01636397	01631534
01636675	01626600
01636984	01626600
01636993	01636397
01637166	01636397
01637368	01636397
01637478	01626600
01637633	01636397
01637796	01626600
01637932	01629276
01637982	01633343
01638368	01631534
01638482	01626134
01638611	01626600
01638952	01626134
01639071	01626600
01639105	01653013
01639369	01342529
01639765	01627424
01640207	01617192
01640383	01626134
01640550	01640207
01640567	01626600
01640846	01639765
01640855	00484166
01640855	01642924
01641206	01640846
01641341	01640855
01641391	01640846
01641545	01640855
01641632	01640855
01641739	01640846
01641751	01640855
01641914	01645601
01642437	01641914
01642671	01626134
01642924	01645601
01642943	01639765
01643092	01626600
01643255	01639765
01643297	01642924
01643374	01626600
01643464	01685313
01643507	01639765
01643657	01641914
01643687	01626600
01643896	01639765
01644050	01627355
01644104	01626134
01644245	01626600
01644373	01639765
01644522	01642924
01644542	01626134
01644699	01626600
01644746	01617192
01644900	01639765
01645093	01626134
01645157	01644746
01645278	01626600
01645421	01642437
01645466	01639765
01645601	01617192
01645634	01626134
01645776	01639765
01646134	01626600
01646528	01645601
01646866	01645601
01647229	01641914
01647672	01617192
01647803	01626134
01647867	01647672
01648001	01626600
01648126	01641914
01648139	01639765
01648356	01639765
01648494	01626600
01648620	01639765
01648818	01626134
01649170	01639765
01649251	01651444
01649999	01645601
01650167	01639765
01650425	01645601
01650509	01626600
01650610	00348746
01650690	01650167
01650901	01650167
01651059	01650167
01651293	01641914
01651370	01626600
01651444	01641914
01651487	01650167
01651900	01626600
01651972	01651444
01652139	01617192
01652163	01626600
01652297	01650167
01652583	01626134
01652850	01626600
01653013	01617192
01653026	01639765
01653223	01639765
01653384	01626600
01653442	01653873
01653509	01639765
01653610	01626134
01653773	01639765
01653873	01653013
01653975	01626600
01654271	01619354
01654429	01626600
01654628	01617192
01654957	01342529
01655116	01626134
01655344	01627424
01655347	01654628
01655577	01342529
01655639	01654628
01655763	01654628
01655902	01654628
01656078	01342529
01656458	01619929
01656576	01342529
01656788	01295275
01656788	01617192
01656813	08107499
01657254	01656788
01657524	01656788
01657641	01656788
01657723	08108972
01657828	01656788
01657977	01619929
01658188	01653873
01658586	01619725
01658762	01658188
01659248	01653013
01660082	01659248
01660252	01659248
01660386	01659248
01660640	01659248
01660719	08103777
01660772	01659248
01660870	01659248
01661091	01471682
01661096	01659248
01661243	01654628
01661404	08103777
01661472	01651444
01661592	01661091
01661655	01656788
01661804	01619929
01661818	01661091
01662118	01619929
01662274	01342529
01662434	01619929
01662622	01661592
01662771	01659248
01662784	01662622
01663169	01656813
01663401	01662784
01663443	01659248
01663580	01659248
01663659	01657723
01663749	01653013
01663920	01653013
01663939	01657723
01664065	01663401
01664172	01653013
01664369	01663401
01664847	01664172
01664862	01657723
01664990	01663401
01665081	01651444
01665185	01664172
01665238	01656813
01665332	01651444
01665372	01657723
01665507	01664172
01665638	01653013
01665761	01656813
01665836	01664172
01665932	01662784
01666002	01664172
01666102	01657723
01666131	01664172
01666327	01658188
01666431	01657723
01666717	01640550
01666802	01656813
01666894	01617192
01667132	00126264
01667302	01657723
01667304	01666327
01667449	01291069
01667570	01656813
01667607	01675963
01667959	01657723
01667969	01675963
01668257	01657723
01668436	01662784
01668603	00382635
01669068	01657723
01669191	01662784
01669527	01657723
01669643	01675963
01669654	01662784
01669792	01675963
01669883	01656813
01669906	01675963
01670051	01675963
01670092	01662784
01670172	01675963
01670315	01675963
01670378	01657723
01670511	01675963
01670645	01675963
01670777	01675963
01670961	01657723
01671039	01653013
01671125	01670092
01671874	01656813
01672014	01291069
01672032	01662784
01672168	01673891
01672275	01657723
01672490	01673472
01672753	01653013
01672767	08103777
01672950	01342529
01673118	01657723
01673472	01672014
01673503	01342529
01673668	01342529
01673732	01653013
01673891	01653013
01674216	01661818
01674464	01674216
01674544	01653013
01674717	01673891
01674850	01656813
01675225	01657723
01675245	01624897
01675780	01621555
01675963	00126264
01675964	01656813
01676313	01656813
01676755	01674464
01677242	01657723
01677242	01675963
01677366	01676755
01677509	01675963
01677613	01657723
01677716	01675963
01677858	01675963
01677913	01657723
01677989	01675963
01678140	01675963
01678237	01657723
01678279	01675963
01678407	01675963
01678522	01657723
01678657	01676755
01678887	01657723
01678957	01675963
01679106	01675963
01679178	01657723
01679254	01675963
01679339	01675963
01679433	01675963
01679494	01657723
01679669	01664172
01679806	01675963
01679837	01657723
01680132	01679980
01680137	01657723
01680264	01676755
01680267	01675963
01680478	01680264
01680756	01686132
01681048	01684899
01681200	01657723
01681328	01676755
01681513	01657723
01681723	01675963
01681812	01657723
01681913	01621555
01681940	01676755
01682039	01675963
01682234	01682039
01682293	01657723
01682582	01245637
01682588	01657723
01682714	01676755
01682920	01656813
01683101	01675963
01683271	01684899
01683422	01684899
01683428	01656813
01683582	01639714
01683758	01675963
01683957	01683758
01684133	01674464
01684180	01675963
01684435	01657723
01684578	01684133
01684663	01686132
01684741	01684133
01684899	01685313
01684941	01657723
01685277	01656813
01685313	02367363
01685439	01674464
01685679	01657723
01685808	01685439
01685960	01684899
01686132	01619354
01686956	01686132
01687401	01686956
01687441	01656813
01687569	01686132
01687665	01674464
01687876	01686132
01688106	01657723
01688256	01686132
01688428	01657723
01688771	01686132
01689226	01656813
01689379	01690294
01689411	01674464
01689752	01689379
01690005	01657723
01690294	01686132
01690339	01657723
01690703	01656813
01691057	01582645
01691085	01656813
01691384	01656813
01691782	01656813
01691951	01674464
01692266	01691057
01692579	01747945
01692713	01656813
01692864	01674464
01693020	01657723
01693138	01690294
01693324	01690294
01693453	01690294
01693727	01690294
01693783	01674464
01693881	01617192
01693995	01657723
01694178	01693783
01694311	01693783
01694430	01656813
01694558	01657723
01694620	01693881
01694709	01674464
01695060	01694709
01695257	01693881
01695259	08103777
01695459	01693881
01695567	01684899
01695567	01690294
01695681	01661818
01695976	01695567
01696135	00283911
01696282	01342529
01696435	01684899
01696633	01661818
01696849	01656813
01696893	01696648
01697002	01657723
01697027	01659248
01697178	01696633
01697406	01686132
01697628	01690294
01697816	01617192
01697837	01657723
01697986	01697816
01698144	01656813
01698271	01697816
01698434	01696633
01698916	01698271
01699040	01696633
01699172	01698271
01699346	01698271
01699415	01656813
01699537	01657723
01699539	01698271
01699700	01698271
01699831	01695681
01700326	01699896
01700470	01699831
01700655	01698271
01700934	01698271
01701152	01698271
01701311	01698271
01701334	01342529
01701551	01700470
01701634	01698271
01701697	01657723
01701858	01697816
01702087	01657723
01702154	01701858
01702331	00853633
01702514	01698271
01702623	01342529
01703023	01702514
01703195	01702514
01703326	01702514
01703341	01342529
01703569	01700470
01703613	01702514
01703857	01712704
01704236	01729431
01704452	01698271
01704752	01704452
01704953	01698271
01705247	01342529
01705257	01698271
01705494	01617192
01705591	01700470
01705717	01656813
01705934	01700470
01706488	01705494
01706756	01705494
01706889	01729431
01707128	01707306
01707149	01657723
01707306	01705494
01707433	01656813
01707495	01707306
01707737	01706488
01707895	01342529
01707925	01705494
01708106	01699831
01708113	00299580
01708332	01342529
01708542	01708676
01708676	01831531
01708778	01342529
01708998	01708106
01709484	01708998
01709781	01708676
01709931	01708676
01710048	01708676
01710190	01708676
01710317	01617192
01710348	01656813
01710481	02391803
01710529	01657723
01711297	01657723
01711445	01619354
01711662	01342529
01711749	01711445
01711965	01000214
01711965	01617192
01712008	01708106
01712432	01342529
01712752	01712008
01713310	01342529
01713348	01712704
01713635	01657723
01713764	01712008
01714059	01657723
01714208	01619354
01714231	01712008
01715525	01714208
01715692	01342529
01715888	01712008
01716619	01714208
01716732	01342529
01717016	01712008
01717628	01716882
01717666	01656813
01718535	01714208
01718952	02407987
01719175	08103777
01719302	01619354
01719403	01661091
01719645	01342529
01719914	01719403
01719921	01714208
01720491	01719921
01720496	08221348
01720773	01719302
01720980	01712704
01721010	08221348
01721169	01712704
01721415	01720980
01721718	01342529
01721754	01721556
01722077	01721754
01722447	01719302
01722828	01342529
01722980	01619354
01722998	01695681
01723224	01712704
01723425	01657723
01723579	01722998
01723579	01723224
01723678	01342529
01723883	01695681
01723963	01719302
01724055	01342529
01724083	00849939
01724185	01719921
01724231	01695681
01724459	01619354
01724470	01656813
01725051	01714208
01725240	01342529
01725886	01724459
01726172	02179518
01726390	01342529
01726692	01661818
01726960	01656813
01727052	01725051
01727490	01724459
01727646	01726692
01727684	01726172
01728052	01224744
01728355	01725051
01728445	01657723
01728572	01727646
01728738	01657723
01728840	01712704
01728920	01727646
01729133	01657723
01729322	01727646
01729431	00941990
01729838	01657723
01729977	01727646
01730216	01729431
01730679	01657723
01730799	01729431
01730812	01727646
01731031	01729431
01731031	01732172
01731353	01731031
01731418	01657723
01731545	01727646
01732172	01712704
01732244	01727646
01732445	01657723
01732532	01726172
01732713	01726172
01732789	01732244
01732921	01712704
01733094	01657723
01733346	01657723
01733634	01657723
01733757	01727646
01733829	01726172
01734273	01657723
01734300	01724459
01734418	01727646
01734502	01736822
01734808	01734418
01735062	01657723
01735144	01734502
01735189	01727646
01735308	01736822
01735898	01657723
01736098	01736822
01736256	01657723
01736299	01736822
01736569	01657723
01736669	01736299
01736796	01727646
01736822	01621555
01737021	01727646
01737197	01657723
01737417	01752884
01737472	01737021
01737875	01737021
01738175	01657723
01738347	01736822
01738597	01631534
01738601	01727646
01738774	01753788
01739263	01621555
01739545	01634424
01739647	01727646
01739814	01742726
01740005	01657723
01740283	01656813
01740393	01656813
01740468	01739814
01740551	01726692
01740608	01668603
01740721	01657723
01740969	02549847
01741221	01740969
01741232	01727646
01741446	00406243
01741562	01726692
01741692	01741446
01741744	01656813
01741864	01740608
01741943	01741562
01742244	01741864
01742310	01657723
01742415	01741864
01742556	01740608
01742680	01657723
01742886	01736822
01742967	01657723
01743223	01656813
01743313	01742886
01743531	01742886
01743605	01741943
01743784	01742886
01743787	01657723
01744082	01743784
01744611	01697816
01744657	01656813
01744888	01747945
01745125	01726692
01745377	01745141
01745484	01745125
01745536	01706129
01745722	01621555
01745780	01657723
01745902	01745484
01746063	01657723
01746191	01745484
01746359	00968211
01746359	01745125
01746565	01657723
01746727	01746359
01746818	01657723
01746952	01746359
01747144	01657723
01747203	01691057
01747285	01746359
01747374	01691057
01747466	01657723
01747717	01631534
01747739	01657723
01747885	01745125
01747945	01691057
01748273	01747945
01748906	01747885
01749184	01736822
01749394	01749184
01749428	01657723
01749582	01745125
01750027	01657723
01750315	01657723
01750421	01749184
01750598	01657723
01750668	01750421
01751173	01719921
01751389	01719921
01751545	01708676
01751621	01656813
01751722	01675963
01751979	01656813
01752025	01256157
01752165	01726692
01752316	01621555
01752433	01657723
01752495	01617192
01752728	01752495
01752884	01617192
01752889	01657723
01753354	01657723
01753596	01640207
01753721	01656813
01753959	01752165
01754105	01617192
01754190	01657723
01754370	01753959
01754533	01753959
01754576	01698271
01754737	01617192
01754737	02157557
01754876	01753959
01755137	01686132
01755274	01657723
01755389	01708676
01755504	01653013
01755740	01754876
01755816	01712704
01756089	01754876
01756291	01754876
01756508	01754876
01756719	01698271
01757547	01657723
01757677	01754876
01757994	01627355
01758019	01657723
01758180	01651444
01758308	05301908
01759182	08107499
01759326	01617192
01759926	01759326
01760143	01759326
01760300	01759326
01760552	01759326
01760677	01759326
01760945	01759326
01761120	01759326
01761533	01761120
01761706	01759326
01762283	01761706
01762525	08108972
01762528	01770501
01763303	01767612
01763482	01762528
01763643	01764800
01763829	00146138
01764171	01770501
01764586	01787822
01764800	01814815
01765178	01764800
01765908	01764171
01766407	01764800
01766748	00724492
01766952	00076114
01767199	08102555
01767612	02604760
01768402	08103777
01768596	05559908
01768969	08103777
01769220	01767949
01769347	01767661
01769635	01342529
01769789	01759182
01769902	01767949
01769930	01762525
01770081	01769347
01770501	01767949
01770553	01342529
01770795	01769347
01770802	01767949
01770967	01762525
01771194	01787955
01771246	01342529
01771417	01769347
01771624	01762525
01772222	01769347
01772782	01759182
01772985	01762525
01773130	01771535
01773319	01762525
01773549	01772222
01773797	01772222
01773825	01787955
01773930	01759182
01774252	01762525
01774426	01774136
01774595	01759182
01774799	01774136
01774918	01759182
01775062	01772222
01775230	01762525
01775370	01775062
01775535	01775164
01775592	01759182
01775879	01342529
01776192	01769347
01776214	01775164
01776313	01776192
01776468	01825237
01776546	01759182
01776705	01776313
01777032	01762525
01777817	01775164
01778017	01777817
01778217	01776705
01778568	00694068
01778984	01762525
01778990	01778568
01779148	01776705
01779165	01761706
01779340	01759182
01779629	01776192
01779644	01779165
01780104	02002720
01780551	01759182
01780696	01779629
01780919	01762525
01780941	01779165
01781071	01780696
01781180	01779165
01781274	01759182
01781410	01762525
01781520	01781180
01781757	01781520
01781983	01780941
01782050	01759182
01782209	01779629
01782218	01780202
01782378	01762525
01782432	01804961
01782516	01782209
01782650	01779165
01783022	01782650
01783214	01783394
01783384	08103777
01783394	02441022
01783571	01762525
01783706	01767661
01783881	01790020
01784295	00010435
01784427	08103777
01784799	01790020
01785392	01759182
01785532	01762525
01785579	00065639
01785748	01819554
01785831	01342529
01785971	01759326
01786048	01759182
01786402	08103777
01786646	01767661
01786760	01785971
01786879	01342529
01786906	01785971
01787106	01771535
01787191	01767661
01787401	01342529
01787546	01759182
01787693	01762525
01787709	01803003
01787955	01817130
01788733	01771535
01788932	01787955
01789047	01787955
01789064	01342529
01789164	01787955
01789386	01503061
01789740	01789386
01790020	01759326
01790383	01790739
01790739	01792097
01790943	01507175
01791107	01789386
01791232	01790020
01791535	01762528
01791625	01789740
01791756	01790739
01791973	02518161
01792287	01759326
01792567	01790020
01792640	01791625
01792955	01792640
01793177	01759326
01793587	01793177
01793742	01793177
01793933	01767163
01793988	01507175
01794158	01789740
01794195	01793933
01794344	01794158
01794363	01794668
01794460	01507175
01794523	01792567
01794668	01771535
01794813	01504437
01795088	02153203
01795428	01796033
01795545	01795088
01796340	01795088
01796346	01761706
01796519	01796340
01796582	01771535
01796729	01796519
01796800	01796519
01796870	01507175
01797020	01795088
01797051	01797347
01797180	01507175
01797204	02578510
01797347	01794668
01797472	01507175
01797730	01790020
01797767	01507175
01798352	01507175
01798452	01797730
01798484	01795088
01798782	01792567
01798936	02558172
01799086	01504437
01799302	01789386
01800042	01507175
01800195	01799794
01800286	01507175
01800422	01799794
01800424	01789386
01800759	01504437
01801080	00664788
01801088	01789386
01801297	01800422
01801371	01507175
01801479	01801088
01801498	00126264
01801753	01507175
01801847	02510337
01801876	01801088
01802033	01507175
01802070	01801847
01802070	02553697
01802159	01801088
01802219	01802494
01802309	01504437
01802689	01792567
01802721	02153203
01802895	01507175
01803003	01789514
01803078	01802721
01803380	01803003
01803641	01803078
01803641	01803936
01803764	01507175
01803936	02376958
01804029	01507175
01804340	01507175
01804414	01803936
01804478	01806567
01804595	01803936
01804753	01804595
01804921	01806567
01804961	00720063
01805199	01507175
01805247	02604760
01805384	02719016
01805684	01828405
01805692	01507175
01805801	01803078
01806109	00406243
01806271	01806109
01806505	01807882
01806567	01802721
01807265	01504437
01807314	01787955
01807496	01802721
01807529	01761706
01807701	01507175
01807770	01762283
01807828	01807496
01807988	01507175
01808218	01505254
01808374	01808769
01808447	01507175
01808626	01808769
01808769	01817130
01808785	01504437
01808989	01507175
01809106	01789740
01809321	01759326
01809446	01504437
01809617	01809321
01809752	01789386
01809784	00461493
01809884	01809321
01809977	01342529
01809980	01809321
01810126	01809321
01810132	01504437
01810320	01809321
01810447	01808374
01810466	01342529
01810700	01789386
01810946	01504437
01811104	01507175
01811394	01507175
01811441	01825237
01811682	01504437
01811736	01761706
01811909	01810700
01812068	01811736
01812324	01811736
01812337	01811909
01812471	01507175
01812866	01811909
01813053	01767949
01813088	01811909
01813385	01812337
01813668	01813884
01813884	01771535
01814091	01507175
01814370	01811909
01814396	01819147
01815135	01507175
01815185	01814815
01815431	01504437
01815471	01815185
01815628	01816431
01815855	01507175
01816140	01815601
01816219	01761706
01816336	01507175
01816635	01342529
01816887	01503061
01817424	01504437
01817574	01806505
01817755	01798936
01817772	01507175
01817938	01818235
01818235	01812720
01818704	01507175
01818835	01818235
01818959	01507175
01818972	01814396
01819115	01816887
01819387	01819147
01819554	01819147
01819600	01507175
01819734	01816887
01819911	01793933
01820077	01762528
01820190	01504437
01820664	01507175
01820901	01785971
01821132	01821423
01821203	01816887
01821418	01507175
01821423	01759326
01821554	01821203
01821634	01809064
01821727	01507175
01821869	01821203
01821996	01797347
01822164	01507175
01822248	01821996
01822300	01821203
01822423	01342529
01822602	01503061
01822724	01771535
01822773	01504437
01822936	01821996
01823013	01822602
01823370	01813668
01823528	00126264
01823912	01507175
01824339	01825237
01824532	01825237
01824575	01823013
01824736	01825237
01825009	01504437
01825278	01822602
01825417	01342529
01825930	01503061
01826060	01825237
01826223	01504437
01826364	01825930
01826378	00752764
01826542	01507175
01826998	01504437
01827064	01825237
01827403	01825930
01827658	01507175
01827745	01778017
01827858	00694068
01827948	01507175
01828267	01507175
01828405	01825237
01828714	01504437
01828736	01777210
01829143	01504437
01829602	01504437
01829739	01507175
01829747	01771535
01829869	01825930
01830042	01771535
01830042	01829869
01830183	01504437
01830623	01504437
01830965	01779165
01831078	01504437
01831308	00630380
01831519	01342529
01831712	01503061
01831930	01504437
01832167	01831712
01832381	01507175
01832684	01507175
01832979	01507175
01833619	01504437
01833906	01970826
01834053	02061495
01834213	01835496
01834702	01342529
01834918	01503061
01835087	01504437
01835276	01834918
01835280	01831531
01835584	01507175
01835769	01835276
01835918	01835276
01836087	01835276
01836246	01507175
01836384	01835276
01836527	01507175
01836673	01835276
01836809	01504437
01837230	01504437
01837746	01342529
01838326	01504437
01838651	01835496
01838961	01507175
01839086	01838598
01839598	01838598
01840092	01835496
01840238	01841079
01840278	01507175
01840412	01838598
01840643	01507175
01840775	01838598
01841079	01835496
01841102	01838598
01841471	01931768
01841591	01931768
01841947	01846320
01842508	01835496
01843238	01504437
01843364	01843055
01843497	01835496
01843689	01843055
01843805	01342529
01843904	01843689
01843932	01504437
01844414	01507175
01844431	01843689
01844653	01846320
01844917	01503061
01845229	01845720
01845272	01342529
01845627	01504437
01845720	01843055
01846320	01845720
01846331	01845477
01846658	01846916
01846916	01835496
01847565	01507175
01847845	01846916
01848123	01846331
01848465	01831531
01848648	01846331
01848718	02015598
01848976	01846331
01849221	01835496
01849746	01849221
01849747	01507175
01850035	01507175
01850135	02053941
01850192	01846331
01850373	01846331
01850676	01507175
01851375	01846331
01851731	01851375
01851996	01507175
01852142	01846331
01852544	01507175
01852701	01850315
01852861	01846331
01852892	02016523
01853069	01974062
01853072	01507175
01853379	01507175
01853498	01852861
01853542	01854132
01853696	02077656
01854047	01504437
01854132	00173338
01854223	01507175
01854415	01852861
01854519	01854132
01854838	01854415
01855032	01854415
01855155	02013571
01855188	01854415
01855343	01507175
01855447	01850315
01855476	01854415
01855672	01845477
01856553	01855672
01856626	01855606
01856748	01507175
01857171	01507175
01857325	01855672
01857392	01848355
01858910	01835496
01858989	01507175
01859325	01858441
01859496	01858441
01859586	01859221
01860107	00550117
01860337	01504437
01860713	01507175
01861403	01860795
01861465	08103777
01861778	01471682
01862399	01320872
01862557	08107499
01862776	01860795
01862918	00778275
01863158	01860795
01863410	01859221
01864038	01843055
01864634	01831531
01864707	08108972
01864865	01831531
01865383	01831531
01866192	01907258
01866610	01850315
01867504	01904930
01868258	01877355
01868370	01831531
01868780	01868370
01869563	01831531
01870043	01831531
01870275	01887576
01870867	01870275
01871406	08103777
01871699	01342529
01871979	01850315
01872094	01862557
01872244	01864707
01872401	01871875
01872635	01864707
01872645	01447257
01872772	01871875
01872877	01835496
01873007	01862557
01873144	01864707
01873310	01871875
01873942	01871680
01874126	01342529
01874568	01953810
01874875	01874568
01874928	01874434
01875295	01876530
01875717	01862557
01876028	01850315
01876180	01862557
01876326	01874434
01876530	01831531
01876535	01864707
01876667	01876326
01876843	01862557
01877134	01874434
01877355	01876530
01877407	01864707
01877812	01877134
01878063	01877355
01878203	01864707
01878500	01864707
01878719	01876530
01878803	01864707
01879095	01864707
01879379	01864707
01879579	01831531
01879701	01864707
01879928	01880113
01879983	01862557
01880152	01877134
01880570	01864707
01880888	01880113
01880937	01862557
01881034	01831531
01881171	01874434
01881180	01835496
01881717	01864707
01881857	01881171
01881957	01912159
01881991	01864707
01882081	01881180
01882125	01881171
01882170	01835496
01882689	01881180
01882714	01881171
01882814	01835496
01883212	01862557
01883344	01850315
01883513	01874434
01883762	01864707
01883920	01883513
01884126	01835496
01884266	01992503
01884348	01864707
01884383	01831531
01884476	01883513
01884577	01831531
01884703	01864707
01884834	01883513
01884974	01831531
01885032	01864707
01885158	01883513
01885239	01968569
01885367	01864707
01885430	01831531
01885498	01883513
01885724	01862557
01885845	01835496
01885856	01864707
01886045	01874434
01886334	01835496
01886488	01835496
01886728	01887576
01886756	01861778
01887474	01886756
01887576	01835496
01887896	01321854
01888264	01886756
01888295	01831531
01888511	01889610
01888520	01342529
01888784	01889610
01888946	01888511
01889074	01886756
01889129	01888511
01889328	01862557
01889520	01889074
01889610	01831531
01890274	01862557
01890626	01889610
01890718	01864707
01890792	01889610
01890860	01889520
01891092	01890792
01891145	01864707
01891249	01831531
01891438	01862557
01891633	01889074
01891817	01831531
01891865	01864707
01892104	01963942
01892271	01864707
01892551	01891633
01892608	01835496
01892734	01892104
01892849	01892104
01892876	01864707
01893313	01909397
01893535	01862557
01893666	01864707
01893771	01831531
01893825	01889074
01894040	01862557
01894207	01889074
01894520	01835496
01894649	01831531
01894670	01862557
01894803	01864707
01895128	05588174
01895219	05220461
01895263	01708676
01895612	01708676
01895630	01903756
01895757	01708676
01896031	05237755
01896031	14755804
01896295	01708676
01896484	01708676
01896561	01896031
01897667	01896031
01897779	01708676
01897851	01896031
01897885	01708676
01897991	05236029
01898032	01708676
01898282	01889610
01898592	01898282
01898731	05254795
01898893	01708676
01899262	01871979
01899891	02055649
01900150	05470189
01900408	01831531
01900488	05470189
01900837	01900488
01901289	01831531
01901447	01926311
01901783	01831531
01902405	01926311
01902568	05237755
01902783	01835496
01902877	09257949
01903346	01902568
01903385	01835496
01903756	01903346
01903756	02066939
01903935	01904120
01904120	01994442
01904182	09257949
01904293	01835496
01904930	01835496
01905121	05225602
01906322	01904930
01906328	07940865
01906552	08102555
01906749	01905661
01907258	01831531
01907495	08103777
01907738	01906749
01908415	08108972
01908703	07940865
01908958	00015388
01909111	08102555
01909397	01907258
01909422	01905661
01909679	01909397
01909812	01835496
01909906	01909422
01910252	01909422
01910373	01831531
01910529	08103777
01910747	01909422
01911339	01835496
01911511	08103777
01911698	01904930
01911839	01909422
01911888	01904930
01912272	01342529
01912454	01911839
01912709	01912159
01912893	01912159
01913035	01908415
01913237	01912159
01913363	02050132
01913532	01457954
01913707	01457954
01913838	08103777
01913849	01912159
01914163	01909422
01914415	01342529
01914609	01914163
01914830	01914609
01914947	02050132
01914961	01908415
01915131	01912159
01915253	01912159
01915365	02050132
01915414	01908287
01915730	01915365
01915811	01914163
01916010	01342529
01916187	01915811
01916214	01904930
01916634	01904930
01916738	01342529
01916960	01904930
01917244	01904930
01917434	01908415
01917549	01904930
01917611	01916925
01917845	01917549
01917980	01904930
01918010	08107499
01918152	08108972
01918183	01904930
01918744	01905661
01919226	01904930
01919391	01904930
01919504	08103777
01919711	01904930
01919714	01342529
01920048	01996735
01920220	02016523
01920330	02016523
01920582	01342529
01920698	01920932
01920932	01904930
01920939	01918152
01921204	01904930
01921559	08107499
01921772	01923909
01921887	08108972
01921964	01968569
01922303	01905661
01922576	01921964
01922717	01922303
01922895	01921964
01923058	01970826
01923171	08102555
01923414	01831531
01923630	01923414
01923637	08102555
01923909	01831531
01924590	08102555
01924882	01904930
01924916	01922303
01925133	08103777
01925338	01904930
01925469	08103777
01925694	01835496
01925695	01924916
01926031	01920932
01926090	01921559
01926247	01921887
01926311	02055649
01926379	01925695
01926840	01921559
01926984	01835496
01926988	01921887
01927159	01925695
01927301	08103777
01927447	01926311
01927456	01924916
01927665	01921559
01927992	02053941
01928154	01945516
01928360	08102555
01928390	01926311
01928517	01922303
01928730	01926311
01928737	08102555
01928838	01835496
01929047	08102555
01929254	01904930
01929396	08102555
01929951	08103777
01930112	01922303
01930117	01835496
01930482	01912159
01930485	01921559
01930672	01921887
01930738	01835496
01930852	01930112
01930995	01921887
01931140	01930112
01931277	01921559
01931520	01930112
01931714	01930112
01931768	02441022
01931845	01921559
01931984	01921887
01932151	01931714
01932358	01921559
01932482	01931768
01932495	01921887
01932586	01931768
01932643	01930112
01932704	01931768
01932800	01921559
01932834	01931768
01932951	01931768
01933093	01931768
01933204	01999798
01933305	01931768
01933342	01921559
01933478	01930112
01933686	01921559
01933834	01921887
01933900	01931768
01933988	01930112
01934205	01931768
01934207	08102555
01934427	01931768
01934440	01922303
01935012	08103777
01935176	01934440
01935233	01995549
01935395	01935176
01935476	01955984
01935743	01921559
01935846	01935476
01936048	01955984
01936537	01955984
01936671	01936391
01936753	01887576
01937015	01921559
01937222	01936753
01937579	01936391
01937719	08103777
01937795	01936753
01937909	01934440
01938155	01921559
01938288	01086103
01938312	01921887
01938454	01937909
01938850	08107499
01939174	01955984
01939406	01939174
01939598	08108972
01939811	01939174
01940034	01939174
01940248	01938426
01940403	01835496
01940488	08102555
01940736	01905661
01941223	01940736
01941670	08103777
01941704	01941093
01941838	01941093
01941987	01941093
01942137	01941093
01942177	01940736
01942234	01941093
01942347	01941093
01942601	01938850
01942724	01939598
01942869	01942177
01942959	01942347
01943153	01941093
01943213	01938850
01943718	01968569
01943949	01968569
01944086	01968569
01944217	01938850
01944390	01942177
01944617	01939598
01944692	01955984
01944812	01944390
01944955	01944390
01944976	01835496
01945183	01835496
01945381	01944692
01945443	01938850
01945516	01944692
01945845	01942177
01946138	01945516
01946408	01945516
01946996	01944692
01947275	01938850
01947543	01944692
01947613	01938850
01947735	01944692
01947874	01938850
01947887	01944692
01948077	01887576
01948154	01938850
01948284	01939598
01948446	01945845
01948573	01945845
01948788	01938850
01948917	01939598
01949110	01955984
01949195	01938850
01949218	01835496
01949330	01939598
01949333	01835496
01949684	01938850
01949817	01449974
01949817	01939598
01949966	01953810
01950128	01953810
01950195	08103777
01950457	01342529
01950502	01950798
01950657	01950798
01950731	01942177
01950798	01850315
01950952	01938850
01951107	01939598
01951274	01942177
01951721	01938850
01952162	01342529
01952750	01951480
01952812	01342529
01952898	01951480
01953032	01938850
01953197	01939598
01953361	01942177
01953810	01850315
01954202	08103777
01954340	01342529
01954341	01953810
01954516	01942177
01954852	01953810
01954962	01939598
01955009	01955127
01955127	01950798
01955463	08103777
01955508	01950798
01955808	01941093
01955933	01940736
01955984	01841079
01956344	01321579
01956481	01955933
01956708	01955984
01957075	01938850
01957202	01939598
01957335	01956481
01957529	01835496
01957591	01938850
01957739	01939598
01958038	01956481
01958346	01958038
01958435	01958038
01958452	01970826
01958615	01957529
01958790	01938850
01958868	01958615
01958914	01939598
01959022	01957529
01959187	01938850
01959333	01939598
01959482	01957529
01959668	01938850
01959927	01958615
01959985	01955933
01960105	01958615
01960296	01957529
01960301	01938850
01960459	01955933
01960779	01958615
01960900	01939598
01960911	01835496
01961059	01960459
01961691	01960911
01961736	01938850
01961974	01960911
01962223	01938850
01962350	01939598
01962662	01939598
01962671	01960911
01962788	01960459
01962865	01991472
01963130	01962671
01963571	01955933
01963655	01967373
01963730	01938850
01963795	01962671
01963876	01939598
01963942	01831531
01964049	01963571
01964271	01964049
01964441	01963571
01964636	01938850
01965331	01963942
01965404	01939598
01965464	01963942
01965747	01938850
01965889	01955933
01966168	01963942
01966204	01939598
01966352	01963942
01966377	01965889
01966586	01965889
01966706	01970826
01966797	01938850
01966861	01963942
01967094	01956481
01967104	01963942
01967205	01966168
01967373	01970826
01967396	01939598
01967634	01967373
01967677	01938850
01967792	01967373
01967923	01967373
01968045	01968275
01968115	08103777
01968275	01967373
01968315	01940736
01968569	01835496
01968732	01939598
01969084	01968569
01969103	08103777
01969216	01835496
01969550	01342529
01969601	01968569
01969726	01968315
01970125	01968569
01970272	01968569
01970342	01938850
01970348	01968569
01970502	01939598
01970646	01970826
01970667	01969726
01970826	01835496
01971094	01968315
01971280	01971094
01971603	01970826
01972017	01762525
01972131	00124442
01972131	01971280
01972283	01938850
01972298	01835496
01972411	01939598
01972849	01989053
01972976	01989053
01973125	01850315
01973375	01342529
01973759	01850315
01974399	08103777
01974773	01767661
01974916	01974062
01975121	01974062
01975237	01974062
01975312	08103777
01975387	01974062
01975587	01974062
01975687	01974773
01975880	01342529
01975912	01974062
01976089	01974062
01976146	01974773
01976220	01577093
01976477	01342529
01976488	01970826
01976841	01970826
01976957	01976146
01977080	01976841
01977366	01762525
01977545	01977701
01977684	01759182
01977701	01850315
01977832	01762525
01978576	01970826
01978744	01759182
01978930	01976957
01979124	01762525
01979241	01979901
01979395	01762525
01979462	02018049
01979526	01978930
01979738	01762525
01979901	02005948
01980328	01759182
01980471	01762525
01980766	01979901
01980993	01759182
01981036	02005948
01981276	01976957
01981436	02005948
01981543	01759182
01981702	01976957
01981884	01762525
01982044	01983771
01982068	01981702
01982211	01762525
01982395	01831531
01982482	01342529
01982650	01976146
01982866	01974062
01982895	01759182
01983048	01982650
01983264	01983771
01983277	01762525
01983481	01983048
01983771	00109660
01983958	01759182
01984119	01983771
01984317	01983771
01984416	01759182
01984547	01762525
01984902	01983771
01984958	01759182
01985029	01983771
01985493	01985128
01985524	01985923
01985667	01762525
01985757	01985923
01985797	01985128
01985923	01983771
01985947	01759182
01986185	01989873
01986367	01342529
01986538	01759182
01986806	01976146
01986869	01850315
01987160	01494310
01987228	01759182
01987353	01762525
01987545	01976146
01987727	01987545
01987781	01494310
01987938	01759182
01988080	01494310
01988325	01494310
01988458	01494310
01988481	01342529
01988886	01989053
01988971	01342529
01989053	00109660
01989097	01759182
01989873	01970826
01990007	01989869
01990168	01989873
01990281	01969216
01990627	01342529
01990694	01990281
01990800	01975687
01991233	01759182
01991472	01989873
01991676	01759182
01991744	01835496
01991931	01835496
01991982	01759182
01992251	01831531
01992375	01072949
01992503	01835496
01992516	01342529
01992773	01975687
01992935	01759182
01993031	01992503
01993065	01762525
01993212	01992503
01993214	01992773
01993352	01992503
01993549	01992503
01993805	01992503
01993926	01850315
01994442	01835496
01994492	01974773
01994846	01994442
01995137	01342529
01995211	00173338
01995323	01762525
01995514	01994492
01995549	01835496
01995686	01994492
01996392	08103777
01996402	01995549
01996574	02058994
01996585	01974773
01996735	01904930
01997002	01762525
01997119	01835496
01997119	01996585
01997698	08103777
01997862	01998432
01998019	08103777
01998183	01974773
01998432	01835496
01998467	01759182
01998599	01762525
01998741	01998183
01998793	02020590
01998920	01759182
01999048	01762525
01999082	02020590
01999186	01998183
01999218	01835496
01999374	08103777
01999423	01999218
01999767	01767661
02000133	01999798
02000288	01999798
02000547	01999798
02000618	01759182
02000868	01835496
02000954	01844917
02001252	02000868
02001428	01342529
02001461	01998432
02001821	01504437
02001858	02000868
02002075	02000954
02002384	01507175
02002591	02001858
02002720	01850315
02002875	01507175
02003037	02002075
02003186	02002720
02003204	02002075
02003359	02002720
02003480	02002720
02003601	02001858
02003994	01507175
02004227	02001858
02004343	01507175
02004492	02002075
02004661	01507175
02004701	02004874
02004855	02002075
02004874	01835496
02005102	01504437
02005238	01507175
02005598	01504437
02005778	02004874
02005790	02000954
02005962	01507175
02006211	01507175
02006510	01504437
02006656	02000954
02006827	01507175
02006834	02005948
02007161	01507175
02007417	02020590
02007721	01504437
02007898	02020590
02008041	02000954
02008066	02020590
02008396	02009433
02008796	02008041
02009015	01507175
02009620	01507175
02009750	02008796
02010144	01507175
02010453	02008041
02010592	01507175
02010864	02009433
02010881	01507175
02011040	02009433
02011156	01507175
02011281	02008041
02011460	02008041
02011560	02009433
02011668	01507175
02011685	00010435
02011865	01835496
02012043	02543607
02012063	01507175
02012306	01342529
02012715	01504437
02012849	02000954
02013034	01507175
02013571	01850315
02013889	01504437
02014061	01507175
02014237	02000954
02014406	01507175
02014553	02014165
02014646	01504437
02014733	02014165
02014863	02014165
02014941	02000954
02015031	02014165
02015168	02009433
02015221	01507175
02015384	02005948
02015554	02014941
02015598	01831531
02015685	01507175
02015944	01507175
02016062	02015598
02016198	01507175
02016358	01844917
02016659	02016358
02016816	02016358
02017149	02016523
02017299	02016523
02017335	01507175
02017607	01507175
02017775	02016523
02017937	02053941
02018027	02014941
02018049	02016523
02018207	02018027
02018265	01979462
02018372	02018049
02018524	02016523
02018638	01504437
02018795	02000954
02019011	02018524
02019044	01507175
02019308	01507175
02019431	02050132
02019566	01504437
02019574	02050132
02019716	02016523
02019762	01507175
02019929	02000954
02020027	02019716
02020237	02020027
02020413	01126360
02020450	01507175
02020777	01504437
02020902	01507175
02021050	02000954
02021149	02020590
02021438	01342529
02021532	02020590
02021653	02020590
02021773	02020590
02021795	01844917
02021921	02020590
02022135	01342529
02022162	02526085
02022359	02020590
02022486	02087156
02022659	02528380
02022684	02000954
02022804	02428924
02023133	01504437
02023396	02023107
02023600	02428924
02023664	01507175
02023992	02023341
02023992	02428924
02024185	02023341
02024508	02428924
02024636	01507175
02024763	02023341
02025009	02428924
02025043	02023341
02025353	01835496
02025530	01504437
02025550	01835496
02025829	02025550
02026498	01507175
02026629	02022684
02026798	01507175
02027030	02025550
02027209	01507175
02027226	02025009
02027411	02025009
02027612	02428924
02027730	01507175
02028175	02026059
02028366	02027612
02028556	01507175
02028722	01850315
02028900	02026059
02028994	02030158
02029243	01507175
02029492	02028994
02029663	02030158
02029706	02026059
02029914	01507175
02030158	01831531
02030442	01507175
02030709	01507175
02030764	02075462
02030967	02030424
02030996	02022684
02031143	01507175
02031455	01507175
02031622	02031158
02031752	01507175
02031934	02022684
02032222	02031934
02032355	02031934
02032415	01831531
02032480	02031934
02032634	02428924
02032646	01507175
02032934	02032634
02033041	02031934
02033137	01907258
02033295	01907258
02033561	02022684
02033703	02033295
02033805	01907258
02034004	02033295
02034129	02022684
02034300	01907258
02034394	01507175
02034661	02022684
02034971	02034661
02034986	02035919
02035210	02034661
02035402	02034661
02035425	02034986
02035559	01983771
02035656	02034661
02035845	01507175
02035919	00140967
02036053	02022684
02036339	02035919
02036399	01504437
02036755	01546111
02036982	01507175
02037090	02038357
02037110	02022684
02037278	01504437
02037464	02022684
02037472	02037090
02037713	01507175
02037839	02037090
02037989	02037090
02038010	01507175
02038329	01507175
02038357	02035919
02038617	01504437
02038791	02038357
02038837	01507175
02038993	02022684
02039156	02038357
02039171	02022684
02039377	01507175
02039660	01507175
02039876	01976841
02039942	01504437
02040054	02066510
02040113	01507175
02040266	02022684
02040273	01983771
02040709	02040273
02040872	01504437
02041085	02040505
02041206	00264034
02041246	02041085
02041422	01943718
02041492	01507175
02041678	02041246
02041875	02041246
02042046	02041246
02042067	01309701
02042180	02041246
02042342	01507175
02042404	02066939
02042472	02041246
02042672	02042404
02042923	01504437
02043190	01850315
02043207	01507175
02043497	01504437
02043501	02043190
02043665	02043501
02043982	02044278
02043999	01504437
02044178	02040505
02044278	01835496
02044358	01507175
02044659	01507175
02044778	02044178
02044866	01835496
02045024	01504437
02045369	02021795
02045705	01507175
02045790	01907258
02046045	01507175
02046075	02045043
02046321	01507175
02046572	01907258
02046755	02045043
02046759	02045369
02047148	02046755
02047260	02046759
02047614	02021795
02047650	02066939
02047835	01507175
02048051	02045790
02048242	01507175
02048514	01342529
02048698	02021795
02048832	01504437
02048891	02045043
02048952	01507175
02049190	01907258
02049299	01342529
02049532	02021795
02049672	01504437
02049696	01992503
02050004	02049532
02050132	01835496
02050865	02050132
02050921	01507175
02051031	02050132
02051213	01342529
02051270	02050132
02051474	02021795
02051694	01835496
02051701	01504437
02051845	02051474
02052044	01507175
02052090	02051694
02052226	02051694
02052358	02051694
02052511	01504437
02052639	01507175
02052675	02052476
02052936	01504437
02053083	02051474
02053279	01507175
02053425	02053083
02053720	01504437
02053829	02051694
02053859	01507175
02053941	01849221
02054376	01507175
02054382	02053941
02054502	02051474
02054703	01992503
02054834	01504437
02054864	02053941
02054966	01507175
02054989	00140967
02055267	02058994
02055280	01342529
02055431	01504437
02055521	02055649
02055649	01835496
02055658	02021795
02055803	02055658
02055975	01835496
02056091	01507175
02056300	02075462
02056421	01507175
02056466	01850315
02056873	01507175
02056971	01850315
02057478	01342529
02057656	01835496
02057656	01930874
02057731	02021795
02058074	01504437
02058191	01831531
02058221	02057731
02058453	01507175
02058590	01831531
02058747	02058221
02058756	01997862
02058933	01504437
02058994	01835496
02059162	02057731
02059393	01507175
02059462	01850315
02059723	01507175
02059916	01835496
02060016	01507175
02060141	01378556
02060719	01504437
02060792	02060141
02060889	02059162
02061069	01831531
02061073	01507175
02061366	02061069
02061425	01507175
02061495	02058994
02061846	01843055
02062017	01886756
02062209	01342529
02062212	01831531
02062430	02062017
02062632	02035919
02062744	02062430
02062991	01342529
02063018	01973125
02063224	02062744
02063516	01862557
02063771	02035919
02063846	01864707
02063988	02062632
02064000	02063224
02064131	02027612
02064338	02063224
02064358	01970826
02064608	01864707
02064816	02063224
02064887	01907258
02065026	02064338
02065407	02064338
02065599	01864707
02065726	02063224
02065932	01862557
02066086	01864707
02066245	02063224
02066304	02064887
02066450	01342529
02066510	01831531
02066707	02062744
02066939	01831531
02066950	01862557
02067100	01864707
02067240	02066707
02067462	01864707
02067540	01912159
02067941	01862557
02068206	02066707
02068408	01864707
02068413	02069248
02068541	02068206
02068735	01862557
02068745	02068413
02068974	02066707
02069248	02066939
02069271	01864707
02069551	01850315
02069569	01864707
02069701	02068974
02069888	02066939
02070150	02028366
02070296	02069551
02070430	02068974
02070466	02066939
02070679	01902783
02070874	02066939
02071142	01970826
02071173	01864707
02071294	02068974
02071316	01970826
02071457	02066939
02071506	01864707
02071627	02070874
02071636	02068974
02071837	00173338
02071974	02066939
02072159	02069888
02072209	01862557
02072355	01864707
02072394	02072159
02072493	02062744
02072501	01992503
02072665	01864707
02073041	01342529
02073065	02072849
02073233	02074677
02073250	02062017
02073532	01862557
02073545	02074677
02073679	01864707
02073714	02075462
02073831	02073250
02074004	01862557
02074093	02073714
02074377	02074677
02074542	01864707
02074677	02075462
02074726	02073250
02074915	01342529
02075049	02009433
02075296	01886756
02075462	02075049
02075612	00015388
02075727	01342529
02075764	02075049
02075927	02062017
02076027	02009433
02076196	02075927
02076280	02074677
02076535	01862557
02076779	02076196
02076999	02015598
02077148	00230746
02077656	01449974
02077923	02076779
02078159	01864707
02078294	02077656
02078436	01864707
02078882	01864707
02079170	01862557
02079389	02076196
02079525	02077656
02079706	01864707
02079851	02079389
02079933	02077656
02080022	01864707
02080146	02079389
02080291	01864707
02080415	02079389
02080482	02079933
02080586	01864707
02080652	02079933
02080713	02079389
02080783	02079933
02080924	02079933
02080934	01864707
02081060	02079389
02081178	02049696
02081282	01862557
02081423	01864707
02081571	02075927
02081946	00140967
02082056	01886756
02082358	01342529
02082498	01862557
02082527	01835496
02082632	01864707
02082690	02043190
02082791	01886756
02083038	01862557
02083087	02082690
02083237	02082690
02083346	02075296
02083497	01277974
02083863	01864707
02084071	01317541
02084071	02083346
02084104	01850315
02084252	01831531
02084732	02084071
02084861	02084071
02085320	02060141
02085374	02084071
02085573	01835496
02085742	02016523
02087122	02084071
02087551	02087122
02087745	01850315
02088241	01835496
02089420	01850315
02089555	02087551
02089632	02089420
02089984	01850315
02090990	01850315
02091165	01835496
02091410	01835496
02091689	01904930
02091885	01835496
02092309	01850315
02092468	02087122
02092476	01835496
02093056	02092468
02093390	01831531
02093610	01850315
02094569	01871979
02095060	01912159
02096756	02092468
02097047	02096756
02097341	01494310
02097925	00528990
02098458	02035919
02098550	02087122
02099029	02098550
02099829	01835496
02099997	02098550
02100176	01835496
02100236	02099997
02100399	02098550
02100632	01850315
02101046	01951480
02101108	02098550
02102002	01835496
02102398	01835496
02102605	02101108
02102840	01995549
02103162	01850315
02103406	02084071
02103841	02103406
02106006	02106506
02106662	02104523
02106966	02103841
02107248	02106506
02107588	02106506
02107817	02107588
02108377	00109660
02109045	02108026
02109190	02110220
02109645	02121511
02109811	02103406
02109818	02109190
02110220	02108377
02110341	02084071
02110927	00137313
02111626	02084071
02112029	02110927
02112497	02084071
02112546	02112029
02112826	02084071
02112891	02112029
02113335	02084071
02113430	02110927
02113622	02113430
02113850	02113622
02114056	00109660
02114100	02083346
02114924	00126264
02115335	02083346
02115430	02114924
02115913	02115335
02116118	02115778
02116322	01864707
02116959	01862557
02116980	02116118
02117135	02083346
02117170	02116118
02117333	02116118
02117772	01864707
02117900	02117135
02118058	01864707
02118242	02106506
02118333	02083346
02118854	01864707
02119022	02118333
02119659	00063291
02119874	00063291
02119961	01864707
02120079	02118333
02120140	02121188
02120387	01864707
02120451	02122164
02120692	01862557
02120715	02120451
02120997	02075296
02121048	02122164
02121188	02122164
02121234	01864707
02121511	02106506
02121620	02120997
02121808	01317541
02121808	02121620
02122164	02123903
02122298	02121808
02122580	01317541
02122665	02122164
02122725	02121808
02122983	02121188
02123242	02121808
02123298	02123424
02123424	02121511
02123597	02121808
02123672	02123903
02124106	02124332
02124332	02123672
02124623	02121620
02125032	02124748
02125311	02124623
02125641	02123903
02125689	02124623
02126022	02125641
02126382	02125641
02126686	02125641
02126863	00126264
02127052	02124623
02127100	00515154
02127358	02106506
02127613	01315613
02127808	02120997
02128120	01864707
02128286	02150510
02128385	02127808
02128757	02127808
02128873	02110220
02128925	02127808
02129165	02127808
02129604	02127808
02129709	02129289
02130160	02129289
02130308	02127808
02131418	01862557
02131653	02075296
02131942	01864707
02132580	02132136
02132745	02130524
02132788	02132136
02132974	01864707
02133161	02131653
02133297	02132745
02133435	02604760
02133512	01864707
02133704	02131653
02133902	01864707
02134084	02131653
02134240	01864707
02134350	02133435
02134589	01862557
02134971	02075296
02135220	02134971
02135486	01864707
02135726	01864707
02135981	01864707
02136103	02135220
02136285	02135220
02136623	01864707
02136901	01864707
02137172	01864707
02137428	01864707
02137549	02134971
02137710	02143283
02137907	02137710
02138042	01864707
02138323	01864707
02138441	02134971
02138611	02137132
02138766	00126264
02138921	01342529
02139199	01886756
02139479	01342529
02139671	02139199
02139883	02137132
02140033	02137132
02140357	01864707
02140781	02735418
02140970	01342529
02141146	02140033
02141306	02139199
02141713	02141306
02141973	02140033
02142064	01862557
02142295	01864707
02142413	02141973
02142575	01864707
02142626	02140033
02142775	02140033
02142993	01864707
02143283	02137132
02143539	02143283
02143594	01862557
02144110	01864707
02144243	00933821
02144251	02141713
02144442	01862557
02144460	01644746
02144644	00956687
02144792	01864707
02145084	01862557
02145424	02141306
02145767	01864707
02146064	01864707
02146526	01864707
02146700	02145424
02147034	01864707
02147109	02144835
02147452	01864707
02147591	02145424
02147603	02158587
02147747	01864707
02147947	02145424
02147962	02158587
02148109	02148369
02148369	02144835
02148512	02145424
02148788	02137132
02148835	02145424
02149136	01862557
02149302	00820976
02149420	02141306
02149899	02131279
02150039	02131279
02150306	01862557
02150482	02141306
02150948	02150510
02151108	01864707
02151394	02150948
02151625	05297523
02151816	02150948
02152212	02151625
02152278	02131279
02152504	02131279
02152740	00015388
02152812	02131279
02152881	00015388
02152991	00015388
02153023	02152812
02153203	01789386
02153203	02152991
02153253	00722232
02153387	02131279
02153445	05563034
02153709	02131279
02153959	02153445
02154312	02163746
02154416	02153445
02154508	02163746
02155493	02154508
02155872	05225602
02156063	02154508
02156225	02154508
02157206	00015388
02157285	00015388
02157731	02144835
02158066	02157557
02158196	02157731
02158587	02144835
02158739	02157557
02158846	02157557
02158896	02158587
02159117	02153959
02159197	00697589
02159271	08103777
02159427	02159197
02159741	00621734
02159890	02160552
02159955	01767661
02160177	02159890
02160433	02763740
02160552	02123903
02161530	02133435
02161944	01342529
02162672	02763740
02162947	02133435
02163301	02169352
02163616	01342529
02163746	02106506
02164464	02159955
02164531	02130524
02164825	02130300
02165146	02130524
02165247	01759182
02165304	02130524
02165456	02164464
02165543	02131279
02165754	01762525
02165754	02165543
02165877	02165456
02166024	01762525
02166229	02165456
02166460	00630380
02166567	02165456
02166674	01762525
02166826	02165456
02166986	01759182
02167052	02130524
02167151	02164464
02167210	02151966
02167571	02169352
02167820	02167151
02168121	01759182
02168699	02164464
02168876	01762525
02169023	02168699
02169119	02153709
02169345	01759182
02169352	02150510
02169497	02164464
02169702	02106506
02169833	01762525
02169891	02106506
02169974	02169497
02170269	01759182
02170400	02164464
02170427	02169891
02170848	01759182
02170861	02170427
02171039	00722232
02171254	01759182
02171453	02164464
02171633	01759182
02171664	02172888
02171869	02171453
02172127	02172888
02172182	02171869
02172387	01762525
02172683	02172888
02172870	02171869
02172888	02176268
02173240	01762525
02173336	02172888
02173373	02171869
02173513	02176268
02173571	01762525
02173784	02171869
02174115	02176268
02174153	01759182
02174311	02176268
02174355	02171869
02174521	01762525
02174659	02174355
02174662	02176268
02174830	02176268
02174870	01762525
02175057	02176268
02175263	01759182
02175440	01762525
02175569	02171869
02175578	02176268
02175958	02176268
02176073	01759182
02176261	02164464
02176268	02123903
02176611	01762525
02176747	02176261
02177644	01759182
02177972	02164464
02177976	02176268
02178244	01759182
02178563	01762525
02178866	02176268
02178886	01759182
02179012	02164464
02179154	02176268
02179279	02176268
02179429	01759182
02179714	01762525
02180046	01762525
02180152	02179518
02180233	02164464
02180529	00974367
02180898	02176268
02181235	02177972
02181402	02180898
02181538	02179518
02181599	01762525
02181724	02181235
02181973	02181538
02182045	02177972
02182109	02176268
02182220	01762525
02182342	02176268
02182479	02172888
02182498	01762525
02182662	02176268
02182796	01762525
02182851	02176268
02183024	02176268
02183175	02176268
02183353	01342529
02183442	02183175
02183697	01342529
02183787	02176268
02183857	02159955
02184114	01759182
02184163	02183787
02184270	01762525
02184610	02176268
02184720	02183857
02184797	01058224
02184881	01759182
02184965	02176268
02185007	01762525
02185167	02183857
02185337	01342529
02185373	02176268
02185664	02176268
02185694	01762525
02185814	02185481
02185973	01342529
02185988	02176268
02186153	01385330
02186153	02159955
02186360	02185988
02186506	02176268
02186834	01762525
02186868	02176268
02187320	02176268
02187427	01762525
02187510	02176268
02187554	02186153
02187693	02176268
02187922	02176268
02188065	01342529
02188198	02176268
02188587	02176268
02188699	02159955
02188848	02189714
02189214	01759182
02189363	02188699
02189535	01762525
02189670	02189363
02189714	02169891
02190015	01759182
02190166	02188699
02190188	02191106
02190648	01762525
02190943	00461493
02191106	00126264
02191131	01762525
02191273	02190166
02191311	02190632
02191449	01759182
02191546	02106506
02191617	01762525
02191773	02190166
02192127	01762525
02192225	02191766
02192383	02191766
02192388	01762525
02192570	02191766
02192818	02192570
02192992	00618451
02193009	02190166
02193163	02193009
02193357	01759182
02193496	01762525
02193612	02193194
02193765	02193194
02193799	01759182
02193974	02191546
02194078	01762525
02194138	02191766
02194414	01759182
02194495	02194286
02194599	01762525
02194887	01762525
02194913	02116118
02195191	02194913
02195403	01759182
02195470	02196948
02195526	02193009
02195951	02195470
02195996	01759182
02196081	02192570
02196119	02188699
02196344	02188699
02196378	02195470
02196542	01759182
02196690	02196948
02196761	01762525
02196896	02196344
02196948	00126264
02197048	01762525
02197185	02196344
02197360	02110220
02197545	01762525
02198014	02176268
02198021	01762525
02198332	01759182
02198423	00021065
02198532	02188699
02198714	01762525
02198859	02198532
02199170	02198532
02199352	01762525
02199590	02220461
02199712	01342529
02199999	01759182
02200198	02188699
02200341	02199590
02200498	02230772
02200509	02311060
02201252	01762525
02201268	02200686
02201521	02201268
02201644	02200686
02201758	01762525
02202133	02200686
02202287	02188699
02202384	02203362
02202509	01759182
02202678	02202287
02202928	02203362
02203008	01759182
02203592	02188699
02203739	01759182
02204084	01762525
02204242	02203362
02204585	01762525
02204722	02188699
02205095	01759182
02205219	02188699
02205383	01759182
02205896	01342529
02206270	02159955
02206624	01759182
02206856	02206270
02207206	02210855
02207890	02207206
02207942	01759182
02208118	02207206
02208143	01762525
02208265	02207206
02208280	02206856
02208498	02208280
02208537	02210855
02208903	02199590
02209261	02208903
02209499	02324182
02209508	01762525
02209745	02207206
02210119	02210855
02210291	01762525
02210567	01762525
02210728	01759182
02211099	01759182
02211283	01762525
02212062	02206270
02212323	01759182
02212602	02212062
02212646	02210855
02212825	02202384
02213074	02510337
02213107	02212602
02213362	01762525
02213690	02212825
02214203	01762525
02214485	02213690
02214660	02206270
02214972	01759182
02215001	02202384
02215161	02212062
02215334	01759182
02215355	02274482
02215790	02304982
02215941	01759182
02216066	01762525
02216083	02327200
02216710	02219094
02216740	02212062
02217011	02251743
02217266	02251743
02217334	01759182
02217563	02206270
02217839	02311060
02217997	01762525
02218134	02217563
02218173	02205272
02218371	02206270
02218635	02304982
02218713	02206270
02218759	02281093
02219094	02199590
02219234	01759182
02219486	02206270
02219901	01762525
02219940	02219094
02220055	02219486
02220225	02219486
02220393	01759182
02220518	02219486
02221240	01762525
02221414	02219486
02221454	02220461
02221820	02219486
02221959	01850315
02222318	02224055
02222459	01762525
02222718	01342529
02222994	02222318
02223009	01759182
02223238	02222318
02223266	02159955
02223479	02222318
02224323	01759182
02224466	01762525
02225204	02222318
02225231	01759182
02225342	02222318
02225492	02202384
02225577	01762525
02225739	02327200
02225911	02339413
02225959	01342529
02226013	02339413
02226172	02339413
02226183	02159955
02226380	02327200
02226429	02226183
02226559	02327200
02226598	01759182
02226821	02226429
02226833	01162425
02226981	02280132
02227119	01762525
02227362	02228031
02227430	01762525
02227487	02227741
02227773	01759182
02227966	02226429
02228341	02227966
02228355	00614057
02228565	01762525
02228698	02294436
02228874	01759182
02229023	01762525
02229055	02200686
02229156	02227966
02229385	01759182
02229544	02226183
02229550	02221959
02229867	01762525
02230056	02221959
02230247	02229055
02230772	02220461
02230782	01342529
02231052	02159955
02231307	01759182
02231328	02230772
02231473	01508368
02231487	02231052
02231661	02232190
02231680	01762525
02231930	01759182
02232086	01762525
02232190	01850315
02232408	08103777
02232606	01342529
02232951	02159955
02233096	01342529
02233338	02232951
02233577	01759182
02233767	01762525
02233943	02233338
02234087	02228698
02234181	01762525
02234551	02234087
02234719	01762525
02234848	02233338
02234988	00235368
02235229	02200686
02235321	01759182
02235575	01342529
02235666	02235229
02235761	01759182
02235842	01009240
02235911	01762525
02236495	01342529
02236624	02236124
02236896	02159955
02237239	01759182
02237424	02236896
02237581	02237424
02237631	02236124
02237868	02237581
02237943	02237338
02238085	02210855
02238113	01762525
02238235	02237581
02238770	02238085
02238887	02236896
02239073	01762525
02239347	01759182
02239528	02236896
02239659	01762525
02239997	02289295
02240223	01759182
02240377	01762525
02240517	02236896
02240706	01759182
02240852	01762525
02241008	02236896
02241107	02319050
02241184	01342529
02241569	02159955
02241621	02206619
02241767	02241621
02241799	02241569
02241911	02242464
02242049	02242464
02242256	02260362
02242293	01759182
02242464	02257370
02242942	01759182
02243065	01762525
02243351	01759182
02243461	02242464
02243562	02241799
02243744	01762525
02243967	02242464
02244007	01759182
02244173	02241569
02244396	01762525
02244426	02242464
02244515	02244173
02244603	02242464
02244670	01762525
02244773	02242464
02244956	02245765
02245555	02244956
02245592	01342529
02245765	02376958
02245993	02244956
02246011	02159955
02246166	02244956
02246284	01759182
02246300	02244956
02246487	01762525
02246628	02246011
02247028	02242464
02247076	01762525
02247226	02242464
02247363	01762525
02247511	02246628
02247584	02222318
02247749	02222318
02247977	02210855
02248147	01759182
02248368	02246011
02248510	02248368
02248808	02247977
02249018	02248808
02249438	02210855
02249673	01762525
02249741	02251743
02249995	01759182
02250133	01762525
02250464	01759182
02250653	01762525
02251065	01128193
02251067	02250822
02251233	02250822
02251247	00891216
02251452	01762525
02251743	02199590
02251775	02246011
02252039	01759182
02252226	02251775
02252429	01759182
02252608	01762525
02252931	02253154
02253154	02254258
02253456	02254258
02253592	01762525
02253715	02252226
02253766	02529284
02253913	02253715
02254110	01762525
02254258	01021629
02254370	01759182
02254531	01762525
02254697	02251775
02254767	02237338
02255144	01762525
02255268	02199590
02255462	02199590
02255567	01759182
02255698	01762525
02255855	02251775
02256010	01759182
02256172	02251775
02256354	02257370
02256365	01759182
02256656	02246011
02256882	01762525
02256998	02257370
02257149	01762525
02257284	02256656
02257370	02220461
02257536	01759182
02257715	02246011
02257767	00126264
02258065	01762525
02258291	02257767
02258354	01762525
02258487	02257767
02258617	02257370
02259005	02257370
02259212	02246011
02259241	02257370
02259377	02246011
02259547	02259829
02259844	01759182
02260085	02257370
02260421	02159955
02260623	01759182
02260959	02260362
02261123	02260362
02261184	01759182
02261256	02245765
02261286	01762525
02261419	02260421
02261464	00761713
02261630	01762525
02261642	02200686
02261757	02261419
02261883	01342529
02261888	02234087
02262139	02261888
02262178	02159955
02262324	01759182
02262449	02262178
02262601	02262278
02262679	01342529
02262752	02199590
02263027	02200686
02263038	01342529
02263346	02261888
02263378	02159955
02263717	01759182
02263788	02199590
02263848	01762525
02264021	02263378
02264179	02263346
02264363	02263378
02264397	02210119
02264591	02311060
02264734	01759182
02264752	02265231
02264885	02264363
02265177	01759182
02265330	02264363
02265471	01342529
02265560	02265231
02265717	01759182
02265860	01762525
02266050	02263378
02266148	02267060
02266269	02311060
02266421	02263378
02266580	01759182
02266732	01762525
02266864	02263378
02267060	02251743
02267529	01157517
02267644	01759182
02267975	01342529
02267989	01158572
02268148	02159955
02268443	02268148
02269003	01158181
02269015	01342529
02269143	02225492
02269196	02159955
02269340	02269196
02269829	01342529
02269894	01143838
02270011	02159955
02270165	02270815
02270326	01759182
02270404	02238085
02270473	01762525
02270648	02270404
02270810	01762525
02270815	00752764
02271087	01759182
02271137	02267060
02271427	01342529
02271570	02159955
02271897	02271570
02272090	02271137
02272152	01762525
02272286	02271897
02272373	02272090
02272428	01762525
02272549	02274482
02272552	02271897
02272707	01342529
02273083	02274482
02273120	01759182
02273254	01762525
02273293	02205272
02273545	01342529
02273922	02205272
02274024	02159955
02274079	02273293
02274259	02274024
02274299	02207206
02274482	02206619
02274516	01759182
02274822	02274259
02275152	02274482
02275365	00752764
02275372	01762525
02275560	02274822
02275773	02274822
02275799	02275365
02275921	01762525
02276078	02274822
02276355	02274822
02276527	01762525
02276749	02274822
02276866	02321757
02276902	02274822
02277094	02274822
02277138	02321757
02277268	02274822
02277303	02321757
02277448	02321391
02277663	02277448
02277895	01762525
02277897	02321757
02278024	02274822
02278061	02321757
02278470	02278061
02278704	01762525
02278830	02289295
02278839	02274822
02279127	01762525
02279442	01759182
02279637	02274259
02279772	02290461
02279819	01762525
02279972	02279637
02280132	02202928
02280223	01759182
02280845	01762525
02280869	01157517
02281093	02202384
02281485	02281093
02281552	01759182
02281787	02274259
02281987	01762525
02282082	02282506
02282365	02282506
02282385	02281787
02282506	02202384
02282716	01762525
02282903	02281787
02283201	02274024
02283324	02202384
02283716	02498320
02283728	01759182
02283951	02283201
02284096	02251743
02284367	01762525
02284544	02271137
02284662	02289295
02284803	02284096
02284951	02251743
02285052	01762525
02285179	02283951
02285359	01759182
02285392	02203362
02285548	02283201
02285629	02210855
02285909	01762525
02286027	02285629
02286089	02285548
02286204	02285629
02286271	01762525
02286425	02285548
02286687	02285629
02286815	01759182
02287004	02283201
02287041	02207206
02287204	01762525
02287476	01762525
02288295	02210855
02288473	01759182
02288656	02288295
02288656	02573275
02288789	02283201
02289061	01762525
02289177	01762525
02289295	02210855
02289466	01762525
02289610	02288789
02289845	01762525
02289854	02289295
02290029	02289295
02290153	01762525
02290196	02210855
02290340	02288789
02290461	02210855
02290521	01762525
02290664	02288789
02291024	01759182
02291220	02283201
02291258	02290461
02291391	01759182
02291434	02289295
02291548	02291708
02291572	02291220
02291708	02289295
02291748	02291572
02291940	01762525
02292272	01762525
02292535	02321757
02292564	01762525
02292692	02291572
02293135	01759182
02293321	02230772
02293352	02283201
02293732	02293321
02293915	02293321
02293974	01762525
02294179	02201644
02294279	01762525
02294436	02199590
02294761	01759182
02295064	02283201
02295082	00918872
02295208	02210855
02295550	01158872
02295717	01762525
02295717	02295550
02295870	02295064
02296150	01762525
02296153	00952524
02296276	02295064
02296480	01762525
02296612	02295064
02296726	02327200
02296756	01762525
02296984	02327200
02297127	01762525
02297142	02199590
02297294	02295064
02297409	02298160
02297635	01762525
02297948	02327200
02298160	02260362
02298379	01759182
02298471	02244956
02298541	02283201
02298833	01762525
02298998	02298632
02299039	02298541
02299269	02263027
02299378	02298541
02299552	02298632
02299687	02298632
02299715	01762525
02299801	02298632
02299846	02298541
02300060	01072949
02300173	02283201
02300378	01762525
02300549	01149470
02300554	02300173
02300797	02309337
02301072	01759182
02301151	02300060
02301452	02283201
02301502	02251743
02301782	01762525
02301825	02205272
02301935	02301452
02302124	01762525
02302220	02203362
02302454	02210855
02302459	02301452
02302620	02309337
02302853	01762525
02303331	02228031
02303448	01762525
02303585	02302459
02303761	02303331
02303777	02302620
02303917	01762525
02304229	01762525
02304648	02205272
02304797	02301452
02304967	01762525
02304982	02281093
02305245	01759182
02305407	02283201
02305586	02210855
02305799	01762525
02305856	02265979
02305929	02305407
02306087	02281093
02306159	01759182
02306433	02283201
02306462	02320374
02306672	01762525
02307007	01762525
02308139	02309337
02308552	02320374
02308741	02199590
02308852	01762525
02309165	02294436
02309337	02311060
02309841	02309337
02310000	02309337
02310328	02200686
02310334	02310000
02310482	02284951
02310855	02199590
02311060	00015388
02311260	02311387
02311387	00173338
02312478	02205272
02313195	08102555
02313250	02213690
02313495	08102555
02313709	01905661
02313906	02311387
02314001	08102555
02314275	02205272
02314658	02314275
02314717	08102555
02315277	02314275
02315309	08102555
02315525	02210855
02315696	08102555
02316038	08107499
02316180	08108972
02316304	02230772
02316392	08102555
02316649	02199590
02316707	01905661
02317212	08103777
02317488	08103777
02317653	08103777
02317661	02313250
02317970	02317661
02317983	08103777
02318165	02317661
02318915	08103777
02319050	02573275
02319967	08103777
02320127	02316707
02320374	02265231
02320888	02316180
02321046	02265560
02321342	08103777
02321391	02321757
02321529	02316707
02321757	02206619
02321759	02316038
02321903	02316180
02322230	02321757
02322596	02321757
02322712	05404336
02323059	02327200
02323186	01342529
02323286	02327200
02323449	01886756
02323715	01862557
02323870	02327200
02323902	02323449
02324045	02323902
02324182	02199590
02324478	00126264
02324850	02324045
02324901	02324478
02325042	02324478
02325211	01864707
02325366	02324045
02325405	02324478
02325558	02613487
02325884	02325366
02325968	02238085
02326198	02325968
02326237	01864707
02326355	01315613
02326432	02323902
02326795	02326355
02327028	02326432
02327200	02199590
02328270	01862557
02328429	02323449
02328662	01864707
02328820	02328429
02328942	02328429
02329093	01342529
02329292	02327200
02329401	01886756
02329578	02327200
02329733	02327200
02329883	02339413
02330245	02329401
02330247	02327200
02330407	02327200
02330582	01342529
02330583	02327200
02330742	02327200
02330830	01862557
02330967	02327200
02331046	02329401
02331175	02327200
02331309	02331046
02331326	02327200
02331479	01862557
02331919	02327200
02331960	01864707
02332173	02327200
02332311	02327200
02332315	01864707
02332445	02327200
02332606	01864707
02332755	02330245
02332999	02327200
02333358	02327200
02333546	02331046
02333689	01088923
02333979	02327200
02334079	01864707
02334302	02327200
02334595	02327200
02334756	02334867
02334849	01862557
02334867	02327200
02335349	01862557
02335363	02327200
02335629	02327200
02336011	02329401
02336015	02327200
02336129	01864707
02336255	02327200
02336451	01864707
02336641	02330245
02336684	02327200
02336947	02327200
02337066	02327200
02337364	02327200
02337480	01864707
02337545	02327200
02337699	02327200
02337870	02327200
02338029	01864707
02338145	02329401
02338319	01864707
02338386	02327200
02338449	02329401
02338592	01864707
02338975	02327200
02339171	02327200
02339376	02338901
02339413	02327200
02339768	01864707
02339922	02338901
02340186	02339922
02340360	02339413
02340521	01864707
02340736	02327200
02340813	01864707
02340897	02339413
02340930	02339376
02341108	01864707
02341200	02339413
02341288	02339376
02341475	02339376
02341684	02339413
02341805	01864707
02341816	02327200
02341974	02339376
02342109	01864707
02342132	00182406
02342885	02329401
02343187	01864707
02343374	02245765
02343487	01862557
02343595	02316304
02343772	02329401
02343816	02235229
02344006	01864707
02344243	02344060
02344381	02367363
02344528	02329401
02344568	02206619
02344785	01864707
02345048	02206619
02345213	01864707
02345288	02321757
02345647	02199590
02345856	02346136
02346136	02260362
02346315	01342529
02346409	02260362
02346627	02329401
02346724	02236124
02346895	00674607
02346998	02346627
02347140	01864707
02347220	02347637
02347443	01864707
02347637	02349212
02347744	02346627
02347865	01862557
02348036	01864707
02348182	02349212
02348324	02228031
02348405	01862557
02348568	02232190
02348788	02331309
02348927	02348568
02349040	01864707
02349212	02230772
02349597	00429060
02349730	01864707
02349980	01864707
02350105	02331309
02350537	01864707
02350845	01862557
02350989	02329401
02351010	00699815
02351212	01864707
02351518	01862557
02351870	02329401
02352019	02252931
02352390	01862557
02352538	02222318
02352591	02329401
02352804	01864707
02352824	02327200
02352946	02327200
02353037	01864707
02353201	02327200
02353529	01862557
02353537	02327200
02353709	01864707
02353844	02327200
02353861	02331309
02354112	02327200
02354162	02353861
02354287	02327200
02354320	02353861
02354470	01864707
02354536	02339413
02354621	02353861
02354781	02353861
02354950	01342529
02355227	02329401
02355259	02251743
02355477	02355227
02355596	01111816
02355711	01862557
02356108	01864707
02356230	02230772
02356381	02355477
02356420	02327200
02356567	02229055
02356704	02327200
02356974	02324478
02357072	02372326
02357228	02267060
02357561	02327200
02357693	02327200
02357741	01864707
02357873	02327200
02357911	02358091
02358091	02355227
02359061	01017826
02359204	01864707
02359690	02327200
02359775	01864707
02359915	02355227
02360274	02327200
02360480	02355227
02360497	02327200
02360781	02355227
02361337	02329401
02361600	02327200
02361811	02327200
02361981	02327200
02362025	01862557
02362194	02355227
02362420	01864707
02362569	02362194
02362721	01862557
02362798	02339413
02363005	02329401
02363128	02327200
02363681	01862557
02363818	01864707
02363996	02329401
02364221	01862557
02364989	01864707
02365672	01862557
02365848	01864707
02366105	02327200
02366702	01862557
02366825	01864707
02366959	02329401
02367131	01862557
02367678	01864707
02367993	01864707
02368116	02329401
02368280	01864707
02368399	02329401
02369012	01862557
02369390	02367363
02369633	02367363
02370360	05554189
02370525	01886756
02370806	01886756
02371125	01886756
02371344	01886756
02371647	01862557
02371684	02367363
02371801	01864707
02372251	01342529
02372326	02367363
02372397	01862557
02372584	01886756
02372605	02367363
02372813	01864707
02372952	02372584
02373015	02372605
02373093	01342529
02373336	02370806
02373336	02372605
02373578	02372605
02373601	01862557
02373785	02518161
02373843	01864707
02374149	02373336
02375131	02367363
02375592	01864707
02376089	01090335
02376429	02378623
02376542	01321854
02376791	01321230
02376791	02376542
02376918	01321230
02376918	02374451
02377480	02374451
02377703	02374451
02377764	02518161
02377938	02376958
02378183	02377938
02378415	02377703
02378623	02367363
02378870	02377703
02378950	00339934
02379430	02377703
02379753	02382367
02380009	02680814
02380251	02402825
02380571	02402825
02380980	01766952
02381397	02383842
02381397	02406585
02381460	02374451
02381571	02381397
02381726	02383842
02382204	02374451
02382367	02383440
02382948	02374451
02383231	02382948
02383440	00109660
02383842	02379528
02384275	02384041
02384686	00752764
02384858	00015388
02384940	02376958
02385153	02382367
02385372	02422026
02385634	02391803
02385813	02391803
02386012	02386388
02386310	02374451
02386388	02384041
02386496	02386310
02386675	02339413
02386845	02387486
02387034	02387486
02387486	00205885
02387910	02387486
02388143	02382948
02388276	02382948
02388764	02388403
02388950	02376958
02389346	02374149
02389346	02376958
02389559	02389346
02389592	02458103
02389927	02388950
02390015	02389346
02390101	02374149
02390287	01844431
02390454	02389346
02390470	02449847
02391049	02374149
02391193	02386388
02391782	01862557
02391803	02475922
02391994	02373336
02392385	02391803
02392600	02391803
02392762	02391803
02393024	01864707
02393086	02391803
02393300	01862557
02393489	02393086
02393580	02373336
02394068	01342529
02394183	02410855
02394445	02475922
02394477	02370806
02394662	02405390
02395003	02394477
02395244	01864707
02395395	02391803
02395406	02395003
02395603	02391803
02395694	01321854
02395782	01650610
02396205	01647229
02396427	02395003
02396667	01864707
02396716	02475922
02396796	02395003
02397251	01862557
02397266	02396205
02397377	01864707
02397460	02397637
02397637	02391803
02397744	02397529
02398161	02397637
02398314	02397637
02398386	01864707
02398463	02397637
02398521	02394477
02398681	02398463
02398732	01342529
02398854	02398463
02398956	02457233
02399000	02394477
02399331	02391803
02399424	05395690
02399648	05395690
02399791	05395690
02399942	05395690
02400037	02397637
02400139	01862557
02400378	00674607
02401031	02399000
02401523	00674607
02401661	01864707
02401809	02404224
02402010	02401031
02402112	02401809
02402175	02402010
02402409	02405252
02402425	02402010
02402825	02404224
02403003	02402425
02403231	01321230
02403231	02402425
02403325	02402425
02403408	02402825
02403454	02402425
02403537	02402825
02403920	01887896
02403920	02404224
02404076	02402825
02404186	02402425
02404573	02402010
02404906	02404573
02405252	02401809
02405440	02402175
02405577	02402425
02406011	02405390
02406174	02402425
02406432	02406174
02406533	02406174
02406749	02406174
02406916	02407338
02407172	02406174
02407338	02530167
02407390	02406174
02407521	02406174
02407959	02401031
02407987	01158872
02408217	01864707
02408281	02410855
02408429	02407959
02408903	01864707
02408965	01158872
02409148	02407987
02409202	02407959
02409369	01864707
02409508	02407959
02409702	01864707
02409941	02409412
02410175	02679530
02410313	01864707
02410509	02401031
02410702	02410509
02411075	01864707
02411427	01864707
02411705	02401031
02412175	02422026
02412440	01321854
02412647	02521410
02412939	02410855
02413131	02411705
02413140	02409412
02414473	02413480
02414578	02401031
02414710	02413480
02415253	02414578
02415435	02414578
02415573	02413480
02415577	02415435
02415831	02413480
02415971	01864707
02416030	02415831
02416104	02414578
02416278	02413480
02416410	01864707
02416519	02401031
02416751	02416278
02416964	02416519
02417070	02416519
02417534	02416519
02417908	02417504
02418029	02417504
02418064	02401031
02418205	02417504
02418341	01864707
02418648	01864707
02419217	01864707
02419515	01864707
02419773	02410855
02419796	02401031
02420232	02410855
02420389	01864707
02420430	02420232
02420789	02410855
02420991	02410855
02421199	02410855
02421308	01864707
02421749	02421374
02421921	02421374
02422561	01864707
02422860	01864707
02423022	02419796
02423465	01864707
02423589	02423022
02423762	02422663
02423787	01864707
02424085	02419796
02424128	02424652
02424305	02419796
02424695	02419796
02424909	02424695
02424984	02413480
02425086	02419796
02425393	01864707
02425532	02419796
02425756	01864707
02425913	00352826
02426339	01864707
02426634	01864707
02426799	00126264
02426813	02419796
02427103	02426171
02427724	02419796
02427726	02386388
02427916	01027508
02427958	01864707
02428349	02419796
02428487	02426395
02428653	01864707
02428924	02376958
02429123	01862557
02429276	01864707
02429456	02399000
02429475	02428924
02429682	02428924
02429695	01862557
02429810	00752764
02430045	02399000
02430191	02589245
02430580	02431320
02430922	02536557
02430929	01864707
02431122	02430045
02431628	02430045
02431785	02430045
02431834	02431320
02431971	02436349
02431976	02430045
02432139	01864707
02432291	02430045
02432511	02430045
02432530	02436349
02432704	02432511
02432867	01864707
02432983	02430045
02433123	02432530
02433205	01864707
02433381	02448185
02433426	01864707
02433546	02430045
02433549	02433123
02433767	02432530
02433796	01864707
02433925	02430045
02434238	02434976
02434541	02469835
02434834	01864707
02435311	02434976
02435386	01864707
02435517	02430045
02435634	02434976
02435689	01862557
02435853	02399000
02435867	02471327
02436067	01864707
02436349	02441022
02436514	01864707
02436645	02435853
02436813	01862557
02437136	02394477
02437465	02367363
02437616	02394477
02437707	02436349
02437825	01864707
02437905	02436349
02438383	02436349
02438452	01864707
02438535	02436349
02438580	02394477
02438774	01862557
02438861	02436349
02438897	01864707
02439281	02367363
02439286	01864707
02439398	02439033
02439501	02436349
02439568	02153445
02439732	02439501
02439929	02153445
02440020	02440244
02440244	02439501
02440523	05225602
02440705	01862557
02441326	02075296
02441723	01864707
02441942	02441326
02442205	02441022
02442737	02441022
02442845	02441326
02443049	02431971
02443114	02441326
02443424	02443049
02443484	02441326
02443609	02441022
02443808	02441942
02443849	02439501
02444103	01864707
02444662	00803325
02444819	02441326
02445276	01864707
02445356	02471690
02445394	02441326
02445509	02436349
02445715	02441326
02446014	01864707
02446164	02413480
02446206	02445715
02446512	01864707
02446660	02413480
02446819	02413480
02446888	01864707
02447001	02413480
02447021	02445715
02447366	02441326
02447542	02444662
02447591	01864707
02447793	00891936
02447896	01864707
02448185	01617192
02448200	01864707
02448754	01864707
02448885	02447366
02449011	02448185
02449060	01864707
02449183	02441326
02449183	02622234
02449340	02450505
02449464	01864707
02449699	02441326
02449847	00802318
02449921	01864707
02450034	02441326
02450256	02367363
02450829	02450034
02450992	01864707
02451292	01864707
02451370	02450505
02451415	02441326
02451575	00015388
02451679	02451370
02451912	02451370
02452092	02451370
02452758	02559752
02453108	01886756
02453373	01342529
02453611	01886756
02453692	00802318
02453889	00806502
02453890	01342529
02454119	01862557
02454312	00647929
02454379	02453611
02454649	02454312
02454657	01864707
02454794	02454379
02454939	02456031
02454999	01864707
02455310	01864707
02455407	00661824
02455584	01864707
02456031	02455407
02456147	01864707
02456275	02454379
02456505	01864707
02456776	01862557
02456962	02453611
02457058	01313923
02457233	00686447
02457249	01864707
02457408	02456962
02457585	02457233
02457586	01862557
02457756	01864707
02457825	02458103
02457945	02456962
02458103	02376958
02458135	02456962
02458356	01862557
02458517	02453611
02458675	01864707
02458747	00782057
02458822	02458517
02458943	00782057
02459001	01862557
02459173	02656390
02459633	02459173
02459808	01862557
02459915	02656390
02460009	02453611
02460199	00888786
02460275	01864707
02460451	02460009
02460483	02649830
02460619	00888786
02460817	02460009
02461014	01864707
02461063	02409412
02461128	02460009
02461314	00674607
02461372	01342529
02461556	01862557
02461830	01886756
02462580	01061481
02462602	05220461
02462828	05220461
02463141	02461314
02463205	05595083
02463403	05220461
02463611	05220461
02463990	02463704
02464132	02463704
02464342	02463704
02464583	02725714
02464725	02464583
02464866	02478701
02465145	02478701
02465297	02478701
02465414	05297523
02465658	02449340
02465693	05297523
02465939	02402825
02466132	05559908
02466134	02556126
02466496	02557199
02466670	02427916
02467003	00126264
02467203	00109660
02467662	00140123
02468178	05327767
02468261	02467662
02468618	02467662
02468793	02467662
02468864	01896031
02468965	02467662
02469080	02468864
02469085	02467662
02469274	02467662
02469443	02467662
02469588	01342529
02469596	02467662
02469711	02467662
02469835	02434976
02469914	01886756
02470451	01342529
02470685	02469835
02471072	08103777
02471203	02471327
02471300	02469914
02471327	02471690
02471467	01862557
02471690	01000214
02471762	02469914
02472012	01864707
02472033	01094086
02472223	02471690
02472293	02471762
02472495	02472223
02472987	00031264
02472987	02472293
02473307	02472293
02473688	02473431
02473981	02475922
02474110	02472293
02474239	00512877
02474446	02474239
02474777	02472293
02475078	02472293
02475261	00803325
02475535	02444662
02475821	01864707
02476518	00806502
02476870	02476219
02477334	00822367
02477890	01864707
02478059	02477334
02478469	02478059
02478701	00803325
02478936	00822367
02479154	02473981
02479323	02479990
02479896	01862557
02479990	02220461
02480153	02470899
02480346	01864707
02480495	02480153
02480673	01864707
02480855	02480153
02480923	00795863
02481231	02481436
02481436	00802318
02481629	01864707
02481823	02480153
02482139	02512305
02482425	01323958
02482650	02481823
02482784	02482425
02482820	01862557
02483092	02470899
02483224	01864707
02483267	01323958
02483267	02499629
02483564	01323958
02483564	01864707
02483915	01862557
02484049	02483267
02484208	02482425
02484322	02469914
02484473	02484322
02484570	01323958
02484813	01864707
02484975	02484473
02485451	02483267
02485631	02485451
02485731	02485451
02486138	01864707
02486232	02589245
02486261	02484473
02486410	02484473
02486693	00752764
02486787	01864707
02487226	02486932
02487347	02484473
02487573	02486932
02488149	01864707
02488291	02484473
02488702	02484473
02488834	02469835
02489183	02488834
02489288	01862557
02489363	02488834
02489456	02382087
02489589	02484322
02489748	02489456
02489916	02488834
02490030	01862557
02490090	02488834
02490219	02489589
02490247	02488834
02490430	02469835
02490634	02431320
02490686	01864707
02490877	02486932
02490964	01864707
02491383	02490877
02491590	01862557
02491906	01864707
02492035	02489589
02492198	02388950
02492240	01864707
02492356	02489589
02492362	02492198
02492536	01864707
02492660	02489589
02493260	02491383
02493390	01864707
02493509	02489589
02493666	02480923
02493673	01864707
02493793	02489589
02494259	02421374
02494538	01342529
02494850	01119169
02494866	01862557
02495242	01886756
02495387	02495038
02495446	01864707
02495817	02495038
02496036	02495038
02496210	07992450
02496498	02497062
02496576	01342529
02496913	02469914
02497062	02422026
02497400	00146138
02497550	01864707
02497586	00868591
02497824	00808162
02497832	01862557
02497832	02496576
02497983	01864707
02498320	00752764
02498355	01862557
02498888	01864707
02498987	02498716
02499434	01864707
02499700	01864707
02499990	01862557
02500144	01864707
02500144	02499629
02500267	02496913
02500472	01864707
02500619	02499629
02500749	07992450
02500775	02499629
02500902	00788564
02501275	01862557
02501278	00697589
02501738	01850315
02502037	02501738
02502085	01342529
02502212	01862557
02502357	01864707
02502387	02502536
02502514	01886756
02502536	00802318
02503127	01886756
02503313	01862557
02503365	02501738
02503517	02453108
02503517	02503127
02503868	01864707
02504017	02501738
02504323	01864707
02504562	02506546
02504770	02503517
02505141	02504562
02505342	01864707
02505358	02504562
02505606	02504562
02505646	01862557
02505807	02504562
02505809	01864707
02505998	02503127
02506181	02504562
02506361	02504562
02506466	01862557
02506546	00770437
02507337	01862557
02507464	01146051
02507649	02075296
02507736	00137313
02507863	01864707
02508021	02507649
02508213	02508021
02508245	01029852
02508615	01864707
02508742	02507649
02509071	01864707
02509197	02507649
02509287	02510337
02509405	01864707
02509515	02507649
02509552	02510337
02509694	01864707
02509815	02507649
02509919	02509287
02510184	02680814
02510240	01864707
02510455	02507649
02510769	05528060
02510905	02510337
02511075	02510337
02511107	05225602
02511303	05225602
02511424	02510337
02511510	05225602
02511551	00697589
02511633	05225602
02511824	08221348
02512053	01473806
02512150	02511551
02512305	00650353
02512808	00650353
02512938	02512053
02513268	02400037
02513460	02512305
02513560	01321579
02513560	02512053
02513742	02513460
02513989	02514187
02514187	02376958
02514198	08103777
02514575	08103777
02514825	02512053
02514988	08103777
02515080	02514187
02515214	02514825
02515410	01429349
02515443	02514187
02515560	01432517
02515713	02515214
02515914	08103777
02515934	02514187
02516255	02514187
02516427	01429349
02516594	02514187
02516978	02516594
02517169	01342529
02517202	02367363
02517442	01428580
02517768	01429349
02517938	02517442
02518161	01601234
02518161	02367363
02518178	01432517
02518324	02517938
02518488	01432517
02518625	02518161
02518813	01429349
02518990	01432517
02519148	02517442
02519183	02518161
02519494	02519183
02519666	02367363
02519862	02519686
02519991	00126264
02520015	01432517
02520147	02517442
02520669	01429349
02520730	02249438
02521241	01342529
02521410	00776059
02521646	01428580
02521816	02521410
02521916	01429349
02522247	01432517
02522399	02521646
02522581	02525044
02522864	02524171
02522990	01432517
02523110	02521646
02523351	02524171
02523427	02522399
02523750	01432517
02523784	00670261
02523877	02521646
02523953	00670261
02524081	01432517
02524202	02521646
02524524	02521646
02524739	02524171
02524897	02524171
02525012	01432517
02525044	02524171
02525312	02524171
02525447	02524171
02525543	01429349
02525703	02521646
02525866	01342529
02526085	02524171
02526121	01428580
02526486	01429349
02526673	01432517
02526934	02526085
02527085	02526085
02527145	01429349
02527294	02526085
02527431	02526085
02527498	01429349
02527651	02528380
02527813	08103777
02528163	02514825
02528534	01342529
02528949	01429349
02528985	02528380
02529111	01432517
02529515	01429349
02529772	01428580
02530003	02528380
02530167	02367363
02530294	01432517
02530421	02512938
02530421	02529772
02530770	02530167
02530936	02530167
02531114	02529772
02531199	02530167
02531625	00670261
02531625	02529772
02531820	01432517
02532028	02512938
02532028	02529772
02532079	02531625
02532261	02531625
02532458	02530167
02532595	00789138
02532602	02512938
02532602	02529772
02533075	01432517
02533209	02529772
02533282	02131279
02533424	01432517
02533545	02533209
02533748	00126264
02533834	01428580
02533907	00109660
02534307	02564146
02534352	01429349
02534559	01428580
02534734	02512938
02534734	02534559
02534761	02367363
02535093	02534492
02535349	01432517
02535457	02431320
02535537	02534734
02535716	02431320
02535896	00126264
02535909	01432517
02536165	02534734
02536329	02536557
02536456	02534734
02536557	00137313
02536864	02534734
02537085	02512938
02537085	02534559
02537092	02536557
02537319	02537085
02537407	02575082
02537812	02537407
02537847	01432517
02537960	02391803
02538010	02537085
02538086	02458103
02538365	02538086
02538406	02534559
02538730	01429349
02538765	02376958
02538985	01428580
02538985	02512938
02539101	02538765
02539251	01432517
02539573	02538985
02539752	01432517
02540255	01429349
02540347	00250181
02540412	01428580
02540637	01432517
02540670	02547586
02540791	02540412
02540983	02540412
02541138	02540670
02541139	01432517
02541251	01525666
02541431	01429349
02541509	01095218
02541687	01428580
02542017	02541687
02542162	01429349
02542280	02542795
02542283	01432517
02542598	01429349
02542795	00150287
02543181	00797430
02543412	01429349
02543565	01428580
02543607	02543181
02543874	02717831
02544086	01432517
02544191	02543874
02544274	01428580
02544348	02530167
02544596	01342529
02544754	01429349
02544781	02544348
02544937	02544348
02544960	01432517
02545045	02367363
02545153	08111027
02545272	02545578
02545569	01429349
02545578	02530167
02545687	01432517
02545841	01428580
02546075	02546467
02546177	01429349
02546331	01428580
02546467	02256109
02546477	01432517
02546744	01429349
02546873	01432517
02546876	02546075
02547014	01428580
02547046	02546075
02547213	01342529
02547586	02556126
02547947	01429349
02548219	02547586
02548522	01429349
02548689	02552171
02548710	02547586
02548990	01429349
02549048	02547586
02549211	02414710
02549533	01342529
02549581	02550296
02549796	01429349
02549847	02549581
02549989	02528163
02550296	01429349
02550296	02547586
02550460	02528163
02550516	02550296
02550698	02550296
02550868	02551144
02551144	02551832
02551316	01429349
02551494	01432517
02551824	01342529
02552171	02528163
02552449	01631072
02552829	02552449
02552894	01432517
02553028	02642107
02553196	01342529
02553428	02499629
02553697	00253761
02554066	02242464
02554235	02554066
02554422	02554922
02554512	01342529
02554647	02554922
02554730	02552171
02554797	02397637
02554922	02556126
02555434	02554922
02555863	02554730
02555908	02554922
02556014	01429349
02556195	01432517
02556537	02672540
02556623	01429349
02556817	02556126
02556846	02554730
02557033	01432517
02557199	02452885
02557461	01432517
02557591	02556846
02557638	02557199
02557749	02557591
02557790	02557199
02557902	02557199
02557909	02557749
02558079	01432517
02558172	02452885
02558350	01429349
02558703	02558172
02558724	01429349
02558811	02558172
02558951	02558172
02558980	01429349
02559199	02558951
02559232	01429349
02559383	02554730
02559606	01429349
02560164	02506546
02560383	01432517
02560546	08111027
02560767	02367363
02560823	01429349
02561108	02554730
02561661	02561108
02561995	01640855
02562085	01429349
02562315	02554730
02562585	02561995
02562796	02562315
02563182	02562315
02563327	02560164
02563497	01432517
02563724	01640855
02563860	02560164
02563949	02563182
02564130	01432517
02564403	02562315
02564720	02562315
02564973	02510337
02565324	02564720
02565491	02367363
02565687	02566528
02565728	01429349
02565911	02565687
02566109	02554730
02566227	02566528
02566325	01432517
02566489	02566109
02566834	02512938
02566834	02566109
02567201	01432517
02567422	02566528
02567484	01432517
02567519	01120069
02567917	02567519
02567960	01432517
02568065	01120069
02568087	02566834
02568326	01432517
02568392	01428853
02568636	01432517
02568884	02568672
02568959	02566834
02569151	01432517
02569630	00812298
02569770	01432517
02569790	02570062
02570038	01432517
02570062	02600490
02570648	01429349
02570684	02571251
02570838	02554730
02571034	01432517
02571167	02570838
02571251	02566528
02571300	01429349
02571486	01432517
02571511	02321757
02571810	02554730
02571901	02542795
02571983	01429349
02572119	02573275
02572196	02554730
02572667	02572119
02572904	01429349
02573075	01432517
02573127	02574516
02573249	02554730
02573275	02574205
02573406	01429349
02573563	01432517
02573918	01429349
02574072	02573275
02574093	01432517
02574205	02513989
02574271	02554730
02574489	01342529
02574516	02575082
02574651	01429349
02574910	02552171
02575082	02574205
02575168	01432517
02575325	02574910
02575455	01432517
02575590	02574910
02575723	02575082
02575766	01429349
02576110	02410855
02576223	02554730
02576349	02575082
02576503	02575082
02576575	02576223
02576921	02574516
02577391	02576921
02577532	01432517
02577586	02575082
02577755	00782527
02577823	01432517
02577877	00782527
02578008	02575082
02578233	02576223
02578235	02573275
02578384	02575723
02578454	02578233
02579247	02578510
02579447	00126264
02579557	02576223
02580055	01432517
02580237	02579447
02580336	02576223
02580392	02579447
02580577	02413480
02580678	02579447
02580853	02579447
02580991	01432517
02581073	02536557
02581108	02580336
02581276	02579447
02581289	01432517
02581642	02580336
02581803	01429349
02581900	02367363
02581957	02554730
02582042	00868591
02582437	01429349
02582450	00868591
02582591	01432517
02582615	02367363
02582919	01429349
02583096	02554730
02583139	02521410
02583211	01429349
02583545	02543181
02583567	01438208
02583780	02583139
02583958	02583139
02584004	01432517
02584097	02075462
02584145	02583567
02584325	01432517
02584449	02583567
02584475	02584097
02584643	05470189
02584915	02584643
02585050	00794079
02585259	02585050
02585360	00804139
02585446	05559908
02585722	01789514
02585732	01429349
02585860	02524171
02585872	02554730
02586121	02536557
02586382	01429349
02586458	02441022
02586543	02512938
02586543	02554730
02586619	02441022
02586865	01432517
02587084	02586619
02587239	02587084
02587300	02586543
02587532	02367363
02587761	01432517
02587895	02587532
02588108	01429349
02588122	02587532
02588280	02587532
02588286	02554730
02588464	02587532
02588677	02538086
02588871	02588677
02589013	00878636
02589245	02376958
02589486	01432517
02589576	00976653
02589955	01432517
02590237	01429349
02590340	02215355
02590495	02554730
02590702	02554730
02590910	02376958
02590987	02590702
02591205	01432517
02591493	01432517
02591736	02538765
02591757	01432517
02591893	02421374
02592111	02428924
02592244	01432517
02592250	02469835
02592371	02590495
02592397	01194418
02592607	01432517
02592667	02724417
02592866	01432517
02593001	02575082
02593019	02590495
02593354	02455407
02593679	02590987
02593863	01429349
02594102	00339934
02594250	02554730
02594674	02587532
02594807	01432517
02595217	01432517
02595339	02594552
02595523	00887463
02595569	01432517
02595662	02367363
02595702	02594552
02595902	01432517
02596067	02594250
02596252	02594250
02596381	02594250
02596493	02367363
02596592	01432517
02596888	01432517
02597004	02596381
02597173	01432517
02597367	02594250
02598438	01432517
02598573	02596381
02598642	02576503
02598747	01432517
02599004	02074677
02599052	02594250
02599207	01432517
02599557	02599052
02599784	01429349
02599958	02554730
02600082	00339934
02600135	01432517
02600255	00010435
02600298	02599958
02600503	02600298
02600657	01432517
02600798	02600298
02600948	02367363
02600953	01342529
02601200	01429349
02601344	02554730
02601589	01432517
02601680	02478059
02601767	02601344
02601808	00109660
02601921	02601344
02601996	00126264
02602059	02601344
02602212	00010435
02602405	02552171
02602620	01432517
02602685	00137313
02602970	01429349
02603056	00126264
02603424	02507736
02604014	01429349
02604157	02554730
02604342	01432517
02604477	02603699
02604657	01429349
02604811	01432517
02604954	02554730
02605139	01429349
02605316	02554730
02606194	01429349
02606384	02554730
02606590	01432517
02606926	01432517
02607072	02606384
02607345	01432517
02607630	01429349
02607862	02554730
02608004	01466978
02608151	01432517
02608176	02649830
02608708	01432517
02608823	02604760
02609169	01432517
02609203	02604760
02609466	01432517
02609617	02607862
02609951	01432517
02610234	01432517
02610541	01429349
02610628	02609764
02610664	02554730
02610834	01429349
02610845	02609764
02610980	02554730
02611002	02610845
02611154	01432517
02611373	02604760
02611425	01429349
02611630	02604760
02611767	01429349
02611827	02611630
02611976	00339934
02612234	02612368
02612657	02554730
02612762	02655135
02612982	01429349
02613181	02612657
02613275	02612762
02613434	01432517
02613487	02613275
02613687	01432517
02613960	01429349
02614023	02613860
02614288	01432517
02614482	02612657
02614788	01429349
02614812	02614387
02614978	02612657
02615157	01432517
02615298	02614978
02615494	01429349
02615739	02614387
02615829	01432517
02616251	01432517
02616397	02612657
02616542	02650552
02616572	01429349
02616705	01432517
02616851	02612657
02617029	01429349
02617207	02612657
02617338	02616713
02617402	01432517
02617567	00341560
02617956	01432517
02618244	01429349
02618372	01432517
02618513	02552171
02618688	02618149
02618697	01429349
02618877	02618149
02619020	02618149
02619029	01429349
02619165	02554730
02619291	02619122
02619409	01432517
02619424	02637202
02619738	01429349
02619861	02554730
02619924	01108148
02620033	01429349
02620213	00358431
02620318	01429349
02620443	01432517
02620466	00358431
02620578	02554730
02620826	01429349
02621107	01429349
02621244	02620587
02621258	02554730
02621395	02620587
02621706	02621395
02621721	01429349
02621908	02554730
02622033	01354673
02622823	01429349
02622955	02554730
02622969	02622234
02623170	01342529
02623194	01354673
02623445	02554730
02623731	02623529
02623868	01429349
02623906	02623529
02624167	02623445
02624263	02623529
02624377	01432517
02624551	02624167
02624806	02624263
02625016	02624263
02625132	01432517
02625339	02624263
02625418	01432517
02625612	02624167
02625851	02625612
02626265	02625612
02626405	02624263
02626604	00381601
02626762	02512938
02626762	02623445
02627221	00109660
02627292	02626762
02627532	02626762
02627686	01432517
02627835	02623445
02628259	02627835
02628467	01432517
02628600	02623445
02628647	02627934
02628832	02627934
02628856	01432517
02628961	02627934
02629111	02627934
02629230	02623445
02629390	02629256
02629435	01429349
02629581	01432517
02629716	02623445
02629793	02632940
02630052	01429349
02630281	02623445
02630468	01432517
02630739	02623445
02631041	02630739
02631349	02630189
02631659	02630189
02632359	01432517
02632567	02632353
02632694	01429349
02632989	02554730
02633287	01432517
02633534	02664769
02633555	01432517
02633677	02632989
02633844	01432517
02633977	02632989
02634808	02635956
02635013	01432517
02635154	02632989
02635310	01429349
02635420	02627934
02635580	02554730
02635659	01752884
02635911	01429349
02635956	02635659
02636132	02630189
02636170	02554730
02636666	01429349
02636854	02554730
02636921	00930368
02637046	01432517
02637202	02727462
02637337	01432517
02637592	02604760
02637637	01429349
02638323	01342529
02638444	02637938
02638596	02528163
02638835	01429349
02638845	02346895
02639075	02604760
02639087	02638596
02639312	01429349
02639464	01432517
02639605	02638596
02639606	02417504
02639786	01432517
02640053	02144835
02640093	01429349
02640226	02640440
02640453	01432517
02640626	02640242
02640857	02640242
02641035	02641957
02641063	01429349
02641215	01432517
02641298	02641035
02641379	02638596
02641463	02367363
02641608	01342529
02641825	01342529
02641957	02641463
02642107	02552171
02642238	02641957
02642610	02642238
02642644	02642107
02642814	02641957
02642935	01432517
02643112	02642644
02643280	02727462
02643316	02643112
02643421	02642814
02643574	02642814
02643713	01432517
02643740	02642814
02643872	02642814
02644035	02642814
02644113	02642644
02644622	02644234
02644967	01429349
02645007	02604760
02645304	02642107
02645389	02645007
02645597	02644234
02645823	01432517
02646117	01432517
02646377	01429349
02646378	02604760
02646508	01432517
02646667	02642107
02646757	02604760
02646931	02536557
02646985	01429349
02647144	01432517
02647294	02642107
02647497	00118523
02647503	01429349
02647660	02642107
02647903	01432517
02647918	02647497
02648035	02647660
02648174	01432517
02648253	02679899
02648313	02647660
02648456	01429349
02648625	02642107
02648639	02649830
02648769	01432517
02649082	01432517
02649218	02648625
02649689	01429349
02649830	02655135
02650050	02642107
02650282	01432517
02650541	02650050
02650552	02649830
02650840	02649830
02650928	01432517
02651014	02649830
02651193	02649830
02651412	01432517
02651424	02459173
02651617	02650541
02651846	01429349
02652132	02642107
02652335	01342529
02652494	02649830
02652668	02552171
02652922	01862918
02652979	01429349
02653145	02652668
02653159	02651424
02653359	01432517
02653381	02603699
02653497	02653145
02653655	01429349
02653786	02652668
02653965	01432517
02653996	02649830
02654256	01429349
02654416	02655135
02654425	02652668
02654686	02654416
02654890	01429349
02654947	02649830
02655020	02652668
02655355	01429349
02655523	02652668
02655694	01432517
02656189	02656390
02656390	02327200
02656426	01429349
02656550	01432517
02656763	02649830
02657083	01342529
02657219	02664769
02657368	02552171
02657805	01429349
02658079	02657368
02658381	01432517
02658447	02657219
02658531	02658079
02658570	02657219
02658734	02657219
02658867	02657219
02658944	01432517
02658979	02657219
02659176	02658079
02659222	02657219
02659358	02657219
02659478	02658079
02659541	02657219
02659667	01432517
02659808	02658079
02660147	02659763
02660442	02604477
02660631	02660442
02660769	01429349
02660819	02716165
02661017	02657368
02661317	01432517
02661765	01432517
02661769	02661252
02661892	02661017
02662076	02661252
02662081	01432517
02662239	02661017
02662297	02666239
02662688	01432517
02663086	01432517
02663141	02661252
02663211	02661017
02663340	02657219
02663352	01429349
02663643	02711987
02663657	01429349
02663849	02512938
02663849	02657368
02664136	01432517
02664511	01432517
02664823	01432517
02665119	01432517
02665282	02657219
02666531	02666882
02666691	02666531
02666882	02666239
02666943	02913152
02667228	02666882
02667698	02667228
02667900	02657219
02667906	03247620
02668093	02667906
02668393	04451818
02669081	02673965
02669723	03450516
02669885	03297735
02670049	02949691
02670186	04519153
02670382	04147495
02670398	01642924
02670578	00908351
02670683	03903424
02670890	02669789
02671062	04564698
02671780	03051540
02671880	02667900
02672187	01072262
02672371	03679384
02672540	02673134
02672831	03393324
02672831	03614532
02672859	02672540
02673134	00456740
02673480	02832168
02673637	02721160
02674482	02707683
02674564	02133435
02675077	03208556
02675354	02707683
02675458	02665282
02675657	03699396
02675885	04494204
02675987	04074482
02676261	03183080
02676496	02676054
02676789	02676054
02677028	03309808
02677097	02676054
02677332	02677097
02677567	02449847
02677718	03738472
02677797	02677567
02678384	03738472
02678528	03740161
02678663	02676054
02678738	03756184
02678839	02678663
02679012	02669789
02679142	02938886
02679257	02938886
02679415	03081021
02679530	02679899
02679788	02679415
02679899	02681795
02680337	04391569
02680358	02679899
02680531	02680814
02680691	02680814
02680754	04606574
02681084	03570709
02681335	02680814
02681524	02680814
02682038	04522421
02682424	02681795
02682922	03210683
02683316	02681795
02683558	03183080
02683840	02609764
02684254	02684924
02684453	00781000
02684644	02684924
02684649	04187061
02684924	02367363
02685365	02773037
02685390	02687916
02685585	02798290
02685665	02655135
02685951	02655135
02685995	02754103
02686379	03102859
02686568	03125870
02686625	02052476
02686952	02685951
02687172	04552696
02687821	04341686
02687916	02655135
02687992	03315023
02688403	02687916
02688443	03183080
02688794	02687916
02689146	01494310
02689299	02687916
02689730	02687916
02689882	02687916
02690270	03539875
02690373	02691156
02690384	02620587
02692232	02687992
02692335	02690708
02692513	04021798
02692686	02690708
02693070	02687992
02693168	02690708
02693246	04412901
02693319	02690708
02694287	02690708
02694426	03183080
02695079	02870092
02695520	02694933
02695895	02694933
02696048	04061969
02696129	02690708
02696165	04018399
02696306	02696129
02696384	03740161
02696503	02696801
02696801	02133435
02697120	02603699
02697610	00248026
02697725	00836236
02697950	00651991
02698036	03740161
02698178	02697950
02698443	02604760
02698726	00360932
02698769	02854156
02698944	02697725
02699141	00836236
02699343	02830852
02699783	02657219
02699941	02657219
02700064	03433877
02700104	02657219
02700258	03733925
02700422	04073669
02700455	02700104
02700767	03375694
02700867	02632940
02701002	02958343
02701210	02604760
02701393	00021939
02701445	02732798
02701628	02700867
02701962	02732798
02702120	01116585
02702508	02604760
02702674	02702508
02702830	02667900
02703275	04566257
02703499	02792049
02703499	04492856
02703539	02690708
02703790	02710673
02703894	03910033
02704153	03248958
02704153	04320126
02704349	02604760
02704617	00489837
02704928	02704349
02704949	04295881
02705303	01105639
02705651	03910033
02705944	03278248
02706046	02640440
02706373	03740161
02706586	03009633
02706605	02604760
02706816	01116585
02707125	00117985
02707188	03442288
02707251	02706816
02707344	04316275
02707683	03740161
02708123	02267060
02708707	02708420
02708711	03574816
02709367	03532672
02710429	03429288
02710673	02711114
02710766	03247620
02711543	02711114
02711573	04100620
02711835	02711114
02711890	04522421
02713097	02887970
02713218	04254777
02713594	02679415
02713748	02713372
02713835	03780392
02713852	02713372
02713992	03008565
02714139	03568117
02714200	02713372
02714360	02713372
02714535	04413151
02714865	02713372
02714883	03247620
02715229	03269401
02715279	02604760
02715513	04105893
02715595	02630189
02715712	03467984
02715941	03740161
02716205	03740161
02716767	02589245
02716866	02716205
02717362	01985524
02717472	01482075
02717701	02717472
02717831	02673134
02717901	03740161
02718015	02673134
02718084	03740161
02718178	02657219
02718259	03740161
02718469	03740161
02718543	02604760
02718811	03740161
02718863	02709906
02719105	03740161
02719294	03740161
02719399	02604760
02719450	03740161
02719588	04074482
02719750	03740161
02720201	14778436
02720354	02634265
02720725	03740161
02721160	03740161
02721438	02339171
02721538	03740161
02721948	02723292
02722166	02722458
02722458	03157987
02722663	02620587
02722782	02604760
02722997	02716866
02722997	02722458
02723016	00010435
02723232	00622384
02723292	03740161
02723733	02697725
02723951	01628449
02724026	00021939
02724126	01467370
02724207	03740161
02724417	02604760
02724966	03247620
02725067	00109660
02726017	02756098
02726305	03546340
02726681	02913152
02726717	02604760
02726884	02604760
02727039	02604760
02727281	04320126
02727462	02604760
02727825	03294048
02727883	02604760
02728142	02604760
02728440	03051540
02728570	02727883
02728763	03892891
02728784	02727883
02729023	02604760
02729632	02604760
02729837	03257877
02729965	03183080
02730265	03183080
02730471	02133435
02730568	03405265
02731398	04061969
02731629	02895606
02731632	00654625
02732072	04388743
02732148	02719399
02732401	02703952
02732603	02604760
02732827	03391770
02733122	01128193
02733524	04341686
02733673	02685951
02734217	03290771
02734423	03169390
02734800	00117985
02735086	03177349
02735418	02604760
02735688	04341686
02735897	02670398
02736511	08570758
02736778	02137132
02738031	04566257
02738535	03001627
02738544	02738701
02738701	02604760
02738741	03513376
02739121	02651193
02739668	04014297
02739861	02604760
02739889	02740533
02740204	02640440
02740300	02740533
02740533	04170037
02740764	03959701
02741357	02741149
02741960	02604760
02742322	03051540
02742468	04081844
02742638	02693319
02742753	04008634
02743020	02604760
02743050	03974215
02743207	03763133
02743343	02608347
02743547	03129123
02743727	02603699
02744280	02744061
02744323	03519981
02744977	02604760
02745332	02645007
02746365	02738031
02747177	02839910
02747709	02367363
02747922	02367363
02748183	03183080
02748618	02707683
02748618	15009843
02749169	02748618
02749169	03994008
02749247	02748927
02749479	02760855
02749768	01207951
02750432	02657219
02750835	03740161
02751597	02604760
02751782	02832168
02752107	02673134
02752277	02604760
02752311	03315023
02752496	04254777
02752615	03746330
02752615	04015204
02752695	01009240
02752931	02620587
02753044	02866578
02753044	03834604
02753255	02604760
02753642	00126264
02753881	04551375
02754103	03210683
02754421	03676175
02754463	02624263
02754756	02719588
02754756	02724533
02754756	14712692
02754756	15032376
02755352	03091374
02755529	04347754
02756098	03051540
02756558	02756821
02757462	03278248
02757462	04377057
02757651	02756558
02757810	04262678
02757828	02756558
02758033	02756558
02758399	02758033
02758753	02671421
02758863	03306610
02758960	04531098
02758977	02756821
02759614	02762468
02759963	03343853
02760139	02762468
02760429	02759963
02760622	00146138
02760658	02760429
02760658	03948459
02760855	02760429
02760855	03701391
02761012	02760622
02761134	02760622
02761229	02760622
02761372	02759614
02761392	03738472
02761557	03287733
02761834	02694426
02762508	03306610
02762806	00377002
02762981	02763740
02763609	02763740
02764044	03265032
02764398	03485997
02764438	00377002
02764614	02763740
02764614	03738472
02764765	02763740
02765247	03740161
02765692	02765464
02765924	02767308
02766320	03405725
02766390	02765924
02766534	04576211
02766687	02767308
02767116	02767308
02767433	04359589
02767760	02767308
02767922	02767308
02767956	04161358
02768431	02767308
02768433	03091374
02768702	00311559
02768874	02763740
02769075	04152593
02769460	03650173
02769460	04336034
02769748	02773037
02770078	02740764
02770717	00311559
02770830	04161358
02771320	00259927
02771840	03257343
02771997	02762468
02772554	04285146
02772868	03959936
02773037	03094503
02773838	02774630
02774502	04486445
02774630	02974697
02775039	02959942
02775483	03945615
02776205	03183080
02776631	04202417
02776631	04602044
02777100	04141975
02777734	04341686
02777927	04341686
02778669	03414162
02780916	08570758
02782778	04295881
02783790	03845550
02783994	04359589
02784218	04339291
02784732	02681518
02784998	04081844
02785648	03237639
02787435	02681518
02787772	03177349
02788148	02796623
02788689	03563967
02789271	03839993
02789487	03116530
02790322	03974215
02792049	04166841
02792305	02955540
02792552	02858304
02793495	03322570
02794156	03733925
02794779	03763727
02795670	02796995
02795978	03800933
02796412	02796623
02796623	03839993
02796995	04105893
02797295	03484083
02797692	04359589
02797881	02799897
02798290	03763133
02798574	08511241
02799175	02799897
02799323	02954340
02799593	08673395
02799897	04285146
02800497	03365991
02800793	03076708
02801525	04531098
02801823	03513376
02801938	03094503
02802215	02802721
02802215	03442756
02802721	04285146
02803349	03800933
02803934	02803349
02803934	02880546
02804252	02803349
02804252	02891788
02804515	02766534
02804610	03228016
02805111	04180314
02805443	03592245
02805443	04005630
02806088	04340935
02807260	03672352
02807731	04105893
02808440	04531098
02808695	03733925
02810471	03269401
02811719	03763968
02811936	04051825
02812201	04552696
02814533	02958343
02814774	03051540
02814860	04460130
02815237	03780392
02815600	04338359
02815950	03932203
02815950	04341414
02817031	04359589
02817799	04598582
02818254	02740764
02819474	08674739
02819697	03387016
02820210	03050026
02820798	03746574
02821030	03672352
02821627	04105893
02822220	02820210
02822399	04288272
02822579	03405725
02822865	04060904
02823124	03277771
02824448	02676261
02825442	04489008
02827606	02671780
02827883	13875571
02828427	03309808
02828648	03519981
02828884	04161981
02829696	04164989
02830157	04451818
02830596	02704153
02830721	03681148
02830852	03771443
02830852	03800001
02831595	04205318
02831724	02818832
02831998	03099945
02832168	02854156
02833140	04202417
02833576	03264136
02833793	03430551
02834778	04576211
02835271	02834778
02835915	04161358
02836035	04574999
02836607	04272054
02837416	03516011
02837789	04371563
02838014	08511241
02838728	02902079
02839200	03546340
02839910	03094503
02840361	03496892
02840619	04014297
02841315	03852280
02842008	03629986
02844307	03154446
02844714	04295081
02845576	08566028
02846141	03051540
02846260	03716327
02846399	03925226
02847942	03691128
02848216	03154446
02848523	04110955
02849154	02820210
02850060	03182232
02850732	03775199
02851099	04014297
02852173	03665366
02852523	00021939
02853016	03546340
02853218	03839993
02853449	03839993
02854156	03740161
02854739	04508489
02855089	03183080
02855793	03053474
02855925	03051540
02856109	03925226
02856463	04188643
02857023	04362025
02858304	04530566
02859184	03497657
02860063	03364340
02860239	04571088
02860415	04586421
02860847	04235291
02861022	04235291
02861509	03489162
02862048	02739668
02863536	02715712
02863750	04531098
02864593	03988170
02865665	04153751
02865931	02788689
02866578	03305522
02866578	04566257
02867715	02691156
02867715	04552348
02869249	03915437
02869563	04576211
02869837	03497657
02870092	04007894
02871963	04008634
02872333	04099175
02872529	02705944
02872752	03380867
02873244	03696065
02873839	03049457
02875013	03264542
02875233	03302121
02875436	03239726
02876657	04531098
02878222	02965300
02879718	04565375
02880008	03398467
02880546	04338517
02880940	03206908
02881193	04531098
02881757	03497657
02882483	03414162
02882647	02882483
02883344	03094503
02885338	04285146
02885882	03841666
02886599	04336034
02886599	04341414
02887209	04336034
02887209	04359589
02887489	03746330
02887970	03597469
02888133	04451473
02888569	04359589
02889035	04484160
02889425	04081844
02889996	03156405
02890940	04081844
02891188	02889425
02891430	03671272
02891788	04586932
02892392	02740764
02892767	04508163
02892767	04596852
02892948	04565375
02894605	02796623
02895606	03183080
02895881	03848729
02896074	02853449
02897237	03956922
02897820	14786479
02898711	04341686
02899257	04514738
02899439	03673971
02900160	03503718
02900705	02974697
02901481	03000247
02902079	04008947
02902250	03264136
02902816	02896442
02903204	03736970
02905612	03740161
02906438	03940713
02906734	03039947
02907082	03485997
02908217	03563967
02910353	03323703
02910864	02896442
02911158	03183080
02911332	03997484
02911485	03744840
02911890	02748618
02912065	03405725
02912440	03759954
02913152	04341686
02914813	14786479
02914991	04341686
02916684	03196324
02916936	02862048
02917377	03691459
02918595	03736970
02919414	03871083
02919648	03967942
02920369	03501152
02920503	03385557
02921884	03455033
02922159	03050026
02922292	03792048
02924023	03679986
02924713	03088707
02925519	04350905
02926044	03771443
02926288	04412901
02926727	03681148
02928413	03600977
02929749	04320126
02930766	02958343
02931417	04286128
02932019	03079741
02932227	03079741
02932523	02959942
02932891	03790230
02933112	03405725
02933462	03079741
02933990	04404412
02934168	03088707
02934641	04048568
02934888	04328946
02935017	02911485
02935387	02946921
02935658	04081281
02936020	03315023
02936281	02935658
02936714	03285912
02937336	03764276
02938514	03740161
02938886	03699975
02939866	03733925
02942699	03926148
02943241	03656484
02944579	03309808
02944826	03763727
02945161	03546340
02946348	04065272
02946921	03094503
02947212	04559275
02948072	03636248
02948557	03525454
02948719	04581829
02949542	03094503
02949691	03097890
02949691	04256993
02950018	03316406
02950256	02746365
02950632	02740764
02950826	03467984
02951170	04493505
02951843	04191943
02953197	02898711
02953673	03309808
02954163	04411264
02954340	03502509
02955065	04014297
02955247	03269401
02955540	04295081
02955767	03045337
02957586	03936568
02958343	03791235
02959942	04576211
02960690	03323703
02960690	03533972
02961035	03541696
02962200	03736970
02962545	14974264
02962938	03781787
02963159	04370048
02963302	03337140
02963821	03221720
02964389	03748886
02964634	03285912
02965300	04194289
02965783	03773035
02966372	03100897
02967626	03872495
02967782	03039947
02968333	02696048
02968473	03538634
02969886	04038727
02970408	02773037
02970534	02766320
02970685	04161358
02970849	04543158
02971167	04440749
02971940	03274561
02972533	03738472
02973017	04359335
02973236	04574999
02974003	04574999
02974219	04588365
02974697	03094503
02976641	02703275
02976939	04340750
02977058	03699975
02977438	02976939
02977619	03391770
02978205	03513376
02979662	03104594
02980441	03385557
02980625	03014440
02981024	04497962
02981911	03288003
02982232	03183080
02982599	03323703
02982790	04081844
02983507	04464852
02984699	03274796
02984937	04412901
02985137	03422589
02986348	02965300
02987492	04373894
02988486	03079230
02988679	03079230
02988679	04058239
02989178	02996840
02989313	02996840
02989475	02996840
02989685	02996840
02989893	02996840
02990561	03124700
02991048	03269401
02991302	04105893
02992032	02853016
02992529	04044498
02992795	02680337
02993546	02913152
02994012	03343047
02994219	08673395
02994858	04602044
02995345	03278248
02995345	03493333
02995998	02727825
02996249	02996840
02996840	02716866
02997607	04516672
02997773	03845550
02998209	03676175
02998363	03096593
02998696	03069213
02999410	03664943
02999757	03814906
03000247	02862048
03001627	04161981
03002555	02968473
03003091	04608567
03003730	03285912
03004824	02735688
03005619	02740764
03005769	03051540
03005920	04424418
03006105	03895293
03006626	03945615
03007130	03953416
03008275	03304730
03008565	03515338
03009111	02968473
03009633	00002684
03010473	04226537
03011162	04568298
03011355	03716327
03011521	02857023
03013162	04565963
03013580	04508163
03013718	03629986
03013850	03309808
03014440	03716327
03015254	03405725
03016953	03015254
03017070	02821627
03017168	03915437
03020034	04171831
03020692	03265032
03022041	02830852
03022406	03570838
03022406	14620895
03022788	04423288
03022978	02720725
03023175	03713736
03023415	02716866
03024746	03068181
03024882	03814906
03026350	03845550
03027250	03525827
03028079	03953416
03029603	03471473
03030035	04103491
03030663	04103491
03030880	02927399
03031422	03666591
03031553	03522239
03031553	14778019
03031756	04295081
03032252	04417809
03032576	02716866
03032811	04110955
03033019	04162998
03033362	03269401
03033986	04004210
03034663	03996145
03034860	02736511
03035089	04295881
03035252	02954163
03035510	03982060
03036341	03036469
03036469	03051540
03036866	03525827
03037709	04222847
03038281	03323703
03038685	04105893
03039947	03563967
03040229	03039947
03040229	03872495
03040587	14873641
03040836	04096066
03042490	03259505
03042697	03391770
03042829	03323703
03042984	03829563
03043274	03739518
03043958	03323703
03044671	03604843
03044934	04148054
03045074	04186848
03045337	03863923
03046257	04437953
03046921	04043733
03047353	03740161
03047553	03520811
03047941	03120198
03048412	02721160
03048598	03740161
03048883	03033362
03049066	04404412
03049457	04105893
03050026	03122748
03050655	03251766
03050655	04580493
03051249	03323703
03051540	03093574
03051540	03122748
03052464	04202417
03053474	04317420
03054098	03097890
03054605	02866578
03054901	03119510
03055159	03903424
03055670	02968473
03057021	03863923
03058107	03122748
03058603	03309808
03058726	03515338
03058949	03058107
03058949	03875218
03059366	02934168
03060074	14991927
03060294	03492717
03060728	02670382
03061050	03497657
03061505	03079741
03061674	04161358
03062461	02707683
03062461	03850746
03062651	03357376
03063073	03147509
03064935	04452848
03065063	04048568
03065424	04341686
03066130	03096593
03066743	03060294
03067339	03128519
03067912	03931044
03068181	02784218
03068707	02902250
03069567	03149951
03069752	02914991
03070396	04602044
03071552	03733925
03072201	04404412
03072440	03617594
03073977	04515129
03074855	03183080
03075097	04451818
03075768	03183080
03076104	03504420
03076411	04202417
03076708	00021939
03077074	03302487
03077616	03679712
03077741	04137444
03077958	03315023
03078287	04377057
03079136	02958343
03079230	03851787
03079230	04063868
03079741	04105893
03080309	13910384
03081021	03892891
03082127	03659292
03082807	03736970
03082979	03699975
03084204	02671421
03084420	03033362
03085333	03820728
03085602	04152593
03085915	04377057
03086183	02945379
03087366	03656484
03087643	02727825
03088164	03096593
03088580	03259505
03088707	03183080
03089014	03895293
03089348	00021939
03091374	03575240
03091907	02899257
03092656	04147495
03093574	03076708
03093792	03605915
03094503	03575240
03096273	03748886
03096593	03183080
03096960	03738472
03097890	03247620
03098140	03269401
03098806	04377057
03099454	04073948
03099945	03183080
03100346	04256520
03100490	03575240
03100897	02827883
03101156	03101986
03101796	03101986
03101986	03621049
03102371	04330340
03102859	03738472
03103128	03294048
03104594	04076846
03105810	04314914
03106110	03670849
03106722	03309808
03107152	03305135
03108853	03967942
03109486	03581125
03109881	02735688
03110669	02891788
03111690	03907654
03111899	03183080
03112719	02862048
03112869	03387323
03113152	04447443
03113657	02756098
03113835	02756098
03114839	03323703
03115180	03309808
03115897	03360845
03116530	04379243
03116767	02938886
03117199	03414162
03117420	04071876
03117939	03257343
03118346	03733925
03118539	04571088
03118846	03841666
03118969	03544360
03119203	03748162
03119510	03736970
03119790	03315023
03120029	03650173
03120198	02735688
03120491	08570758
03121897	04015204
03122748	00021939
03123553	02822220
03124700	02721538
03125057	03033986
03125352	03894762
03125870	04524313
03126385	04275661
03126580	03454211
03127024	03489162
03127925	02883344
03128519	04447443
03129123	00021939
03130340	13910384
03130563	03309808
03131038	03282591
03132076	03132261
03132261	04285146
03132438	03323703
03132879	03816849
03133177	04321238
03133538	04381994
03134015	03322099
03134853	04285146
03135152	03282591
03136051	04161358
03137228	03899328
03137579	02886599
03138344	03659292
03138534	08677801
03138669	03597317
03138856	04606014
03138981	08663354
03139089	03175604
03141065	02958343
03141702	03183080
03142431	02921884
03144156	04043733
03144756	03030663
03144873	02740764
03145384	03053474
03145843	03641706
03146219	02862048
03146342	02740764
03146846	03322940
03147509	03133538
03148324	04328946
03148920	03264136
03149951	00002684
03150232	03736970
03150795	03568117
03151077	02851099
03151077	03405265
03151500	03873064
03153375	04381994
03154073	03154446
03154446	04451818
03155334	03800001
03156071	02670382
03156405	03003730
03156990	03780392
03157987	03740161
03158885	03624134
03159640	03961939
03160309	02796623
03161450	03183080
03161725	03959936
03163222	03098140
03163798	03099945
03163973	03916720
03167666	03961939
03169390	00021939
03170635	03273913
03171094	03629986
03171228	04566257
03172211	03508101
03172965	03033362
03173142	03302121
03173524	03234306
03174991	03936895
03175081	04105893
03175189	03309808
03175604	03183080
03176084	03040587
03176386	03175604
03176594	04447443
03176763	03748162
03177165	03113152
03177349	03315023
03178782	03169390
03179701	04379243
03180504	04552696
03180969	03183080
03181293	03278248
03181899	03040587
03182140	03407122
03182232	03305522
03183080	03575240
03186005	02704153
03186399	03234306
03186818	04169437
03187268	04588739
03187595	04401088
03187751	03739693
03188979	03740161
03189083	03736970
03189461	03096593
03189995	02830852
03190303	04522904
03191561	03573282
03191776	02770830
03191967	03828465
03192142	03828465
03192347	02716205
03193597	03684823
03194812	03851341
03194992	02772868
03195118	03828465
03195485	03679384
03196598	03211117
03196990	04402057
03197804	15060131
03198637	02938514
03198951	02719750
03198951	02720725
03199647	04081281
03199775	04105893
03200357	03895866
03200701	04105893
03201638	03384891
03201638	03450230
03201776	03384891
03202760	04171831
03202940	04494204
03203441	03550533
03203641	03713736
03204306	03633091
03204558	04445952
03204955	02715229
03205760	04037625
03206405	03748162
03206718	02756098
03206908	03094503
03206908	03133538
03207305	03204955
03208229	14778436
03208556	03032811
03209141	02935017
03209666	03243218
03209910	03706653
03210683	03094503
03210940	04076846
03211117	03277771
03212811	03956922
03213014	03269401
03213826	03093792
03214051	03740161
03214253	03302121
03214670	03247620
03216199	04317420
03216562	03990474
03216828	03638321
03218198	04235291
03218545	04345288
03219135	03964744
03220513	04105068
03220802	02852523
03222516	04027023
03222722	03391770
03222959	03626014
03224032	03290771
03224893	02913152
03224893	03679384
03225108	02821627
03225238	03740161
03225777	04004767
03229244	03323703
03229905	04482543
03231160	03574816
03231476	03051540
03231912	03944672
03233423	00002684
03233905	03094503
03233905	04328946
03234306	04076846
03235796	02773037
03236217	03996416
03236423	02792552
03236735	04596852
03237416	03497657
03237416	03746330
03237639	03050026
03238131	04105893
03239054	03384891
03239259	03763968
03239399	03895585
03239726	04451818
03240327	02844307
03241093	04091097
03241660	04008947
03242713	04096066
03243218	03183080
03243625	03738472
03244388	04096066
03246052	03177349
03247083	03947111
03247620	14778436
03248560	03740161
03248958	03247620
03249569	03915437
03250089	03551084
03250588	03997484
03251533	03216828
03251766	02729837
03252064	03076708
03255648	03335600
03256166	04490091
03257343	03104594
03257586	02727825
03259505	03546340
03260293	03305135
03262519	02997607
03264136	04213626
03264542	08592656
03265032	03154073
03265479	02875013
03266749	04033995
03268790	02958343
03269203	03099945
03269401	03183080
03270165	03294048
03271574	03320046
03272383	03636248
03273061	03789946
03273551	03279153
03273740	04330340
03273740	04580493
03274561	04470953
03274796	03088707
03275681	02955247
03276179	03705379
03277771	03183080
03278248	03294048
03279153	03800933
03279804	04494204
03280813	04048568
03281145	03664675
03281935	02679415
03282060	03792048
03282401	03169390
03282591	03178782
03282933	03816849
03283519	04074482
03283827	03274796
03284120	03763133
03284482	03058107
03284743	03058107
03285106	02673637
03285348	02715941
03285912	02735688
03286383	03932670
03286572	03739693
03287178	04007894
03287459	03299929
03287733	03789946
03288003	03574816
03288225	02979662
03289025	03959936
03289268	04003597
03289462	03925226
03289819	03936895
03290195	04341686
03290771	02671062
03291551	03385557
03292362	02740764
03292736	03431745
03293321	04025748
03294048	03575240
03294604	04058239
03294833	03563967
03295140	04341686
03295357	02716866
03295928	03499142
03296597	03959936
03297735	04341686
03298211	02830852
03299648	03214670
03299788	04166841
03299929	03570838
03300578	02718469
03300907	03828465
03302121	00021939
03302487	04602044
03302938	04377057
03303965	03848729
03304605	03740161
03304730	14806838
03305522	03183080
03306610	03519981
03307274	03224032
03308152	03574816
03308297	03526198
03308853	03526198
03309465	03656484
03309808	00021939
03313602	03398467
03313873	04362025
03314028	03963982
03314378	03725035
03314608	04014297
03315023	00021939
03315644	04014297
03315805	03673767
03316105	03257586
03316274	03104594
03316406	03956922
03318294	03665366
03318438	03562126
03319745	04065464
03319858	03522239
03320046	03183080
03320519	03113657
03320519	03206718
03321103	03596285
03321419	03595860
03322099	04602044
03322570	02913152
03322940	03699975
03323703	04081844
03324928	03763968
03325088	04072193
03325288	02740764
03326073	03033362
03326795	03309808
03326948	03906997
03327234	02796623
03327691	04373894
03327841	02796623
03328076	03464467
03328201	03391770
03328392	03828465
03328650	03850746
03330947	04181228
03331390	04547991
03331599	02934168
03331820	03077958
03333349	03762982
03334017	03072201
03335030	02691156
03335030	04552348
03336575	04594489
03336839	03489162
03337140	03842156
03338009	04442831
03338287	03175604
03339296	04605726
03339643	03183080
03340463	03030663
03340723	03851341
03341297	04339638
03341707	03526198
03343047	03959936
03343354	03945615
03343560	03346455
03343853	03467984
03344935	03812924
03345115	03348454
03345837	03183080
03346135	03563967
03346455	04061969
03347472	03346135
03347472	04450749
03350011	03431243
03350204	02732072
03350204	02881193
03350602	02776205
03351151	03532342
03351262	04530566
03351434	03430959
03351768	03106110
03351979	04100174
03352628	03819994
03352961	04500060
03353616	02671421
03354207	03259505
03354350	02671421
03354613	00021939
03354903	03282591
03357376	03122748
03357716	02688443
03358172	03636248
03358172	03926148
03358726	02942699
03359566	02876657
03359755	04145056
03360845	03058949
03362393	02715941
03362890	03008565
03363216	03167666
03364340	00021939
03365374	03665366
03365592	03536348
03366721	03365592
03366823	03122748
03368141	03169390
03368141	07938773
03368352	02819474
03370020	03054098
03371258	03713736
03371363	03771443
03371532	03828465
03371728	04446521
03371875	04446521
03372029	04598582
03372656	03676175
03374102	04118021
03374473	04411264
03375443	03892891
03375694	04189482
03375956	03931044
03376159	03907227
03376279	03122748
03376438	03169390
03376595	03001627
03377582	04599396
03378005	03120198
03378915	08570758
03379204	02752311
03379204	04295881
03379828	02898711
03380134	04418644
03380461	03961939
03380867	03122748
03381126	03051540
03381776	04127904
03383646	04602044
03383948	03153375
03384535	03779370
03384891	02756098
03385117	05075602
03385420	03892891
03385557	03171356
03386011	03171356
03387016	04360501
03387323	04508163
03387653	03316406
03390327	02866578
03390983	03391770
03391301	03391770
03391770	04361095
03393017	04018399
03393324	04586932
03393912	02959942
03394480	04468005
03395745	04424418
03395859	03656484
03396311	02734423
03396654	03054901
03397532	02681518
03398467	04213626
03399047	04161358
03399240	03307274
03400231	03880531
03400389	03305522
03401500	03944672
03401721	03294048
03402188	03763968
03402941	03785499
03404449	03003730
03404900	03673767
03405265	03575240
03405595	02671780
03405725	03405265
03406597	03214670
03406966	04478889
03407122	03666591
03407369	03269401
03408721	03076708
03409393	04546855
03409591	04105068
03409920	02729965
03410022	03532342
03410740	04081844
03412220	03619890
03413428	02913152
03414814	03054098
03415252	04507155
03416329	03848729
03417345	08674739
03417749	04610879
03418242	04451818
03419014	03051540
03420559	03763403
03421117	02784218
03421768	02866578
03422072	02923129
03422589	04494204
03424630	03579982
03424862	03429288
03425595	04330340
03425956	03315023
03426574	04498523
03427202	03948459
03427656	03084420
03428805	04179385
03429288	03733925
03429771	03441112
03429914	03819595
03430091	03115180
03430551	04574999
03430959	03294048
03431243	03738472
03431570	04190747
03431745	04576971
03432129	03736970
03432972	02743547
03433079	03740161
03433247	03020034
03433434	02710766
03433877	03287733
03434943	02743547
03436182	04315948
03436990	03532342
03437430	03058107
03437581	02729965
03438071	02784218
03438257	03094503
03439064	04381994
03439814	03510583
03440024	02719105
03441112	03490324
03441345	03079741
03441778	04166553
03441930	02719105
03442288	02973558
03442756	03414162
03443543	04551055
03443912	04272054
03446070	03446832
03446528	03119790
03446832	04285146
03448253	03932670
03448590	02740764
03449564	02913152
03450230	03236735
03450516	03859495
03451473	03733925
03452449	04329190
03452741	03928116
03453809	02743547
03454211	04451818
03454536	03391770
03455033	08664443
03455355	03489162
03455488	03743902
03455488	04326084
03456024	03206908
03456186	03051540
03456665	03057021
03457451	02740764
03457686	03461385
03457902	02913152
03458552	03274796
03458961	04339291
03459914	04081281
03460674	02720201
03460674	03910033
03461119	03093574
03462747	03091374
03463381	03365991
03463832	03417345
03464266	02721160
03464467	03183080
03464757	03504420
03466162	03773504
03467517	04338517
03467984	04565375
03469175	03962525
03469493	02677718
03470222	03763727
03470387	04216963
03471030	03845360
03471473	03006105
03471779	02886599
03471974	03265874
03472232	04285146
03472796	04497570
03473227	04110955
03473465	04294212
03473817	03000247
03474167	02756098
03474635	02968473
03474896	03485997
03475823	04447443
03476083	02756098
03476684	03043958
03478589	03764276
03478589	04464852
03479397	03224893
03479647	04017137
03480186	03713736
03481172	03489162
03482405	02801938
03482523	03975232
03483316	02855089
03483316	03251766
03483637	02889425
03484083	04576211
03484576	04181228
03485655	04599396
03485794	03932670
03485997	02728763
03487090	02788689
03488188	04140064
03488438	04401088
03488603	03489162
03488603	04208210
03489162	04451818
03490324	03051540
03490449	03096960
03490884	04359589
03491178	03169390
03491724	04108268
03491988	03065424
03492250	04071102
03492542	03706653
03492717	03097890
03492717	03808564
03493333	03081021
03493664	04566257
03494278	03393324
03494706	04295081
03495671	04271148
03496612	03146846
03496892	03322940
03497182	04256993
03497657	03502509
03498316	02784732
03499468	03000247
03500557	03686130
03501152	03839795
03501520	04446276
03501614	04337740
03502331	03419014
03502509	03051540
03503718	04295081
03503997	03665366
03504420	03763133
03507241	03259505
03508101	03183080
03509025	04516874
03510072	04014297
03510583	02686568
03510987	03257586
03510987	06679726
03511175	03327234
03511426	08511241
03511786	03892891
03512147	03510583
03512911	04313220
03513137	03502509
03513376	02740764
03513627	03264542
03514129	02995998
03514129	03733925
03514974	14994004
03515934	03259505
03516011	03492717
03516011	03850746
03516996	04043733
03518631	03431243
03519578	03519981
03519981	04096066
03520654	03485997
03520811	03839993
03521076	03600977
03522239	03740161
03522634	03627232
03522863	03091374
03524574	04451818
03525074	03664675
03525252	02991302
03525454	03525827
03525693	03592245
03525827	03183080
03526198	03848729
03526805	15256915
03527243	03925226
03528263	02729837
03528523	03082979
03528761	03322099
03528901	02797881
03529629	03259505
03530803	02931417
03530910	04014297
03531281	03502509
03532187	03169390
03532342	03563967
03532672	03736970
03533014	03945167
03533486	04377057
03533654	03091374
03533972	02784218
03534429	04226537
03534695	03592245
03536122	02688443
03536568	04294426
03536761	02694426
03537412	04027023
03537550	04222847
03538037	03472232
03538634	04576211
03539875	04493505
03540267	03381126
03540595	03739518
03541091	04105893
03541393	04468005
03541696	03542333
03542333	02913152
03542860	02821627
03543394	02958343
03544360	02913152
03544360	03259505
03545150	02913152
03545961	03592245
03546340	04341686
03546766	04014297
03547658	03892891
03548626	04341686
03550153	04191595
03550420	02944826
03550533	02718469
03551084	02891188
03552169	04423288
03553248	02866578
03553248	03834604
03553486	03733925
03553708	02707683
03553908	02721538
03554131	03771443
03554460	03733925
03556281	03828465
03556811	04530566
03557360	03558176
03558176	04093625
03559999	04020298
03560161	03265874
03560430	03547054
03560567	03738472
03561169	04372370
03561657	03122748
03561889	04482543
03562126	03104594
03562958	03740161
03563200	04004475
03563710	04013729
03563967	03575240
03565565	03305522
03566555	03733925
03566860	03169390
03567066	02727825
03567325	03214670
03568117	03183080
03568653	03828465
03569293	04377057
03569657	02724966
03569964	13367070
03570709	03081021
03570838	03433434
03571155	03740161
03571439	02729965
03571942	03225777
03573282	00021939
03574555	03297735
03574816	03183080
03575240	00021939
03575691	03574816
03575958	03574816
03576215	03575958
03577090	03084420
03578055	03078287
03579137	02725367
03579355	03169390
03579538	03221720
03581125	03605722
03582096	03096593
03583109	02720201
03584111	02905612
03584254	04315948
03584829	03528263
03585073	03446070
03585438	04181228
03585875	03419014
03585875	04580298
03586631	03748886
03587318	08688247
03587442	03783017
03587715	02716205
03587874	03740161
03588046	03740161
03588414	00003553
03588668	02720201
03588951	04451818
03589791	03057021
03590306	04605726
03591116	03632277
03594277	03525827
03594734	04489008
03594734	04603872
03594945	02958343
03595614	04197391
03595860	02691156
03596787	03597469
03597317	03502509
03597469	02681518
03599351	03138344
03599628	04602044
03599761	04007894
03600285	04489008
03600806	03030663
03600977	03605915
03601335	04286128
03601638	03954731
03603199	03601335
03603722	02876657
03603958	03009633
03604629	03091374
03604843	03604629
03604843	04594489
03605722	08664443
03605915	03091374
03606572	03611590
03608074	03335030
03608661	02719294
03610098	04340935
03610270	00002684
03610682	02954340
03611590	03054098
03612378	03828465
03612559	03828465
03612814	03990474
03612965	03915437
03613294	03183080
03613592	03659292
03614007	03183080
03614532	03800933
03615133	02914813
03616428	04100174
03616763	04304375
03617095	03404449
03617594	02985137
03619396	03430959
03619650	02974697
03619793	02769748
03619890	04105893
03620052	03528263
03621049	04516672
03621473	03964744
03622058	03536761
03622526	04494204
03623338	02740764
03623556	03265032
03624966	03816849
03625355	03309808
03625783	04321238
03626014	03485997
03626115	04008947
03627232	03323703
03629857	02944826
03629986	04602044
03630262	04600486
03630544	02721160
03630544	02854156
03631177	03309808
03632277	04298171
03632963	04018667
03634034	03259505
03635668	04188643
03636248	04263760
03638321	04341686
03639077	03352628
03639675	03768132
03640660	03899328
03641706	03357376
03644378	04108268
03646296	04184435
03646809	04018667
03646916	03391770
03647691	03961939
03648066	04602044
03648219	03419014
03648219	04580298
03648804	04606014
03649459	08329453
03649909	03418242
03650173	00021939
03650803	03540595
03651947	03969627
03652226	04164989
03652932	04081844
03654086	02724966
03654374	08673395
03654576	03050026
03654826	04359589
03655072	03419014
03655720	03051540
03656484	03851341
03657239	03563710
03658373	03247620
03658858	03568117
03659122	03581125
03659292	02788689
03660664	03177349
03661340	04453910
03662016	03681148
03662719	03663531
03662887	03663531
03663433	03841666
03663531	03364340
03663531	04077734
03664514	03183080
03664675	03183080
03664943	02755352
03665366	04263760
03665924	03272383
03666362	03202760
03666591	03183080
03667380	03354613
03667829	03760671
03670208	02958343
03670622	02716866
03670849	00021939
03671272	04096066
03671473	08057633
03671668	03748886
03672352	04580298
03672638	03171356
03673027	03896103
03673450	04508949
03673594	03691128
03673767	04014297
03673971	03323703
03674440	03738241
03676175	03740161
03676483	03714235
03677308	02673637
03677766	03780047
03678362	03100490
03679384	03546340
03679712	04105893
03679986	04571088
03681148	02710766
03681477	03085333
03682487	03323703
03683708	04105893
03684740	03592245
03684823	04170037
03685307	03259505
03685962	03936895
03686130	03365991
03686470	03365991
03686658	03733925
03688192	04508949
03689157	04417180
03689840	03936895
03690938	04447443
03691128	04074482
03691459	03274561
03693089	03676175
03693474	04256520
03693973	02831724
03694490	03713736
03694639	03924069
03694761	03959936
03695122	03738241
03696065	03079741
03697109	04329477
03699396	03097890
03699396	03248958
03699396	03479647
03699975	03183080
03701391	02760429
03701640	03699975
03702719	04049405
03703590	03309808
03704038	04329190
03705379	03183080
03706415	04052757
03706653	03744840
03707597	04063373
03707766	03708036
03708036	03744840
03708962	04494204
03709206	04147495
03709644	03100490
03710721	04371563
03711145	03944672
03713736	04470232
03714235	03113152
03714721	00002684
03716327	03414162
03716656	03178782
03717750	03944672
03718056	03214670
03718458	03719053
03718581	04105893
03719053	03544360
03719343	04190052
03720163	04076846
03721797	00021939
03722007	04608567
03722288	03748162
03724417	03621049
03724756	03953416
03724870	03122748
03724870	03206718
03726233	04581595
03726760	04267577
03728437	03666591
03728811	03257343
03730153	03294048
03730893	03122748
03731164	03872495
03731695	03481172
03732114	02921884
03732828	02721160
03733925	03574816
03735637	03733925
03736970	03738472
03738472	03183080
03739136	02720725
03739327	03828465
03739518	02913152
03739693	03574816
03740161	03247620
03743016	03743902
03743577	02722458
03743761	04188643
03743902	04341686
03744276	03493333
03744276	03744840
03744684	03020034
03744840	03183080
03745285	04179385
03746330	03051540
03746486	04018667
03746574	03540595
03746994	03845550
03747103	03808564
03747281	02718469
03747508	02718469
03747508	02792049
03747746	03771443
03748162	03953020
03748456	02722166
03748456	03562958
03748886	03076708
03749807	04421872
03750614	04051825
03750912	03479647
03751065	03200701
03751590	03259505
03752649	02905612
03753077	03733925
03753657	02719105
03753826	03740161
03754014	03808564
03754295	02704153
03754295	03097890
03754822	04166841
03754979	02718469
03755140	02716205
03755545	03800001
03755712	02722166
03755712	03562958
03755991	02721160
03756184	03054098
03756624	04320126
03757138	04048568
03757428	02723292
03757723	04334599
03757925	02715941
03758089	03365991
03758334	04073669
03758720	02720201
03759795	03936895
03759954	03274561
03760310	03020034
03760671	03709206
03761084	03620052
03761845	02830852
03762434	04061969
03762602	03178782
03762809	02724207
03762982	03540595
03763133	03315023
03763727	03679384
03763968	04509592
03764276	04524313
03764822	04520170
03765561	03701640
03766322	03497657
03767459	03257586
03768132	03305522
03768346	03302121
03769397	03876519
03769881	02924116
03769967	02930766
03769967	03770085
03770085	02958343
03770679	02958343
03771066	04416530
03771443	04470232
03772077	02984061
03772269	03956922
03773035	04069276
03773268	04296562
03773504	04099429
03773504	04565375
03774673	02722997
03774842	02716866
03775199	03621049
03776460	03546340
03777126	02729965
03777283	04076846
03777568	02958343
03778135	03936895
03778600	03081021
03778817	03084420
03779370	03094503
03779621	04157320
03780047	03967562
03780392	03169390
03780896	03713736
03781244	04073948
03781787	03278248
03782190	03211117
03783017	02718811
03784270	04531098
03785142	03485997
03785499	02913152
03785843	03096593
03786194	02756098
03786313	03679712
03786417	02707683
03786417	03850746
03787308	03526198
03787759	02743547
03787904	03925226
03788195	03953416
03788498	03790755
03788601	02821627
03788703	13899404
03789603	03309808
03789946	03699975
03790230	02858304
03790512	03791235
03790755	03542333
03791235	04170037
03792048	04341686
03792334	02799897
03792782	02834778
03793186	03391770
03794136	04447443
03795976	04009552
03796605	03327841
03797548	03925226
03797703	03504723
03799375	04099429
03799710	03876519
03800001	04072811
03800563	03177349
03800933	03183080
03802007	03803116
03802393	03309808
03802973	02676261
03803116	03343853
03803911	00021939
03804048	03828465
03804311	02832168
03804744	03323703
03807052	03809939
03807052	04522421
03807537	04380617
03807895	03828465
03808144	03828465
03808564	03247620
03808977	02714883
03809686	02715513
03811295	04347754
03811444	04377057
03812119	03763133
03812924	04566257
03813176	03574816
03813704	04197235
03813834	04213626
03814112	03848729
03814906	03597469
03815278	03814112
03815482	03051540
03816136	03563967
03816849	03129123
03817062	02718811
03817647	04596852
03818090	02716866
03818090	02724207
03818843	02718084
03819595	03309808
03819994	04474466
03820728	04377057
03820950	04377057
03823540	04005630
03824014	02938514
03824284	02954340
03824381	03673450
03824381	03825080
03825080	03051540
03826443	02716205
03826762	04522904
03826945	03570838
03827107	03082979
03828155	04085365
03828465	02721538
03829085	02718811
03829340	03744276
03829563	13875571
03830111	03936895
03830278	03936895
03830448	03936895
03830582	04482543
03832405	13908021
03833564	04287153
03834040	02727825
03834604	04565963
03834836	04085365
03835582	03082979
03836062	03017070
03836451	03323703
03836699	03740161
03837157	02716866
03837157	02720201
03837422	03563967
03838160	04076846
03838298	03656484
03838899	03228016
03839795	03839993
03839993	04341686
03840327	04013729
03841143	03753077
03841666	03953020
03842156	03405725
03842377	03278248
03843555	03339643
03844045	03636248
03844550	04021798
03845190	02965300
03845360	04572344
03846100	03309808
03846234	03763968
03846772	02715229
03847823	03722288
03848348	03489162
03848729	00021939
03850746	03808564
03851341	03183080
03851787	03744840
03852031	14866889
03852280	03574816
03853178	04162998
03853734	03008565
03854065	03614532
03854065	04586932
03854815	04586932
03854998	03854815
03856148	03800001
03857828	03278248
03859000	03579982
03859280	02913152
03859495	03051540
03859717	08673395
03859958	02756098
03860741	03763403
03860882	04007894
03862676	03620052
03863262	03121897
03863442	04578559
03863923	03419014
03864356	04008947
03864994	03679986
03865371	02773838
03865949	03380867
03866555	03936895
03866908	03936895
03867070	03936895
03867515	03828465
03867675	03771443
03868044	04511002
03868863	02895606
03869044	02721538
03869222	02717901
03869389	02716866
03870105	02958343
03870672	02919414
03871083	03094503
03872495	03873064
03873064	00021939
03873699	02848523
03875218	03058107
03876519	03453809
03877472	03825080
03877845	04079244
03878066	03719053
03878963	03385557
03879116	02922159
03879705	02740764
03879854	04074482
03880129	04532106
03880323	03094503
03880531	03101986
03880770	04074482
03881534	03141065
03881893	03961070
03882058	04188643
03882611	03882058
03883664	03880323
03884072	03931044
03884778	04407435
03885028	04508489
03885535	04329477
03886053	04389033
03886237	03800001
03886432	02870092
03887185	03323703
03888257	04077734
03888605	03472232
03890514	03082979
03891051	03589791
03891664	03895866
03891851	04169152
03892035	04162998
03892273	04162998
03892891	00002684
03894379	04341686
03894762	03610270
03895293	04564698
03895585	03895293
03895866	02959942
03896103	04194289
03896233	04468005
03897943	03932670
03898633	04033995
03899100	03281145
03899328	04564698
03899612	03058107
03899768	02735688
03900509	03536348
03900750	03900509
03901074	04326084
03901548	02982790
03902220	03033986
03903424	03659292
03903868	04360501
03904183	03137228
03905540	03940256
03905730	03525454
03906590	03904183
03906997	04608567
03907227	03285912
03907654	03574555
03907908	02828884
03908204	04608567
03908831	02681518
03909160	02727825
03909835	03740161
03910033	02716866
03911866	03354903
03911992	03911866
03912218	03343354
03912328	04522904
03912664	02707683
03913129	02792049
03913343	04494204
03913437	03247620
03913702	03740161
03914583	02682922
03914583	03013162
03914919	04359589
03915320	03182232
03915437	03800933
03916031	04447443
03916470	03916031
03916720	03278248
03917455	02722458
03918297	03771443
03918480	03196324
03918737	03277771
03919096	03764276
03919096	04170037
03920989	03740161
03921209	07951464
03921337	02707683
03921499	03479647
03921749	03783017
03922412	02718469
03922561	04537602
03922722	02721538
03924069	04262678
03924407	02984699
03924811	03104594
03924811	03925226
03924978	03180969
03925226	04076846
03926575	03925226
03928001	03629986
03928116	03614532
03928116	03915437
03928116	04338517
03928589	02677718
03928814	03614007
03929202	03265032
03929660	03183080
03930087	03764276
03930777	03111899
03932203	03892891
03932670	03309808
03932670	03932203
03933183	03932203
03933183	14759722
03933529	03961939
03935450	04565375
03936269	03073977
03936568	03225238
03936895	03096593
03938244	03151500
03940256	03323703
03940713	03597469
03941684	03489162
03942244	02832168
03942397	02799897
03942397	04045941
03943115	03430551
03944672	04493505
03945167	04493505
03945615	04586932
03946325	03944672
03946532	03910033
03947111	03733925
03947888	04194289
03948041	03828465
03948459	03343853
03949442	03302121
03950899	04356595
03951971	02764614
03952277	03081021
03953020	03297735
03953416	02913152
03953743	04175380
03954199	03234306
03954731	03265032
03954731	03489162
03955296	03997484
03956331	03430551
03956922	02914991
03957567	04362025
03958097	02743547
03958752	04605726
03959936	04188643
03960950	02714315
03961070	04188643
03961939	03536348
03962525	04341686
03962685	03085915
03963028	03058107
03963294	03278248
03963483	02883344
03963645	04610879
03964744	00021939
03965456	03748162
03965907	13907415
03966751	03481172
03966976	03082127
03966976	03489162
03967396	03574816
03967562	04451818
03967942	02853449
03968581	03526198
03968728	02860239
03969259	03354613
03969627	03106110
03970156	03489162
03970363	02896442
03971422	04440749
03971771	04517535
03972524	03993180
03972799	09379111
03973170	03886432
03973628	03623556
03974215	08566028
03975035	02733524
03975232	03568117
03976268	03339296
03976657	04100174
03976960	08566028
03978130	04517535
03978421	02873839
03979377	03309808
03979847	14593671
03980026	03475823
03980178	03485997
03980332	03485997
03982060	03302121
03982430	03414162
03982430	04379243
03984381	04341686
03985232	03918480
03986949	02773838
03988170	04515129
03989898	03541696
03990474	03101986
03990474	04531098
03990834	02949691
03991202	04330340
03993053	04446521
03993180	02773037
03993403	03237639
03994008	03740161
03994008	04447443
03994417	07819480
03995535	02934168
03996145	03997484
03996416	03699975
03997027	03315023
03997484	03699975
03997484	04451818
03997980	03676175
03998525	02698769
03998525	02721160
03998867	03082979
03999280	03740161
03999992	03699975
04000311	03699975
04002026	04074482
04002931	02718469
04003597	03453809
04004210	03084420
04004475	03699975
04004767	03916720
04004767	04004475
04005340	03851341
04005630	03111690
04006727	03681148
04006953	04006727
04007239	03713736
04007510	03800001
04007664	03183080
04007894	03129123
04008385	03738241
04008634	04565375
04008947	04341686
04009552	03852280
04010205	04544979
04010348	02719750
04010348	02720725
04010566	02873839
04010779	03183080
04010927	04008947
04011242	04360501
04011409	02832168
04011827	03736970
04012084	02691156
04012260	00002684
04012482	04012084
04012852	02707683
04013362	04296562
04013729	03111899
04013993	02725367
04015204	03051540
04016240	04016576
04016576	03488188
04017429	03247620
04018155	03078287
04018399	04395875
04018667	04446276
04018951	04473432
04019101	03100490
04019335	04341686
04019696	03183080
04020298	03700963
04020617	02935658
04021798	03736970
04022434	02677718
04023249	04451818
04024396	03526198
04024862	02801938
04025130	03219135
04025748	03740161
04026053	02727825
04026813	02834778
04027023	04372370
04027367	04043733
04028472	04100620
04030965	04315948
04031884	03546340
04032242	02974219
04033287	03014440
04033425	03314028
04033995	02820210
04034262	02822220
04034641	02721948
04034641	04528630
04034884	02715941
04036494	03370020
04037443	02958343
04037625	03119790
04038440	04359589
04038727	03391770
04039041	03576215
04039381	04285622
04039848	03733925
04041069	03508101
04041544	03078287
04043411	03278248
04043733	04060647
04044498	04401088
04045397	03364340
04045941	03932670
04046590	02788689
04046810	04048568
04046974	03327234
04047401	02796623
04048075	04463983
04048568	03671473
04049098	04412901
04049405	03057021
04050066	04451818
04050410	04451818
04050600	03243218
04051068	02673637
04051549	03566329
04051825	03282060
04052757	04539876
04053995	03522239
04053995	14778019
04054795	03385117
04055030	03872495
04055180	03736970
04055861	03670849
04056932	03309808
04057047	03265032
04058096	04105893
04058239	03744276
04059157	03051540
04059298	03744276
04059701	04213626
04060065	02974219
04060647	04176528
04060904	03094503
04061442	03353616
04061969	03285912
04062644	02691156
04062644	04552348
04062807	03764276
04062807	04170037
04063373	03294048
04063661	06791372
04063868	03744840
04064401	03699975
04065272	04170037
04065464	04105893
04066023	04511002
04066476	03385557
04067472	04586421
04068441	03956922
04068601	03852688
04069276	03183080
04071102	04191595
04071876	03744840
04072193	03096960
04072551	04333129
04072960	03269401
04073208	03748886
04073669	04157320
04073948	04079244
04074482	03740161
04076533	03104594
04076713	02921884
04077430	02757462
04078236	02721160
04078747	09328904
04079244	03544360
04079933	03269401
04080454	03003730
04080833	02895606
04081044	04359589
04081281	02913152
04081844	03183080
04082344	02895606
04082886	03820950
04083468	00021939
04083942	02971167
04085017	03431243
04085365	02725367
04085873	03315644
04086273	03948459
04086794	04079933
04087126	04359589
04087524	02725367
04088797	03736970
04089152	02815950
04089666	02872752
04090064	02716205
04090263	03343853
04091097	03430959
04091247	03385117
04091693	03430959
04091839	08673395
04092168	03113835
04092609	03597469
04092959	03961939
04093625	02913152
04094859	03944672
04096066	04564698
04096733	02819697
04096848	02796623
04097256	03720163
04097373	02958343
04097866	03419014
04098513	04359589
04099175	03596285
04099429	04524313
04099649	02798290
04099969	03001627
04100174	03563967
04100994	03124700
04101701	04574999
04102406	03280813
04102406	04088797
04103491	04442831
04103918	03100490
04105438	04014297
04105893	02735688
04107984	04191943
04108268	03670849
04109702	03169390
04110439	02678384
04110654	03579982
04110955	03738472
04111190	04100174
04111668	04110955
04112252	02688443
04113765	02733524
04114069	02740764
04115456	03199901
04118021	03366823
04118021	03405265
04118776	03735637
04119892	03137579
04120842	03900509
04121511	03327691
04122825	02773037
04123567	03309808
04123740	04161358
04124202	04295081
04125257	04340750
04125853	02827606
04125853	04081844
04126659	03407122
04127633	04072193
04127633	04519153
04127904	03932670
04128499	04128837
04128837	04530566
04131015	03679712
04131208	04202417
04133211	03282933
04133789	04199027
04134339	03964744
04135315	03872495
04135710	03958752
04136997	03118539
04137444	03294048
04138977	03880531
04139859	03094503
04140064	03489162
04141975	03733925
04142549	03931044
04143140	03163973
04143140	03277771
04143365	04515129
04143897	03419014
04145056	04297476
04145735	03748886
04146614	02924116
04147495	03574816
04148054	03082127
04148054	03265032
04149083	03633091
04149208	04208210
04149374	04576211
04151228	03744276
04151940	03122748
04152593	03211117
04153751	03323703
04154152	04011827
04155310	03234306
04157099	04105893
04157320	03958097
04159354	03323703
04159545	03058107
04159676	03632277
04160036	03323703
04160372	03600977
04161358	04359589
04161981	03405725
04162706	04125853
04162998	13777764
04163364	03640660
04163740	02792049
04164989	03892891
04166281	02958343
04166553	03248958
04166553	03740161
04166841	04166553
04167759	03964744
04169152	02718811
04169437	04372370
04170515	04304375
04171459	02759963
04171629	03948459
04171629	04171459
04171831	03088707
04172107	03259505
04172342	04467307
04173172	03338821
04173698	02681518
04175147	03082979
04175380	04381994
04175669	03290771
04176068	03484083
04176528	03278248
04178190	03924069
04178329	03743902
04178897	03315023
04179126	03231912
04180314	04321238
04181228	04081844
04181718	04014297
04182514	03895293
04182708	04515129
04183217	04118021
04183329	03094503
04184095	13899804
04184701	03932203
04185071	03563967
04186051	09439213
04186455	03045337
04186848	04148054
04187061	04014297
04187233	04014297
04187547	03859280
04188064	03322099
04188368	03670849
04188643	00021939
04189482	04188643
04189651	03936269
04190052	04359589
04190464	02703275
04191150	04521987
04191595	04341686
04191943	04014297
04192698	02739668
04192858	04014297
04194289	04530566
04196080	04377057
04196803	04105893
04197235	04602044
04197391	03419014
04198797	03161450
04199027	03380867
04200637	03631445
04201297	04151940
04201733	02814533
04202417	03748162
04203514	04602044
04203705	03398467
04204468	02815950
04204619	08673395
04204755	03093792
04205318	04489008
04205759	04008634
04206356	03343853
04208210	03489162
04209239	03151077
04209613	02873839
04210390	03953416
04211001	03088707
04211356	02851099
04213626	04362025
04214871	03671668
04215402	04544979
04216106	04048075
04216634	04332243
04216963	03852280
04217546	02913152
04217882	04341686
04218383	04537602
04218564	02676261
04218773	04493505
04219424	03309808
04222847	02817799
04223580	03969259
04224155	04493505
04226322	02887209
04226537	04361095
04227144	03234306
04228844	15101854
04229195	03900509
04231444	02740764
04231693	03100490
04232153	02954340
04232312	04295881
04233124	02913152
04234455	04339638
04234969	03722288
04235291	04524313
04236001	03895866
04236182	03936568
04236377	03050026
04237924	03961070
04238128	03964744
04238321	03323703
04240097	03964744
04240576	02959942
04241042	03627232
04241249	03051540
04241394	03380867
04242704	02880940
04243142	03051540
04243727	04061442
04243941	03699975
04244379	03089014
04244615	04072193
04244997	02858304
04246855	03895866
04247011	04151581
04248010	00002684
04248209	03323703
04248607	03925226
04248851	04474466
04249415	03249569
04250026	03932203
04250224	04090263
04250850	02690941
04253437	03040587
04253751	03414814
04254777	03540267
04256520	04161981
04256993	03248958
04256993	03808564
04257223	03903424
04257986	02991048
04258982	08511241
04259468	02740764
04259771	03813176
04260934	03247620
04261116	03699975
04262678	04063868
04262969	04262678
04263614	03315023
04263760	03183080
04264914	03125870
04264914	04137444
04266162	04137444
04267577	03976657
04268142	03819595
04269086	03659292
04270147	04500060
04270891	04565375
04271148	03563967
04271371	03974215
04272054	03852280
04272638	03925226
04273064	03852280
04273659	03520811
04274396	03096593
04275363	09477037
04275661	04285146
04277034	03089014
04277204	02710766
04277493	04111190
04278605	03350602
04281375	04014297
04283378	04359589
04284002	03094503
04284002	03153375
04284735	03076708
04284735	04285146
04285008	02958343
04285622	03563967
04285803	02756098
04285965	02958343
04286128	03953020
04286307	03963982
04287153	03848729
04287351	03845360
04289027	03736970
04289690	04574999
04290259	04007664
04291511	00021939
04292572	03691459
04292733	00021939
04293119	03621049
04293258	03033362
04294212	03183080
04294614	02788689
04294614	04294212
04295081	03430959
04295881	04341686
04296261	04317420
04296562	03961939
04297476	04076846
04298171	04298308
04298308	04564698
04299699	04162998
04300080	03699975
04300358	03316406
04300741	04434285
04301474	04540761
04302334	13777764
04302988	02958343
04304375	03273061
04305323	03719053
04306080	03315023
04306847	04157320
04307419	02886599
04308583	04105893
04309348	04194289
04310018	03684823
04311595	03316406
04313220	03738472
04314522	04347519
04314914	04359589
04315948	04077430
04316275	03925226
04316646	04059701
04317420	03563967
04318131	04285146
04320126	03247620
04321238	04179385
04321534	03748886
04321804	03485997
04322026	03485997
04322026	04359589
04323026	03302487
04323819	03540267
04325409	03003730
04326084	14786479
04326896	04161981
04328329	04540547
04328946	02735688
04329190	03177349
04329477	04105893
04330340	03620052
04331277	03001627
04332243	03339643
04332987	04577769
04333500	02784218
04334599	04426618
04335435	04170037
04335693	03051540
04336034	03183080
04337740	03736970
04337974	03106110
04338359	07951464
04338517	03800933
04339291	00021939
04339638	14943580
04340750	02883344
04340935	03171356
04341133	04329477
04341414	04359589
04341686	00021939
04343346	03169390
04344246	04602044
04345288	00002684
04346679	03183080
04347119	02958343
04347519	03701391
04347754	04348184
04348184	04552696
04348359	02727825
04349701	03740161
04350458	03309808
04350905	03419014
04351233	03963982
04351776	04352070
04352070	02716205
04353016	04352070
04353189	02719105
04353410	03828465
04353803	00003553
04355821	03430551
04356056	04272054
04356595	03497657
04356925	04105893
04357121	04105068
04357314	03128519
04357930	03082807
04359335	03736970
04359589	03183080
04360501	04361095
04361095	04341686
04361641	03269401
04362025	00021939
04363991	04105893
04364160	04361641
04364827	03623556
04364827	04364545
04365484	03574816
04365751	04365484
04366116	03738241
04366367	02898711
04367011	03903424
04367480	03039947
04368496	03589791
04369025	02785648
04370048	03419014
04370288	04489008
04370774	03419014
04371430	04371563
04371563	03419014
04371774	03736970
04371774	03964744
04371979	03221720
04372370	03096960
04373264	02994858
04373894	04565375
04374735	03953416
04375926	03733925
04376400	03279153
04376876	03739693
04377057	03575240
04380346	03153375
04380346	03623556
04380617	03672352
04383130	03804744
04384016	04059701
04384406	03169390
04384593	03427296
04385079	03051540
04387706	04451818
04388372	04467665
04388743	04531098
04389033	02740533
04389033	03764276
04389033	04464852
04390873	03691459
04390977	03967942
04391276	03959936
04391569	04339291
04391838	04063868
04392526	03278248
04392764	03738472
04393095	03707597
04394031	03118539
04394630	03900509
04395332	02740764
04395875	02913152
04396466	03900509
04398309	04381994
04398497	04081281
04399537	03446832
04400289	03078287
04400499	02727825
04401088	03278248
04401680	02873839
04402057	03091374
04402580	03261776
04402746	03078287
04402984	04594489
04403167	03925226
04403279	03925226
04403638	03709206
04404200	03007591
04404412	04400289
04404997	04405540
04405309	04494204
04405540	03278248
04405907	04060647
04406817	04473432
04407007	02830852
04407435	03953416
04407686	02913152
04411264	04191595
04412097	03357376
04412416	03685307
04412416	04411264
04412550	02698769
04412550	02721160
04412727	02720201
04412901	04306080
04413151	03093792
04413419	03278248
04414476	03309808
04414476	04459610
04416338	04528630
04416530	02716205
04417086	04494204
04417180	03699975
04417809	02913152
04418357	03151077
04418644	03665366
04418818	04296562
04419315	02905612
04420461	02866578
04420461	03400389
04421872	03733925
04422875	04072193
04423174	02720201
04423174	04528630
04423288	03214670
04424003	02724207
04424218	00021939
04424418	00001740
04424936	02792049
04424936	04492856
04425656	03713736
04425977	03431243
04426618	04096066
04429756	03860882
04432662	03309808
04433185	03106110
04434285	04162998
04434932	03540267
04435870	03183080
04436675	13899404
04437670	03407122
04438304	04437953
04438742	02832168
04439122	03740161
04440749	03533972
04441282	04429169
04441528	03497657
04442831	14991927
04443257	04202417
04443433	04235291
04443588	02716866
04443918	02715941
04444345	03892891
04444749	04014297
04445327	03323703
04445952	04372370
04446276	04105893
04446521	03969259
04446844	02773037
04447028	02881193
04447443	03575240
04447861	04161981
04448511	04353189
04448826	04353189
04449290	02873839
04449796	03828465
04449966	04565375
04450749	03183080
04451473	03740161
04451818	03563967
04452848	04008947
04453910	03122748
04454240	03964744
04455250	03726760
04455442	03748886
04456276	03359755
04456472	02738031
04457326	04552696
04458409	03282591
04459122	02958343
04459362	03932670
04459610	03309808
04460130	04341686
04461294	03670849
04461696	04490091
04463017	03574816
04463273	03234306
04463510	04096066
04463679	02788689
04463983	00021939
04464211	08616311
04464852	04170037
04465933	03605722
04466386	03640660
04467099	04576211
04467307	03100490
04467665	04490091
04468005	04019101
04469003	04463983
04470037	02673637
04470232	04017429
04470232	04166841
04470953	03269401
04471315	03269401
04471632	04171831
04472243	03431243
04472726	04176528
04473432	03315023
04474035	04490091
04474187	04194289
04474466	03183080
04475900	03351768
04476116	03351262
04476259	04060904
04476633	03829085
04478512	03646916
04478657	03214253
04480625	02830852
04481373	04423288
04481946	03072440
04482543	02718811
04484160	02681518
04485226	02982790
04486445	00002684
04487081	02924116
04487724	03764276
04487996	06696483
04489008	03419014
04489817	03489162
04490091	03791235
04492856	03582305
04494204	03277771
04494906	03965907
04495051	02883344
04495843	02858304
04496404	02740764
04497005	03839993
04497570	03045337
04497962	03895585
04498523	04110654
04499180	03082979
04499660	02735688
04501018	03306610
04502197	03595614
04502197	04370048
04502364	03068181
04502502	03309808
04502670	03691459
04502851	03343853
04503836	04140064
04504486	02852523
04504770	04004475
04505036	03007591
04505470	03614007
04506289	03467517
04507155	02951843
04508062	02967626
04508163	03419014
04508489	04508163
04508949	04508163
04509417	04576211
04511002	03297735
04514359	03933183
04514738	03167666
04515129	04341414
04516354	02958343
04516672	03563967
04516874	03315023
04517408	03259505
04517823	03528263
04518132	03359566
04518854	02718469
04519153	03096960
04519536	03183080
04519887	02950632
04520170	04490091
04520480	02959942
04520618	02716866
04521125	02853449
04521987	03058107
04522421	09190918
04523525	04105068
04523690	02921884
04524313	03100490
04524594	03309808
04526112	04100620
04526241	03526198
04526520	03738241
04526800	02690941
04526964	03183080
04527808	02938514
04528256	02875013
04528630	03740161
04529962	04294426
04530283	02688443
04530566	03125870
04531098	03094503
04532022	03051540
04532106	03450516
04534520	04391838
04535524	03544360
04535634	03917455
04535826	03917455
04536153	02880546
04536866	02880546
04537602	03247620
04537919	03744276
04538249	03733925
04538552	03525827
04538878	02740764
04539648	03000247
04539876	03744276
04540547	02810471
04540761	02991048
04541662	03290771
04543158	04576211
04543772	04574999
04544805	15101854
04544979	03899328
04545471	03391770
04546855	03894379
04547991	02856463
04548771	04061442
04549919	02853016
04550184	03405725
04550426	07951464
04550676	03763727
04551205	02718259
04551375	03304730
04551950	04426788
04552348	03510583
04552348	03764276
04552696	03764276
04552696	04194289
04553389	04557308
04553703	02801525
04554211	04014297
04554684	04580493
04555291	04446276
04555897	04437953
04557111	04560113
04558478	04446276
04558578	03876519
04558804	04557308
04559023	03834040
04559451	03325088
04559451	03969259
04560113	03508101
04560113	04388743
04560292	03094503
04561422	03765561
04561548	03964744
04561734	03309808
04562122	03790230
04562658	03315023
04563204	04574999
04563942	04402057
04564413	03088707
04564698	00021939
04565375	03574816
04565963	04565375
04566257	03575240
04566561	03764276
04566561	04170037
04566862	04514738
04568069	03736970
04568557	04474466
04568713	03309808
04568841	03309808
04569520	03566329
04570815	02773838
04571088	00021939
04572344	03302121
04574999	03700963
04576211	03094503
04576211	04524313
04576971	03736970
04577293	02792552
04577769	03574816
04578559	04180314
04578708	03738472
04579795	04049098
04579986	03716327
04580298	03252064
04580493	03528263
04581595	02913152
04581829	03106110
04584207	03476083
04585456	03309808
04586761	03996655
04586932	03800933
04587648	03391770
04588365	03848729
04590553	04151581
04590746	03736970
04591713	02876657
04592099	03438257
04592741	02688443
04593629	02851099
04593866	03093792
04594218	03664943
04594489	03088707
04595285	03225777
04595285	03563200
04595762	03819595
04595855	03033362
04596630	04424218
04596852	03051540
04597066	03446070
04598582	04586932
04598965	04426788
04599235	03309808
04599396	04007894
04600486	04603729
04601041	03592245
04601690	02743547
04602044	08578706
04603081	04602044
04603729	04379243
04603872	02728440
04604806	03430551
04605726	03122748
04606358	03892891
04606574	03489162
04608567	03563967
04608923	03257586
04609811	04494204
04610503	03285912
04610879	08569998
04611154	08673395
04611654	03748886
04612722	04007894
04612840	04295081
04613015	03309808
04613158	03091374
04613696	03259505
04616059	00024264
04618070	04617562
04618781	04618070
04620216	04616059
04620558	04620216
04621010	04621963
04621314	04621010
04621738	04652930
04621963	04656748
04622772	04622415
04623113	04616059
04623612	04623113
04624959	04623612
04625284	04624959
04625515	04625284
04626280	04616059
04626705	04626280
04627000	04626280
04627506	04626280
04627809	04627506
04627936	04627506
04628080	04627506
04628192	04626280
04628850	04626280
04629194	04616059
04629604	04629194
04629958	04629604
04630547	04629604
04630689	00024264
04631067	04630689
04631298	00024264
04631700	04635104
04632157	04631700
04632963	04632157
04633453	04633197
04634161	04632157
04634540	04632157
04635104	04616059
04635482	04635104
04635953	04635631
04636250	04635631
04636397	04635631
04637108	04635631
04637444	04645943
04637923	04623612
04638175	04637923
04638585	04637923
04639113	04623612
04639371	04639113
04639732	04639371
04640176	04623612
04640927	04623612
04641153	04640927
04641447	04623612
04642258	04641447
04642980	04642258
04643397	04643221
04643662	04643221
04644512	04623612
04645599	04623612
04645943	04645599
04646548	04616059
04646990	04646548
04647478	04646548
04647826	04646548
04648059	04647478
04648207	04616059
04648749	04648207
04649051	04648749
04649261	04648207
04649651	04649261
04650201	04649261
04650527	04616059
04651382	04650527
04651784	04616059
04651974	04651784
04652635	04623113
04652930	04652635
04653627	04652930
04654337	04623612
04655168	04654652
04656448	04654652
04656598	04654652
04656748	04623612
04656996	04656748
04657407	04656748
04657876	04623612
04659090	05200169
04659287	04659090
04660080	05207130
04660261	04660080
04660536	04616059
04660981	04660536
04661151	04660536
04661389	04661151
04661706	04616059
04661926	04661706
04662951	04616059
04663494	04662951
04664413	04891184
04665543	04662951
04665813	04664964
04666416	04665813
04666615	04616059
04666837	04666615
04668139	04667406
04668713	04668139
04668819	04616059
04669247	04668819
04670022	04669247
04670531	04616059
04670746	04670531
04671394	04670746
04671841	04670746
04672355	04663494
04673965	04723816
04674715	04673965
04675314	04673965
04676308	04673965
04677514	04673965
04677716	04673965
04677952	04673965
04678401	04677952
04678908	04677952
04679549	04673965
04679738	04679549
04680027	04679738
04680285	03178782
04680465	04683136
04680893	04680465
04681230	04682462
04681797	04682018
04682018	04680285
04682184	04682462
04682319	04682462
04682462	04680285
04683002	04682462
04683136	04680285
04683453	04673965
04683600	04683453
04683814	04673965
04684358	04683814
04685195	04683814
04686003	04683814
04686388	04686003
04687333	04686003
04688246	04723816
04688842	04688246
04689198	04688246
04689450	04688246
04689660	04688246
04690196	04673965
04691178	04673965
04692157	04673965
04692638	04692157
04693384	04692157
04693900	04692157
04694090	04692157
04694441	04692157
04694809	04694441
04694980	04694441
04695102	04694441
04695176	04673965
04695963	04695176
04696432	04692157
04696432	14228148
04697267	04673965
04698112	04673965
04698656	04929422
04701039	04700642
04701460	04723816
04702127	04701460
04702688	04701460
04703235	04702688
04703424	04723816
04703698	04703424
04704116	04703698
04704346	04703424
04704675	04704346
04705324	05064037
04705671	05064037
04706087	05017458
04706290	04706087
04706882	04706290
04706882	04780958
04707409	04706290
04708113	04723816
04708543	04708113
04709253	04723816
04710127	04709253
04710390	04710127
04711031	04709253
04711435	04709253
04711665	04711435
04712735	04731497
04713118	04712735
04713332	04712735
04713428	04712735
04713692	04713428
04714156	04713118
04714440	04731497
04715487	04723816
04715947	04715487
04716210	04715947
04717139	04716864
04718563	04715487
04721058	04723816
04721650	04721058
04722715	04721058
04723816	00024264
04726938	04723816
04727214	04723816
04728068	05093890
04728376	04728068
04728786	04723816
04729328	04728786
04729710	04729328
04729984	04729328
04730580	04728068
04731497	04723816
04732543	04731497
04733204	04934546
04733347	04733204
04734885	04733640
04735233	04733640
04735929	04733640
04736757	04735929
04737020	04735929
04737234	04735929
04737430	04735929
04737934	04723816
04738641	04737934
04739630	04737934
04739932	04737934
04740173	04739932
04740864	04737934
04741311	04733640
04741807	04737934
04742084	04741807
04742535	04723816
04743024	04742535
04743605	04742535
04744645	04743605
04744814	04743605
04745370	04743605
04745932	04745370
04746842	04744814
04747445	04744814
04748836	04723816
04749709	04748836
04749991	04749709
04750164	04748836
04750547	04750164
04750764	04750164
04751305	04751098
04753455	04723816
04753799	04753455
04754237	04756025
04754440	04754237
04754862	04753455
04755218	04754862
04756887	04723816
04757522	04756887
04757864	04756887
04758452	04756887
04758776	04758452
04759849	04760771
04760024	04760771
04760771	04723816
04761212	04760771
04761517	04723816
04761815	04761517
04763293	04616059
04763650	04763293
04763925	04763293
04764242	04763925
04764412	04723816
04764741	04764412
04765355	04764412
04766275	04723816
04766620	04766275
04766852	04766275
04767347	04723816
04767805	04767347
04768028	04767805
04768483	04767347
04768657	04768483
04769049	04767347
04769456	04767347
04770211	04723816
04770911	04770211
04771332	04770211
04771890	04770211
04773351	04723816
04773596	04773351
04773899	04773351
04774511	04773899
04777098	04776699
04777421	04773899
04777634	04777098
04777852	04776699
04778630	04723816
04779649	04723816
04779895	04778630
04780755	04779649
04780958	04779649
04781755	04780958
04781967	04780755
04782116	04779649
04782466	04782116
04782878	04723816
04783247	04782878
04783567	04782878
04783724	04782878
04783888	04783724
04784142	04723816
04784664	04723816
04785669	04723816
04785908	04723816
04787324	04785908
04787530	04723816
04788494	04787530
04790449	04723816
04790774	04790449
04791740	04790449
04792127	04723816
04792357	04792127
04792679	04792127
04793016	04792679
04793355	04723816
04795545	04794751
04796086	04795545
04796490	04723816
04797482	04797295
04797824	04797482
04799344	04723816
04799881	04723816
04800359	04723816
04801532	04801313
04801763	04801532
04801877	04801313
04802198	04723816
04802403	04723816
04802629	04802403
04802776	04802629
04802907	04723816
04803430	04802907
04805136	04670022
04806169	04670022
04806316	04671394
04806512	04671394
04806804	05142180
04807776	05144079
04807971	04807776
04809237	04809784
04809784	04723816
04810035	04809784
04810865	04723816
04811995	04728786
04812268	04723816
04813712	04812268
04814025	04813712
04814238	04812268
04814872	04814238
04815321	04723816
04815624	04815321
04817280	04815321
04817923	04815321
04818284	04815321
04818700	04818284
04819026	04723816
04820258	04819026
04820908	04820258
04821084	04820258
04821277	04819026
04821451	04820258
04821615	04820258
04821802	04820258
04822032	04820258
04822223	04723816
04823866	04822223
04825114	04823866
04825383	04825114
04825383	04876053
04826771	04826235
04826999	04826771
04827175	04826999
04827652	04850589
04828255	04827652
04828925	04723816
04829282	04828925
04829550	04829282
04830102	04723816
04830343	04830102
04830689	04845475
04831031	04830102
04831727	04840011
04832716	04832518
04833458	04616059
04833687	04833458
04834073	04833687
04834228	04833687
04834605	04833458
04835028	04616059
04835260	04887129
04835488	04834605
04835724	04616059
04836074	04835724
04836268	04835724
04836491	04836268
04836683	04835724
04837232	04835724
04837425	04837232
04837931	04837232
04838210	04837232
04838510	04838210
04838727	04838510
04839154	04850117
04839676	04854389
04840011	04849241
04840537	04849241
04840981	04849241
04841358	04840011
04841810	04841358
04842313	04852088
04842515	04842313
04842993	05200169
04844024	05207130
04844625	04844024
04844891	04844625
04845312	04844024
04845475	04842313
04845967	04845312
04846533	04852088
04846770	04723816
04848262	04847991
04849241	04846770
04849759	04846770
04849972	04849759
04850117	04826235
04850589	04723816
04852088	04850589
04852750	04852088
04853948	04874672
04854389	04827652
04855138	04723816
04857083	04620558
04857490	04857083
04857738	04857083
04858455	04857083
04858785	04858455
04859177	04858785
04859449	04858785
04860065	04620558
04860586	04860065
04861486	04616059
04862005	04861486
04862236	04862005
04862747	04862005
04863074	04861486
04863358	04863074
04863497	04863074
04863793	04861486
04863969	04861486
04864200	04861486
04864515	04864200
04865114	04864200
04865722	04865502
04866465	04616059
04867130	04872236
04868505	04868148
04869569	04871374
04870340	04868748
04870643	04870340
04871002	04868748
04871374	04826235
04871720	04871374
04872236	04871374
04872531	04871720
04872826	04723816
04872958	04872826
04873550	04827652
04873939	04827652
04874409	04873550
04874672	04827652
04876053	04874672
04876374	04874672
04876985	04723816
04877421	04876985
04877530	04876985
04878101	04877530
04878861	04723816
04879092	04878861
04879340	04878861
04879658	04879340
04880573	04723816
04880830	04880573
04881623	04616059
04881829	04881623
04882622	04881829
04883614	04847733
04883614	04882968
04884450	04616059
04884627	04884450
04886402	04886101
04886881	07508486
04887129	04616059
04887497	04887129
04887912	00758175
04888268	04887912
04888788	04887912
04889337	04889162
04889527	04616059
04890112	04616059
04890865	04890112
04891010	04890112
04891184	04891010
04891333	04616059
04891683	04891333
04892084	04616059
04892344	04892084
04892544	04892084
04892794	04847733
04893358	04892794
04893525	04893358
04893787	04893358
04894552	04894037
04894964	04894552
04895246	04616059
04895773	04616059
04897762	04616059
04898087	04897762
04898208	04897762
04898334	04897762
04898437	04897762
04898804	04898437
04899031	04898437
04899201	04898437
04900739	04898437
04900947	04900739
04901326	04897762
04902165	04901326
04902470	04901326
04902925	04901326
04903368	04902925
04903678	04903368
04903813	04623612
04904162	04903813
04904352	04903813
04904560	04904352
04904664	04623612
04904851	04904664
04904996	04904664
04905188	04616059
04905842	04905188
04906026	04905188
04906471	04906273
04906712	04906471
04906923	04906712
04907575	04907269
04907991	04907269
04908396	04907269
04909018	04908396
04910135	04897762
04910377	04910135
04910684	04910377
04910973	04910135
04911420	04910135
04912732	04910135
04912982	04912732
04913568	04912732
04913839	04912732
04914133	04912732
04914292	04910135
04914694	04914292
04915462	04914292
04915687	04914292
04915866	04914292
04916200	04915866
04916342	00024264
04917439	04916342
04918210	04731497
04918767	04918210
04919209	04731497
04921011	00024264
04921754	04921011
04922113	04921754
04922787	04922338
04923743	04922787
04924103	04916342
04925348	04924103
04926427	04924103
04927445	04924103
04928008	04927445
04928416	04924103
04928903	04916342
04929422	04928903
04930139	04928903
04930307	04928903
04930632	04928903
04931267	04928903
04931428	04928903
04931965	04933544
04932278	04931965
04932561	04932278
04932875	04932278
04933544	04916342
04933852	04933544
04934043	04933544
04934220	04933544
04934546	04916342
04935003	04934546
04935528	04935239
04936403	04934546
04936846	04934546
04937043	04936846
04937848	04934546
04938228	04934546
04939324	04934546
04940146	04934546
04941124	04934546
04941942	04941124
04942869	04916342
04944048	04942869
04945057	04944048
04945254	04945057
04945530	04945057
04946078	04945530
04946553	04916342
04946877	04946553
04947186	04946877
04947628	04947186
04948241	04946877
04948722	04948241
04949066	04948241
04950126	04916342
04950537	04950126
04950713	04950537
04951186	04950537
04951716	04951373
04952120	04951373
04952242	04951373
04952944	04952242
04953186	04952242
04953380	04633453
04953380	04679738
04953954	04952242
04954534	04953954
04954683	04953954
04955160	04947186
04955160	04953954
04955633	04950126
04956110	04955633
04956594	04950126
04957176	04956594
04959061	04958634
04959230	04956594
04959567	04959230
04959672	04956594
04960079	04956594
04960277	04960079
04960582	04960277
04960729	04960079
04961136	04960729
04961691	04960079
04962062	04961691
04962395	04961691
04962784	04959672
04963740	04962784
04964287	04962784
04965179	04959672
04965661	04959672
04967191	04959672
04968257	04967191
04968426	04967191
04968895	04959672
04969242	04968895
04969798	04968895
04970059	04959672
04970916	04959672
04971928	04959672
04972451	04971928
04972801	04971928
04973386	04971928
04973669	04973386
04973957	04971928
04974340	04959672
04974681	04973957
04974968	04950126
04975122	04974968
04975340	04974968
04975988	04956594
04976952	04956594
04977247	04976952
04977561	04976952
04978561	04956594
04978792	04975988
04979425	04974968
04980008	04916342
04980463	04980008
04980656	04980008
04980920	04980656
04981044	04980008
04981139	04983122
04982207	04983122
04982478	04982207
04983122	04916342
04983402	04983122
04983848	04983402
04984514	04983122
04986883	04985198
04987620	04983122
04988258	04987620
04988478	04987620
04989362	04987620
04989657	04987620
04990021	04987620
04990220	04983122
04990877	04983122
04991511	04983122
04992163	04916342
04992431	04980008
04992431	04992163
04992570	04992163
04992834	04992570
04993108	04992570
04993413	04916342
04993882	04992163
04994413	04992163
04995531	04995211
04995940	04995531
04996355	04992163
04996571	04996355
04997032	04996823
04997472	04916342
04997988	04916342
04998530	04997988
04998966	04998530
04999401	04997988
04999741	04999401
05000116	04999401
05000342	04999401
05000537	05000342
05000913	05000342
05001089	05000913
05001482	04997988
05001867	05001482
05002352	04997988
05002822	04997988
05003090	05002822
05003273	05002822
05003423	05002822
05003590	05003423
05004294	05002822
05005250	04997988
05005447	05005250
05005809	05005447
05006020	05005447
05006285	05005250
05006898	05005250
05007280	05849789
05008227	05006898
05008746	05006898
05008943	05006898
05009170	04916342
05010062	05009170
05010627	05009170
05010801	05010627
05011277	05009170
05011568	05011277
05011790	13575869
05014099	05011790
05015117	04522421
05015117	05011790
05015463	05015117
05015678	05015117
05016171	05011790
05016753	05016171
05017230	05009170
05017458	05017230
05018542	05018103
05018674	05018103
05018785	05018103
05018934	05017230
05019661	05009170
05020358	05009170
05020981	05020358
05021151	05020358
05021535	05020358
05021884	05009170
05022457	05021884
05022709	05022457
05023233	05009170
05023741	05023233
05024254	05009170
05024254	13575869
05025935	05024254
05026508	05025935
05026843	05009170
05027837	05027529
05028159	05027529
05028700	05026843
05029706	04916342
05030418	05029706
05030806	05029706
05032193	04847733
05032193	04857083
05032351	05032193
05032565	05029706
05034048	05196582
05034225	05190804
05034989	05190804
05035264	05203649
05035353	05036394
05036394	05093890
05036715	05036394
05037813	05036394
05038251	05037813
05038593	04916342
05039709	05039106
05040275	04916342
05042283	05040275
05042871	05040275
05043973	05042871
05044387	05043973
05044528	04916342
05044673	05044528
05044822	05044673
05045208	05044822
05045381	05044822
05046009	05044673
05046471	05046009
05046659	05046009
05047059	05046009
05047279	05046659
05048123	05046009
05048301	05048123
05050115	05046009
05050379	05050115
05051249	05044528
05051896	05051249
05052387	05051249
05052587	05052387
05053215	05051249
05053688	05053215
05054130	05053688
05054863	05051249
05055278	05054863
05055503	05055278
05056490	15278281
05058140	05058580
05058580	05044528
05059132	05058580
05059525	05059132
05059830	05059132
05060052	05059132
05060189	05058140
05060783	07296428
05061345	07296428
05061977	05058580
05062370	05061977
05062748	04916342
05062993	05062748
05064037	05062748
05064541	05064037
05064722	05064037
05064827	05062748
05065386	05064827
05065717	05062748
05067007	05065717
05068080	05074774
05068461	05074774
05068716	05068461
05068918	05068716
05069199	05068461
05070032	05064037
05070290	05064037
05070453	05070290
05070849	05064037
05071027	05064037
05071368	05071027
05071556	05071368
05072663	05064037
05072911	05064037
05073131	05072911
05073559	05072911
05074057	05064037
05074218	05064037
05074374	05072663
05074774	00031921
05075602	05074774
05077146	05075602
05079638	05074774
05079866	04997988
05081300	05079866
05081434	05079866
05081957	05079866
05082790	05082507
05083200	05075602
05083328	05075602
05084201	05083328
05085572	05084201
05086740	05084201
05087297	05083328
05088056	05087297
05089367	04941453
05090441	04916342
05091316	05090441
05091770	00033615
05092635	05091770
05093581	05090441
05093890	04916342
05094725	05093890
05095111	05094725
05095691	04916342
05097845	05093890
05099796	05090441
05100269	05099796
05101815	05129201
05102101	05129201
05103283	05101815
05103946	05098942
05105009	05104548
05105265	05103946
05106633	05098942
05106928	05106633
05107765	05090441
05108740	05107765
05108947	05107765
05109808	05107765
05110185	05108947
05110408	05108947
05111835	05109808
05112609	04723816
05113133	05107765
05113462	05113133
05113929	05113462
05114262	05113462
05114371	05113133
05114781	05113462
05115040	05108740
05115568	05115040
05115804	05115040
05116590	05115804
05116953	05113133
05117660	05093890
05118251	05093890
05118437	05118251
05119367	05115040
05119714	05119367
05119837	05119367
05120116	05118437
05120310	05120116
05120683	05107765
05121418	05107765
05122099	05121418
05123416	05090441
05123760	05123416
05124057	05123416
05124928	05124057
05125377	05123416
05126066	05125377
05126228	05125377
05126362	05125377
05126611	05125377
05126849	04987620
05127640	05125377
05127782	05125377
05127959	05125377
05128096	05125377
05128219	05125377
05128370	05125377
05128519	05123416
05129201	05009170
05129201	05093581
05129201	13575869
05129565	05098942
05131283	05084201
05131647	05131283
05133535	05133287
05134547	05123416
05134880	05134547
05136343	05136150
05137165	05093581
05137557	05137165
05138208	04723816
05138488	05138208
05139561	04723816
05140793	05139561
05141222	05138488
05142180	04723816
05142641	05142180
05143690	05142180
05144079	04723816
05145118	05138488
05145891	05145118
05146471	05145891
05146739	05145118
05147237	05146739
05147586	05147381
05147940	05147381
05148699	04723816
05149325	05148699
05149695	05148699
05150129	05148699
05150588	04723816
05151088	05148699
05151869	05151088
05153155	05150588
05153520	05200169
05154676	05154517
05154908	05154676
05155123	05154676
05155821	05154517
05157574	05155821
05157866	05157574
05158619	05155821
05159225	05154517
05159948	05142180
05160574	05159948
05160796	05155821
05161150	05160796
05161967	05161614
05162217	05161967
05162455	05161614
05166560	05166072
05166805	04723816
05167237	05166805
05167412	05167237
05167618	04723816
05168261	05138488
05169813	05168261
05171045	05168261
05172596	05138488
05174653	05854150
05176188	05174653
05176477	05174653
05176607	06689297
05176846	05174653
05177285	05174653
05178715	05174653
05179180	05178715
05179567	05174653
05180881	05176188
05181199	05177285
05182563	05176846
05186306	05187446
05187446	05177285
05190106	05177285
05190804	04723816
05191486	05190804
05192451	05190804
05193338	05192451
05194043	05190804
05194151	05190804
05194578	05194151
05194874	05194151
05195362	05194578
05196375	05190804
05196582	05196375
05197701	05196582
05197797	05196582
05197945	05196582
05198036	05196582
05198132	05196582
05198321	05196582
05199286	05190804
05199869	05199286
05200169	04723816
05200816	05200169
05202497	05200169
05203649	05202497
05204004	05203649
05204637	04723816
05205340	05204637
05205537	05204637
05205739	05205340
05207130	04723816
05207570	05207130
05207963	05204637
05209324	04723816
05209822	04723816
05211044	04723816
05216365	00019128
05217168	05216365
05217688	05217168
05217859	00019128
05218119	05217859
05219297	05217168
05219420	05219297
05219561	05217168
05219724	05217168
05219923	05217168
05220126	05219561
05220126	05219923
05220306	05219561
05220306	05219724
05220461	09385911
05222591	05220461
05223370	05222591
05223550	05223370
05225090	05220461
05225602	05220461
05227209	05225602
05227572	05475681
05228020	05462674
05228264	05225602
05228496	05225602
05228732	05225602
05229198	05225602
05229468	05225602
05229622	00006484
05229805	05225602
05229990	05225602
05230171	05225602
05230357	05225602
05230603	05230357
05231592	05230603
05232691	05230603
05232972	05230603
05233100	05230603
05233741	13905121
05234737	05230603
05235607	05230603
05235879	05225602
05236029	05225602
05236152	05225602
05236322	05225602
05236848	05236322
05237227	05220461
05237755	09257949
05238036	09257949
05238282	05237755
05238282	05286536
05239808	05267548
05240211	08657249
05240850	05239808
05241072	05430628
05241827	05430628
05243704	08657249
05243879	08657249
05244239	04682462
05244934	04682462
05245192	05244934
05245626	04692157
05245775	04692157
05245906	05250659
05246215	05249636
05246511	05225602
05246796	05246511
05247057	05246511
05247178	05246796
05247369	05317191
05247621	05426243
05248181	05225602
05248553	05248181
05249232	05250659
05249420	14420954
05249636	05248181
05250659	05248181
05251537	05250659
05251789	05250659
05252016	05250659
05252970	05303402
05254197	05220461
05254393	05229468
05254795	05237755
05256085	05254795
05256862	05254795
05257593	05256862
05257737	05254795
05258299	05257737
05258889	05256862
05258985	05256862
05259240	05256862
05259512	05256862
05260533	05259240
05261088	05256862
05261566	05261404
05262185	05261404
05262422	05262185
05263732	05514410
05263850	00019613
05264081	05263850
05264247	05264081
05264545	05225602
05264756	05225602
05265417	05265139
05266239	05265139
05267345	05220461
05267548	05267345
05268965	05267548
05269901	05286536
05271383	05269901
05272110	05248181
05272545	05271814
05273684	05269901
05273822	05269901
05274105	05269901
05274247	05269901
05274590	05269901
05274808	05269901
05274959	05269901
05275315	05269901
05275651	05269901
05275905	05301392
05275905	05546040
05276860	05269901
05277532	05269901
05277728	05269901
05277941	05277728
05278152	05269901
05278395	05280512
05278714	05269901
05279026	05269901
05279407	05269901
05279688	05269901
05279953	13872211
05280365	05470189
05280512	05269901
05280831	05303402
05280998	05269901
05281189	05269901
05282000	05269901
05282433	07996689
05282746	05269901
05283498	05282746
05283816	05269901
05284132	05546040
05284333	05269901
05284617	13875185
05284851	05269901
05285275	05303402
05285623	05286536
05286536	05267548
05287090	15026716
05287882	05267548
05289057	05267548
05289297	05289601
05289601	05297523
05289861	05289297
05290756	05225602
05291010	05289861
05291728	05289861
05293597	05289861
05293773	05293597
05293944	05293597
05294606	05289861
05294819	05294606
05295381	05286536
05296253	05286536
05296775	05267548
05297523	05220461
05298729	05297523
05299178	05297523
05299927	05299178
05300231	05299178
05300507	05510702
05300926	05510702
05301072	05301392
05301392	05305614
05301526	05305614
05301752	05531161
05301908	05249636
05302307	05302499
05302499	05610008
05302899	05303402
05303020	05303232
05303232	05249636
05303402	05225602
05304603	05303402
05304932	05267548
05305136	05300231
05305614	05297523
05305806	05225090
05305806	05301392
05307091	05282746
05307773	05282746
05308310	05225602
05309050	05287882
05309392	05389762
05309591	08660339
05309725	08660339
05310351	05470189
05310790	05426243
05311054	05299178
05312306	05311054
05313115	05426243
05313679	05389762
05313822	05313679
05314255	05492259
05314639	05313679
05314919	05254795
05315095	05327134
05316025	05317191
05316175	05289297
05317191	05225602
05317354	05426243
05317960	05225602
05318263	05397468
05318407	05397468
05318606	05426243
05318606	05461816
05318831	05426243
05319936	05426243
05320362	05297523
05320764	05225602
05320899	05299178
05321307	05299178
05321664	05225602
05321917	05225602
05322103	05397468
05322247	05397468
05323228	05299178
05323889	05531161
05324553	13864153
05324888	05303402
05325378	05249636
05326624	05246511
05326900	05426243
05327134	05426243
05328115	05328867
05328232	05328115
05328867	05327767
05329215	05237227
05329533	05237227
05329735	05327767
05330244	05329735
05330659	05328867
05331171	05329735
05331404	05329735
05331653	05328867
05331812	05250659
05332225	05269901
05332569	05329735
05332802	05333259
05333777	05417975
05335310	05333777
05335971	05333777
05337055	05333777
05337301	05333777
05338166	05333777
05338410	05333777
05339357	05333777
05340599	05333777
05340795	05333777
05341206	05333777
05342070	05333777
05342214	05333777
05342499	05333777
05343408	05333777
05343542	05333777
05343718	05333777
05344514	05333777
05344848	05333777
05345581	05333777
05346714	05333777
05347146	05333777
05348884	05333777
05349445	05333777
05349659	05333777
05349906	05333777
05350061	05333777
05350679	05333777
05351058	05333777
05351746	05333777
05352291	05333777
05352433	05333777
05353819	05333777
05354580	05333777
05354744	05341206
05355527	05333777
05355890	05333777
05359828	05418717
05361391	05418717
05363676	05418717
05364184	05418717
05365633	05475134
05366043	05418717
05367341	05418717
05367735	05418717
05367912	05418717
05368100	05418717
05368278	05225602
05370410	05418717
05370918	05418717
05371663	05418717
05372125	05418717
05372290	05418717
05372428	05418717
05372593	05418717
05373790	05418717
05373924	05418717
05374980	05418717
05376844	05418717
05377665	05418717
05378234	05418717
05379734	05418717
05380697	05418717
05380822	05418717
05382135	05418717
05382729	05418717
05382855	05418717
05383467	05418717
05383598	05418717
05384817	05418717
05385161	05512139
05385363	05221895
05385534	05298729
05386845	05250659
05387167	05328867
05387395	05250659
05387544	05528060
05387842	05225602
05388115	05605944
05388805	05298729
05389762	05267548
05392348	05516848
05392562	05516848
05392744	05303402
05393023	05392744
05393230	05393023
05394277	05395098
05395098	05395286
05395286	05225602
05395548	05395286
05395690	05298729
05396366	05511286
05397178	05225602
05397468	05263850
05398023	05397468
05398609	05397468
05399034	05397468
05399034	07570720
05399486	05303402
05399627	05397468
05399847	05397468
05400601	05399847
05402091	07961016
05403149	05397468
05403427	05398023
05403849	05397468
05404074	05397468
05404336	05397468
05404728	05397468
05405554	05225602
05405751	05404728
05405946	05398609
05406128	05405946
05406570	05405946
05406958	05397468
05407890	04522421
05407890	14807737
05407890	14807929
05408113	05407119
05408388	04522421
05408388	05407119
05408388	14807558
05408388	14807929
05408684	05407119
05410315	05407119
05410646	05407119
05411049	05410646
05411571	05407119
05412242	05407119
05412649	05407119
05414147	04522421
05414147	05407119
05416198	05404728
05416678	05416198
05417472	05397468
05417698	05417472
05418717	05417975
05421414	05237227
05421723	05418717
05422668	05418717
05423779	05418717
05424963	05474738
05426087	05418717
05426243	05267548
05426989	05426243
05427946	05303402
05428136	05303402
05428473	05605944
05430095	05287882
05430628	00006484
05431926	00006484
05432736	00019613
05432948	05432736
05433496	05225602
05434557	05517578
05434784	05432736
05434927	05445668
05435277	05445668
05435477	05225602
05436080	05263850
05436752	08459252
05437785	05436752
05440207	14830364
05441468	05436752
05442131	09224911
05443651	05442131
05444324	05225602
05445668	05297523
05447599	05430628
05447757	00006484
05448597	05449959
05448704	05449959
05449268	05430628
05449959	05449268
05449959	05451265
05450888	05430628
05451265	05450888
05451384	05449959
05451981	05451384
05453145	05449959
05453267	05449959
05453523	05449959
05453657	05449959
05453943	05449959
05454070	05449268
05455690	05221895
05455912	05430628
05456456	05455912
05456732	00006484
05456945	05456732
05457469	05456945
05457795	05470189
05457973	05456945
05459232	05229622
05459232	05430628
05459769	05459232
05460870	05237227
05461179	05237227
05461349	05237227
05461816	05237227
05462057	05237227
05462315	05237227
05462674	05225602
05463533	05462674
05464104	05229622
05464104	14866889
05464685	05238036
05465868	05465567
05466005	05465868
05466696	05465567
05466892	05465567
05467432	05430628
05467758	05467432
05468523	05467054
05468849	05464104
05469032	08566028
05470189	05220461
05471181	05470189
05471629	05470189
05471837	05471629
05472032	05470189
05472205	05472032
05473104	05470189
05473735	05470189
05473928	14420954
05474346	05475681
05474738	05474346
05474976	05464104
05475134	05474346
05475397	05464104
05475681	05296775
05475878	05483677
05476256	05474346
05476754	05475878
05476915	05462674
05477305	05462674
05477686	05463533
05478336	05476256
05479108	05476256
05479314	05476256
05479503	05476256
05480076	05476256
05480794	05237227
05481095	05462674
05481746	05486510
05483122	05296775
05483677	05296775
05483890	05329735
05484355	05329735
05484573	05329735
05484711	05329735
05484862	05329735
05485098	05329735
05485314	05329735
05485554	05462674
05486920	05221895
05487423	05462674
05488385	05463533
05489394	05486920
05489640	05486920
05490370	05463533
05490983	05329735
05491308	05329735
05491612	05474738
05491993	05462674
05492259	05225602
05492426	05225602
05493758	05493303
05493992	05493303
05494130	05493303
05494365	05493303
05494617	05486920
05494933	05493303
05495172	05462674
05495571	05497363
05495981	05462674
05496990	05462674
05497741	05497363
05498048	05497363
05498773	05462674
05499172	05462674
05499379	05462674
05499828	05462674
05500312	05463533
05500465	05463533
05500594	05462674
05500992	05462674
05501185	05462674
05501485	08434259
05501711	05501485
05502090	05501711
05502556	05303402
05503401	05250659
05503705	05264756
05503705	05462674
05504107	05397468
05504532	05462674
05505131	05462315
05508943	13872211
05509146	05237227
05509452	05237227
05509889	05237227
05510358	05510173
05510506	05510173
05510702	05237227
05511286	05237227
05511618	05511286
05512139	05515670
05512337	05512139
05512670	05249636
05512835	05250659
05513020	05250659
05513302	05297523
05513529	05509146
05513807	05509146
05514081	05513302
05514410	05514081
05515287	05514717
05515287	05524430
05516366	05515670
05516848	05515670
05517406	05516848
05517578	05515670
05517837	05517578
05518870	05247057
05518870	05514717
05519085	05514717
05519820	05327134
05520479	05250659
05520479	05310790
05520699	05397178
05521111	05250659
05521514	05514410
05521934	05327134
05522283	05268965
05523269	05297523
05523420	05523269
05524243	05246796
05524430	05329735
05524615	05524430
05524615	05525252
05525100	05524615
05525252	05513302
05525391	05524615
05525628	05250659
05525807	05236322
05526175	05250659
05526384	05523269
05526713	05526384
05526957	05238282
05527085	05238282
05527216	05250659
05527848	05264756
05528060	05298729
05528604	05303402
05528854	05303402
05529012	05303402
05529159	05303402
05529286	05287882
05529729	05305614
05529729	05531161
05530092	05288091
05530429	05492259
05530657	05530429
05530871	05530429
05531161	05225602
05531379	05250659
05531666	05250659
05531814	05531379
05532225	05250659
05532641	05532225
05532795	05328867
05532944	05328867
05533948	05461816
05534174	05248181
05534333	05298729
05534712	05534333
05535095	05249636
05535484	05534333
05535869	05535484
05537576	05470189
05538016	05249636
05538215	05538016
05538625	05225090
05539012	08663354
05539138	05538625
05539454	05539138
05539595	08663354
05540121	05269901
05540407	05269901
05540513	05269901
05541231	05276860
05541509	13894434
05541645	05276860
05541872	05276860
05542052	13894434
05542193	05470189
05542539	05470189
05542686	05470189
05542893	05595083
05543177	05595083
05543541	05545212
05543917	05542893
05544078	05542893
05544264	05542893
05544432	05542893
05544575	05542893
05544725	05542893
05544906	05542893
05545047	05542893
05545212	05249636
05545439	09379111
05546040	05269901
05546383	05470189
05546540	05225090
05547396	08629508
05548840	05220461
05549061	05595531
05549576	05303402
05549830	05220461
05550688	05550330
05551318	05221895
05551711	05289861
05551939	05551711
05552106	05551711
05552607	05220461
05553049	05303402
05553288	05225090
05553486	05553288
05554051	05250659
05554653	05513302
05554804	05221895
05555473	05221895
05555688	05221895
05555917	05268965
05556071	05555917
05556204	05268965
05556325	05220461
05556595	08620061
05556943	05220461
05557339	05289861
05557839	05557339
05558078	05557339
05558345	05303402
05558555	05221895
05558717	05220461
05559256	05220461
05559727	05220461
05559908	05225090
05560244	05559908
05561834	05560787
05562249	05560244
05563266	05563034
05563770	05560244
05564323	05560244
05564590	05566919
05565192	05564590
05565696	05221895
05565937	05221895
05566097	05559908
05566366	05566097
05566504	05566097
05566504	05566919
05566919	05225090
05567217	05566504
05568767	05474346
05569053	05474346
05570129	05289861
05570839	05289297
05571713	05570839
05572940	05570839
05573099	05570839
05573895	05594037
05574151	05470189
05574332	05289861
05575002	05289861
05576194	05225602
05576950	05576573
05577190	05221895
05577410	05566097
05577410	05566919
05577741	05577410
05578095	05585665
05578251	05543177
05578442	05578251
05578740	05296253
05578911	05585665
05579239	05289861
05579944	05580416
05580416	05543177
05580662	05568767
05580929	05581349
05581349	05225602
05581514	05225602
05581693	05581514
05582305	05263850
05582859	05267548
05584928	05578251
05585383	05237227
05585665	05225602
05586446	05585383
05586759	05237755
05586759	05585383
05587034	05585665
05587288	05585665
05588174	05585665
05588551	05284333
05590366	05289861
05590740	05289861
05591256	05289861
05592126	05225602
05593017	05275651
05593476	05593017
05593654	05470189
05593871	05585665
05594037	05275651
05594367	05594037
05594822	05585665
05595083	05220461
05596004	05595531
05596651	05578911
05597188	05543177
05597594	05220461
05598147	05300231
05598707	05598147
05598868	05598147
05599203	05225602
05599617	05601758
05600030	05275905
05600431	05249636
05601198	05225090
05601357	05600637
05601662	05601357
05601758	05220461
05602132	05289861
05602548	05601758
05602835	05601758
05603160	05601758
05603342	05470189
05603650	05470189
05603650	14234074
05604535	05263850
05604950	05225602
05605192	05463533
05605944	05426243
05606528	05606633
05606633	05426243
05607001	05225602
05607126	05225602
05607402	05492259
05608868	05225602
05609884	13872421
05610008	05249636
05611062	05225602
05611302	00023271
05611684	05611302
05611822	00023271
05612067	00023271
05612809	05612067
05613170	05611302
05613274	05611302
05613478	05611302
05613625	09184136
05614175	05617107
05614476	05614175
05615028	05614657
05615147	05614657
05615258	05614657
05615373	05614175
05615500	05614175
05616092	05614175
05616246	00023271
05616786	05616246
05617107	05616786
05617606	05616246
05618056	05617606
05618849	05617606
05621178	05621439
05621439	05617606
05621808	05621439
05622456	05616246
05623181	05622456
05623628	05623181
05623818	05623628
05624254	05624042
05624700	05616246
05625465	05624700
05625879	05625465
05626618	05625879
05627785	05625879
05629381	05625879
05629682	05625879
05630277	05629682
05630409	05629682
05631449	05625879
05632272	05625465
05632446	05625465
05633385	05624700
05633672	05624700
05633860	05633672
05634219	05633385
05634613	05616246
05635188	05638987
05635448	05638987
05635841	05638987
05636048	05638987
05636171	05638987
05636402	05638987
05637558	05616246
05638063	05637558
05638374	05637558
05638486	05637558
05638606	05637558
05638778	05637558
05639431	05637558
05639556	05637558
05639651	05637558
05639832	05637558
05640184	05637558
05640339	05637558
05640433	00024720
05641959	05640433
05642175	05640433
05642553	05642175
05642815	05642175
05643190	05640433
05644922	00023271
05645199	05644922
05645597	05644922
05646218	05645597
05646535	05646218
05646828	05646218
05646926	05646218
05648247	05644922
05648459	05648247
05648756	05648459
05650329	05616246
05650579	05650329
05650820	05650329
05651242	00023271
05651399	05650329
05651680	05650329
05652396	05651971
05652593	05650329
05652926	05651971
05653575	05652926
05653848	05652926
05654052	05652926
05654362	05652396
05654362	05653848
05654783	05654362
05654873	05652396
05655119	05653848
05655119	05654873
05655567	05654362
05656042	05654362
05656294	05654362
05656537	05654362
05657166	05654362
05657718	05652396
05657718	05653848
05658106	05657718
05658226	05652396
05658226	05653848
05658603	05652396
05658603	05653848
05658826	05658603
05658985	05659621
05659365	05659621
05659621	05654052
05659856	05654052
05660268	05616786
05660937	05660268
05661996	05660268
05662532	05661996
05662876	05661996
05663671	05661996
05664069	05661996
05664640	05661996
05665146	05660268
05666700	05665146
05666700	05890249
05667196	00023271
05667404	05667196
05667613	05667196
05667951	05667613
05668095	05667613
05669181	05667404
05669934	14373582
05670710	05682950
05670972	05670710
05672391	05669934
05673209	05672391
05673908	05679611
05674584	05669934
05675130	05669934
05675905	05804793
05676605	05675905
05677340	05675905
05677504	05675905
05677952	05675130
05678474	14034177
05678745	05678474
05678932	05669934
05679611	05678932
05681117	14024882
05682570	05669934
05682950	05682570
05683197	05682570
05683390	05683197
05683582	05669934
05684003	05683582
05684440	05683582
05684561	05683582
05685030	05683582
05685363	05683582
05685538	05685363
05685879	05685363
05686481	00023271
05686955	05686481
05687338	05686955
05688486	05686955
05689109	05686955
05689249	05686955
05689645	05689249
05689909	05689249
05690091	05689249
05690269	05689249
05690684	05689249
05691376	05690269
05692758	05692419
05692910	05692419
05693919	05692910
05694232	05693919
05694791	05692910
05695232	05694791
05695554	00023271
05695806	05695554
05696020	05695806
05696425	05695554
05697135	05669934
05697363	05697135
05697976	05697135
05698247	05669934
05698620	05698247
05698791	05698247
05698982	05698247
05699172	05698247
05699434	05699172
05699600	05698247
05700087	05669934
05700401	05836921
05700625	05700087
05701363	00023271
05701738	00023271
05701944	05701363
05702275	05701944
05702726	05702275
05703429	05702275
05703956	05703429
05704096	05702726
05704266	05650579
05704694	05704266
05705075	05704694
05705184	05704266
05705355	05704266
05705722	05650579
05706228	05701944
05706629	05706228
05707146	05706954
05707269	05706954
05707495	05701944
05708432	05701944
05708818	05708432
05710020	00023271
05710210	05710020
05710573	05703429
05710860	05708432
05712076	05708432
05712426	05712076
05712892	05712426
05713101	05712892
05713347	05712076
05713524	05712076
05713737	05712076
05714161	05713737
05714466	05713737
05714745	05714466
05714894	05713737
05715150	05714894
05715283	05712076
05715864	05715283
05716342	05715864
05716462	05715864
05716744	05715283
05717115	05715283
05717342	05715283
05717549	05715283
05717747	05715283
05718254	05712076
05718556	05718254
05718935	05718254
05720248	05718254
05720602	05712076
05721500	05721180
05721990	05659856
05722208	05654873
05722208	05659856
05722427	05708432
05722868	05721180
05723210	05722427
05723417	05723210
05723563	05723210
05724694	05721180
05725269	05724694
05725527	05725378
05726345	00023271
05726596	05726345
05727220	05726596
05728024	05726596
05728678	05726596
05729036	05726596
05729875	05726596
05730365	05731779
05731568	05731779
05731779	05728678
05732756	05701944
05733090	05727220
05734381	05734018
05734559	05732756
05734909	05732756
05735478	05734559
05736002	05732756
05736149	05733583
05736593	05736149
05736736	05736149
05738625	05733583
05739043	00791527
05740300	00791527
05740929	05739043
05743296	05739043
05745098	05739043
05748054	05701944
05748786	05748285
05749402	05748054
05749619	05748054
05750027	05749619
05750163	05749619
05750657	05750163
05751173	05750657
05751794	05749619
05752544	05701944
05752921	05752544
05753564	05752544
05753954	05752544
05754197	05753954
05754519	05753954
05755156	05752544
05755883	05752544
05756203	05752544
05756414	05756203
05757049	05753564
05758059	05984287
05760202	05701944
05760877	05760202
05761380	05760202
05761559	05760202
05761918	05651399
05762258	05761559
05762998	05760202
05763412	05762998
05763916	05760202
05764197	05763916
05764365	05926676
05765159	05701944
05765415	05765159
05765901	05765159
05766247	05793000
05766984	05765159
05767733	05765159
05768252	05767733
05768415	05767733
05768553	05767733
05768806	05625465
05769314	05767733
05769471	05768806
05769726	05768806
05769833	05767733
05769930	05767733
05770664	05701363
05770926	05770664
05771532	05770926
05771836	05770926
05772044	05771836
05772215	05771836
05772356	05770926
05772667	05772356
05773049	05772356
05773407	05770926
05773548	05770926
05773776	05773049
05773923	05772356
05774129	05772356
05774415	05764197
05774614	05772356
05775081	05772356
05775407	05775081
05776015	05775081
05776212	05775407
05776679	05776212
05777298	05776212
05777439	05776212
05777830	05776212
05779116	05774129
05779371	05773923
05779712	05773923
05780104	05779371
05780718	05774614
05780885	05774614
05781145	05774614
05781347	05774614
05781800	05772667
05782140	05772667
05782884	05781800
05783041	05782884
05783357	05782884
05783940	05772356
05784242	05785508
05784560	05770926
05784699	05770926
05784831	05770926
05785067	05784831
05785311	05784831
05785508	05784831
05785885	05785508
05786184	05785508
05786372	05785067
05786655	05785508
05787005	05786655
05788029	05785508
05788149	05770664
05789432	05788149
05789808	05788149
05790012	05789808
05790242	05788149
05790572	05788149
05790944	05788149
05792010	05790944
05792842	05770926
05793000	05770926
05793210	05793000
05793554	05892096
05793907	05793554
05794694	05770926
05795044	05794694
05795957	05794694
05796423	05794694
05796750	05770926
05796937	05770926
05797177	05770926
05797597	05796750
05798043	05797597
05798569	05924920
05799212	05798043
05799581	05799212
05799761	05799212
05799952	05799212
05800611	05797597
05800998	05797597
05801594	05797597
05802185	05796750
05802547	05802185
05802730	05802185
05802912	05802185
05803212	05802912
05803379	05802185
05803938	05803379
05804136	05803379
05804274	05803379
05804491	05803379
05804793	05770664
05805277	05804793
05805475	05804793
05805902	05805475
05806623	05805475
05806855	05805475
05807540	05805475
05808102	05807306
05808218	05807306
05809192	00023271
05810948	05809192
05811214	05809192
05811884	05810948
05812038	05810948
05813229	05810948
05813626	05984584
05814291	05809192
05814650	05809192
05815517	05814291
05816287	00023271
05816622	05816287
05816790	05816622
05817145	05816287
05817396	05816287
05817845	05817396
05818741	05817396
05820170	05817845
05820462	05817845
05820620	05816287
05821486	05820620
05821775	05820620
05822612	05821775
05822746	05816287
05823054	05822746
05823932	05816287
05824739	05823932
05825245	05824739
05825942	05825245
05826291	05824739
05826469	05823932
05826914	05823932
05827253	05827684
05827684	05816287
05828102	05827684
05828263	05827684
05828552	05827684
05829342	05827684
05829480	05827684
05829782	05829342
05830527	05830059
05831784	05830059
05831939	05830059
05832264	05829480
05832745	05832264
05833252	05832745
05833371	05832745
05833840	05809192
05834567	05833840
05834758	05834567
05835162	05834758
05836275	05835747
05836921	05833840
05837370	05728678
05837957	05945642
05838176	05837957
05838765	05835747
05839024	05838765
05840188	05839024
05840650	05840188
05841029	05839024
05841151	05839024
05841351	05841151
05841985	05841351
05842387	05841351
05843236	05842387
05843687	05841351
05844282	05839024
05844663	05839024
05845140	05839024
05845888	05839024
05846054	05835747
05846932	01023820
05847438	05846932
05847956	05846932
05849040	05835747
05849284	05849040
05849789	05849040
05850624	05849789
05853449	05850624
05853636	05850823
05854150	05835747
05854812	05854150
05855517	00033615
05856066	05855125
05856388	05856066
05857459	05855125
05860200	05859991
05861067	05855125
05861317	06812417
05861855	13783816
05862721	05861855
05864177	05857459
05864577	05857459
05865454	05868954
05865652	05868954
05865998	05868954
05866199	05865998
05866653	05865998
05866822	05866653
05867413	05835747
05868477	05867413
05868954	05867413
05869584	05835747
05869857	05869584
05870180	05869584
05870916	05835747
05871362	05872477
05871792	05872477
05872477	05870916
05872742	05871362
05872982	05835747
05874232	05872982
05876469	05872982
05876912	05872982
05878229	05872982
05878440	05874232
05879441	05872982
05881867	05872982
05882793	05872982
05884433	05872982
05885622	05872982
05886266	05885622
05888929	05835747
05890249	05888929
05890963	05890249
05891232	05890249
05891572	05898568
05891783	05888929
05892096	05888929
05892427	01129920
05893356	05892096
05893916	05893653
05894143	05893916
05895138	05893916
05895723	05893653
05896059	05893653
05896733	05893653
05897553	05939636
05897825	05897553
05898035	05897553
05898171	05897553
05898568	05833840
05899087	05661996
05902327	05898568
05904135	05903229
05904313	05904135
05905152	05902545
05905348	05902545
05905802	05905348
05906554	05905802
05907682	05905348
05908520	05907682
05908882	05907682
05909384	05905348
05909585	05898568
05910453	05898568
05910940	05898568
05911255	05898568
05911560	05911255
05912012	05911255
05912243	05911255
05912552	05898568
05912552	06650701
05913275	05833840
05913538	05913275
05915356	05913538
05915584	05913538
05915811	05913538
05916306	05916155
05916739	05833840
05917174	05916739
05917477	05916739
05919034	05916739
05919866	05833840
05920791	05919866
05921123	05809192
05921685	05921123
05921868	05921123
05922014	05921123
05922175	05921123
05922305	05921123
05922949	05919866
05923696	05833840
05923983	05923696
05924519	05923696
05924920	05923696
05925366	05923696
05926236	05809192
05926358	05926236
05926676	05809192
05927586	05926676
05927813	05926676
05928118	05926676
05928513	05926676
05929008	00548802
05929363	05929008
05929887	05929008
05930136	05926676
05930736	05726345
05931152	05930736
05932477	05930136
05933246	05932477
05933834	05933246
05934029	05933246
05934123	05933246
05934278	05933246
05934396	05933246
05934550	05933246
05934673	05933246
05934780	05933246
05936381	05928118
05937112	05926676
05937524	05937112
05938795	05925366
05938976	05937112
05939432	05926676
05939636	05939432
05940414	05926676
05940869	05926676
05941037	05926676
05941210	05941037
05941423	05809192
05943066	05941423
05943300	05941423
05944958	05941423
05945508	05941423
05945642	05941423
05946687	04847991
05946687	05941423
05948857	05946687
05950234	06201908
05950733	05944958
05951323	05944958
05951566	05944958
05951969	05941423
05952490	05941423
05952979	05941423
05953416	05952979
05953614	05661996
05954100	05953614
05954366	05943300
05955323	05923983
05956651	05955323
05957238	05956651
05957428	05956651
05958208	05943300
05958549	05943300
05958712	05943300
05959578	05943300
05959954	05943300
05960121	05943300
05960464	05943300
05960698	05943300
05961278	05943300
05961429	05943300
05961867	05943300
05962043	05943300
05962414	05943300
05962602	05943300
05962936	05943300
05963494	05943300
05963744	05943300
05964098	05943300
05964445	05943300
05964643	05943300
05965195	05943300
05965586	05943300
05965749	05943300
05965933	05943300
05966129	06186301
05966958	05943300
05967097	05943300
05967402	05943300
05967588	05943300
05967773	05943300
05967977	05952490
05968710	05943300
05968835	05943300
05968971	06167328
05969194	06167328
05970012	06167328
05970311	06167328
05970755	06167328
05971086	06167328
05971394	05971086
05971621	06167328
05972585	06167328
05973198	06167328
05974564	06167328
05974798	06167328
05976257	06167328
05977340	06167328
05978159	05967977
05978472	05952490
05978623	05978159
05978812	05967977
05979454	05978812
05979909	05809192
05980256	05979909
05980412	05809192
05980875	05809192
05981230	05980875
05981768	05980875
05982152	05980875
05982915	05982152
05983654	05982152
05984287	05809192
05984584	05809192
05984936	05809192
05985381	05809192
05985602	05985381
05985999	05984287
05986395	05984287
05986948	05901508
05987522	05901508
05987650	05901508
05987835	05986395
05988097	05987835
05988282	05809192
05989479	05793000
05990089	05993844
05992274	05874232
05992624	05992274
05993367	05970311
05993844	05989479
05994935	05989479
05996646	05999266
05997361	05996646
05997659	05996646
05998052	05996646
05998225	05996646
05998356	05996646
05998526	05996646
05998724	05996646
05999266	05809192
05999540	05999266
05999797	05996646
06000400	05999797
06000644	05999797
06003682	06000644
06004067	06003682
06004685	06003682
06005692	06753550
06006777	06004685
06008382	06004685
06008609	08593262
06008896	06008609
06012513	06003682
06012726	06003682
06013298	06012726
06013584	06012726
06013741	06003682
06014043	06013741
06014435	06013741
06014730	05802185
06015053	06014730
06015505	05802185
06016276	07999699
06018022	06000644
06018465	06018022
06020737	05660268
06021247	06020737
06021499	05816622
06021761	06021499
06022727	06021499
06023022	06021499
06023969	06021761
06024230	06023969
06026088	13867641
06026276	07951464
06026635	05729036
06027051	06026635
06027264	06020737
06028021	06021247
06031248	06018465
06032246	06023022
06034301	06022727
06034611	06022727
06037666	06037298
06043075	06045562
06045562	06037298
06046692	06043075
06047275	06043075
06047430	06043075
06048184	06047430
06048552	06047430
06048851	06047430
06049250	06047430
06049500	06043075
06050024	06043075
06050650	06043075
06050901	06043075
06051134	06043075
06051542	06043075
06052864	06043075
06053439	06043075
06054700	06043075
06054892	06043075
06055300	06043075
06055946	06043075
06056923	06055946
06057539	06078327
06060845	06045562
06061631	06043075
06062076	06043075
06062407	06045562
06063588	06045562
06064106	06045562
06064462	06054892
06065819	05999797
06066072	05999797
06066555	06037666
06070503	06037666
06071426	06037666
06071934	06037666
06072275	06083243
06072476	06072275
06073494	06083243
06073888	06115476
06074372	06066555
06074372	06078724
06074860	06078724
06075527	06037666
06077648	06037666
06078088	06037666
06078327	06037666
06078724	06037666
06078724	06073888
06078978	06045562
06079620	06088995
06081602	06081833
06083243	06037666
06084469	06000400
06088995	06084469
06089447	06084469
06090869	06000400
06095022	06090869
06096913	06090869
06097775	06095022
06098195	06097775
06099269	06090869
06100236	06090869
06100555	06090869
06100778	06090869
06101551	06090869
06102476	05989479
06102865	05989479
06103270	05993844
06104073	05872477
06105314	06104073
06106502	05993844
06106820	06106502
06107083	06106502
06109227	05993844
06113009	06100236
06113415	06113009
06113914	06113009
06114578	06090869
06115701	06115476
06117562	06115701
06117855	06117562
06118370	06117855
06118563	06115476
06121113	06115701
06121554	06115701
06123363	05996646
06123363	06156968
06124395	05999797
06125041	05996646
06125698	05999797
06126523	06125041
06126761	06078088
06128024	06125041
06128307	06128024
06133203	06128570
06136105	05996646
06136258	05999797
06138582	06136258
06139285	06136258
06139491	06139285
06139764	06139285
06141324	05993844
06142412	06142118
06142598	06142118
06143154	05999797
06143546	06143154
06144081	06143546
06147522	06143546
06147873	06147522
06149192	05945642
06149484	06143154
06150222	05993844
06150449	06149484
06150633	06149484
06150933	06149484
06152821	05999797
06153186	06152821
06153846	05996646
06154464	04929422
06154724	04929422
06154724	06153846
06155075	04929422
06155567	06153846
06156346	06153846
06157326	06153846
06158185	06153846
06158346	06153846
06159473	06158346
06160244	05773049
06161048	06158346
06161223	06158346
06161718	06158346
06162653	06158346
06162979	05726596
06163751	06158346
06164665	05664069
06165823	06164665
06166748	06158346
06167328	05943300
06168855	06172789
06169050	06172789
06169285	06153846
06170498	06169285
06171040	06153846
06171388	06153846
06172071	06153846
06172294	06153846
06172502	05999797
06174404	06181584
06176107	05726345
06176322	06174404
06177033	06094774
06177450	06181584
06177729	05726345
06178042	06174404
06178812	06171040
06179792	06172789
06181584	06172789
06182144	05996646
06183899	05661996
06184270	06183899
06185581	05943300
06185748	06185581
06185955	05943300
06186301	05943300
06189551	06186301
06192789	06073888
06193203	00023271
06193727	06193203
06195698	06193203
06195839	06193203
06196071	06193203
06196284	06193203
06196584	06193203
06197664	06196584
06199142	06196584
06199702	06196584
06200010	06196584
06200178	06196584
06200344	06200178
06200741	06196584
06201042	06200741
06201136	06196584
06201908	06201136
06202686	06196584
06203758	06201908
06204406	06193203
06205154	06193203
06205411	06205154
06206800	06193203
06207029	06206800
06207199	06207029
06207561	06193203
06208021	06193203
06208751	06208021
06209242	06208751
06210363	06196284
06211078	06210363
06212422	06208021
06212650	06212422
06212839	06208021
06213688	06212839
06214379	06212839
06214744	06212839
06216160	06212839
06217103	06212839
06217944	06212839
06218308	06212839
06218459	06212839
06220616	06212839
06220819	06220616
06221790	06212839
06222959	05980412
06222959	06186301
06223669	05946687
06224136	06223669
06224439	05980412
06224657	05946687
06226057	05946687
06226934	06226057
06227263	06226057
06228549	06226057
06229853	06228549
06235829	06234825
06235977	06234825
06236309	06234825
06236602	06234825
06239931	05946687
06240244	05946687
06241825	06240244
06243096	05946687
06243347	05946687
06243575	05946687
06243963	05946687
06244149	05946687
06244852	05946687
06245084	05946687
06245816	05948264
06248043	05996646
06248214	05996646
06248361	05996646
06248530	05996646
06248863	05996646
06248968	06248043
06249177	06248043
06249910	05943300
06250061	05943300
06250444	05943300
06250597	05943300
06251781	06252138
06252138	00030358
06252743	06252138
06252954	06251781
06253140	06251781
06253371	06253140
06253518	06253140
06253690	00033020
06254007	06253690
06254239	06253690
06254475	06252138
06254669	03575240
06255354	06254475
06255777	14974264
06256229	06255777
06256697	06256229
06258031	06256697
06258228	06258031
06258361	06258031
06258680	13582013
06259898	06251781
06260121	06252138
06261260	06260121
06261744	06251781
06261922	06261744
06262567	06254669
06263369	06263609
06263609	06254669
06264398	06252138
06264812	06264398
06266296	07248801
06266417	06263609
06267145	06263369
06268096	06269396
06268567	06268096
06269130	06268096
06269674	06269396
06269674	07037465
06270879	06392001
06271778	06254669
06272290	06271778
06272803	06272290
06274092	06272803
06274921	06271778
06275095	06622709
06275353	06271778
06275634	06253690
06276697	06271778
06276902	06276697
06278136	07109019
06278662	06251781
06279326	06278662
06280816	06251781
06281295	06251781
06282651	00033020
06283912	06282651
06285090	07013736
06285559	06285090
06286395	06284225
06287620	06286395
06288024	06286395
06288527	06294441
06289250	06286395
06290637	06286395
06291318	06286395
06293229	06286395
06294441	06286395
06295235	06290637
06300193	06290637
06300632	06290637
06300823	06503724
06304059	06286395
06304671	06284225
06306233	06284225
06308765	06306233
06310237	06312966
06310945	06309383
06311334	06310945
06311852	06311334
06312966	06313457
06313457	07013736
06313651	06312966
06314144	06313651
06314808	06314144
06316048	06313651
06318062	06317672
06319293	06289250
06320569	06289250
06320801	06289250
06321054	06320801
06321702	06320801
06322693	06321702
06322693	06323612
06323612	06320801
06324475	06291318
06325370	06291318
06325826	06291318
06328643	06309383
06329313	06328643
06330528	06318062
06331803	06309383
06333653	06284225
06334512	06333653
06335532	06333653
06336537	06333653
06336537	07157273
06337307	06333653
06338278	06333653
06338908	06333653
06339416	06338908
06340047	06339416
06340707	06339416
06340838	06339416
06341127	06339416
06341609	06339416
06343117	06338908
06343520	06333653
06343971	07012534
06344461	06343971
06345131	06343971
06345566	06344461
06346681	06346461
06347225	06536389
06347588	06536389
06347811	06536389
06348500	06347996
06349030	07012534
06349220	00033020
06349597	06349220
06350127	06403393
06350274	06403393
06350592	06350274
06351202	06359877
06351613	06351202
06352782	06351613
06352782	06361770
06353445	06351202
06355307	06353934
06355459	06353934
06355705	06353934
06356299	05856388
06356299	06356515
06356515	06355894
06356755	06355894
06359193	03082979
06359877	06349220
06361770	06351613
06362260	06362441
06362441	06351202
06362953	06349220
06364149	06362953
06364641	06362953
06365467	06362953
06366581	07066659
06367107	06364329
06367373	06364329
06367879	06367107
06369829	06367107
06371267	06369829
06371413	06369829
06372095	06369829
06372680	06369829
06373747	15244650
06373991	06398401
06374587	06362953
06375008	06374587
06376154	07092158
06376572	07092158
06377133	06364329
06377275	06364329
06377442	06364329
06378298	06377442
06379094	07035870
06379568	06377442
06379721	06377442
06380726	06377442
06380879	06377442
06381372	06377442
06381869	06377442
06382590	06379721
06383659	06380726
06384708	07012534
06386156	06379721
06387980	06365467
06389230	05128519
06389553	05128519
06389753	06389553
06390512	06387980
06390805	06365467
06391766	06387980
06392001	06362953
06392001	07020895
06392935	06392001
06394564	06392935
06394865	06392001
06396930	06392001
06397307	06392001
06397903	06396930
06398401	06392001
06398760	06398401
06398963	06398401
06399631	06365467
06399995	06362953
06400271	06392001
06400510	06400271
06401328	06400271
06402031	06362953
06402565	06359877
06403393	06359877
06403969	06403393
06404147	06403393
06405198	06404582
06405699	06362953
06406317	06253690
06407221	06407094
06407733	06407221
06408651	06362953
06408779	06362953
06409562	06362953
06410391	06374587
06410776	06410391
06410904	06589574
06412771	06410904
06413889	06410904
06414372	06410904
06414727	06414372
06415061	06414372
06416206	06410904
06416946	06410904
06417096	06416946
06417279	06416946
06417598	06410904
06418693	06417598
06418901	06418693
06420219	06418901
06420781	06418693
06421301	06417598
06421685	06421301
06422740	06421301
06423619	06417598
06423754	06423619
06424275	06885083
06425065	06885389
06426468	06417598
06427086	06417598
06427387	06417598
06427831	06362953
06428216	06427831
06428792	06427831
06428976	06428792
06429145	06428792
06429316	06429145
06429590	06362953
06430385	06429590
06431740	06429590
06435394	06429590
06442616	06394865
06448283	06431740
06449735	06544142
06453723	06429590
06453849	06544142
06455138	06429590
06455497	06429590
06455990	06429590
06457952	06429590
06461077	06429590
06461830	06392001
06462219	06429590
06463347	06364641
06464419	06429590
06466479	06429590
06467007	06722453
06467445	07217924
06468123	06467007
06468818	06468951
06468951	06467007
06469694	06467007
06469874	06467007
06470073	06362953
06471345	06470073
06471737	06470073
06472242	06470073
06473168	05177285
06473168	06470073
06473381	06470073
06473563	06470073
06477209	06471737
06477371	06885389
06478582	06471345
06478734	06478582
06478988	06471345
06479665	06470073
06480506	06479665
06481156	06479665
06481320	06637824
06482401	13809207
06483454	06482401
06485261	06481320
06486161	06495000
06486405	00722479
06486874	06481320
06487897	06481320
06488880	06481320
06489190	06481320
06489659	06481320
06489659	08266235
06489968	06481320
06489968	06628861
06490887	06481320
06491786	06481320
06492939	06486874
06493392	06481320
06493721	06493392
06494816	06481320
06495000	06481320
06495328	06481320
06496624	06495000
06497459	06488880
06497872	06497459
06497872	06825863
06498569	06497459
06498569	06825736
06499244	06497459
06500262	06488880
06500937	06479665
06501311	06470073
06501748	06479665
06501918	06479665
06502378	06647206
06502858	06502378
06503224	06502378
06503724	06502378
06503884	06502378
06504462	06502378
06505517	06502378
06506603	06598915
06506757	06598915
06507041	06502378
06507941	06636524
06508112	06502378
06508816	06647206
06509210	06508816
06510977	06509210
06511560	06470073
06511874	06470073
06512580	06513366
06513366	06598915
06513764	06513366
06513953	06513764
06514621	06514093
06515489	06514093
06515662	06514093
06515827	06514093
06516087	06515827
06516242	06515827
06516595	06472025
06516955	06516595
06518068	06472025
06518253	06518068
06518719	06472025
06520222	06628861
06520944	06771653
06522501	06520944
06523132	06520944
06524935	06770275
06525588	06770275
06526004	06479665
06526291	06520944
06527851	06770275
06528783	06472025
06528992	06528783
06529219	06472025
06529879	06529219
06530789	06479665
06531481	06479665
06531657	06479665
06531908	06479665
06532095	06479665
06532330	06479665
06533039	06532330
06533648	06532330
06534659	06667792
06535222	08453464
06535980	07151380
06536227	06502378
06536389	06502378
06539178	06667792
06539502	06552984
06539770	06532095
06540284	06539770
06540527	06539770
06540702	06539770
06541167	06539770
06541381	06539770
06542267	06539770
06542830	06542047
06543246	06542830
06543389	06542830
06543536	06542830
06543781	06479665
06544142	06479665
06544841	06479665
06545137	06479665
06545528	06479665
06545960	06545137
06546408	06479665
06546633	06479665
06547059	06552984
06548498	06547059
06548671	06479665
06549661	06479665
06550206	06549661
06550552	06549661
06551339	06549661
06551627	06479665
06551784	06479665
06552116	06551784
06552320	06551784
06552470	06551784
06552639	06547059
06552814	06479665
06552984	06479665
06554981	06552984
06556481	06479665
06556692	06552984
06557047	06552984
06558088	06539502
06558088	06542047
06558277	06556692
06558678	06556692
06559365	06722453
06560254	06559365
06561138	06560254
06561942	06559365
06562802	06559365
06562993	06559365
06563950	07149836
06564387	06532095
06566077	06355894
06566805	06566077
06566949	06566077
06567400	06566077
06567531	06566077
06567689	06566077
06567865	06566077
06567960	06566077
06568134	06566077
06568978	06566077
06570110	06568978
06571301	06570110
06573020	06568978
06573600	06568978
06574473	06581410
06574841	06570110
06575227	06568978
06575681	06575227
06576265	06568978
06577369	06568978
06577585	06568978
06578323	06568978
06578654	06568978
06581410	06568978
06582403	06566077
06582761	06584891
06583178	06582403
06583790	06582403
06584376	06582403
06584536	06582403
06584702	06582403
06586471	06584891
06587596	06566077
06587790	06566077
06587980	06566077
06588139	06566077
06588326	06566077
06588511	06637824
06588785	06566077
06589151	06588785
06589574	04599396
06590210	06589574
06590885	06590210
06591442	06589574
06591609	06591442
06593099	06591442
06593296	06589574
06593803	06593296
06595351	06263369
06595351	06589574
06596179	06595351
06596364	06595351
06598030	06349220
06598746	05808794
06598915	00033020
06599655	06598915
06599788	06598915
06600684	06598915
06601327	06598915
06601973	06601327
06602148	06601327
06602324	06601327
06602472	06601327
06602935	06601327
06603494	06601327
06604066	06601327
06604319	07151380
06605046	07151380
06605396	07151380
06605897	06601327
06606191	06601327
06606464	06601327
06606808	06601327
06607339	06598915
06607809	06607339
06608035	06607339
06608143	06607339
06608277	06607339
06608405	06607339
06608617	06607339
06608728	06607339
06608977	06607339
06609403	06607339
06609672	06607339
06609785	06607339
06609909	06607339
06610143	06608728
06610332	06608728
06610436	06608728
06610992	06608728
06611147	06607339
06611376	06611681
06611856	06612266
06611998	06612266
06612266	06598915
06612649	06400510
06613056	06400510
06613686	04007894
06613686	06619065
06614628	06613686
06615026	06613686
06615216	06613686
06615458	06613686
06615561	06619065
06615818	06613686
06615927	06613686
06616216	06613686
06616314	06613686
06616806	06613686
06617011	06613686
06617165	06613686
06617413	06613686
06617644	06613686
06617752	06613686
06617866	06613686
06618822	06613686
06618937	06613686
06619065	07288639
06619850	06619428
06620579	06619428
06620906	06620579
06621447	06619428
06621771	06619428
06622709	06253690
06623614	06349220
06624161	06387980
06625329	06624161
06627938	06627006
06628861	06598915
06629392	06628861
06629610	06629392
06629858	06629392
06630017	06628861
06630627	06630017
06631140	06630017
06631322	06630017
06631921	06628861
06632097	06628861
06632511	06630017
06633041	06630017
06633363	06628861
06633692	06628861
06633896	07160883
06634095	06598915
06634239	06628861
06634239	06634095
06634376	06598915
06634960	06634376
06635944	06634376
06636259	06634376
06636524	06636259
06636806	06634376
06637149	06636806
06637350	06636806
06637677	06634376
06637824	06634376
06637973	06588511
06638868	06588511
06639674	06636259
06641181	06639674
06641924	06639674
06642138	06634376
06644105	06424275
06644393	06424275
06644393	06798750
06645039	06798750
06646628	06797169
06647206	06643408
06648207	06643408
06648724	06643408
06649567	06648724
06649915	06643408
06650070	06634376
06650431	06650070
06650701	06598915
06651577	06650701
06652242	06786629
06652878	06652242
06653160	06652878
06653363	06652242
06655388	06652242
06656408	05773049
06656741	06656408
06657202	06656741
06660942	06656408
06661562	06660942
06663617	05661996
06663940	06652242
06664051	06652242
06665108	06652242
06665370	06665108
06666829	06652878
06667317	06349220
06667792	06667317
06669384	06667317
06669864	06732169
06671484	07162194
06671637	06671484
06672297	06671484
06672752	06672297
06672953	06634376
06673770	06672953
06674188	06672953
06674188	06885389
06674542	06634376
06674947	06416206
06675122	06470073
06676416	06634376
06676709	06676416
06677302	06359877
06677974	06677302
06678302	06349220
06679457	06677302
06679726	06679457
06680002	06679457
06680570	06677302
06681177	06634376
06681551	06681177
06681976	06681551
06682290	06681551
06683183	06681551
06684383	06598915
06684572	06684383
06684798	06684383
06685198	06252954
06685456	07227772
06686736	06598915
06687178	06686736
06687358	06686736
06687701	06687358
06687883	06687358
06688059	06687358
06688274	06686736
06688522	06688274
06688751	06688274
06688913	06688274
06689125	06686736
06689297	06686736
06690226	06549661
06690408	06689297
06691083	06689297
06691442	06686736
06691684	06686736
06691989	06686736
06692572	06686736
06693198	06686736
06693744	06410391
06693870	06693198
06694149	06693198
06694359	06693198
06694540	06693198
06694796	06694540
06695227	06693198
06695579	06695227
06695862	06695579
06696025	06695579
06696483	06806469
06696991	06696483
06697331	06696483
06697703	06697331
06698252	06697331
06699225	06698252
06700030	06697331
06700169	06700030
06700325	06700169
06700447	06697331
06702458	06697331
06704740	06697331
06705079	06697331
06705891	06696483
06705984	06696483
06706125	06696483
06706317	06696483
06706504	06696483
06706676	06696483
06707178	06706676
06707382	06706676
06707555	06706676
06707709	06706676
06707846	06706676
06708007	06706676
06708167	06706676
06708304	06706676
06708475	06706676
06708664	06706676
06708866	06706676
06708970	06706676
06709112	06706676
06709245	06706676
06709349	06706676
06709692	06709533
06709998	06709692
06710546	06709533
06711159	06710546
06711855	06710546
06712325	06713930
06712833	06711855
06713187	06711855
06713377	06711855
06713512	06711855
06713930	06711855
06714288	06711855
06714420	06711855
06714697	06765044
06714976	06598915
06715223	06714976
06715638	06714976
06715786	06714976
06715927	06714976
06716234	06715638
06716483	06715927
06716796	06715638
06717170	06714976
06718434	06717170
06718543	06717170
06718862	06718543
06719404	06717170
06719579	06717170
06719974	06719579
06720216	06719579
06720371	06719579
06720600	06719579
06720600	07160883
06720784	06719579
06720964	06719579
06721342	06715223
06721461	06715223
06721604	06715223
06721949	07199922
06722186	06598915
06722453	06598915
06723635	06722453
06724066	06722453
06724763	06722453
06725067	06724763
06725877	06722453
06726158	06722453
06726761	06539770
06726939	06726158
06727224	06725877
06727616	06725877
06727758	06722453
06729499	06725877
06729864	06729499
06730563	06729499
06730780	06729499
06731186	06730563
06731378	06729499
06731510	06731378
06732013	06722453
06732350	06729499
06732581	06732350
06732710	06729499
06732925	06732350
06733227	06725877
06733939	06634376
06734467	06733939
06736405	06734467
06736529	06479665
06737112	06722453
06737394	06737112
06738162	06722453
06738281	06722453
06740183	06738281
06740402	06740183
06740644	06740183
06740919	06740644
06741099	06740644
06741305	06740644
06741728	06741305
06742173	06738281
06742426	07170753
06742932	06742772
06743230	06742932
06743362	06738281
06743506	06722453
06744000	06738281
06744154	06738281
06744396	06738281
06746005	06722453
06746580	06722453
06747670	06746580
06748969	06722453
06749729	06748969
06749881	06748969
06750154	06748969
06750804	06722453
06751974	06312966
06753299	06750804
06753550	06750804
06753800	06753299
06754415	06753800
06754816	06751974
06754972	06751974
06755568	06753800
06756680	06756407
06756831	06756407
06757057	06756831
06757289	06757057
06757891	06756407
06758835	06758225
06759063	06722453
06759349	06758225
06759776	06759349
06759974	06759776
06760076	06759349
06760722	06758225
06761099	06758225
06761603	06761099
06761798	06761099
06762380	06722453
06762711	06722453
06763681	06763273
06764244	06763273
06764751	06763681
06764867	06763681
06765044	06722453
06765656	06551784
06765887	06551784
06766190	06765044
06767035	06765044
06767693	06765044
06767777	06765044
06767922	06765044
06768259	06767922
06768735	06722453
06768901	06722453
06769032	06768901
06769238	06768901
06769392	06768735
06769670	06769392
06770275	06722453
06771653	06479665
06771653	06770275
06773150	06771653
06773434	06771653
06773976	06773434
06774316	06773434
06775812	07069948
06776138	06598915
06776679	06776138
06776783	06776138
06776986	06776138
06777164	06776138
06777687	06776138
06777794	06777687
06778102	06776138
06779096	06778102
06779310	06778102
06779914	06778102
06780069	06776138
06780678	06776138
06781383	06780882
06781581	06780882
06781878	06776138
06782019	06598915
06782680	06782019
06783155	06782680
06783598	06722453
06783768	06599788
06784003	06783768
06784639	06784003
06785223	06784003
06786629	06598915
06787037	06786629
06787150	06786629
06787835	06304059
06789411	05943300
06789801	06789411
06790042	06789411
06790235	06789411
06790557	06789411
06790845	06789411
06791017	06789411
06791195	06789411
06791372	00033020
06792645	06791372
06792950	06791372
06793231	00033020
06793426	06793231
06793817	06793426
06793959	06793426
06794666	06806469
06795290	03853734
06795290	06794666
06795746	06806469
06796506	06791372
06796642	06796506
06797169	00033020
06798336	06797169
06798558	06797169
06798750	06797169
06799260	06798750
06799897	06798750
06802571	06797169
06803157	06791372
06803636	06791372
06804483	06804199
06804728	06804199
06804847	06804199
06804988	06791372
06805128	06791372
06805297	07213395
06805497	06804199
06805497	06805128
06805665	06791372
06805826	06805665
06805962	06805665
06806469	06791372
06807198	06806469
06808493	06359877
06808720	06808493
06809074	06808720
06809421	06809074
06812417	06808720
06812631	06812417
06814236	06808720
06814870	06808493
06816106	07037465
06816935	06722453
06817623	06806469
06817782	06817623
06818121	06817782
06818747	06817782
06818970	06817623
06820212	06818970
06820964	06817782
06822198	06820964
06824227	06818970
06824757	06818970
06824955	06824227
06825120	06818970
06825273	06825120
06825399	06825120
06825736	06825399
06825863	06825399
06825996	06825399
06826214	06825399
06826407	06825399
06826589	06825399
06827219	06825399
06827344	06825399
06827503	06826214
06827679	06825399
06827947	06825399
06828389	06818970
06828818	06818970
06833544	06828818
06833663	06828818
06833776	06828818
06833890	06828818
06836714	06828818
06836822	06828818
06836929	06828818
06837037	06828818
06837146	06828818
06837251	06828818
06837357	06828818
06837465	06828818
06837572	06828818
06837679	06828818
06837787	06828818
06837895	06828818
06838005	06828818
06838112	06828818
06838219	06828818
06838329	06828818
06838437	06828818
06838652	06828818
06838760	06828818
06838868	06828818
06838975	06828818
06839083	06828818
06839858	06818970
06840187	06818970
06840648	06818970
06841365	06817782
06843520	06841365
06843838	06843520
06844199	06841365
06844903	06841365
06845599	06333653
06851742	07270179
06855035	07270179
06855207	06806469
06856568	06814870
06856884	07028373
06857122	07028373
06857591	07028373
06857726	06865345
06858779	06814870
06860177	06865345
06860826	06861630
06862202	05128519
06862562	06814870
06863751	06814870
06865345	06814870
06867675	06814870
06868043	06304671
06869951	06865345
06871384	06865345
06872122	07110615
06873252	00033020
06873571	06791372
06874391	06874185
06874930	06873571
06875697	06282651
06876144	06876309
06876309	06873252
06877078	06876309
06877381	06877078
06877578	06877078
06877742	06877578
06878071	06877078
06878580	06878071
06878934	06877078
06879056	06877078
06879521	06879180
06880249	06879180
06880533	06879180
06880664	05765415
06882333	06880664
06882333	13880811
06882561	06880664
06883073	06882561
06883725	06880664
06884670	06883073
06884790	06883073
06885083	06643408
06885389	06885083
06887726	00033020
06888345	06887726
06888674	07248801
06889330	06887726
06889591	06889330
06890254	07274027
06890846	06887726
06891022	06887726
06891493	06619065
06892016	06891493
06892358	06892016
06892775	06891493
06893285	06891493
06893885	06891493
06894544	06282651
06898352	06894544
06900282	06898352
06900684	06898352
06903255	06566077
06904171	06282651
06904943	06904171
06906439	06904171
06906971	06906439
06907567	06906439
06907728	06906439
06908159	06906971
06908801	06920129
06909672	06920129
06913313	06906439
06913635	06906439
06913768	06906439
06915313	06918396
06916803	06906439
06917083	06906439
06917392	06906439
06917602	06906439
06917764	06906439
06917926	06906439
06918042	06904171
06918396	06906439
06919215	06906439
06919433	06907728
06919712	06907728
06920129	06906439
06920497	06906439
06920756	06906439
06922045	06920756
06923880	06906439
06926212	06955931
06926458	06926212
06926889	06926458
06927363	06926458
06927486	06926458
06927736	06926458
06928047	06926458
06928430	06926212
06928839	06926212
06929279	06926212
06930633	06929742
06931199	06930934
06931891	06931199
06933022	06931199
06934389	06934132
06936149	06934389
06936620	06904171
06936948	06936620
06937531	06904171
06937768	06937531
06937985	06937768
06938493	06937985
06939198	06938887
06940290	06937531
06940701	06937531
06941341	06904171
06941644	06904171
06942252	06941644
06943558	06941644
06943771	06943558
06944156	06943771
06944348	06943771
06944480	06943771
06944911	06943771
06945679	06943558
06946497	06941644
06946823	06946497
06947032	06946823
06947479	06947032
06947658	06947479
06948761	06947032
06949591	06947032
06950209	06947032
06950528	06946823
06952572	06946823
06953731	06946497
06954048	06953731
06954303	06953731
06954925	06953731
06955087	06953731
06955931	06904171
06956129	06955931
06956287	06956129
06956544	06956287
06956896	06956544
06957140	06956544
06957524	06956544
06958615	06956287
06959261	06956129
06959427	06959261
06959584	06956129
06959932	06959584
06960298	06941644
06960566	06960298
06960778	06960566
06961399	06960298
06961557	06961399
06961853	06941644
06962600	06961853
06963951	06962600
06964247	06963951
06964901	06963951
06966310	06963951
06966454	06963951
06966825	06963951
06967529	06963951
06967710	06963951
06970103	06969129
06970645	06969129
06971872	06941644
06972090	06971872
06973610	06971872
06974127	06973610
06975132	06973610
06975594	06941644
06976392	06941644
06976680	06976392
06977434	06976392
06978180	06904171
06979014	06904171
06979249	06979014
06980465	06979014
06981498	06979014
06982221	06979014
06983521	06986276
06984953	06986276
06985892	06986276
06986276	06986558
06986558	06904171
06986894	06986558
06987124	06989146
06988057	06986894
06988307	06986894
06988684	06988307
06989146	06986894
06989869	06986558
06990544	06986558
06990836	06986558
06991117	06986558
06991277	06904171
06991764	06991277
06991980	06991764
06994329	06991980
06995222	06991980
06996309	06991764
06997697	06904171
06998748	06873252
06999233	06998748
06999436	06999233
06999802	06873252
07000195	06873252
07001065	07000195
07002992	06634376
07003119	06998748
07003352	06780678
07003672	07000195
07004057	07000195
07006119	06252138
07006712	07006119
07006951	06891022
07007171	07006951
07007684	06362953
07007945	07007684
07008680	06269396
07009421	06396930
07009538	07007945
07009640	07007684
07009946	07007684
07010541	07009946
07011209	07010821
07011387	07010821
07011529	07010821
07012534	06387980
07013400	06260121
07013549	08459252
07013736	06282651
07013736	07013549
07014029	06880249
07014320	06880249
07014752	07014320
07014854	07014320
07015510	06376154
07018931	06619065
07019172	06613686
07020239	06619065
07020538	02743547
07020895	07109019
07024929	07020895
07025604	07071942
07025900	07071942
07026352	07025900
07026646	07026352
07027458	07027180
07028373	07020895
07028797	07028373
07028964	07028373
07029088	07028373
07029247	07028373
07029682	07029247
07029819	07029247
07030012	07029247
07031752	07030718
07032026	07031752
07032292	07030718
07032753	00084371
07033007	07071942
07033245	07033007
07033433	07033245
07035420	07033007
07035420	07048000
07035870	07035420
07036862	07035870
07037465	07020895
07038400	07037465
07039056	07037465
07039238	06392001
07039478	06398401
07039770	07037465
07039770	07044917
07039949	07037465
07039949	07044917
07040148	07044917
07040939	07037465
07041451	07037465
07041688	07037465
07041795	07037465
07041902	07037465
07042023	07037465
07042137	07037465
07042586	07037465
07042735	07050619
07042862	07037465
07043824	07037465
07044088	07025900
07044917	07037465
07045353	07044917
07046339	07037465
07046543	07037465
07046737	07037465
07047011	07037465
07047373	07037465
07047505	07037465
07047679	07037465
07047804	07037465
07047804	07044917
07048000	07037465
07049713	07048000
07050177	07020895
07050619	07048000
07050952	07048000
07050952	07060167
07051185	07025604
07051185	07050952
07051975	06387980
07052291	06387980
07053732	07048000
07053993	07048000
07054122	07053732
07054433	07020895
07057196	07020895
07058296	07071942
07058468	07058296
07058871	07058296
07059255	07071942
07060440	07060167
07061334	07060167
07062697	07059255
07064055	07025604
07064055	07059255
07064715	07059255
07065149	07064715
07065333	07064715
07065562	07064715
07065740	07064715
07065932	07062697
07066459	07059255
07069948	07066659
07070429	07066659
07071017	07066659
07071483	07066659
07071942	07020895
07071942	07066659
07072698	07066659
07073208	07139873
07073447	07069948
07075172	07069948
07080778	07081739
07080868	00407535
07081043	07081739
07081739	07069948
07082573	07071483
07083246	07071483
07083441	06282651
07083732	07071483
07083958	07071483
07084166	07083732
07084560	07084166
07085375	07083732
07086323	05938976
07086518	15122011
07086861	07086518
07087777	07070429
07088438	07066659
07089751	07066659
07090108	07089751
07090573	07090108
07090721	07089751
07091587	06290637
07092158	07066659
07092356	07092158
07092592	07092158
07093489	00929718
07093603	07092356
07093759	06408779
07093895	07093603
07094093	07093895
07094355	07094093
07094508	07094093
07094731	07094093
07094843	07094093
07096661	07093603
07097094	07096661
07099271	07098193
07102593	07106246
07104574	07098193
07105475	07098193
07106246	07105475
07106502	07105475
07106800	07105475
07107676	07105475
07108123	07105475
07108453	07105475
07109019	00033020
07109196	07109019
07109730	07109196
07109847	07109019
07110615	00033020
07111711	07111047
07112550	07111047
07114712	06828818
07115021	07111047
07115684	07115021
07115914	07115684
07116304	01074694
07116443	00210940
07117472	07115914
07117595	07115914
07118002	07131854
07118210	07115914
07118747	07118554
07120364	07111047
07120524	07109847
07121361	07120524
07121904	07120524
07122018	07120524
07122118	07120524
07122409	07120524
07122555	07120524
07122639	07120524
07122730	07120524
07123012	07120524
07123288	07120524
07123404	07120524
07123552	07120524
07123710	07120524
07123870	07120524
07124340	07128527
07124736	07124340
07125096	07128527
07125523	07109847
07125958	07125523
07126734	07109847
07127006	07109847
07127563	07127006
07127911	07127006
07128060	07127006
07128527	07109847
07128692	07109196
07128946	07109847
07129202	07128946
07129422	07109847
07129602	07109847
07129867	07109847
07130050	07109847
07130341	07129867
07131511	07128946
07131854	07128946
07132415	07131854
07132634	07132415
07133701	07109196
07134850	07133701
07135080	07134850
07135734	07133701
07136940	07135734
07137129	07136940
07138085	06252138
07138915	07138085
07139151	07172756
07139316	07138085
07139700	06252138
07139873	06252138
07140348	07139873
07140659	07109196
07140978	07140659
07142566	07140659
07143137	07142566
07143624	07142566
07144039	07140659
07144190	07140659
07144416	07142566
07145508	07142566
07146300	07145508
07148192	07140659
07148573	07148192
07149836	07148192
07150328	07149836
07150644	07148192
07150850	07150644
07151122	07150644
07151380	07109196
07151892	07151380
07152259	07151380
07152463	06316048
07152752	07152259
07153727	07151380
07153838	07151380
07154046	06765044
07154046	07154243
07154243	06724066
07154330	07151380
07154666	07154330
07155081	07109196
07155661	07155081
07156693	07109196
07156819	07109196
07157273	07155081
07159276	07157273
07160116	07159791
07160296	07160116
07160424	07159791
07160635	07109196
07160752	07109196
07160883	00030358
07161429	07160883
07161741	07164546
07162194	06598915
07162545	07162194
07162680	07162194
07163803	06652878
07163803	06876309
07163988	07162680
07164349	07162680
07164546	06598915
07165086	07164546
07167415	07161429
07167578	06598915
07168131	07160883
07168623	07168131
07169480	07168131
07169848	07168131
07170467	07168131
07170753	06738281
07171206	07170753
07171940	07170753
07172557	06400271
07172756	07138085
07172979	07172756
07173959	07170753
07174433	07170753
07174877	07174433
07175102	07174433
07175241	07160883
07175575	07175241
07176243	07175575
07176682	07175241
07176962	07175241
07177437	07177924
07177924	06770275
07180183	07175241
07180372	07175241
07180570	07160883
07180787	07160883
07181043	07180787
07181935	07180787
07182485	07183151
07182614	07183151
07183000	07181935
07183151	07181935
07183660	07183151
07184149	07181935
07184391	07183151
07184545	07184149
07184735	07184149
07184965	07184149
07185076	07160883
07185325	07160883
07185668	07185325
07185870	07185325
07186148	06624161
07186661	07186148
07186828	07185325
07187150	07186828
07187297	07186828
07187486	07187297
07187773	07186828
07187996	07187773
07188385	07187773
07188685	07186828
07189130	07185325
07189411	07189130
07190290	07189130
07190941	07185325
07191279	06513366
07193184	07185325
07193596	07193184
07193958	07193184
07194293	07193958
07194499	07193958
07194950	07193958
07195404	07193958
07195630	07196682
07196075	07193958
07196682	06285090
07197021	06252138
07198846	07197021
07199328	07197021
07199565	07160883
07199922	07199565
07200527	07199565
07200813	07200527
07201365	07160883
07201804	06724763
07202311	07201804
07202391	07201804
07202579	07201365
07202812	07201365
07203126	07160883
07203696	06732350
07204240	06729499
07204401	07160883
07204911	07204401
07205573	07204401
07205946	07204401
07206096	07205946
07206302	07206096
07206461	07204240
07206887	06756407
07207273	07160883
07207410	07207273
07207680	07207410
07208000	07207273
07208338	07160883
07208930	07121157
07209305	07208338
07209965	07208338
07211752	07208708
07211950	07208930
07212190	07160883
07212424	07212190
07212612	07212424
07213395	07160883
07213717	07213395
07214267	07213395
07214432	07213395
07214894	07213395
07214994	07213395
07215185	07213395
07215377	07213395
07215568	07215377
07216412	07175241
07217349	07212190
07217782	07212190
07217924	07212190
07218470	06470073
07219751	07218470
07220466	07193958
07220466	07217924
07220773	07217924
07221756	06514093
07222050	07221094
07222581	07221094
07222823	07220773
07223170	07217924
07223450	07223170
07223811	07223170
07223985	07223170
07224151	07212190
07224774	07224151
07225696	07224151
07225857	07224151
07226151	07225857
07226330	07225696
07226545	06684383
07226545	07160883
07227772	06684383
07228211	07226545
07228971	06628861
07229530	07160883
07229747	07229530
07230089	07229530
07230227	07229530
07231048	07230502
07231294	07160883
07232421	07160883
07232655	07232421
07232988	07160883
07233214	07232988
07233542	07232988
07233634	07232988
07233863	07233634
07233996	07233634
07234230	06561942
07234881	07241837
07236077	07234230
07236759	07236077
07237758	07234230
07238102	07234230
07238694	07160883
07240077	07238694
07240278	06599788
07240549	07238694
07240925	07241205
07241205	07238694
07242912	07242324
07243193	07242324
07243837	07238694
07244154	07243837
07244613	07243837
07244949	07243837
07245125	06252138
07246036	07245125
07246582	07245125
07246742	06252138
07247602	06598915
07248060	07247071
07248507	07247071
07248653	07247071
07249180	07248801
07249336	07248801
07249426	07248801
07250034	07248801
07250339	07248801
07250727	07250339
07250868	07248801
07251003	07248801
07251619	06691442
07251779	06691442
07251984	06691442
07252206	06691442
07252378	06691442
07252764	06691442
07253637	06709533
07254057	07253637
07254267	07160883
07254594	07254267
07254836	07254594
07255027	07254836
07255174	07205573
07255299	07255174
07255401	07255174
07255791	00033020
07255998	07255791
07256375	07255791
07256695	07256375
07256932	07256695
07257227	07256375
07257393	07256375
07257582	06873571
07257815	06873571
07258332	07262579
07258664	06589574
07259319	07258332
07259610	07258332
07259772	05835747
07260623	13577171
07261782	07260623
07262579	06791372
07262704	06873571
07263220	06791372
07265619	06803157
07265619	06875094
07266178	07258332
07267160	06806469
07268759	06696483
07268967	06696483
07269552	06882561
07269758	06882561
07270179	06806469
07272172	07270179
07272545	07272172
07273136	07272172
07274027	06876309
07274425	01228102
07274425	06876309
07274890	01228102
07274890	06876309
07275078	07274425
07275275	07274425
07277158	06362953
07279045	08435388
07280072	07185325
07281219	07037465
07281635	07020895
07281871	07110615
07282166	07110615
07283608	00029378
07284554	07283608
07285191	07284554
07285403	07283608
07286014	07285403
07286799	07286368
07286905	07286368
07286999	07286368
07288639	00029378
07288801	00029378
07289014	07283608
07289956	07283608
07290278	07289956
07290761	07283608
07290905	07283608
07291312	07283608
07291794	07291312
07292577	07291794
07292694	07291312
07293180	07292694
07293678	07292694
07294019	07292694
07294907	07292694
07295047	11410625
07295507	07292694
07295629	07294019
07295955	07292694
07296190	07283608
07296428	07283608
07297927	07296428
07298154	07296428
07298982	07298154
07299569	07283608
07300092	07299569
07300960	07283608
07302267	07314427
07302542	07339329
07302836	07283608
07304852	07289014
07305234	07289014
07305760	07357101
07306252	07289014
07307477	07283608
07307754	07283608
07307895	07307754
07308563	07307754
07308889	07283608
07309223	07308889
07309781	07283608
07310507	07309781
07310642	07309781
07310991	07309781
07311115	07309781
07311661	07311115
07312221	07311115
07313004	07355887
07313241	07313004
07313518	07313241
07313636	07301336
07313814	07331400
07314078	07313814
07314277	07300960
07314427	07304852
07314658	07314427
07314838	07304852
07315350	07314838
07315631	07314838
07315790	07314838
07316724	07314838
07316856	07300960
07317519	07314427
07317764	07283608
07319103	07283608
07319652	07317764
07319909	07290905
07320176	07319909
07320302	07296428
07320734	07320302
07321247	07320302
07321517	07321247
07321772	07283608
07322341	07335716
07323024	07321772
07323231	07321772
07323922	07290905
07324380	07290905
07324917	07324673
07325190	07290905
07326557	07323922
07326880	07326557
07327013	07323922
07327288	07323922
07327608	07326557
07327805	07326557
07328942	07290905
07330007	07283608
07330560	07330007
07330666	07330007
07330828	07334490
07331013	07334490
07331400	07296428
07331759	07445896
07332148	07331759
07332691	07330828
07332956	07355491
07333649	07355491
07334206	07330007
07334490	07291312
07334876	07334490
07335097	07334490
07335243	07334490
07335581	07334490
07335716	07283608
07335917	07335716
07336214	07335716
07337390	07296428
07338114	07339329
07338681	07338552
07339098	07338681
07339329	07283608
07339653	07340094
07339808	07339653
07339941	07339653
07340094	07355887
07340249	07340725
07340725	07340094
07341038	07296190
07341860	07341038
07342049	07296190
07342495	07342049
07343195	07342049
07343363	07342049
07343574	07343363
07344233	07352190
07344528	07352190
07344663	07352190
07345166	07345593
07345593	07309781
07346057	07345593
07346344	07347051
07347051	07345593
07348399	07352190
07348545	07352190
07348870	07314838
07348870	07352190
07349299	07314838
07349299	07352190
07349532	07352190
07350069	07309781
07350192	07309781
07350401	07350192
07350567	07350192
07350754	07309781
07351031	07309781
07351195	07309781
07351612	07309781
07351909	07309781
07352048	07309781
07352190	07309781
07353075	07301336
07353376	07283608
07353716	07353376
07354731	07473441
07355194	07296428
07355491	07296428
07355887	07296428
07356489	07296428
07356676	07296428
07357101	07296428
07357388	07359599
07357679	07357388
07358060	07296428
07358377	07288801
07358576	07296428
07358985	07358576
07359599	07296428
07360293	07359599
07361128	07283608
07361416	07361128
07362075	07365849
07362218	07363883
07362386	07362830
07362386	07363346
07362830	07311115
07363346	07311115
07363883	07363346
07364115	07363883
07364434	07364115
07364700	07309781
07365024	07317764
07365193	07365024
07365849	07291312
07366145	07365849
07366289	07337390
07366627	07366289
07366799	07366289
07366971	07366289
07367385	07367812
07367548	07331400
07367708	07367548
07367812	07283608
07368256	07367812
07368482	07368256
07368646	07367812
07369604	07357388
07370125	07311115
07370270	07311115
07370410	07445480
07370671	07445480
07370968	07445480
07371168	07445480
07371293	07283608
07372565	07428450
07372779	07445265
07372959	07305234
07373277	07283608
07373602	07373277
07373803	07373277
07374152	07373803
07374756	07373803
07375214	07373803
07375405	07374756
07375525	07445480
07375635	07445480
07375781	07445480
07376257	07387509
07376937	07371293
07377082	07371293
07377244	07371293
07377473	07387509
07377682	07387509
07378234	07371293
07379094	07382572
07379223	07371293
07379577	07371293
07379963	07387509
07380934	07371293
07381423	07387509
07381678	07387509
07381864	07387509
07382572	07371293
07383823	07371293
07384741	07371293
07384898	07387509
07385803	07387509
07386370	07371293
07386614	07382572
07386920	07371293
07387316	07382572
07387509	07371293
07388987	07371293
07389330	07371293
07389569	07371293
07389931	07387509
07390400	07371293
07390945	07387509
07391240	07387509
07391863	07371293
07392483	07387509
07393161	07387509
07394236	07387509
07394814	07387509
07395104	07387509
07395446	07387509
07395623	07387509
07396658	07371293
07396945	07371293
07397761	07371293
07397955	07397761
07398097	07371293
07398276	07371293
07398659	07371293
07399917	07371293
07400361	07371293
07400552	07382572
07400906	07296190
07401726	07400906
07401960	07402519
07402147	07405893
07402519	07296190
07403920	07404114
07404114	07406765
07404261	07404798
07404584	11520989
07404798	07406765
07404944	07363346
07405893	07311115
07406765	07405893
07407272	07405893
07407777	07405893
07407970	07405893
07408171	07308563
07408796	07308563
07408965	07308563
07409255	07308563
07409475	07350192
07409592	07339329
07410021	07338681
07410207	07338681
07410745	07338681
07411160	07351612
07411350	07351612
07411645	07296428
07411851	07296428
07412092	07283608
07412310	07412092
07412668	07412092
07414566	07356676
07414740	07283608
07414922	07414740
07415167	07414922
07415730	07359599
07416107	07415730
07416441	07296428
07416714	07283608
07417043	07416714
07417851	07416714
07419233	07413899
07419792	07357388
07419960	07368256
07420538	07420770
07420770	07296428
07420991	07345593
07421316	07317764
07421859	07421316
07422800	07355887
07423001	07355887
07423365	07423560
07423560	07296428
07423899	07423560
07424109	07296428
07424436	07424109
07426406	07425011
07426893	07359599
07427337	07359599
07427534	07427337
07428450	00407535
07428954	11417672
07429484	07428954
07429976	07370125
07430211	07289014
07432119	07405893
07432337	07432119
07432559	07405893
07433145	07406765
07433662	07313636
07433973	07420770
07434209	07362386
07434473	00264366
07434942	07283608
07435273	07283608
07435891	07435273
07436100	07407777
07436352	07434942
07436475	07307754
07436661	07407777
07436986	07328942
07437372	07436986
07437575	07436986
07437990	07436986
07439284	07345593
07439570	07405893
07439883	07445896
07440240	07405893
07440979	07351612
07441619	07440979
07442068	07309781
07442288	07440979
07443010	07420770
07443210	07427337
07443761	07337390
07444495	07337390
07445010	07444668
07445265	07311115
07445480	07311115
07445896	07311115
07446599	07436100
07447022	07351612
07447261	07288639
07447641	07447261
07448717	07447641
07448885	07448717
07449157	07448885
07449157	08253450
07449862	07447641
07450055	07449862
07450343	07447641
07450549	07447641
07450651	07447261
07451463	07450842
07451687	07451463
07452074	07450842
07452348	07450842
07452699	07450842
07452841	07450842
07453063	07450842
07453195	07450842
07453638	07453195
07454196	07453195
07454452	07450842
07454758	07454452
07455151	07450842
07455301	07449862
07455301	07450842
07455760	07447261
07455984	07447261
07456188	07288639
07456638	07456188
07457126	07456638
07458453	07456188
07459642	07458453
07460104	07458453
07460546	07460104
07461050	00450700
07461411	07458453
07464725	07456188
07464969	07464725
07465290	07456188
07465448	07456188
07467846	07456638
07468244	07467846
07468534	07467846
07468692	07467846
07468861	07460104
07470671	07456188
07472460	00788973
07472657	07456188
07473441	07291312
07473441	07319103
07474645	07473441
07475364	07291312
07475364	07317764
07475870	07283608
07476623	07475364
07477587	07283608
07477945	07283608
07478169	07296428
07478318	07478169
07478874	07314427
07479799	07371293
07480068	00026192
07480896	00026192
07481375	07480896
07481785	07481375
07482521	00026192
07483622	00026192
07483782	07483622
07484265	00026192
07484547	07484265
07485475	07484265
07486229	07484265
07486628	07484265
07486922	07486628
07487063	07486628
07487695	00026192
07487955	07484265
07488340	07487955
07488875	07487955
07489059	07487955
07489548	07487955
07489714	07487955
07490214	07489059
07490713	00026192
07491038	07490713
07491286	07491038
07491591	07491038
07491708	07490713
07491981	07491708
07491981	07555014
07492516	07490713
07492655	07492516
07493280	07492516
07494363	00026192
07495327	07494363
07495551	07495327
07496463	07494363
07497473	00026192
07497797	07497473
07497976	07497473
07498210	07497473
07499113	07498854
07499615	07497473
07500741	07497473
07501420	07543288
07501545	00026192
07502387	07501545
07502980	07501545
07503260	07501545
07503430	07503260
07503430	07546465
07504111	07503260
07504841	07553301
07505047	14408646
07506382	07506149
07506569	00026192
07507098	07506569
07507742	07507098
07507912	07507098
07508232	07507098
07508232	07523905
07508486	00026192
07508806	07508486
07509572	00026192
07509996	07509572
07510495	07509572
07510625	07510495
07510923	00026192
07512848	07512465
07514345	07513508
07514968	00026192
07515560	07514968
07515790	07515560
07515974	07515560
07516997	07516354
07517417	07516354
07517550	07516354
07517737	07516354
07518132	07516354
07518261	07516354
07518468	07518261
07518663	07518261
07518878	07518261
07519040	07518261
07519253	07480068
07519773	07519253
07520112	07519253
07520612	07519253
07521039	07480068
07521437	07519253
07521674	07519253
07522128	07521674
07522729	07519253
07523180	07522729
07523286	07522729
07523905	07480068
07524242	07523905
07524529	07523905
07524760	07523905
07525057	07523905
07525555	07523905
07526757	00026192
07527352	07480068
07527656	07527352
07527817	07527352
07528212	07527352
07528470	07528212
07528807	07528212
07529245	07526757
07529377	07529245
07529563	07526757
07530478	07526757
07532112	07531255
07532440	00026192
07533097	07532440
07533257	07521674
07533257	07533097
07534108	07532440
07534430	07532440
07534700	07535670
07535010	07534430
07535209	07534430
07535532	07535010
07535670	07532440
07536074	07535670
07536245	07536074
07536437	07536245
07536870	07536074
07537068	07532440
07537259	07521674
07537485	07532440
07537668	07532440
07537973	07537485
07538965	07486628
07539367	07537485
07539367	07538965
07539511	07538965
07540602	07539511
07540866	07540602
07541053	00026192
07541923	00026192
07542433	07541923
07542675	07541923
07543288	07480068
07544647	00026192
07545161	07544647
07545303	07544647
07545415	07544647
07545594	07544647
07546125	07543288
07546465	07480068
07547674	07546465
07547805	07546465
07548366	07501545
07548366	07547805
07548978	07547805
07549401	07548978
07549536	07548978
07549716	07548978
07550369	07546465
07550666	07550369
07551052	00026192
07551498	07551052
07551691	07551052
07551890	07529245
07551890	07551691
07552087	07551052
07552252	07552087
07552729	07552087
07553016	07552729
07553176	07552729
07553301	00026192
07553741	07553301
07553964	07553301
07554856	07553301
07555014	00026192
07555184	07555014
07555402	07555184
07555647	07527352
07555647	07555014
07555863	15046900
07556637	00021265
07556872	07556637
07556970	07570720
07557165	07570720
07557434	07570720
07560193	07570720
07560331	07570720
07560422	07570720
07560542	07570720
07560652	00021265
07561112	07560652
07561590	07560652
07565259	07560652
07566340	00021265
07566863	07566340
07567139	07566340
07567390	07566340
07567707	07566340
07568095	07567707
07569106	07566340
07569423	07569106
07569873	07569106
07570720	00021265
07571324	00243918
07571547	07571324
07572353	00021265
07573103	07572957
07573241	07573103
07573696	07570720
07574602	07573696
07574923	07573696
07575076	07573696
07575510	07573696
07577374	07573696
07577538	07577374
07577657	07573696
07577772	07573696
07578093	07573696
07578363	13760316
07578879	13760316
07579076	07578879
07579399	07579076
07580053	07557434
07580782	07653394
07581346	07556970
07581775	07581346
07582277	07581346
07582441	07810907
07582609	07810907
07583197	07557434
07584423	07583197
07585208	07583197
07588947	07557434
07590320	07588947
07590611	07588947
07593549	07555863
07593774	07593549
07593774	07882886
07594737	07557165
07594840	07557165
07595180	07859284
07596684	07557165
07597145	07596684
07597365	07596684
07598335	07566340
07598734	07597365
07599998	07596684
07600696	07596684
07601809	07597365
07601999	07555863
07602454	07601999
07606278	07597365
07606764	07597365
07607707	07597365
07609840	07556970
07610295	07557165
07611358	07609840
07612632	07609840
07612996	07609840
07614500	07611358
07618871	07612632
07619004	07557434
07620145	07612632
07620327	07612632
07620485	07620327
07621618	03169390
07621776	07621618
07622061	07555863
07622261	07579076
07622708	07622061
07623933	07625493
07624924	07624466
07625493	07622708
07628870	07622061
07631212	07628870
07632037	07628870
07634751	07628870
07634901	07635155
07635155	07628870
07636384	07635155
07636534	07635155
07637045	07635155
07638439	07635155
07638676	07628870
07640203	07628870
07640653	07640203
07640749	07640203
07640844	07640203
07640991	07640203
07641380	07640203
07641581	07640203
07642182	07628870
07642471	07597145
07642933	07642471
07643026	07642471
07643306	07642471
07643981	07557165
07644382	07649854
07644706	07644382
07644967	07644706
07645469	07644967
07646927	07644382
07647496	07646927
07647870	07578363
07648267	07578363
07648408	07578363
07648549	07578363
07649463	07578363
07649582	07555863
07649854	07555863
07650637	07649854
07650792	07570720
07650903	07570720
07651025	07570720
07651454	07649854
07652052	07651454
07653394	07649854
07653982	07653394
07654667	07578363
07654886	07654667
07655337	07654667
07656077	07653394
07658814	07656077
07658958	07653394
07660065	07658168
07663592	07649854
07664007	07663592
07664582	07649854
07665595	07653394
07667151	07649854
07667326	07653394
07668215	07580782
07668702	07649854
07668902	07653394
07670433	07668902
07670731	14580897
07672135	14864360
07672421	07672135
07672914	07856270
07673397	07672135
07674749	07673397
07675262	07673397
07675627	07649854
07676425	07675627
07676602	07675627
07676855	07676602
07677593	07675627
07677860	07677593
07678193	07677593
07678729	07882497
07679356	07566863
07679356	07622061
07680932	07679356
07681450	07679356
07681926	07679356
07682316	07679356
07682624	07679356
07683617	07682624
07683786	07679356
07684164	07679356
07684600	07679356
07685730	07679356
07686021	07685730
07686873	07679356
07687211	07679356
07687789	07684600
07688412	07689003
07689217	07689003
07690019	07680932
07693972	07684600
07695965	07712382
07696527	07695965
07697100	07695965
07697537	07695965
07697825	07695965
07698915	07555863
07702193	07698915
07703177	07702796
07703333	07703177
07703743	07703333
07703889	07874780
07704755	07702796
07705711	07555863
07705931	07705711
07707451	07705711
07708798	07707451
07709333	07707451
07709701	07709333
07710007	07707451
07710283	07707451
07710616	07566863
07710616	07710007
07710616	07710283
07710952	07710616
07711080	07710616
07711232	07710616
07711471	07738353
07711569	07710616
07711799	07710616
07712382	07557434
07713074	07710007
07713395	07707451
07713895	07713395
07715561	07707451
07715721	07715561
07717070	07715561
07718472	07707451
07718747	07707451
07719213	07707451
07719437	07709333
07719839	07710283
07720277	07709333
07720442	07710007
07720615	07720442
07721325	07720442
07721456	07721325
07721678	07721456
07721942	07721456
07722052	07721325
07722217	07707451
07722485	07722217
07723039	07707451
07723177	07722217
07723559	07723330
07723753	07723559
07724943	07708798
07725158	07724943
07725376	07708798
07725531	07725376
07726095	07708798
07726230	07725376
07726386	07725376
07726672	07708798
07726796	07724943
07729485	07724943
07730406	07707451
07730708	07710283
07730855	07723330
07731587	07723330
07731767	07731587
07731952	07802417
07733217	07709333
07733712	07709333
07733847	07709333
07734017	07710007
07734555	07710007
07735510	07707451
07735803	07710283
07735803	07713395
07736256	07709333
07736371	07709333
07736527	07709333
07736692	07709333
07736813	07710283
07737081	13136556
07737745	07737081
07738353	07670731
07738760	07738353
07739125	07705931
07739506	07739125
07742704	07705931
07743224	07742704
07743544	07742704
07743723	07742704
07743902	07742704
07743902	13137409
07744057	07742704
07744811	07742704
07744811	13138658
07745197	07742704
07745466	07742704
07745466	13138658
07745661	07742704
07745803	07705931
07746186	07742704
07746334	07742704
07746910	07705931
07747055	07705931
07747455	09429387
07747607	07747055
07747811	07747607
07747951	07747055
07748574	07705931
07748753	07747607
07748912	07747607
07749446	07747055
07749582	07747055
07749731	07747055
07749969	07747055
07750146	07747055
07750299	07747055
07750449	07747055
07750586	07737081
07750586	13138308
07751004	07705931
07751451	07705931
07751451	13138308
07752264	07751451
07753743	07705931
07753980	07753743
07754279	07753743
07754684	07705931
07754894	12201580
07755089	07566340
07755411	07705931
07755707	07755411
07756096	07755707
07756641	07755707
07757132	07705931
07757132	13138308
07757312	07757132
07757602	07757312
07758407	07705931
07758680	07705931
07759816	07758680
07760153	07759816
07760859	07705931
07761309	07760859
07761461	07760859
07762114	07705931
07762244	07705931
07762534	07705931
07763483	07705931
07763629	07705931
07763792	07705931
07764315	07705931
07764486	07705931
07764630	07705931
07764847	07705931
07765208	07705931
07765208	13138308
07765728	07705931
07765999	13138308
07766173	07705931
07766409	07705931
07766530	07705931
07767344	07582441
07767344	13138308
07767847	07705931
07768423	07707451
07769306	07705931
07769465	07737081
07769584	07705931
07769731	07705931
07769886	07705931
07770180	07705931
07770571	13135832
07772413	07737081
07772788	07737081
07772935	07737081
07773238	07555863
07773700	07770571
07774032	13128365
07774182	07737081
07774295	07737081
07774479	07809368
07774842	07737081
07775197	07770571
07775375	07555863
07775905	07776866
07776545	07776866
07776866	07555863
07778938	07775905
07779747	07775905
07780627	07775905
07781207	07780627
07781319	07775905
07781801	07776866
07783210	07776866
07783827	07809368
07784367	07775375
07784522	07775905
07784810	07775905
07786005	07775905
07786164	07783210
07786686	07783210
07786856	07786686
07787429	07786686
07787715	07783210
07788435	07787715
07788885	07783210
07789541	07775375
07791663	07790601
07792470	07775905
07792725	07783210
07792926	07792725
07793260	07783210
07794159	07776866
07795317	07776866
07795598	07775375
07795751	07775375
07796165	07795751
07796321	07795751
07797641	07783210
07797913	07797641
07798554	07775375
07799278	07776866
07800091	00021265
07800487	07800091
07800740	07800091
07801091	07800740
07801892	07800740
07802417	07566340
07803093	07802417
07803310	07802417
07803408	07803545
07803545	07802417
07803895	07570720
07803992	07570720
07804152	07802417
07804323	07566863
07804323	07802417
07804771	07802417
07805006	07800091
07805254	07800091
07805731	07800091
07806221	07557434
07808904	07806221
07809096	07566340
07809368	07809096
07810531	07809368
07811416	07809368
07812184	07809368
07812497	07809368
07812662	07809368
07812790	07809368
07813107	07809368
07813324	07809368
07813409	07809368
07813495	07809368
07813579	07809368
07813717	07809368
07814203	07812184
07814925	07809368
07815588	07809368
07816052	07809368
07816296	07811416
07817315	07811416
07817465	07809368
07817599	07811416
07817871	07707451
07818029	07809368
07818133	07809368
07818277	07809368
07818572	07809368
07818689	07811416
07818995	07811416
07819303	07809368
07819480	07810907
07819769	07809368
07820036	07723330
07820814	07811416
07820960	07820814
07821107	07820814
07821260	07811416
07821919	07809368
07822323	07809368
07822518	07809368
07822687	07809368
07823814	07809368
07823951	07557434
07824702	07809368
07824988	07582441
07825972	07810907
07826453	07809368
07826544	07809368
07826653	07809368
07826930	07812184
07827130	07809368
07827284	07809368
07827410	07809368
07827554	07809368
07827750	07809368
07828041	07809368
07828156	07809368
07828275	07809368
07828378	07809368
07828642	07809368
07828807	07809368
07828987	07810907
07829412	07810907
07832902	07829412
07835051	07832902
07836456	07829412
07837362	07829412
07838233	07829412
07840804	07566340
07841037	07809096
07843775	07566340
07844042	07843775
07844042	07881800
07844604	07566340
07844867	07844604
07847198	07843775
07847453	07847198
07848338	07555863
07848338	07843775
07848645	07672914
07848645	07848338
07849336	07843775
07850329	07555863
07851054	00002684
07852045	07850329
07852919	07850329
07854813	07850329
07856270	07810907
07857731	07856270
07858595	07809368
07859284	07858595
07859583	07858595
07860208	07859583
07860805	07882497
07860988	07882497
07861421	07579076
07863374	07557434
07866151	07557434
07866571	07842753
07866723	07557434
07869937	07557434
07871940	07625493
07873057	07557165
07874531	07557434
07874780	07557434
07880583	07640203
07881800	00021265
07881800	14940386
07882497	07566340
07883251	07881800
07883384	03880770
07883384	07883251
07883860	07885223
07883980	07885223
07884182	07883980
07884413	07885223
07884567	03248958
07884567	07881800
07885223	07578363
07885937	07885223
07886057	07884567
07886176	07884567
07886317	07884567
07886572	07884567
07886849	07886572
07887634	07886849
07888465	07889510
07888909	07802417
07889274	07887634
07889510	07886849
07889814	07889510
07890068	07889510
07890617	07886572
07891433	07884567
07891613	07884567
07891726	07884567
07892512	07891726
07892813	07891726
07893891	07891726
07895237	07891726
07895435	07892512
07896994	07891726
07897600	07897200
07899108	07891726
07900406	07891726
07901457	07900406
07901587	07884567
07902121	07884567
07902336	07901587
07902520	07906877
07902799	07901587
07902937	07901587
07903101	07901587
07903208	07901587
07904395	07901587
07904934	07901587
07905038	07901587
07905474	07901587
07905618	07884567
07905770	07901587
07905979	07901587
07906111	07901587
07906284	07901587
07906877	07906284
07907037	07901587
07907548	07906284
07907943	07884567
07908411	07907943
07908647	07907943
07909593	07907548
07909593	07907943
07909811	07907943
07910656	07907943
07911371	07884567
07911677	07911371
07913081	07885223
07914006	07881800
07914128	07881800
07915618	07911677
07915800	07915618
07919310	07881800
07920989	07809368
07921090	07809368
07921455	07881800
07921615	07884567
07921615	07921455
07921834	07921455
07922764	07881800
07923297	07885223
07923748	07566340
07924033	07881800
07925808	07884567
07925966	07881800
07926127	07901587
07926642	07923297
07927197	07881800
07927512	07927197
07927931	07927197
07929351	13135832
07929519	07881800
07930554	07911371
07931280	07930554
07931870	07930554
07932323	07886572
07932841	07811416
07933274	07881800
07933799	07933274
07934530	07932841
07935504	00021265
07935504	14940386
07936263	07881800
07936263	07935504
07936548	07936263
07938773	00031264
07939382	07938773
07939638	07938773
07939880	07939638
07940552	07992450
07940865	07992450
07941170	00031264
07941729	00031264
07941945	07941729
07943480	07942152
07944050	07943480
07947255	07942152
07947958	07942152
07949463	07942152
07950418	07942152
07950920	00031264
07951464	00031264
07953827	07951464
07954211	07951464
07954441	07951464
07954731	07951464
07955280	07951464
07956250	07951464
07956426	07951464
07956721	07956426
07956887	07951464
07957193	07951464
07957655	07956887
07959016	07951464
07959269	07951464
07959943	07959269
07960769	07959943
07961016	07959269
07961270	07961016
07961379	07961016
07961480	07951464
07961956	07961480
07962124	07951464
07962295	07961480
07962628	07961480
07962707	07961480
07962991	07961480
07963087	07961480
07963494	07961480
07963711	07951464
07963987	07963711
07964495	08293982
07964809	07964495
07965085	07950920
07965937	07974025
07966140	07950920
07966719	07950920
07967382	00031264
07967736	07967382
07967982	00031264
07968354	07967982
07968702	07950920
07969695	07950920
07970079	07969695
07970406	07969695
07970721	08101937
07971023	07969695
07971141	07970721
07971298	07970721
07971449	07970721
07971582	07970721
07972279	07970721
07972425	08378819
07972674	08378819
07972888	08378819
07973088	08378819
07973487	08078020
07974025	07942152
07975026	07950920
07976936	07975026
07977344	07951464
07977592	07951464
07977870	07951464
07978423	07951464
07983170	07978924
07983856	07978423
07985223	07996689
07985628	07976936
07986066	07975026
07986198	07996689
07986381	08198398
07988857	07970406
07989373	07970406
07990377	00031264
07990824	07993929
07990956	07993929
07991364	07950920
07992450	07941170
07993279	07951464
07994331	07993929
07994941	07993929
07996149	00031264
07996412	07996149
07996689	07951464
07997703	07951464
07998573	07997703
07999699	00002137
08000304	07999699
08001685	00028651
08001685	07999699
08006094	07996689
08007534	07996689
08008017	07951464
08008335	07950920
08009834	08008335
08029784	08189659
08048300	08009834
08049125	08009834
08049401	08008335
08049989	08375154
08051946	08050678
08052549	08050678
08053576	08008335
08054721	08053576
08055150	08053576
08056231	08008335
08057206	08061042
08057460	08061042
08057633	08061042
08057816	08061042
08058098	08053576
08059412	08059870
08059870	08061042
08060446	08061042
08060694	08061042
08061042	08056231
08062623	08059870
08062970	08062623
08063446	08059870
08064130	08008335
08064523	07951464
08065937	08061042
08066491	08065234
08066763	08060446
08067077	08065234
08068151	08065234
08069878	08419984
08070465	08419984
08070850	08419984
08071516	08070850
08072837	08065234
08073992	08061042
08075388	07974025
08075647	08149781
08076578	08061042
08077292	08189659
08078020	08189659
08078819	08208560
08078976	08208560
08079319	08208560
08079852	08208560
08080025	08208560
08080947	08208560
08081403	08208560
08082236	07965085
08082602	08081668
08083083	08082602
08083320	08082602
08083599	08083320
08085159	08149781
08085535	08381436
08085648	08164585
08085824	07965085
08086356	08083320
08086646	08086356
08087570	08082602
08087981	08147188
08088472	08087981
08089627	08147188
08090547	08089627
08092539	08147188
08094013	08081668
08094659	08094013
08094866	08094659
08095160	08094013
08095647	08111783
08096474	08149781
08096624	08081668
08097072	08149781
08097222	08149781
08097391	08149781
08097766	08149781
08098346	08081668
08098499	08149781
08098708	08081668
08100320	08081668
08100481	08149781
08100907	08053576
08101085	07992450
08101410	07993929
08101410	08101085
08101937	08102402
08102282	08101937
08102402	07969695
08102555	07992450
08103299	07992450
08103457	07992450
08103777	07992450
08106934	07992450
08107191	07992450
08107499	07992450
08108627	07992450
08108784	07992450
08108972	07992450
08109624	07992450
08109772	07992450
08110373	07992450
08110648	07992450
08111027	08110373
08111157	07992450
08111419	07992450
08111783	07966140
08112630	08112096
08113443	08112096
08114581	08464601
08114861	08220714
08115204	08114861
08118039	08114861
08119821	08114861
08120384	08119821
08121117	08120384
08121867	08119821
08122009	08119821
08122141	08119821
08123167	08122141
08123696	08337324
08124256	08337324
08124649	08337324
08124971	08338847
08124971	08339939
08125420	08337324
08125722	08337324
08128159	08123696
08129268	08123167
08129621	08337324
08129883	08337324
08130292	08337324
08130476	08337324
08131005	08337324
08131254	08337324
08131530	08123167
08132046	08337324
08132323	08337324
08132637	08123167
08133189	08337324
08133536	08123167
08133855	08337324
08134081	08337324
08134807	08123167
08135342	08123167
08136027	08337324
08136260	08348815
08136502	08337324
08136767	08337324
08137251	08348815
08137495	08123167
08137738	08123167
08138259	08337324
08138466	08337324
08138686	08337324
08139000	08123167
08139270	08337324
08139637	08337324
08139795	08123167
08140219	08348815
08140506	08337324
08140767	08337324
08141092	08348815
08141374	08348815
08141664	08348815
08141951	08166318
08141951	08348815
08142370	08348815
08142801	08337324
08142972	08337324
08143163	08337324
08143321	08337324
08143486	08077292
08143653	08123167
08143926	08337324
08144308	08337324
08145553	08401248
08146593	08189659
08146782	08009834
08147188	08146782
08147794	08149781
08148067	08147794
08149160	08147794
08149781	08081668
08150377	08149781
08151229	08081668
08151490	08081668
08152657	00031264
08152787	08113443
08153102	08180190
08153337	07951464
08153437	07971449
08153874	08077292
08154012	07971582
08154960	07971582
08155302	07971582
08155302	08153437
08155518	07971582
08155518	08153437
08155765	07971582
08155765	08153437
08156685	07971582
08156685	08153437
08157405	07971582
08157672	07971582
08157672	08153437
08157809	07971582
08157809	08153437
08158460	07971582
08158460	08153437
08159031	07971582
08159740	07971582
08159924	08153437
08160276	00031264
08161068	08160276
08161477	08163273
08161591	08161477
08161757	08163273
08161971	08163025
08162245	08337324
08163025	08163273
08163792	07975026
08164585	07965085
08165353	08164585
08165455	08164585
08166187	08164585
08166318	08435388
08166552	07942152
08166931	08168978
08167046	08168978
08167365	07974025
08167779	08167365
08167953	08167365
08168117	08167365
08168367	08168978
08168531	08303692
08168978	08359949
08169573	08168978
08170374	08168978
08170535	08168978
08171094	08293982
08172103	08294696
08173289	07951464
08173515	08294696
08174398	08294696
08174995	08404895
08175498	08404895
08175700	09941964
08175875	08294696
08176077	08294696
08177030	08237699
08177030	08294696
08177487	08168978
08177592	08168978
08177958	08168978
08179205	07942152
08180190	00031264
08180639	07974025
08181658	07974025
08181930	07974025
08182379	07975026
08182716	07975026
08183046	08182716
08183398	08182379
08183802	08191230
08184217	08182379
08184600	08182379
08185211	08058098
08185758	08186047
08186047	08058098
08186221	08185758
08186393	08185758
08186761	08185758
08187033	08008335
08187837	08246613
08187988	08187033
08188235	08246613
08188449	08430568
08188638	08187837
08189371	08187033
08189659	08008335
08190292	08198398
08190482	08198398
08190609	08198398
08190754	08198398
08191230	08198137
08191532	08198398
08191701	08198137
08191987	08337324
08192361	08198137
08192557	08192361
08192557	08337324
08192817	08198137
08192970	08192817
08193212	08337324
08193448	08337324
08193645	08337324
08193854	08337324
08194074	08279665
08194546	08337324
08194927	08279800
08195797	08198398
08196024	08198137
08196230	08337324
08196622	08190292
08196892	08190292
08197149	08391387
08197386	08337324
08197742	08198398
08197895	08208016
08198137	08208016
08198398	08189659
08199025	08208016
08206460	08199025
08206663	08198398
08207001	08206663
08207095	08456727
08207209	08208016
08207540	08207209
08207672	08207209
08208560	08189659
08209687	08208016
08209687	08348815
08210254	08209687
08210411	08209687
08210670	08209687
08210670	08344551
08210982	08208016
08211290	08208016
08211475	08211290
08211924	08209687
08212347	08208016
08212527	08190754
08213205	08190754
08213424	08213205
08214272	08190754
08214470	08190754
08215248	08190754
08215603	08198398
08215801	08215248
08215801	08215603
08216647	08215248
08216900	08246613
08218212	08212347
08218393	08242799
08219493	08195797
08220714	08077292
08221348	07941170
08221897	07975026
08222293	08180190
08223263	08180190
08223802	07975026
08224684	08223802
08225090	08223802
08225334	08225090
08225581	07975026
08227916	08049401
08228405	08227214
08228538	08227214
08228665	08227214
08229275	08227214
08229362	08227214
08229467	08227214
08229605	08227214
08229694	08227214
08229779	08227214
08229887	08227214
08230009	08227214
08230110	08227214
08230294	08227214
08230477	08227214
08230785	08227214
08230906	08245172
08231184	08049401
08231678	08231184
08231874	08231184
08232706	08231184
08233056	08008335
08233426	08233056
08235343	08049401
08235828	08227214
08236438	08049401
08236621	08236438
08236963	08236621
08237699	08236621
08237863	07975026
08238463	07975026
08238660	07975026
08239808	08231184
08240169	07950920
08240633	08240169
08240966	08240633
08241309	08240633
08241512	08240633
08241654	08240633
08241798	08240633
08241964	08240633
08242799	08189659
08243851	08049401
08244062	08049401
08244346	08244062
08244747	08244062
08245059	07974025
08245172	07950920
08245425	08240633
08245549	08245172
08245802	08246302
08246036	08245172
08246302	08245172
08246613	08008335
08247021	08246613
08247251	08246613
08248157	08246613
08249038	08246613
08249960	08246613
08250635	08188235
08251303	08240169
08251493	08240169
08251877	08240633
08252211	07975026
08253450	08252602
08253640	08253815
08253815	08252602
08254055	08253640
08254195	08253815
08254331	08252602
08256735	08252602
08256968	08008335
08259156	08256968
08260961	08256968
08261320	08260961
08261589	08256968
08264897	08240169
08266235	07939382
08266849	08266235
08267640	07939382
08268085	08267640
08270417	08430203
08270417	08430568
08270662	07951464
08271042	07951464
08271801	08198398
08272352	08198398
08272460	08198398
08273167	08189659
08273843	07975026
08274565	08182379
08274923	07965937
08275185	07965085
08276342	08053576
08276720	08276342
08277805	08276720
08278169	07965085
08278324	08276342
08278924	08276720
08279524	08277805
08279665	08277805
08279800	08277805
08283180	08284054
08284054	08276720
08284481	08276720
08285594	08284481
08285896	08278324
08286163	07965085
08287586	07965085
08287844	07966140
08288753	07950920
08289089	08369406
08289449	08289089
08289841	08289449
08290156	08287844
08290928	08290156
08291338	08287844
08292418	08151490
08292418	08289449
08292756	07951464
08293831	07951464
08294696	08293982
08295138	08294696
08295580	08294696
08296911	08324514
08299307	08329453
08299493	08077292
08303275	08304895
08303504	08008335
08303692	08303275
08303862	08303275
08304135	08303275
08304895	08359949
08305114	08304895
08305942	08168978
08306194	07974025
08306665	00031264
08306959	08306665
08307589	07975026
08308497	08307589
08309409	08307589
08310389	08252211
08310949	08077292
08311522	08310949
08311687	08310949
08311933	08310949
08312559	08163792
08312988	08312559
08315194	08312559
08318777	08163273
08319198	08163273
08320385	08472335
08321218	08472335
08321469	08472335
08321956	08309409
08322981	08324514
08324514	08077292
08325530	08324514
08325851	08324514
08329113	08208016
08329453	08163792
08330106	08329453
08330298	08330106
08331357	08331525
08331525	08334087
08332330	08329453
08333030	08329453
08334693	08334087
08335414	08329453
08335886	08332330
08337324	08077292
08338847	08337324
08339454	08077292
08339706	08339454
08339939	08339454
08340153	08339454
08340753	08337324
08340989	08339706
08340989	08339939
08341330	08337324
08341798	08337324
08342039	08339454
08342670	08342039
08343534	08342039
08344551	08077292
08344917	08342039
08345189	08198398
08345366	08198398
08345613	08198398
08345770	08404373
08346031	08404373
08346286	08342039
08346490	08342039
08346655	08342039
08347206	08342039
08347457	08342039
08347704	08339939
08348091	08339939
08348400	08339939
08348815	08337324
08349138	08337324
08349350	08337324
08349548	08119821
08349916	08054721
08350919	08420278
08355075	08057206
08355324	08355075
08355791	08052549
08356074	08401248
08356375	08401248
08356573	08337324
08356903	08401248
08357258	08357784
08357529	08164585
08357784	08164585
08358332	07975026
08358594	08359949
08358963	08358594
08361001	08367880
08361329	08367880
08364143	08364959
08365855	08366202
08366202	08367100
08366440	06217944
08366440	08366202
08366753	08435388
08367683	08378819
08367880	07950920
08368308	08365855
08368907	07941170
08369406	07942152
08372190	08369406
08372574	07969695
08372847	07969695
08373244	07938773
08374049	07965085
08375154	08294696
08375369	07975026
08375526	08359949
08376051	08008335
08376250	08457976
08378555	08378819
08378819	08435388
08380340	08378819
08381165	08164585
08381436	07965085
08381636	08322981
08381820	08381636
08382056	08381820
08382297	08381820
08382570	08381820
08383690	08059412
08385009	08310389
08386365	07974025
08386555	08386365
08387930	08386555
08388207	08386555
08388636	08388207
08389094	07974025
08389297	08190754
08389438	08190754
08389572	08389297
08389710	08190754
08389900	08389710
08390012	08389710
08390157	08190754
08390374	08390157
08390731	07965085
08391021	08215603
08391206	08215603
08391387	08391206
08391696	08337324
08392137	08472335
08394657	08191230
08394922	08337324
08395465	08279524
08395682	08337324
08395991	08337324
08396207	08337324
08396537	08337324
08396760	08337324
08396990	08391387
08397489	08397255
08397675	08397255
08397856	08397255
08398179	08208016
08398773	07951464
08399287	08398773
08399378	08398773
08399586	08398773
08399818	08398773
08400191	08398773
08400452	07951464
08400965	07965085
08401248	08220714
08401554	07942152
08401819	07947255
08402442	08008335
08402693	08402442
08402828	08402442
08402944	08402828
08403225	08009834
08404373	08198398
08404549	08198398
08404735	08439955
08404895	08198398
08405124	08439955
08405267	08381436
08405490	08209687
08406259	08240633
08406361	08240633
08406486	08054721
08407619	07951464
08408709	08189659
08409617	08284481
08409835	08284481
08410688	08284481
08412749	08276720
08413248	08284481
08414119	07965085
08414381	07965085
08414608	07965085
08414807	08324514
08415272	08414119
08415661	08198398
08416328	08251877
08416523	07974025
08416652	08251877
08417920	08310389
08418103	07959016
08418420	08420278
08418631	08418420
08419033	08420278
08419163	08420278
08419562	08420278
08419984	08054721
08420278	08054721
08420839	08419984
08422524	08420278
08423634	08337324
08424951	07974025
08425303	07951464
08425888	08425303
08426461	07938773
08426816	08426461
08426993	08426816
08427163	08426816
08427282	08426816
08427453	08426816
08427629	00296585
08428019	00296585
08428485	00296585
08428756	08430203
08429052	08428756
08429167	07975026
08430203	08426461
08430568	08426461
08432345	08430203
08432820	08432345
08433727	07951464
08434259	08435388
08435388	00031264
08436562	07974025
08436759	07951464
08437515	08436759
08437847	08437515
08437968	08437515
08438067	08436759
08438533	08436759
08439126	08438533
08439476	08437515
08439955	08208016
08440630	08361001
08441039	08440630
08441203	07951464
08453722	08441203
08454003	08441203
08454191	08454003
08454818	08441203
08455037	08441203
08455271	08441203
08455829	08441203
08456178	08455829
08456727	08357784
08456993	07938773
08457976	08456993
08459252	08457976
08462205	07961480
08462320	07951464
08463063	07951464
08463647	08463063
08463817	08398773
08464324	07951464
08464449	07951464
08464601	07950920
08466643	08464601
08467258	08466643
08468721	08275185
08468721	08466643
08472120	08464601
08472335	08464601
08472890	08473623
08473173	08233056
08473173	08472890
08473482	08472890
08473623	08464601
08473787	08464601
08475722	08473787
08477634	07974025
08478482	08058098
08479095	07950920
08479407	07971582
08479615	07975026
08479894	07975026
08481832	08426461
08482113	08426461
08482271	08426461
08482577	08337324
08482700	08426461
08485830	08077292
08486971	08294696
08487504	08049401
08491027	08578706
08491245	08491027
08491826	08552138
08492546	08616311
08492747	08616311
08493961	08492546
08494231	08615374
08494987	08520401
08495617	08520401
08496655	08595720
08497294	08630985
08499057	08630039
08499840	08574314
08500433	00027167
08500433	00028651
08500819	08630039
08501565	08630039
08502171	08630039
08504594	08683548
08504851	08504594
08505573	07941945
08505573	08673395
08506496	08673395
08507255	08673395
08507558	08620061
08508105	08507558
08508449	08507558
08508736	08507558
08508834	08507558
08509442	08630039
08509786	08630039
08510169	08544813
08510456	08507558
08510666	08660339
08511241	08510666
08511777	08511970
08511970	08630039
08512259	08568978
08512736	08512259
08513163	08552138
08514034	08513718
08514592	08512736
08515457	08512736
08516080	05128519
08516885	08673395
08517449	08521816
08518171	08651247
08518505	08647945
08518940	08574314
08519299	08518940
08519444	08518940
08520401	08620061
08520728	08520401
08521267	08660339
08521623	08651247
08521816	08620061
08522287	08522872
08522518	08521816
08523483	08497294
08524021	08523483
08524130	08523483
08524262	08521816
08524572	08523483
08524735	08626283
08537837	08552138
08539717	08675967
08539893	08539717
08540532	08491826
08540903	08491826
08541130	08592656
08541288	08673395
08541609	08491826
08541841	08574314
08542081	08541841
08542304	08616050
08542403	08654360
08543081	08523483
08543223	08523483
08543496	08543223
08543625	08523483
08544125	08524262
08544813	08491826
08546183	08630039
08546870	08491826
08547300	08647945
08548733	08491826
08549070	08552138
08549480	08549070
08549733	08549070
08550076	08651247
08550966	08590369
08551420	08630985
08551628	08630985
08552138	08630985
08553280	08491826
08553535	08552138
08554440	08553535
08555333	08554440
08555883	08652970
08556491	08630985
08557131	08556491
08557482	08556491
08558155	08556491
08558488	08556491
08558770	08556491
08558963	08491027
08559155	08558963
08559508	08558963
08560027	08651247
08560560	08560027
08560952	08628921
08562243	08583095
08565506	08630039
08565701	08512259
08565894	08512259
08566554	08566028
08566707	08660339
08567235	08574314
08567877	08566028
08568256	08567235
08568978	08630039
08569165	08568978
08569591	08593262
08569998	08673395
08570758	08673395
08571139	08523483
08571459	08567877
08571459	08593924
08572162	08652970
08572467	08573472
08573258	08542081
08573472	08510666
08573674	08594286
08573842	08560027
08574038	08560027
08574314	08630985
08578174	08574314
08578706	08620061
08579352	08569998
08579487	08593262
08579780	08651247
08580583	08567235
08580803	08580583
08581503	08497294
08582837	08630039
08583095	08574314
08584449	08664443
08584787	08617963
08585447	08507558
08585657	08593262
08586825	08647945
08587174	08491826
08587828	08491826
08588294	08630039
08588916	08630039
08589351	08589801
08589801	08593262
08590172	08589801
08590369	08552138
08591269	08544813
08591486	08651247
08591680	08630039
08592656	08512259
08593262	00027167
08593924	06798750
08594286	08622586
08594714	08594286
08594886	13919685
08595054	08594286
08595720	08593262
08596076	09428293
08596336	08678783
08597176	08624385
08597727	08552138
08598301	07941945
08598301	08673395
08598823	08579487
08600760	08520401
08600992	08615149
08611063	08497294
08611954	08510169
08612049	08616311
08612340	08616311
08612786	08512259
08613593	08630039
08614104	08664443
08614746	08673395
08615149	08673395
08615374	08673395
08615638	08674970
08616050	08598301
08616311	08593262
08618379	08520401
08619343	08673395
08619457	08617963
08619620	08673395
08619949	08673395
08620061	00027167
08620763	08620061
08620881	08578706
08622586	08620061
08622950	08621598
08623927	08621598
08624196	08621598
08624385	08621598
08624656	08621598
08626080	08621598
08626283	08491826
08626283	08675967
08626522	08675967
08626845	08521623
08626947	08491826
08627919	08537837
08629199	08673395
08629508	08510666
08630039	00027167
08630985	00027167
08631531	08552138
08632258	08497294
08632423	08497294
08633957	08578706
08638260	08633957
08638442	08633957
08639058	08633957
08639776	08497294
08640111	08639776
08640531	03542333
08640739	08497294
08641113	08648322
08641944	08641113
08642517	08641113
08644722	08574314
08645963	08497294
08646188	08645963
08646306	08645963
08646787	08641113
08646902	08646787
08647457	08664443
08647616	08652970
08647945	08523483
08648153	05128519
08648322	08497294
08648658	08673395
08649345	08630039
08651247	08673395
08652970	08497294
08653706	08621598
08654360	08491826
08655464	08654360
08656590	08621598
08656893	08664443
08657249	08591680
08659446	08574314
08661277	08651247
08663156	08566028
08663354	08510666
08663860	08630039
08664443	08620061
08665504	08626283
08672199	08491826
08672738	08672562
08673395	08574314
08674344	08542081
08674739	08673395
08674970	08673395
08675967	08574314
08676349	08627919
08677628	08645963
08677801	08569165
08678615	08640739
08678783	08593262
08679369	08593262
08679972	08616311
08680888	08679972
08681222	08679972
08683548	08574314
08684294	08673395
08684769	08520401
08685188	08630039
08685677	08630039
08688247	08664443
08688590	08509442
08688779	08688590
08690194	08509442
08691669	08518505
08691669	08524735
08695198	08518505
08695198	08524735
08695539	08518505
08695539	08524735
08696931	08544813
08697827	08696931
08698126	08696931
08698379	08544813
08700255	08544813
08702402	08544813
08703035	08702805
08782627	09316454
08803382	08654360
08821885	08654360
08832447	08654360
08858713	08552138
08873147	08860123
08939562	08574314
09006205	08654360
09012101	08574314
09026499	09023321
09048460	08574314
09049909	08655464
09053185	09050730
09125984	08640739
09178821	00023773
09178999	09178821
09179776	09178821
09180259	00023773
09180431	00023773
09180967	09180431
09181557	09180259
09183693	00023773
09183971	09183693
09184405	09184136
09184668	09183693
09184834	00023773
09184975	09184834
09185440	09184834
09185612	09185440
09186592	09376526
09189157	09221571
09193282	09428967
09197815	09315159
09199101	09326662
09199341	09272085
09201031	09304465
09203827	09334396
09206985	09437454
09208496	00019128
09208702	09355623
09210604	14877585
09212572	09335240
09213565	09437454
09213828	09437454
09215437	09366017
09215664	09225146
09217230	09287968
09217414	09334396
09217638	09366017
09218641	09359803
09221571	09369169
09222051	09285254
09224911	00019128
09225146	00002452
09225943	09477890
09227839	09416076
09228324	09448361
09229409	09448361
09230041	09304750
09230768	09416076
09233715	09334396
09238926	09287968
09240621	09465459
09241247	09225146
09241929	09258715
09243769	09258715
09243906	14854847
09246464	09287968
09246883	09240621
09247071	09466280
09247410	11425580
09248294	09334396
09249034	09386842
09251407	09277686
09252970	00019128
09254614	09335916
09255207	09376526
09255343	09376526
09257563	09465459
09257949	00019128
09258715	09379111
09260010	08591680
09260218	09257949
09260466	09416076
09260907	09335240
09262690	09468604
09264803	09193282
09264803	09287968
09265620	09437454
09267490	00002684
09267854	09463919
09268480	14854262
09269472	09265620
09269972	09428967
09271904	09338013
09272085	09386422
09272468	09190918
09273291	13910384
09274500	09225146
09278295	09260907
09278537	09258715
09279458	00002684
09280380	09274500
09281411	09393605
09281777	00002684
09282208	09334396
09282724	09229709
09283767	09334396
09283866	09287968
09284015	07941945
09284015	09334396
09284589	09407346
09285254	09385911
09285979	09424270
09287968	00002684
09288635	09443453
09289331	09309292
09290777	14585519
09294716	14585519
09296121	09225146
09300674	09272085
09302616	09366317
09303008	09366317
09304465	09379111
09304750	09366017
09305031	09468604
09305358	09257949
09305898	09443453
09307300	09385911
09307902	08591680
09308398	00002684
09309292	09287968
09310460	09190918
09310616	09278537
09310806	09224911
09313716	09225146
09314013	09387222
09314603	08500819
09315159	09386422
09316454	09334396
09319604	09334396
09322087	09394007
09325395	09256479
09326662	09303008
09327077	09326662
09328904	09225146
09334396	00002684
09335916	09334396
09338013	09272085
09339810	08591680
09345932	09225146
09346120	09334396
09348055	09224911
09348460	09287968
09349648	13867641
09351547	09397391
09352282	09300674
09352849	09353109
09353109	09277686
09354511	08523483
09354984	08271042
09355623	09239740
09355850	09225943
09359803	09366317
09360122	08617963
09361517	09437454
09365863	09446115
09366017	09287968
09366317	09287968
09366597	09466280
09366762	09466280
09366940	11439690
09367203	00002452
09367733	09334396
09367991	09367203
09368224	00002684
09369039	09376526
09369169	00019128
09375223	08521816
09376198	09225146
09376526	09217638
09379111	13910384
09381242	09416076
09381480	09394007
09382099	09334396
09385137	09285254
09385911	00002452
09386422	09224911
09386842	00027167
09387222	08593262
09388848	09334396
09393108	09304750
09393605	09334396
09394007	09239740
09397391	09328904
09397607	09225146
09399592	09366317
09401834	09272085
09402704	09190918
09403734	09287968
09407043	09190918
09407346	00002684
09409512	09366317
09409752	09287968
09410928	09379111
09411430	09448361
09415938	09448361
09416076	00019128
09424270	09239740
09424489	09190918
09425344	09335240
09425607	09222051
09426621	09222051
09426788	09225146
09428967	00020827
09429387	09385911
09432430	09257949
09433134	09225146
09433442	09287968
09436531	09257949
09436708	09210604
09437098	09334396
09437369	09258715
09437454	09287968
09438055	09257949
09439213	09282724
09439433	08435388
09440186	09225146
09442838	09222051
09443136	09258715
09443453	09287968
09444100	09239740
09445008	09265620
09445289	09393605
09446115	09241247
09448361	09225146
09449127	09278537
09449282	09272085
09449949	09335916
09450866	09394007
09451517	08591680
09452395	09477890
09453008	09302616
09454412	00019128
09456369	09394007
09456614	09225146
09458079	09448361
09461315	09366017
09463919	09335240
09464221	09376526
09466280	00019128
09466678	09206985
09468237	00002684
09468604	09366017
09469152	09444100
09469285	09190918
09470550	09258715
09472413	09287968
09472597	09359803
09475292	09225146
09476331	09225146
09476521	09190918
09476717	09272085
09477037	00002684
09477890	09335240
09479238	08546183
09480699	09334396
09483738	05625465
09484664	09483738
09487022	09492123
09488711	09483738
09491966	09483738
09492123	09484664
09492123	09491966
09493562	09492123
09494388	09492123
09495103	09492123
09503877	00007347
09504135	05941423
09504915	00007347
09505153	09623038
09505418	09504135
09506216	09505418
09507097	09505418
09510904	09505418
09513902	09505418
09522978	09505418
09530238	09522978
09531630	09505418
09534428	09505418
09535622	09505418
09536789	09536363
09538021	09536363
09538915	09504135
09539183	09538915
09539394	09539183
09540055	09538915
09540430	09504135
09540739	09540430
09541125	09540430
09541434	09540739
09541526	09540739
09541809	09540430
09542339	09541919
09542541	09541919
09542697	09540055
09543021	09542339
09543154	09542339
09544262	09545324
09544433	09545324
09544746	09544433
09544876	09544433
09545000	09484664
09545324	09504135
09546280	09540430
09546453	09540430
09546772	09540430
09547111	09545324
09547353	09547111
09547903	09505418
09548632	09547903
09551356	09505418
09565099	09551356
09565999	09551356
09578465	09505418
09582343	09578465
09585434	09505418
09586011	09505418
09587565	09483738
09593937	09505418
09604981	00007846
09605289	00007846
09606380	09621545
09607280	00007846
09607630	00007846
09608002	10401829
09608377	09777012
09608520	10488865
09608709	10138767
09609232	00007846
09609561	00007846
09609871	00007846
09610255	00007846
09610405	00007846
09610660	00007846
09612131	10782940
09612291	09615465
09612848	10741590
09613191	00007846
09614047	00007846
09614315	00007846
09614684	10466918
09615211	09939313
09615465	00007846
09615807	00007846
09616573	10631941
09616722	09943541
09616922	00007846
09617161	10380672
09617867	00007846
09618760	09621545
09618957	00007846
09619168	00007846
09619824	00007846
09620078	00007846
09620794	00007846
09621232	00007846
09621359	00007846
09621545	00007846
09622049	00007846
09622302	00007846
09622745	10024362
09622928	00007846
09623038	00007846
09624168	00007846
09624559	10351874
09624980	00007846
09625401	00007846
09625789	00007846
09626031	00007846
09626238	00007846
09626589	00007846
09627017	00007846
09627117	00007846
09627462	00007846
09627906	09764201
09628382	00007846
09629065	09628382
09629246	00007846
09629477	10577284
09629752	00007846
09630641	00007846
09631129	00007846
09631463	09631129
09632274	00007846
09632518	00007846
09633969	09831962
09635823	09627462
09636106	00007846
09636339	00007846
09636339	09636106
09636796	09636339
09636890	07967982
09637211	09636339
09637211	10287213
09637339	10787470
09637512	09636339
09637684	09636339
09638009	09636339
09638245	09636339
09638875	00007846
09639237	07967982
09639382	09638875
09639543	09639382
09639919	09638875
09640327	09639919
09641002	09638875
09641002	10287213
09641226	09638875
09641226	10453357
09641422	09638875
09641757	09620078
09641757	09636106
09642917	09641757
09643078	09641757
09643545	09643078
09643545	10287213
09643670	09643078
09643670	10787470
09643799	09643078
09644152	09643078
09644820	00007846
09644820	09636106
09645091	09644820
09646432	09646608
09647834	09645091
09648309	09645091
09648743	09645091
09649554	09645091
09649926	09647834
09651123	09649554
09654687	09669125
09656673	09645091
09657887	09645091
09662038	09645091
09663248	09669631
09663472	09646608
09663472	09649554
09665545	09645091
09666622	09645091
09667205	09645091
09667715	09646608
09668729	09645091
09669125	09649554
09669631	09669125
09673495	09641757
09673916	09673495
09676490	07967382
09676490	09691279
09676884	00007846
09677830	09838701
09678009	09628382
09679170	00007846
09679316	09678009
09679925	09678009
09680504	09679925
09680657	09680504
09681351	00007846
09682122	09681351
09682291	09628382
09682803	09682291
09683180	09682291
09683559	09682291
09683924	10016103
09684082	10016103
09684476	10016103
09684609	09628382
09685085	10016103
09685398	09684609
09685564	09684609
09685922	10016103
09686536	09620078
09688008	09686536
09689152	09686536
09689435	09641757
09690371	09641757
09691279	09620078
09691435	09620078
09691858	09729530
09691994	09641757
09692250	09686536
09692430	09641757
09692624	09634494
09692915	09692624
09693100	09692624
09693244	09692624
09693372	09692624
09693618	09692624
09693809	09692624
09694109	09686536
09694529	09641757
09695747	09641757
09695979	09686536
09696124	09641757
09696280	09641757
09696585	09725229
09697070	09634494
09697401	09725229
09697771	09634494
09698108	09641757
09698337	09698108
09698644	09634494
09699020	09686536
09699200	09686536
09700492	09634494
09700823	09731571
09700964	09686536
09701148	09700964
09701603	09701148
09702134	09701148
09704630	09701148
09705124	09634494
09705287	09634494
09706396	09728403
09707400	09728403
09707992	09728403
09708405	09686536
09708648	09708405
09708750	09708405
09709001	09708405
09711132	09710164
09711530	09710164
09712696	09641757
09713108	09686536
09713501	09641757
09713985	09686536
09714120	09686536
09714264	09641757
09714429	09641757
09714694	09641757
09714952	09686536
09715165	09714952
09715521	09715165
09715833	09641757
09716047	09686536
09716439	09716047
09716933	09716047
09717047	09686536
09718217	09641757
09718652	09718217
09719430	07967382
09719430	09641757
09719653	09641757
09719794	09641757
09720256	09738400
09720406	09720256
09721088	09686536
09721244	09686536
09721444	09686536
09721883	09641757
09722530	09620794
09722658	09697401
09722898	09722658
09723564	09634494
09724066	09641757
09724533	09620078
09724785	09634494
09725229	09738400
09725402	09686536
09725653	09729530
09725772	09641757
09726621	09644820
09726970	09726621
09727440	09620794
09727826	09691435
09728137	09729530
09728403	09620794
09729387	09729530
09729530	09639919
09730204	09686536
09730533	09686536
09730951	09620794
09731436	09634494
09731571	09738400
09731906	09686536
09732047	09641757
09732544	08166552
09732903	08166552
09733028	09641757
09733899	09641757
09734006	09641757
09734294	09641757
09734885	09735258
09735258	09641757
09736181	09641757
09736633	09735258
09738400	09620078
09738708	09620078
09740085	10346198
09747191	09641757
09747329	09686536
09747722	09686536
09748239	09747722
09748408	09747722
09748889	09634494
09749614	09641757
09750524	09641757
09750891	09686536
09751256	09676884
09751622	09634494
09751895	09634494
09752246	00007846
09752381	00007846
09752519	00007846
09752657	00007846
09753204	00007846
09753348	00007846
09753642	00007846
09753792	00007846
09754051	00007846
09754217	10675876
09754541	00007846
09754633	10025730
09754907	10513120
09755241	10114897
09755398	10016103
09756195	10597234
09756400	09848489
09756500	10294602
09756637	10515194
09756961	00007846
09757175	10020890
09757653	09629752
09758173	09628382
09758424	10391653
09758643	09633969
09758781	10245639
09758885	09770949
09759069	10045713
09759311	10557854
09759501	10183757
09759875	09977660
09760609	09821831
09761068	09815790
09761403	09882716
09761753	09882716
09762101	10266848
09762385	09615465
09762509	09617867
09762821	00007846
09763349	09927451
09763349	13950812
09763784	00007846
09764201	00007846
09764381	09820263
09764900	00007846
09765278	10415638
09767700	09765278
09768830	10036266
09769076	10059582
09769345	09627906
09769636	00007846
09769929	10215623
09770179	10317007
09770472	10162991
09771204	10094584
09771435	09622302
09771664	00007846
09771855	09614684
09772029	09622049
09772330	00007846
09772606	09609871
09772746	10257647
09772930	09772746
09773076	10335931
09773245	00007846
09773962	10490699
09774167	00007846
09774266	09824361
09774783	00007846
09775663	10249950
09775907	09615807
09776261	00007846
09777012	09882716
09777353	10522035
09778537	09631463
09779124	00007846
09779280	09613191
09779623	10241300
09779790	10078806
09780249	09815790
09780676	09977178
09780828	10582746
09780984	10599354
09781171	10295951
09781504	09610660
09781650	09606527
09782167	10037385
09783369	09631463
09784306	10020890
09784443	10707233
09784564	10630188
09784564	10794014
09784707	09824609
09785786	09620078
09786338	10557854
09786585	00007846
09786922	09882007
09787534	10013927
09788237	09774266
09790278	10488016
09790482	09617867
09791248	09791530
09791530	09617867
09791816	10503452
09792237	09617867
09792555	10235549
09792969	10698368
09793141	00007846
09793352	10345804
09793495	10632576
09793830	10020890
09794917	10008716
09795124	09875786
09795334	09610660
09795639	09628382
09796323	10619642
09796974	00007846
09797113	10756433
09797375	10453533
09798534	09774783
09798811	09678009
09798811	10016103
09799213	09678009
09799607	10000787
09800249	09952163
09800469	10266848
09800631	10684827
09800964	10372373
09801102	00007846
09801533	09607280
09801864	10363913
09802050	10066732
09802239	09979321
09802445	00007846
09802641	09764201
09803429	10066732
09804230	00007846
09804343	09927451
09804806	09796323
09805151	09857200
09805475	09614315
09807075	10470779
09807754	09623038
09808080	10016103
09808949	10605985
09809134	10292316
09809538	09615807
09809749	10317007
09809925	10339966
09810166	09629752
09810364	00007846
09810707	09977660
09810867	09979589
09811414	10177150
09811712	09610660
09811852	10582746
09812068	09812338
09812338	09614315
09813219	10324560
09814567	10524413
09814660	09610660
09815076	00007846
09815188	09631463
09815455	09627906
09815455	10402824
09815790	09632518
09816771	09626238
09817536	00007846
09817816	10102506
09818022	09629752
09818343	10428004
09819291	09818343
09819667	09818343
09819860	00004475
09820044	10015897
09820263	09613191
09821086	10631941
09821253	09633969
09821831	09815790
09822955	09761403
09823287	10483530
09823502	10237069
09824135	10379758
09824361	09617867
09824609	00007846
09825096	09824609
09825413	00007846
09825519	09606527
09825750	10521100
09826074	09821253
09826204	10605985
09826605	09826204
09826821	10024119
09827363	10129825
09827683	09918248
09828403	00007846
09828600	00007846
09828760	10632576
09829798	10077593
09829923	10287213
09830194	10101634
09830400	10253995
09830629	10176111
09831411	09855630
09831731	09831962
09831856	00007846
09831962	00007846
09833441	09917593
09833896	00007846
09833997	00007846
09834378	10101634
09834699	09989502
09835348	10605985
09835506	09820263
09835506	10439851
09836160	00007846
09837201	09952539
09837360	09952539
09837459	10340312
09837824	10090020
09839167	10351874
09840050	09765278
09840217	09882007
09840639	09807754
09840963	10249950
09841188	10053808
09841515	09931640
09842047	09820263
09842823	10373998
09843443	09815790
09843443	10285313
09843602	00007846
09843824	10415638
09843956	09835506
09844770	10372373
09845401	00007846
09845589	09821253
09845849	09957834
09845999	09974648
09846265	00007846
09846755	10078806
09847010	10409011
09847727	09628382
09848110	09847727
09848285	10016103
09848489	10677713
09849012	10129825
09849598	09622302
09850121	09627906
09850457	00007846
09850974	10055847
09851165	00007846
09851876	10118844
09852081	09851876
09852679	10557854
09852826	10720453
09853184	09875353
09853305	10640620
09853645	10402086
09853881	10200781
09854510	09632518
09854708	10129825
09854915	09913824
09855433	10794014
09855630	10560637
09856671	00007846
09856827	10515194
09857007	09629246
09857200	10470779
09857852	00007846
09858299	09977660
09859557	10791221
09859684	09632518
09860415	00007846
09860506	00007846
09860940	10773126
09861059	09821253
09861287	00007846
09861395	10582746
09861718	09998101
09861946	09632518
09862183	10294602
09862345	10559288
09862845	00007846
09863031	09614684
09863238	10582154
09863339	10523076
09863749	10503452
09863936	09945319
09864536	00007846
09865398	10609325
09865954	09777353
09866661	10707804
09866922	09977660
09867154	09620078
09867437	09631463
09867956	10054657
09868157	10677713
09868270	09855630
09869171	10226803
09869830	09610405
09870208	09939313
09871095	09870208
09871229	10285313
09871364	09622302
09871364	10287213
09871681	10563183
09872066	10047459
09872557	09713501
09872782	09807754
09873242	10317007
09873348	09939313
09873604	10498551
09874260	09977660
09874862	09821831
09874862	10787470
09875188	09875353
09875188	09935434
09875353	09894654
09875786	09610660
09875979	09875786
09875979	10224578
09876701	10112129
09877443	10350220
09877587	10633450
09877856	00007846
09877951	10112591
09878702	10287213
09879144	10448983
09879297	09821253
09879552	10184081
09879616	09879297
09879744	10202363
09880338	09843956
09880427	10372373
09880741	10707804
09881748	09953775
09882007	09882716
09882716	09609232
09883452	00007846
09883740	09917593
09884133	10605985
09884391	10309896
09884666	10752480
09884815	09939313
09885145	09984659
09885416	10557854
09885676	10307234
09885866	10790192
09886010	10320863
09886220	10753546
09886403	09821831
09886540	10722385
09886807	09700492
09887034	09617867
09887496	09682291
09887496	10541229
09887850	10757193
09888832	09851876
09889065	10485440
09889170	10605985
09889346	10350896
09889539	10426749
09889691	10450303
09889941	10744164
09890296	10485440
09890749	00007846
09891079	10553402
09891470	09861946
09891730	10631941
09892262	09957156
09892693	10433164
09892831	09943541
09893015	10448983
09893191	09943239
09893502	00015388
09893600	10052843
09894143	09857200
09894654	10439851
09894909	09894654
09894909	09955015
09895222	10480253
09896170	10400998
09896401	10599806
09896520	10628644
09896826	09979072
09897350	09469285
09897350	10199783
09897696	09629752
09898215	10127555
09898346	10029068
09898892	00007846
09899289	00007846
09899782	10752093
09899929	10510339
09900153	10139347
09900153	10787470
09900499	10257948
09900981	09605289
09901143	10205457
09901642	10677271
09902353	10622053
09902954	00007846
09903153	10200781
09903501	10340312
09903936	00007846
09904556	09842047
09904837	09605289
09905050	10768585
09905530	10129825
09906538	09614684
09906704	10533013
09906848	10474645
09906986	10164747
09907196	10164747
09907919	09917593
09908025	09624168
09908273	09614684
09908508	09927451
09909060	09605289
09909760	10004804
09910222	10035430
09910374	00007846
09911051	10515194
09911570	10630188
09911849	10407310
09912243	09853645
09912765	09772029
09913110	09821831
09913329	10633450
09913593	10677713
09913824	10560637
09915964	09612848
09916209	09893015
09916788	10225219
09917214	10317007
09917345	10360747
09917593	09622049
09918248	10373998
09918867	09917593
09918867	10479783
09919297	10632576
09919451	10129825
09920106	09623038
09920283	09614315
09920771	10599806
09920901	09989502
09921034	09991867
09921409	10752480
09921673	00007846
09921792	10705615
09922799	10372373
09923418	09610405
09923673	09625401
09924540	09615807
09924996	10515194
09925592	09607280
09926088	10248711
09926246	10340312
09926656	10191192
09926862	10708454
09927089	10241300
09927305	10592152
09927451	09505153
09928136	09927451
09928451	10053808
09928845	09621545
09929298	09820263
09929577	10462860
09929770	09955015
09930102	09974648
09930257	10518194
09930464	00007846
09930876	09940146
09931165	10100761
09931267	00007846
09931418	10694258
09931640	10722575
09933020	09877951
09933098	10284064
09933411	09762101
09934921	10605985
09935233	10105085
09935434	09816771
09935793	10722965
09936362	09632518
09936620	00007846
09936825	10129825
09936892	09937056
09937056	10665698
09937250	09943239
09937489	10508475
09937688	10523519
09937903	10107303
09938080	10625546
09938272	10622053
09938672	10391653
09938991	10200781
09939154	10224578
09939313	00007846
09939827	10433164
09940146	10415638
09940725	09765278
09940818	09940146
09940987	09940725
09941172	10485440
09941383	09623038
09941571	09943541
09941964	10317007
09942275	10582746
09942431	10794014
09942871	10026553
09942970	10317007
09943239	09942970
09943541	09942970
09943811	09770472
09944022	10307234
09944160	10307234
09944529	10197967
09944763	10307234
09945021	09943541
09945319	10618848
09945603	10450303
09945905	10112591
09946278	09629752
09946957	10794014
09947127	00007846
09947232	10339966
09949946	10475297
09951070	09951274
09951070	10560637
09951274	00007846
09952163	09624559
09952393	10323752
09952539	10339966
09953178	09931640
09953615	10628222
09953615	10677713
09953775	09953615
09953775	10622053
09953965	09610660
09954479	09610660
09954639	10112591
09954879	09955015
09955015	09998101
09956387	09824361
09956578	10752930
09956780	10072708
09957013	10018021
09957156	09605289
09957614	09957156
09957834	10018021
09958724	10640620
09958892	09977660
09959258	10448983
09959387	09774783
09960315	00007846
09961198	10599806
09961605	10595647
09961999	10630188
09962414	00007846
09962612	10249950
09962789	10311021
09962966	10476086
09963320	10605985
09963773	09974648
09963914	10383237
09964411	00007846
09964659	10044879
09964805	10053808
09965134	10787470
09966255	10069645
09966470	10677713
09966710	10224578
09966941	10435367
09968128	10720453
09968259	09972157
09968549	09620078
09968845	09774266
09969491	00007846
09969718	10763383
09969869	10527334
09970088	00007846
09971839	09821831
09972010	10235549
09972157	09614315
09972661	10506544
09973209	09972661
09973422	09972661
09973490	09991026
09974054	10148305
09974496	10042845
09974648	10605985
09975425	09614315
09975933	10665698
09976119	00007846
09976283	10276764
09976429	00007846
09976728	00007846
09976917	09631463
09977326	09820263
09977520	10411551
09977520	10533983
09978442	10631941
09978697	10629647
09978889	00007846
09979072	09631463
09979321	10066732
09979589	10480253
09980090	10599806
09980275	10253995
09980458	10207831
09981540	09995398
09981834	10363913
09982152	10193967
09982370	10099375
09983572	09927451
09983889	09984298
09984298	09614684
09984659	09612848
09985279	10605985
09986189	10411163
09986532	09631463
09987239	10628644
09987696	09786585
09987927	10707804
09988063	10080869
09988703	10197967
09989168	10282482
09989290	10787470
09989502	10415638
09990415	00007846
09990777	09989502
09990777	10694258
09990904	09935434
09990904	09990415
09991026	10287213
09991530	09606009
09991867	09622302
09992538	09945905
09993252	10197967
09994119	09993901
09994943	00007846
09995398	09621545
09995573	09761068
09995573	09998101
09996481	00007846
09996920	09894143
09997212	00007846
09997404	09615465
09997622	00007846
09998101	09633969
09998907	09812338
09999135	10009671
09999532	09997622
09999795	10419472
10000007	00007846
10000294	09960688
10000616	00007846
10000787	10522035
10001058	00007846
10001217	10053808
10001481	10450303
10001882	10485440
10002031	09774783
10002760	10515194
10003120	10694258
10003283	09615465
10004282	10305802
10004539	10314952
10004804	09627906
10005280	09815790
10005548	10249459
10005721	09777353
10006337	10076307
10006511	10235549
10006842	09633969
10007109	10502046
10008123	10317007
10008388	09977660
10008716	09831962
10009276	10448983
10009484	10215623
10009671	09986532
10010864	10042300
10011074	10632576
10011486	10801291
10011785	10009276
10011902	10541229
10012244	10630188
10012377	00007846
10012484	10631941
10012713	09974648
10012989	10241300
10013114	10599354
10013242	10042300
10013614	10053808
10013927	10372373
10014658	09624559
10014939	09770949
10015215	10676877
10015897	09625789
10016103	10099375
10016954	00007846
10017272	09875786
10017422	10053808
10017794	10677271
10018021	00007846
10018532	10018021
10019406	10683349
10019552	10072708
10019888	00007846
10020031	10756433
10020366	10787470
10020890	10305802
10021892	10557854
10022111	10705615
10022759	09998101
10022908	10376523
10023039	09908025
10023656	10402086
10024119	10582154
10024621	10470779
10025060	09927451
10025487	10789118
10025730	09608709
10026058	09608709
10026553	10150071
10026763	09927451
10026763	13950812
10026976	10723300
10027246	00007846
10027590	09998101
10028765	10582746
10029068	09812338
10029269	10605985
10030277	10794014
10032342	10409752
10032524	09624980
10032676	09616922
10032884	10630188
10033082	09815790
10033225	00007846
10033412	10120816
10033663	00007846
10034201	09612848
10034614	09612848
10034785	10630188
10034906	10378412
10035430	09632518
10035809	10241300
10035952	09768830
10036266	00007846
10036929	10415037
10037080	10034201
10037385	10034201
10038620	10412910
10038778	10271677
10038929	09773245
10039164	09908273
10039391	10599354
10039663	10667187
10040344	10613505
10040617	00007846
10040789	10527334
10040945	09767197
10041195	10632576
10041373	10412910
10042300	09612848
10042690	10165448
10042690	10617193
10042845	09606527
10043163	09855630
10043643	10619642
10044470	10553627
10044682	00007846
10044879	10605985
10045454	10631941
10045713	10480253
10046527	00007846
10047199	10576962
10047459	09631463
10047822	09804806
10048001	10630188
10049017	09615807
10049363	10605985
10049896	10707233
10050432	10378412
10050712	00007846
10050880	10380672
10051337	09998101
10051337	10707804
10051975	10314952
10052497	10541229
10052843	00007846
10053004	10628644
10053439	10053004
10053808	09632518
10054657	09623038
10055085	10625860
10055297	10370381
10055410	10787470
10055566	09946957
10055730	00007846
10055847	09773245
10056103	09767197
10057271	10597234
10057714	10378412
10058155	10605985
10058411	00007846
10058585	10058777
10058777	10582746
10059162	00007846
10059323	10632576
10059582	10677713
10059904	10806222
10060175	09629752
10060352	09882716
10060621	10515194
10061656	09629246
10062042	09964411
10062996	09993901
10063177	10280674
10063461	09821831
10064046	10287213
10064405	10794014
10065066	10423589
10065547	00007846
10065758	09796323
10066452	10287213
10066732	09824361
10067011	10464178
10067305	09505153
10067600	09815790
10068234	10207831
10068804	10708454
10069120	09624980
10069296	10415638
10069427	10231087
10069645	09770949
10069869	10317007
10070563	10593745
10070942	09950457
10071139	10103485
10071332	09757653
10071557	10423589
10072054	10625860
10072708	00007846
10073992	10044879
10074339	10231087
10074578	10020890
10074841	00007846
10075299	10633450
10075529	10345804
10075693	09815790
10075899	00007846
10076033	10122645
10076307	09682291
10076307	10546850
10076778	00007846
10076957	09998101
10077593	10099375
10078131	09771435
10078806	09614315
10079210	10079399
10079399	10176679
10079893	10531227
10080337	00007846
10080508	10350896
10080869	10399491
10081670	10287213
10082146	10247044
10083823	09807754
10084043	09619168
10084043	09918248
10084295	09619168
10084635	10515194
10085101	10720453
10085217	09939313
10085548	10419047
10085736	10388440
10086074	00007846
10086821	10296176
10087080	09943239
10087434	09939827
10087736	10266848
10088200	10088390
10088390	10480018
10089484	10564098
10089484	10648696
10089615	09998101
10090020	09609232
10090498	09626589
10091012	10206173
10091564	10148305
10091651	09614684
10092098	10091651
10092098	10372373
10092299	10770059
10092488	10205457
10093396	00007846
10093658	10605985
10094584	09943541
10094782	10638385
10095061	10622053
10095420	10129825
10095869	10099375
10096126	10100761
10096217	09629752
10097477	10273064
10097842	09815790
10097842	10084295
10098092	10099375
10098245	10340312
10098710	10533013
10099375	00007846
10100124	09629752
10100620	10292316
10100761	10599354
10101427	10372076
10101634	09820263
10101634	10439851
10102800	09792555
10103485	09629752
10104592	10228278
10104756	10078806
10105085	09998101
10105359	09998101
10105462	10102506
10105733	09842047
10106080	09917593
10106752	09614684
10107303	10383816
10108089	10315561
10108719	10677713
10109662	00007846
10110421	09632518
10111144	09876892
10111358	10677713
10111903	10518602
10112129	10518602
10112591	00007846
10113072	10434424
10113362	10253995
10113583	09998101
10113753	10533013
10113997	10577284
10114550	10173895
10114897	09977660
10116246	10677713
10117017	10059582
10117267	10794014
10117511	00007846
10117739	00007846
10117851	10129825
10117957	09620078
10118382	09623038
10118587	10605985
10118844	00007846
10119200	09606009
10119609	10129825
10120085	09977660
10120330	10162507
10120671	10053808
10120816	10351281
10121246	10231087
10121800	10020890
10121952	10213652
10122128	00007846
10122300	00007846
10122645	10182913
10123711	10287213
10123844	10125786
10125561	10162991
10125786	09943239
10126009	10020890
10126177	10284064
10126424	09855630
10126806	09792555
10126926	09621545
10127555	09617867
10127689	10560637
10128519	10127689
10129133	10247044
10129338	10129825
10129585	10605985
10129825	10787470
10131268	10527334
10131515	10154186
10132145	09974648
10132641	10079399
10132988	10042300
10133458	09633969
10133644	09777353
10134001	10179291
10134001	10618342
10135297	10040945
10135709	09767197
10135953	10197967
10136615	10221956
10136959	10439851
10138242	10138767
10138369	00007846
10138767	00007846
10139347	09610660
10140051	09939313
10140314	10451263
10140783	09979321
10141364	10264437
10142391	10143172
10142747	10143172
10143172	10102369
10143595	09627906
10143725	00007846
10147262	00007846
10147619	00007846
10148165	09821831
10148305	09631463
10149128	10630188
10149436	00007846
10149527	10407954
10149867	10229498
10149867	10249459
10150071	09614684
10150281	09842047
10150556	10768585
10150794	00007846
10150940	10757193
10151570	09623038
10151760	10340312
10152083	10338707
10152440	10615334
10153155	09867956
10153414	10287213
10154013	10632576
10154186	09673495
10154601	09632274
10154871	10481268
10155222	10481268
10155222	10702781
10155849	09974648
10156629	09682291
10156629	10020890
10157744	10100761
10158010	09765278
10158756	00007846
10159714	10380672
10159852	10541229
10160012	09821253
10160412	09624559
10160624	10340312
10160770	10340312
10160913	10605985
10161047	10340312
10161178	10716005
10161363	10079399
10161695	10384772
10161867	09815790
10162194	00007846
10162354	10284064
10162354	10309896
10162507	09960688
10162780	10036266
10162991	09623038
10163723	10415638
10164025	09623038
10164233	10474645
10164605	10162991
10164747	10522035
10165109	10480253
10165448	09626589
10165673	09626589
10166394	09625789
10166626	10166394
10166762	10791221
10167565	10731244
10168012	10524413
10168183	09629246
10168584	09627906
10169419	10731244
10169678	09939313
10169796	10294602
10169937	10200781
10170359	09792237
10170598	10640620
10170989	10595647
10171219	10311021
10171567	10176679
10171755	10386312
10172080	09857007
10172448	10270628
10173410	10787470
10174148	10241300
10174695	09730533
10175090	09807754
10175507	10180923
10176111	10412055
10176475	10515194
10176679	10241300
10177014	09610660
10178216	10335931
10178611	10553627
10178917	10412055
10179291	09820263
10179291	10439851
10179649	10576962
10180178	10389398
10180580	10351874
10180923	10707804
10181137	10053004
10181990	10024119
10182499	10389398
10182913	00007846
10183157	00007846
10183556	10034906
10183757	09627906
10184081	09977660
10184290	06245816
10184290	10471250
10184822	10287213
10184946	00007846
10185148	00007846
10185793	10529965
10186216	09972661
10186350	09617867
10186774	10408324
10187842	10476671
10187990	09770949
10189278	10020890
10190516	10577284
10190745	00007846
10190871	10307234
10191001	00007846
10191192	10557854
10191388	09774783
10191613	09608709
10191943	09616922
10193026	10605985
10193967	10640620
10194566	10379376
10195261	10488865
10195593	09998101
10196965	10756641
10197392	09774783
10197525	10599354
10197967	09626031
10198437	10648696
10198602	10166394
10198832	09622302
10198958	09632274
10199103	10198958
10199251	09623038
10199251	09682291
10199783	00007846
10200531	10103485
10200781	09605289
10201535	09998101
10202363	09632274
10203298	10164025
10203682	10025730
10203949	10307234
10204177	09882007
10204921	10622053
10205344	09994943
10205985	09610660
10206173	10205985
10206887	10557854
10207169	10235549
10207831	10630188
10208189	10476671
10208287	10207831
10208950	10317007
10209082	09623038
10209246	10731244
10209616	09815790
10209731	09777012
10209888	00007846
10210137	10515194
10210137	10527334
10210648	10631941
10211203	10020890
10212338	10013927
10212501	09624559
10212780	00007846
10213034	10402824
10213180	10524413
10213319	10207831
10213429	00007846
10213652	09631129
10213652	10060175
10214062	10213652
10214230	10595647
10214637	09614315
10216106	09609232
10216403	10478960
10217038	09774783
10217436	09620078
10217684	09774783
10217831	10241300
10218043	09786338
10218043	10665698
10218989	10677713
10219121	09977660
10219879	00007846
10220486	10340312
10221040	10322238
10221312	09930876
10221520	10518602
10221656	00007846
10221777	10309896
10221956	10284064
10222353	10325243
10222497	10018861
10223744	09610405
10224098	09940146
10224578	10794014
10225219	09769636
10225219	10372373
10225787	10644839
10225931	09942970
10226060	09942970
10226556	10461424
10226803	09820263
10226993	00007846
10227266	00007846
10227985	09617867
10228278	10396106
10228592	10225219
10229034	10468962
10229193	10433164
10229498	09614684
10229721	10034906
10230580	10101634
10230736	09917593
10230801	09609561
10230801	09977660
10231087	00007846
10231515	10628644
10233445	10231515
10234340	10231515
10234867	10231515
10235024	10533013
10235549	00007846
10236304	10235549
10236521	10235549
10236663	10235549
10236842	00007846
10237069	10235549
10237196	09622302
10237935	10667187
10238272	00007846
10238375	10285135
10239761	00007846
10239928	09853881
10240082	00007846
10240514	09606527
10240715	10340312
10240921	10776339
10241024	09815790
10241300	10791221
10242032	09623038
10242328	10450303
10242439	10791221
10242791	10083823
10244913	09770949
10245341	10363913
10245507	09620078
10245639	10180178
10246395	09630641
10246703	09617867
10246913	10707804
10247044	00007846
10247358	10129825
10248198	10256756
10248542	09679316
10248711	09610660
10248876	00007846
10249270	09623038
10249459	09614684
10249950	10480253
10250527	09610405
10251329	10197967
10252075	10180178
10252075	10700201
10252222	10045713
10252354	09927451
10252547	10630188
10252674	10099375
10252921	10435988
10253122	00007846
10253995	10249270
10253995	10451263
10254392	10216106
10254761	10059904
10254965	10182913
10255096	10388924
10255567	10503452
10256080	09946957
10256080	10264437
10256537	09998101
10256756	09605289
10257524	09774783
10257647	09831962
10257948	10480253
10258152	10794014
10259348	09943239
10259527	09943541
10259780	09937250
10259997	09943541
10260166	10125786
10260473	09943541
10261041	09962966
10261388	10294602
10262183	00007846
10263411	10101634
10264219	00007846
10265070	09903153
10265532	10086074
10265801	10630188
10266016	09979589
10266328	00007846
10266848	10402824
10267166	10612210
10267941	09824361
10268180	09620078
10268299	00007846
10268629	10418841
10269289	10648237
10269458	10700201
10269785	09617867
10270232	09993252
10270628	09619824
10270878	00007846
10271216	10770059
10271525	00007846
10271677	10285135
10272171	09886010
10274318	10731244
10274815	10736602
10275249	09730533
10275395	10677713
10276045	10241300
10276477	10693824
10276764	10595647
10277352	10763725
10277638	10340312
10277912	10794014
10278128	10332385
10278263	09991026
10278666	00007846
10278805	10450303
10279018	09974648
10279540	09991867
10280130	09812338
10280674	10415638
10280945	10225219
10281546	10625860
10282482	10129825
10282920	00007846
10283037	10001217
10283170	09943239
10283663	10125786
10284064	09614315
10284965	00007846
10285135	09807754
10285313	09624168
10285762	09633969
10285938	09624168
10285938	09918248
10286282	09623038
10286539	10608385
10286855	10284064
10287082	10345100
10287213	09605289
10287213	09624168
10289039	00007846
10290422	10438172
10290919	09845999
10291110	00007846
10291240	09815790
10291730	00007846
10292052	10529231
10292192	10582154
10292316	10284064
10292824	10150556
10293172	09821253
10293332	10412055
10293590	10242791
10293861	10271677
10294139	10582746
10294421	09615807
10294602	10546633
10294953	10593115
10295951	10249459
10296444	09824135
10296618	10752093
10296832	10752093
10297367	10419047
10297531	09974648
10297655	10557854
10297983	10427764
10298647	10054657
10299250	09616922
10299700	00007846
10300154	10112591
10300303	00015388
10301261	10560637
10303513	09939313
10303814	10451263
10304160	10129825
10304383	00007846
10304505	10222497
10304914	10136959
10305062	10782940
10305192	09631129
10305635	10305802
10305802	10165109
10306279	10488309
10307114	09632518
10307234	09816771
10308066	00007846
10308275	10307234
10308394	10307234
10308504	10251779
10308732	10605985
10309347	10630188
10309896	09882716
10310516	10100761
10311021	09629752
10311661	10787470
10311823	00007846
10312077	09615807
10312287	10631941
10313580	09855630
10313872	10560637
10314182	00007846
10314703	09886540
10314952	09629752
10315561	10542888
10315837	10515194
10316013	09605289
10316164	09774266
10316164	10317007
10316527	09908508
10316862	09623038
10317007	10582746
10317500	10249459
10318193	10129825
10318193	10318293
10318293	10791221
10318414	10380126
10318892	09765278
10319580	10280674
10319796	10241300
10320863	10069645
10321126	09983572
10321474	10415638
10321754	00007846
10321882	10148305
10322238	09606527
10322391	09623038
10322391	09998101
10322546	00007846
10322957	10694258
10323752	09622745
10323752	10787470
10324357	09772029
10324560	09815790
10324851	09623038
10325243	10324851
10325549	10325243
10325656	10325243
10325774	09614315
10325957	10034201
10326087	09624559
10326551	00007846
10327475	09977660
10327583	09991867
10327824	10531227
10327987	09686536
10328560	10197525
10328941	00007846
10329337	10576962
10329789	10470779
10329945	09631463
10330189	09847010
10331841	10605985
10332385	10399491
10333165	00007846
10333317	10332385
10334101	10034906
10334567	09606009
10334567	09929298
10334782	09998101
10335246	09630641
10335563	00007846
10335801	10638385
10335931	09629752
10336234	10791221
10336411	10633450
10336537	10009671
10336904	10411551
10337488	09619824
10337789	09682291
10337913	10557854
10338094	10241300
10338498	10391653
10338707	09977660
10338707	10231087
10339350	09879297
10339504	10708454
10339966	09812338
10340312	10415638
10341446	10204921
10341660	00004475
10341955	00007846
10342180	10210137
10342543	10630188
10342770	10410668
10343554	09847727
10344656	10201535
10344774	00007846
10344922	00007846
10345015	10142747
10345100	10229498
10345100	10787470
10345659	10206173
10345804	10630188
10346015	09774783
10346198	09623038
10346514	09855630
10347446	10347593
10347593	10317007
10347883	10072708
10348526	09861395
10349243	09615465
10349551	10349243
10350220	10079893
10350896	10423589
10351281	10284064
10351625	00007846
10351874	09610660
10352299	00007846
10353016	09827683
10354265	10632576
10354898	10595647
10355142	00007846
10355306	09774783
10355449	10363913
10355806	10677713
10356213	10592152
10358575	10018021
10359759	10765679
10360101	10484526
10360747	10317007
10361060	00007846
10361296	00007846
10361390	00007846
10361525	00007846
10362195	10515194
10362319	00007846
10362428	09609871
10363149	10372373
10363445	09626589
10363573	10794014
10363913	09632274
10364643	10428004
10365399	00007846
10365846	09867437
10365846	10419630
10365984	09774783
10366145	10787470
10366484	09545324
10366779	09936620
10366966	10165109
10367409	00007846
10368009	10518602
10368113	10013927
10368414	10042845
10368920	09861946
10369317	10340312
10369417	09998101
10369699	10632576
10369955	10582746
10370381	00007846
10371450	10180178
10371450	10372373
10371741	10294602
10372076	09769636
10372373	10605985
10373801	10372373
10373998	10235549
10374282	10633450
10374849	09840217
10375506	10287213
10375506	10376523
10375690	09867956
10375794	10280130
10375794	10391653
10376523	09605289
10376890	10375506
10377021	10376523
10377021	10787470
10378026	10633450
10378290	10599806
10378412	00007347
10378780	09882007
10379073	10632576
10379376	10576962
10379620	09613191
10379758	09631463
10380126	00007846
10380305	10631941
10380672	10630188
10381214	09928136
10381369	10383237
10382825	10340312
10383237	10708454
10383505	10738515
10383816	09614315
10384214	10806222
10384392	09917593
10384496	00007846
10384772	09681351
10385707	00007846
10386196	09617867
10386312	09630641
10386515	00007846
10386618	00007846
10387196	10386984
10387324	10435988
10387586	10386984
10387712	10120816
10388732	10676877
10388924	09882007
10389398	00007846
10390199	09605289
10390427	10791221
10391653	09812338
10393909	10605985
10394141	10271677
10394786	10560637
10395073	10335246
10395209	10105462
10395390	00007846
10395605	10794014
10396106	09979321
10397001	09974648
10397482	10226993
10398624	09815790
10398806	10488865
10399130	09928136
10399299	00007846
10400618	09777353
10400998	10191943
10401331	09964411
10401639	10401829
10401829	09816771
10402086	09774783
10402285	09774783
10402417	00007846
10402824	00007846
10403162	10450303
10403366	10129825
10403876	09629752
10404242	09834378
10404426	10665698
10404550	00007846
10404672	10412055
10404998	10791221
10405694	09898892
10405694	10595647
10406072	09700964
10406391	10102800
10407552	10770059
10407726	09984659
10407954	09608709
10408324	10388924
10408552	09614684
10408552	10547145
10409011	10453357
10409634	09627906
10409752	09624980
10410246	10622053
10410440	09917593
10410668	10544232
10410815	09631463
10411163	10529965
10411356	10557854
10411551	10577284
10411867	10419047
10412055	09629752
10412910	10271677
10413276	10412910
10413834	09628382
10414612	09850121
10415037	10340312
10415230	09950457
10415638	09616922
10416364	10129825
10416828	09886220
10417168	09633969
10417682	00007846
10418101	00007846
10418302	10418101
10418735	00007846
10418841	09610660
10419047	10522324
10419472	10604634
10419630	10716005
10420031	09607280
10420277	10228278
10420809	10360747
10421016	10541229
10421183	09681351
10421470	10165109
10421753	10421470
10421956	10025730
10422405	09936620
10422540	10677713
10422871	09620078
10423225	10191192
10423589	10557854
10425946	00007846
10426454	10264437
10426749	09812338
10427658	09620078
10427764	10707233
10428004	10560637
10429965	09855630
10430665	10340312
10431122	10284064
10431330	09636339
10431330	09917593
10431514	10079399
10431625	00007846
10432532	09847727
10432957	10677713
10433164	09826204
10433452	10294602
10433737	09633969
10434160	09843956
10434160	10671042
10434424	10583387
10434725	10383816
10435041	10340312
10435251	09923418
10435367	10443170
10435716	00007846
10435988	09835506
10435988	10709529
10437014	09800964
10437262	10707804
10437698	09620078
10437852	10266848
10438042	10605985
10438172	00007846
10439629	09774783
10439851	09613191
10440580	00007846
10440717	10633450
10441037	09945905
10441251	09610405
10441694	09605289
10442232	09993252
10442417	10154601
10442815	10079399
10443170	10707804
10444194	10794014
10448983	10249459
10450303	09623038
10451263	09623038
10451590	10207831
10451858	09831962
10452260	10640620
10452752	10287213
10452892	10470779
10453357	09630641
10453533	09505153
10453533	09679925
10454752	09610660
10454972	09884391
10455094	10593745
10455447	10241300
10455619	10391653
10455915	10070711
10456138	09625789
10456696	10557854
10456950	09917593
10457444	09814660
10457597	09927451
10457777	00007846
10458111	10708454
10458834	10372373
10460286	10072708
10460806	09974648
10461169	00007846
10461424	00007347
10461747	10461424
10462429	09767197
10462860	10480253
10463028	10225219
10463714	10731244
10463943	10630188
10464178	09927451
10464542	10694258
10465248	09812338
10465451	10353016
10466060	09917593
10466198	09774783
10466918	00007846
10467179	10164747
10467395	10164747
10468559	09966255
10468750	09758885
10468962	10469346
10469346	09623038
10469611	10490699
10470779	09927451
10470779	13950812
10471250	09505153
10471948	10020890
10472129	10144838
10472274	10332385
10472447	10040344
10472799	09807754
10474064	09807754
10474446	10090020
10474645	10045713
10474950	09633969
10475297	10605985
10476086	09630641
10476671	10009484
10476928	09977178
10477077	09870208
10477585	09977660
10478626	10000616
10478960	10676877
10479135	09880427
10479493	10433737
10479561	09612848
10479783	10126926
10480018	09614315
10480253	09605289
10480583	09820263
10480730	09759069
10481003	09609232
10481268	09615807
10481268	09951274
10482054	09610660
10482220	09773962
10482921	09610660
10483138	09610660
10483530	10020031
10483799	10483530
10483890	09628382
10484526	10383816
10484739	00007846
10484858	10249950
10484858	10372373
10485440	10787470
10486349	09608709
10486561	10317500
10486679	10213652
10487182	09632518
10488016	10632576
10488309	10370381
10489426	10488865
10489944	10707233
10490141	10595647
10490421	09841188
10490699	09610660
10491309	10480253
10491575	10388924
10492202	09632518
10492894	09772029
10493093	10191943
10493685	10415638
10494935	10100124
10495167	00007846
10495421	10335931
10495555	09977660
10495555	10721470
10495756	10213652
10495975	00007846
10496193	09993252
10496393	10100761
10497202	10020890
10497202	10334782
10497373	10332385
10498046	09614047
10498422	09615465
10498551	09632518
10498699	00007846
10498816	09830194
10499355	10083823
10499631	10499355
10499857	10083823
10500942	10299250
10501203	10284965
10502046	00007846
10502329	09505153
10502576	10034906
10502950	09853645
10503247	09977660
10503452	00007846
10504206	10632576
10505206	10241300
10505942	10257647
10506220	10412055
10506417	10078806
10506544	10176679
10506762	10622053
10506915	09942970
10507070	10630188
10507230	09821253
10507230	09977660
10508475	09957156
10508710	10557854
10508862	10266328
10509161	10423589
10509389	10391653
10509605	00007846
10509810	09777012
10510078	10509810
10510339	10708454
10510546	09997404
10511069	10569744
10511239	09633969
10511425	09977660
10511960	10225219
10512201	10355449
10512372	10058585
10512562	10372373
10512708	10677271
10512982	00007846
10513120	10044879
10513509	10317500
10513623	09624980
10513823	00007846
10514121	09765278
10514429	10372076
10514784	10605985
10514962	10605985
10515194	09615465
10516016	10071332
10516294	09944160
10516527	10366966
10516692	00007846
10516874	10372373
10517826	10372373
10518349	00007846
10518602	09628382
10519494	09623038
10519494	09628382
10519984	10336234
10520804	10388924
10521100	10308732
10521470	00007846
10521662	09610660
10522035	10351874
10522324	09633969
10522633	10450303
10523076	10560637
10523341	10622053
10523519	09620078
10524973	00007846
10525134	00007846
10525436	10018861
10525436	10309896
10525617	09626031
10525878	10372373
10526096	09902954
10526300	10034201
10526534	00007846
10526927	09979321
10527334	10503452
10528493	10794014
10528816	10340312
10529231	00007846
10529965	09629752
10530769	09974648
10531109	09815790
10531227	09957156
10531557	10027246
10531694	10129825
10532058	10731244
10532576	00007846
10533013	09613191
10533983	09610660
10534389	09979072
10535706	09772029
10536134	09615807
10536416	10599806
10536728	10753546
10536897	10526096
10537240	10053004
10538154	00007846
10538272	09974648
10538629	09974648
10538733	09972661
10539160	10129825
10539715	09631463
10540114	10448983
10540656	00007846
10541106	10633450
10541229	00007846
10542888	09820263
10543057	10533013
10544232	09610405
10544748	10008716
10546633	10605985
10546850	10138767
10547145	09505418
10548227	10548681
10548419	10548681
10548537	10548681
10548681	10053808
10549510	10522759
10549925	09998101
10550090	10411551
10550551	09684609
10550551	09847010
10551576	09809538
10551751	09809538
10552486	10016103
10552980	10419047
10553235	10412055
10553402	09627462
10553627	10389398
10553805	09608709
10554243	10340312
10554455	09632518
10555059	10139347
10555679	09781504
10556518	10438172
10556953	10599354
10557246	10309896
10557404	10221040
10557699	10330189
10557854	09621545
10559288	10804406
10560352	10694258
10560637	00007846
10561320	09631463
10561613	10042300
10562283	10276045
10562391	10439851
10562749	09617867
10562968	10512708
10563183	10084295
10563183	10285313
10563711	00007846
10563826	10791221
10564098	09765278
10564224	10150071
10564660	10224578
10564800	10608385
10565302	10067968
10565502	10067968
10566072	09812338
10567172	10294602
10567401	10372373
10568200	10205457
10569179	00007846
10569411	09777353
10569744	09815790
10570019	10162991
10574154	10622053
10575089	10257647
10575594	00007846
10575787	00007846
10576071	09626589
10576316	09853645
10576962	09631463
10577284	10309896
10577820	10264437
10578021	10533013
10578162	10665698
10578471	10253995
10578762	09610660
10579676	00007846
10579835	10490699
10580030	09774783
10580772	10360747
10581094	10371450
10582154	09632518
10582746	10605985
10583250	09821831
10583790	09928451
10583916	10351874
10584021	10025730
10584318	10351281
10584729	10129825
10584853	00007846
10585077	00007846
10585496	10628644
10586265	10230801
10586674	09633969
10586998	10677713
10587227	10791221
10587378	09821253
10587605	10171567
10588357	10541229
10588724	09632518
10589243	10787470
10590339	09882716
10590977	09831962
10591949	10285313
10591949	10548227
10592049	10129825
10592049	10548227
10592152	10309896
10592397	09984659
10592595	09777353
10593115	09617867
10593745	09865954
10594043	00007846
10594284	09713501
10594408	10412055
10595164	10235549
10595361	10483530
10595647	09630641
10596348	09815790
10596689	10718131
10596899	09610660
10597091	10596899
10597091	10722758
10597234	00007846
10598749	10221956
10599354	00007846
10599806	10340312
10601078	09633969
10601526	10285135
10602470	10368009
10603528	09614047
10603959	00004475
10604180	00007846
10604275	10665698
10604491	09820263
10604634	09621545
10605848	09939313
10605985	09632518
10607478	09879297
10607933	10024119
10608385	10197967
10608803	10178216
10609092	09821253
10609198	10612210
10609325	00007846
10609556	09632518
10610333	09820263
10610465	10524973
10610850	10544748
10610850	10641755
10610850	10702781
10611361	10610465
10611541	00007846
10611613	10009484
10612210	10761693
10612373	10482921
10612518	10720453
10612803	00007846
10612931	10197967
10613387	10078806
10613505	00007846
10613996	10787470
10614225	00007846
10614363	00007846
10614629	10605985
10614812	10605985
10614976	09612848
10615179	10195593
10615334	09977660
10615808	10193026
10616204	10707804
10616379	09631463
10616578	00007846
10616670	00007846
10616779	00007846
10617904	00007846
10618007	00007846
10618342	09820263
10618342	10439851
10618685	10740868
10618848	10450303
10619176	10618848
10619492	00007846
10619642	10560637
10620758	10619642
10621400	10307234
10621514	10419047
10622053	10058777
10623175	10249950
10623354	10420031
10623650	10340312
10624074	10285938
10624310	10599806
10624540	09947232
10625285	09605289
10625546	10599806
10625860	10370381
10626194	10471250
10626540	10625860
10626722	00007846
10626867	09928451
10626994	10129825
10627349	00007846
10627899	09631129
10628222	09738708
10628368	09953775
10628644	10164747
10628644	10541229
10629020	10078806
10629647	09738708
10630188	09811712
10631941	09617867
10632576	10020890
10633298	09621545
10633450	09626589
10634075	09606009
10634075	10118844
10634316	10708454
10634990	10380672
10635275	09984659
10635460	10479561
10635788	00007846
10636874	00007846
10637038	10197967
10637635	10693824
10638136	09631129
10638385	09774783
10639047	00007846
10639925	10059582
10640620	10024362
10640620	10235549
10640968	00007846
10641223	09917593
10641551	00007846
10641755	10569411
10642151	10633450
10643584	09622302
10643727	00007846
10643837	10245639
10643937	09821831
10644179	09821253
10644301	10176679
10644469	10241300
10644598	10053808
10644839	09942970
10645392	10053808
10645611	10676877
10645854	10412055
10646325	10099375
10646780	10630188
10646942	10412055
10648033	00004475
10648237	09626238
10648696	09765278
10648909	10633450
10649574	10435988
10650162	10450303
10652511	10650162
10652954	09887034
10654015	10569744
10655169	10241300
10655594	09821831
10656223	00007846
10656488	00007846
10656832	10044470
10656969	10280945
10657306	10120816
10657556	10657835
10657835	10720453
10658304	10677271
10658501	10078806
10659042	10241300
10659188	09873604
10659393	09821253
10659762	00007846
10660128	10476671
10660333	10256537
10660729	09993252
10661002	10213652
10661216	00007846
10661563	10438172
10661732	10104209
10662649	09939313
10662952	10741367
10663137	10662952
10663315	10485440
10663858	09861395
10664340	10415638
10665302	00007846
10665698	10059162
10666846	10648237
10667041	10412055
10667187	10599354
10667709	09943239
10668450	10525134
10668666	00007846
10669357	09861395
10669727	10099375
10669991	09815790
10670310	10025730
10670483	09984659
10670668	10677713
10670885	10025730
10671042	09820263
10671613	10373998
10671736	09626238
10671898	10522759
10672192	10437852
10672662	10084635
10672662	10672908
10672908	09774783
10673451	10383816
10673946	09882007
10674130	09771435
10674713	10793168
10675010	10197967
10675142	10744544
10675481	10206173
10675876	10518602
10676018	09623038
10676319	10291240
10676569	09765278
10676682	00007846
10676877	10676018
10677271	09882716
10677713	09774783
10678472	10525134
10678662	09774783
10679054	10683126
10679174	10020890
10679998	00007846
10680609	09615807
10680910	00007846
10681060	00007846
10681194	09630641
10681383	00007846
10681557	10677271
10682038	10412055
10682169	10217831
10682380	09610660
10682599	10129825
10682953	09622302
10683126	09629752
10683349	09820263
10684146	10379758
10684630	10251779
10684827	10095869
10685123	10269785
10685685	09812338
10685853	10212501
10686073	10677713
10687231	09621545
10688356	10438172
10688811	00007846
10688975	00007846
10689104	10100124
10689104	10642151
10689564	10120816
10690421	10726786
10690849	10716005
10691148	09989502
10691318	10042690
10691600	00007846
10691764	10490421
10691937	10195593
10692482	09979321
10692696	10139347
10692883	09880427
10693052	09880427
10693459	09974648
10693646	10034906
10693824	09855630
10694258	10045713
10694849	09991867
10695450	09991530
10695555	09631129
10695917	10696251
10696251	10605985
10697135	10717921
10697282	09757944
10697519	10378412
10697879	09610660
10698064	10378412
10698368	10521662
10699262	09620078
10699752	00007846
10700105	09632518
10700201	10409752
10700517	10523519
10700640	10180178
10701180	09820263
10701180	10439851
10701783	10599806
10702167	00007846
10702307	10622053
10702483	10200047
10702615	00007846
10702781	10503452
10703336	00007846
10703692	10524413
10703905	10786033
10705345	09774783
10705615	10557854
10706812	09621545
10707233	09617867
10708292	09621545
10708454	09621545
10708797	00007846
10708976	10205457
10709256	00007846
10709529	00007846
10710259	10026553
10710509	10533013
10710632	00007846
10711144	10533013
10711483	10372076
10712055	09617696
10712229	09632274
10712474	10155849
10712573	10025730
10712690	10034201
10712835	09774266
10713502	10677713
10713923	10592152
10714465	09917593
10714684	10053808
10714851	10596899
10715030	10129825
10716005	10379758
10716389	10379758
10717055	10709529
10717196	10299700
10717589	00007846
10717921	09879297
10718131	09629752
10718665	09945905
10719267	10523519
10720097	10193026
10720197	09762509
10720453	10309896
10720964	09632518
10721124	09957156
10721470	10577284
10722575	09623038
10722758	10053808
10722965	09977660
10723300	10744544
10724372	00007846
10724699	10335931
10725280	10264219
10725438	09720256
10725438	10411551
10725734	00007846
10726031	00007846
10726233	10193026
10726786	10548537
10726786	10638385
10727256	09624980
10728828	09614684
10728998	00007846
10729175	10225219
10729330	10197967
10729923	10036266
10731013	10503452
10731244	09631129
10731848	10412055
10732010	10340312
10732314	10086074
10733117	10605985
10733350	00007846
10733999	09610660
10734235	10291110
10734394	10595164
10734568	09632518
10734741	09998101
10734963	10036929
10735298	10011902
10735564	00007846
10736394	10665698
10736602	09937056
10736926	10577284
10737103	09765278
10737431	00007846
10738515	10522035
10739636	09631463
10740017	09824609
10740219	10677713
10740732	09765278
10740868	09631463
10741367	09917593
10741590	00007846
10741821	10063461
10742005	10741821
10742384	10254392
10742384	10586674
10743124	10741590
10743356	10515194
10743543	09998101
10743675	00004475
10744164	09626031
10744544	10453357
10744544	10765679
10745332	10292192
10745770	10129825
10745894	09802050
10746056	10008716
10746346	00007846
10746581	10099375
10746799	10415638
10746931	09820263
10747294	10557854
10747672	10630188
10748620	10200781
10749123	09617867
10749353	10582746
10749715	10020890
10750188	09927451
10750365	09927451
10750640	10005280
10751265	10069645
10752093	09630641
10752480	00007846
10752719	09831962
10752930	09939313
10753061	00007846
10753182	10186774
10753546	09631129
10753779	05929008
10754281	10257647
10754449	09977660
10754578	10340312
10754920	10284064
10756433	09621545
10756641	00007846
10757193	09629752
10757492	09626589
10757625	00007846
10758589	10630188
10758847	10630188
10759151	09632518
10759331	10582746
10759702	10595647
10760340	09923673
10760763	10677713
10761326	10633450
10761519	10605985
10761693	09631463
10762064	10412055
10763075	09917593
10763245	10335246
10763245	10630188
10763383	10013614
10763620	10763383
10763725	00007846
10763878	00007846
10763985	09821831
10764128	10006842
10764296	00007846
10765098	10178216
10765189	10605985
10765305	10100761
10765679	09629752
10766025	00007846
10766492	10599806
10767020	00007846
10767519	10791221
10768391	10317007
10768585	00007846
10768903	09632518
10769321	10034201
10769459	10479561
10769782	00007846
10770059	10150071
10770309	09815790
10770545	10391653
10770767	10079399
10770891	10020031
10771270	09610660
10771392	09629752
10771990	00007846
10772190	09974648
10772580	10523341
10773040	10335246
10773126	09630641
10773394	09820263
10773527	09955015
10773665	09974648
10774440	09738400
10774870	10345100
10775379	10418841
10776052	10677713
10776339	09631463
10776987	09923418
10777147	10006337
10777299	10630188
10777894	10195593
10778148	10111903
10778345	10111903
10779416	10485440
10779775	10197967
10779897	10433737
10780284	10787470
10780632	10640620
10781236	00007846
10781984	09632518
10782471	09820263
10782791	10118844
10782940	09613191
10783539	00007846
10783734	10605985
10784544	10625860
10784922	10665698
10785085	09613191
10785695	00007846
10785869	09773245
10786033	09626589
10786033	10630188
10786270	10597234
10786517	00007846
10786992	09636106
10787197	10789118
10787470	09605289
10787470	09619168
10788852	09619168
10789118	10257647
10789118	10287213
10790192	09974648
10791115	09632518
10791115	10129825
10791221	10053808
10791890	00007846
10792178	10638136
10792335	09771435
10792856	10241300
10793168	09939313
10793570	09974648
10794014	09610660
10801291	10266328
10801561	10665698
10802283	09738708
10803031	10017422
10803031	10722758
10803193	00007846
10803282	10139347
10803838	10599806
10804102	10544232
10804287	09772029
10804287	10287213
10804406	09622049
10805501	09681351
10805638	09994943
10805783	09505418
10805932	09545324
10806222	09855630
11244061	10317007
11244061	10450303
11410298	11409059
11410625	00034213
11411610	11410625
11411839	11410625
11412179	11410625
11412334	11410625
11412592	11410625
11412727	11410625
11412993	11410625
11413263	11410625
11413661	11410625
11414041	11410625
11414257	11410625
11414411	11410625
11414608	11410625
11414874	11414608
11415084	11414874
11415608	11410625
11415721	11410625
11416087	11410625
11416534	11410625
11417387	11410625
11418138	00034213
11418460	00034213
11420139	11490638
11420376	11418750
11420831	07939382
11421401	11450869
11422597	11439690
11424400	11452218
11425580	11419404
11426530	11458624
11427067	11463371
11427241	11425580
11427842	11418138
11428379	11450869
11429458	11494935
11429968	11495041
11429968	14302005
11431617	11525955
11431754	11525955
11432387	11431754
11432508	11431754
11432632	11431754
11432758	11431754
11432887	11431754
11433013	11431754
11435028	11449002
11436283	11426530
11437577	11499284
11439031	11418750
11439690	11419404
11440012	11524662
11441077	11441561
11441561	11499284
11443721	11527014
11444117	11418750
11444643	11418750
11444816	11418750
11445395	11417672
11445564	11418750
11446067	11445395
11446242	11425580
11447851	11458624
11448343	11525955
11449002	11419404
11449907	11419404
11450566	11452218
11450869	11499284
11451442	11420831
11452218	11419404
11453016	11419404
11454591	11417672
11455092	11454591
11455386	11454591
11455695	08620061
11455901	11418750
11456273	11418750
11456462	11524662
11456760	11419404
11458102	11473954
11458314	11422597
11458624	11419404
11459369	11473954
11459538	11503644
11460063	11459538
11460488	11425580
11461825	11525955
11462526	11425580
11463371	11473954
11464143	11426530
11465017	11525955
11466043	11452218
11466701	11524662
11467786	11473954
11468172	11449002
11471097	11466043
11472503	11428023
11473138	11480698
11473954	11421401
11475279	11476231
11476231	07307895
11476231	11425580
11476430	11473954
11477384	11456760
11479058	11426530
11480698	11419404
11480930	11480698
11482013	11452218
11482140	11524662
11482312	11450869
11483990	11473954
11484861	11428023
11484975	11473954
11485367	11473954
11485582	11428023
11485681	11428023
11485774	11428023
11486178	11444117
11486708	11444117
11487732	04682462
11487950	11525955
11488387	07406765
11490463	11490638
11490638	11419404
11492014	11490638
11492388	11418750
11492833	11409059
11493827	11449002
11494638	11524662
11494935	11495041
11495041	11419404
11496881	11495041
11497586	11525955
11497888	11465017
11498040	11458624
11498203	11458624
11499284	11452218
11499817	11450869
11500968	11420831
11501230	11499817
11501381	11494638
11501737	11462526
11501737	11501381
11502102	11501381
11503060	11419404
11503644	11480698
11503968	11449002
11504225	11503968
11505546	11418750
11506167	11502497
11506349	11473954
11507321	11499817
11508092	11422597
11508382	11494638
11509066	14883206
11509377	14883206
11510067	11499284
11511004	04682462
11511176	04682462
11511327	04682462
11511523	11512650
11511765	11449002
11512650	11512818
11512818	11419404
11512992	11419404
11513880	11410625
11515325	07358060
11516113	11419404
11516819	11516113
11517494	11495041
11518645	11525955
11519450	11443721
11519799	11418138
11521940	11421401
11522206	11521940
11522448	11525955
11523839	11458624
11524451	11524662
11524662	11425580
11525480	11525955
11525955	11524662
11527014	11462526
11527177	11437577
11527177	11450869
11529603	07940552
11530512	00017222
11531090	00017222
11534434	08220891
11534677	08106934
11536230	00017222
11536778	08220891
11537506	11537327
11537665	08107499
11538123	08103777
11538935	08103777
11539675	11534677
11540000	11534677
11540230	11534677
11540439	11537665
11540747	11534677
11540970	11537665
11541322	11537665
11541713	11534677
11541919	11537886
11542341	08103777
11542640	11537327
11542920	11534677
11543429	11534677
11543602	11537665
11543792	11537886
11544131	11534677
11544314	11537665
11544540	11537886
11544769	08220891
11545524	13083586
11545714	11545524
11547562	11545524
11552133	00017222
11552386	13083586
11552686	11552386
11552806	00017222
11552976	00017222
11553240	00017222
11553763	11744583
11554175	08108972
11555413	08107499
11556187	11555413
11556857	08108972
11561228	11556857
11564258	11562747
11564734	11562747
11565040	11562747
11565385	11562747
11566230	11562747
11566682	11562747
11567411	08108972
11571907	11567411
11573173	11567411
11573660	11567411
11575425	11567411
11579418	11567411
11585340	11567411
11590783	08107499
11592146	08108972
11594676	08106934
11595312	08103777
11596108	11552386
11596486	08103777
11596845	11534677
11598100	11554175
11598686	13112664
11598991	11553763
11599165	11554175
11599694	08103777
11600139	11534677
11600372	11596108
11600671	11553763
11600900	11554175
11601177	11600372
11601333	11601177
11601487	11553763
11601918	11600372
11603045	11554175
11603630	11554175
11604225	11534677
11604393	11553763
11604698	08103777
11604904	11534677
11605147	07992450
11605396	11554175
11605708	08103777
11606379	11534677
11606661	11553763
11607392	11534677
11607739	11553763
11608055	11554175
11608250	13108841
11609684	11609475
11611758	11608250
11612018	11608250
11612235	13136556
11612923	11608250
11614250	11608250
11614713	11608250
11615026	11608250
11616662	11608250
11616852	11608250
11617631	11608250
11618525	11608250
11618750	11554175
11618861	13108841
11620248	11554175
11620560	11554175
11620673	13108841
11621029	11620673
11621281	11621029
11622771	11620673
11622988	11554175
11623105	13108841
11623304	15098161
11623967	11623105
11624367	11554175
11624531	13108841
11627168	13108841
11628284	11554175
11628456	13108841
11628793	11628456
11629501	11553763
11630017	13108841
11630351	11554175
11630489	13108841
11630890	15098161
11632794	11554175
11633116	11554175
11633459	11554175
11633633	11630890
11634526	11554175
11634736	11630017
11634970	11554175
11635152	11630017
11635433	11630017
11635709	11623304
11635830	11630017
11636068	11554175
11636204	11630017
11636389	11554175
11636566	11630890
11637015	11636566
11638902	11554175
11639445	11630017
11639609	11553763
11639863	11554175
11640471	11554175
11640645	11630890
11641275	11744859
11641494	11640645
11641788	11554175
11641963	11630890
11642622	11642430
11643022	11630890
11643354	14894481
11643684	11554175
11643835	13108841
11644046	11643835
11644226	11643835
11644712	11554175
11645271	11553763
11645914	13108841
11647131	11554175
11647306	13108841
11648039	11647306
11648428	11553763
11649012	11554175
11649359	11661372
11649597	11553763
11649878	13108841
11651259	11553763
11651731	11554175
11652217	13108841
11652376	13108841
11652578	13108841
11653323	11554175
11653904	13108841
11654124	11554175
11654293	13108841
11654438	13108841
11654667	11554175
11655407	11554175
11655592	13108841
11655764	11554175
11656123	13108841
11656380	11554175
11656771	13112664
11656974	11554175
11657314	11554175
11658104	11554175
11658331	13108841
11658544	13108841
11659068	11554175
11659248	13108841
11659500	11554175
11659627	13108841
11659909	11553763
11660121	11554175
11660537	08103777
11660848	11534677
11660979	11553763
11661207	11554175
11661372	13108841
11662128	11661372
11662764	11554175
11663136	11554175
11663449	08103777
11663813	11534677
11664090	11553763
11664929	08103777
11665372	11552386
11665781	08103777
11666854	11665372
11667112	08103777
11667562	08103777
11668117	11665372
11668340	08103777
11668573	08103777
11668952	08103777
11669335	11675842
11669921	11665372
11672400	11665372
11674332	11669335
11675537	11547855
11675842	13087625
11676500	11675842
11677743	11676500
11678010	13129165
11678768	11675842
11680032	09201031
11680995	11675842
11682842	11675842
11683105	11682842
11683331	11682842
11683989	11678768
11684264	09257949
11684739	11684264
11685179	11684264
11689483	13135832
11689678	11689483
11690455	11690893
11690893	13152742
11691046	13875970
11691523	13875970
11692265	09257949
11692265	13087625
11692952	11534677
11693566	11564258
11693812	11571907
11693981	12651821
11694300	11693981
11694664	11693981
11694866	11693981
11695085	11693981
11695485	11571907
11695599	11693981
11695813	11571907
11695974	13109733
11696776	11571907
11697158	11564258
11697388	11571907
11697560	13112664
11698433	11571907
11698562	13112664
11698895	11571907
11699071	12205694
11699442	13112664
11699915	11571907
11700058	12205694
11700401	11564258
11700676	11571907
11700864	13112664
11701492	11571907
11701698	13112664
11701903	11564258
11702252	13121544
11702428	11564258
11702999	11564258
11703386	11564258
11703669	13109733
11703935	11571907
11704093	11703669
11704401	11571907
11704791	11703669
11705171	11703669
11705921	11571907
11706325	13112664
11706629	11571907
11706761	12651821
11707229	11703669
11707668	11571907
11707827	11703669
11708181	11564258
11708442	11571907
11708658	13104059
11709205	11708658
11709674	13109733
11711971	13109733
11712153	11571907
11712282	13109733
11712621	15098161
11712827	11564258
11713034	11571907
11713164	13100677
11713370	11713164
11713628	11571907
11713960	11564258
11714150	11571907
11714382	13111174
11714618	11564258
11714853	13121544
11715430	11714853
11715810	11714853
11716285	11571907
11716422	11714853
11717007	11564258
11717239	11571907
11717577	11714853
11717820	11564258
11718096	11571907
11718521	11571907
11718911	11564258
11719120	11571907
11719468	11564258
11720088	11571907
11720353	12205694
11720643	11720353
11720891	13121544
11721124	11720353
11721642	13122364
11722036	13122364
11722199	11720353
11722342	11720353
11722466	11720353
11722621	11720353
11722769	11571907
11723770	13100156
11724109	11723770
11724363	11723770
11724529	11571907
11724822	11571907
11725015	11669921
11725623	11725015
11726569	11571907
11726925	11571907
11727091	11669921
11727358	11727091
11727540	11727091
11728099	13122364
11728350	11571907
11728530	13103136
11729315	11571907
11729478	13100677
11729478	13102409
11731861	11571907
11732052	12205694
11732309	11571907
11732857	11571907
11733424	11571907
11733769	11571907
11733904	13100156
11734872	11571907
11735325	11571907
11735570	12205694
11735822	11571907
11735977	12205694
11736216	11571907
11736569	11571907
11736694	11669921
11737316	11571907
11737534	11672400
11737752	11737534
11738378	11571907
11738832	11571907
11739199	11571907
11739530	11564258
11739809	11571907
11740208	11571907
11740414	13112664
11740655	11534677
11740824	11562747
11741010	11567411
11741175	13112664
11741350	13112664
11742175	11567411
11742310	13112664
11742531	11562747
11742745	11567411
11742878	13112664
11743109	11555413
11743294	13122364
11743570	11556857
11744583	08107499
11745817	13104059
11746776	11566682
11747468	12205694
11747468	13102409
11748330	11585340
11748501	11747468
11748936	11585340
11749112	13104059
11749273	15098161
11749462	11585340
11749742	11585340
11749920	13108131
11750359	11585340
11750508	12495146
11750855	11585340
11750989	13103136
11751598	11585340
11751765	13118707
11752404	11585340
11752578	12205694
11753936	11566682
11754188	11566682
11754633	11585340
11754893	13112664
11755319	11754893
11755694	11585340
11756092	13104059
11756669	11756092
11757190	11756092
11757433	14848785
11757851	11756092
11758628	11585340
11758799	13104059
11759049	11585340
11759224	13104059
11760128	11585340
11761007	11585340
11761484	11585340
11762237	11585340
11762433	13104059
11762706	11585340
11763142	13112664
11764231	11585340
11764478	13104059
11764814	13112664
11765099	11585340
11765277	13112664
11765859	11765277
11766046	13136316
11766189	11765277
11766432	13139055
11766609	11562747
11767196	11567411
11767354	13100156
11768242	11567411
11768505	13112664
11769002	11567411
11769176	13112664
11770256	13104059
11770526	11567411
11770969	11567411
11771539	13112664
11771924	11771539
11772154	11567411
11772702	11567411
11772879	13104059
11773138	11567411
11773408	13120211
11773628	13120211
11773860	11567411
11774279	11567411
11774513	13112664
11775160	11567411
11775340	13112664
11775780	11567411
11776337	11567411
11776511	13112664
11776861	11567411
11777080	13112664
11777365	11567411
11777779	11567411
11777929	13118707
11778391	11534677
11778534	11555413
11779300	12205694
11779801	11556857
11780018	15053867
11780148	11779300
11780589	11556857
11780747	11555413
11780930	13122364
11781301	14966667
11781430	11556857
11781850	11556857
11782036	11779300
11782522	11556857
11782878	11779300
11783162	11779300
11783723	11556857
11783920	13083023
11784126	11783920
11784323	11556857
11784497	11779300
11785100	11556857
11785475	11556857
11786017	11556857
11786131	13122364
11786365	11556857
11786843	13125117
11786983	11556857
11787190	13121544
11787391	11556857
11787625	11779300
11787892	11556857
11788223	11556857
11788382	11779300
11788536	11556857
11788727	13120211
11789280	11556857
11789796	11556857
11790239	11556857
11790624	11556857
11790788	13121544
11791155	11556857
11791446	11556857
11791569	13121544
11792155	11556857
11792598	11556857
11792742	13122364
11793032	11556857
11793252	11556857
11793403	11779300
11793651	11556857
11793779	11669921
11794267	11555413
11794519	13121544
11794791	11556857
11795774	11556857
11796318	11556857
11796744	11566682
11797016	11585340
11797508	13112664
11797722	13118707
11797981	13118707
11798851	11585340
11798978	13100677
11799158	11585340
11799520	11585340
11799732	12205694
11800020	12205694
11800236	13125117
11800359	11585340
11800565	13112664
11800799	11534677
11801038	11562747
11801247	11567411
11801392	13100677
11802076	11567411
11802212	12205694
11802800	12205694
11803475	08103777
11804082	11534677
11804604	11565040
11805255	12205694
11805380	11573660
11805956	11669921
11806975	11573660
11807108	12205694
11807367	11807108
11807525	11807108
11807696	11807108
11807849	11573660
11807979	11669921
11808721	11807979
11809922	11573660
11810190	11573660
11810559	11573660
11810918	11573660
11811308	11573660
11811473	11669921
11812094	11811473
11812358	11573660
11812573	11573660
11813309	11573660
11813830	11573660
11814059	11573660
11814440	11573660
11814824	11573660
11815194	11573660
11815491	11669921
11816121	11815491
11816336	11815491
11817000	11573660
11817329	11573660
11817774	11565040
11817914	12205694
11818515	11573660
11818636	11669921
11818945	11565040
11819354	11573660
11819509	13084184
11819751	11573660
11820323	11573660
11820463	13084184
11820751	11573660
11820965	11669921
11821415	11573660
11822167	11573660
11822300	12205694
11822557	11565040
11822849	11573660
11823043	12205694
11823756	11823043
11824548	11573660
11825013	11573660
11825535	11573660
11825988	11573660
11826416	11573660
11826569	13118707
11827169	11565040
11827348	11573660
11827775	11565040
11828113	11573660
11828247	12205694
11828973	11828247
11830570	11573660
11830714	12205694
11830906	13112664
11831730	11573660
11831874	13112664
11832108	11573660
11832108	11827775
11832214	12212361
11832480	11832214
11832671	11832214
11832899	11832214
11833208	11573660
11833373	13112664
11833577	11573660
11834148	11573660
11834272	12205694
11834890	13112664
11835114	11573660
11835251	13112664
11835568	12212361
11835806	11565040
11836137	11573660
11836556	11573660
11836722	11672400
11838266	11573660
11838413	11672400
11838741	11573660
11838916	13100677
11839297	11573660
11839568	11669921
11841061	11573660
11841368	11534677
11841529	11565040
11842204	13084184
11843285	11573660
11843709	11573660
11844203	11573660
11844651	11573660
11845387	11573660
11845557	11842204
11846087	11573660
11846582	11573660
11846970	11573660
11847841	11573660
11848610	11573660
11849017	11573660
11849271	11842204
11849467	13087625
11850337	11573660
11850521	11842204
11850748	11573660
11851101	11567411
11851395	11573660
11851578	11842204
11852531	13100677
11852814	11573660
11853191	11573660
11853644	11573660
11854232	11573660
11854479	11842204
11854760	11565040
11855122	11573660
11855274	12205694
11856055	11573660
11856055	13102409
11856389	11573660
11856573	13083023
11856981	11565040
11857320	12205694
11857528	11573660
11858077	11857320
11858406	11573660
11858814	11672400
11859024	11573660
11859981	11573660
11862089	11573660
11862300	11672400
11862598	11573660
11862835	11672400
11863242	11862835
11863467	11862835
11863717	11862835
11864114	11862835
11864364	11534677
11864906	11575425
11865071	13112664
11866078	11575425
11866248	12205694
11867070	11575425
11867311	12205694
11867525	11565385
11868814	12205694
11869351	11868814
11869689	11869351
11869890	11575425
11870212	11575425
11870418	11868814
11870607	11575425
11871059	11868814
11871294	11575425
11871916	11575425
11872146	11869351
11872473	11872146
11872658	11869351
11872850	11575425
11872973	12205694
11873182	13125117
11873396	11575425
11873845	11873612
11874081	13085113
11874300	11575425
11874423	12205694
11874707	11575425
11875100	11575425
11875691	11868814
11875938	11875691
11876803	11868814
11876976	11868814
11877193	11876976
11877283	11868814
11877646	11877473
11877860	11877473
11878101	11868814
11878283	11868814
11878633	11878283
11878808	11868814
11879054	11868814
11879291	11868814
11879895	11689483
11880610	11575425
11880791	11868814
11881063	11575425
11881189	11868814
11881426	11575425
11881563	11575425
11881742	11869351
11882074	11881742
11882237	11881742
11882426	11881742
11883137	11575425
11883945	11869351
11884198	11575425
11884384	12205694
11884667	11575425
11885148	11575425
11885292	12205694
11885856	12205694
11886380	11575425
11886537	12205694
11887119	11669921
11887750	11669921
11888271	11575425
11888621	11575425
11888800	11669921
11889205	12205694
11889473	11575425
11889847	11575425
11890022	12205694
11890329	11575425
11890507	11869351
11890723	11575425
11891050	11575425
11891395	11575425
11891541	12205694
11891838	11575425
11892460	11575425
11892637	11669921
11893004	11575425
11893451	11575425
11893808	11575425
11894173	11575425
11894327	11868814
11894558	13085113
11894770	11894327
11895270	11575425
11895980	11575425
11896365	11575425
11896722	11878283
11896904	11575425
11897342	11575425
11897466	13118707
11897760	11575425
11898079	11575425
11898271	13121544
11898474	11575425
11898639	13085113
11898775	11898639
11899027	11575425
11899432	11575425
11899595	11575425
11899921	12205694
11900058	11565385
11900569	11669921
11900986	11575425
11902200	11900569
11902595	11575425
11902709	12205694
11903167	11575425
11903525	11575425
11903671	11900569
11903881	11575425
11904896	11575425
11905236	11575425
11905584	11575425
11905749	11669921
11905989	11575425
11906713	11575425
11907267	11575425
11907554	11575425
11907689	13118707
11907939	11575425
11908077	12205694
11908718	11575425
11909048	11565385
11909353	11575425
11909527	12205694
11910070	11575425
11910271	12205694
11910835	08103777
11911274	11534677
11911591	11566230
11915214	11669921
11916268	11579418
11917407	11915899
11917633	11579418
11917835	12205694
11918131	11579418
11919026	11579418
11919232	11566230
11919447	13085113
11920344	11579418
11920998	12205694
11921200	11579418
11921395	11915899
11921622	11579418
11921949	11579418
11922192	12205694
11922374	12205694
11923016	11579418
11923174	11915214
11923397	11915214
11923637	11915214
11923827	11579418
11924330	11579418
11924445	13118707
11925140	11579418
11925720	11579418
11925898	13118707
11926185	11579418
11926640	11579418
11927616	11579418
11927740	12205694
11927901	11579418
11928352	13112664
11928549	13118707
11928858	11928549
11929027	13118707
11929477	11928549
11930788	11928858
11931756	11579418
11931918	11669921
11932745	11931918
11937523	11585340
11937965	11579418
11938261	13112664
11938732	13112664
11938977	11579418
11939380	11579418
11939491	11669921
11939887	11579418
11940006	13118707
11940349	11940006
11940478	12036368
11940599	11940006
11940750	11940006
11940915	11940006
11941261	11579418
11941719	11579418
11942144	11579418
11942366	11579418
11942487	11672400
11942875	11579418
11943299	11579418
11943407	11669921
11943824	11579418
11944569	11579418
11945228	11579418
11945367	11944196
11945930	11579418
11946051	12205694
11946584	11579418
11947079	11579418
11947802	11669921
11948264	11947251
11949217	11579418
11949402	12205694
11949707	11579418
11950028	11579418
11950345	11669921
11951052	11950345
11951385	11579418
11951511	11672400
11952153	11579418
11952346	13112664
11952900	11579418
11953038	12205694
11953339	12205694
11953610	13125117
11953762	11579418
11953884	11944196
11955153	11953884
11955398	11579418
11955770	11579418
11955896	11669921
11956208	11579418
11956348	13085113
11956671	11579418
11956850	12205694
11957912	11579418
11958316	11579418
11959104	11579418
11959489	11579418
11959632	12212361
11960084	11579418
11960540	11579418
11960943	11579418
11961266	11579418
11961686	11579418
11962108	11579418
11962500	11579418
11962853	11579418
11963158	11579418
11963305	12205694
11963755	11579418
11963932	11672400
11964269	11579418
11964688	11579418
11965054	11579418
11965378	11579418
11965627	11672400
11967572	11579418
11967744	11672400
11968104	11579418
11968704	12205694
11968931	12205694
11969166	12205694
11969410	11579418
11969977	11579418
11970101	11669921
11970429	11579418
11970586	11672400
11971094	11579418
11971600	11579418
11971783	11669921
11972569	11579418
11972759	11915899
11973159	11579418
11973341	12205694
11973888	11579418
11974126	13118707
11974557	11974126
11974888	11974126
11975100	11579418
11975254	13083023
11975482	11579418
11975658	12205694
11976170	11672400
11976715	11579418
11977125	11579418
11977303	12205694
11978035	11579418
11978233	11669921
11979715	11978233
11980088	11579418
11980577	11579418
11980867	11579418
11981314	11579418
11981475	11672400
11981817	11579418
11982115	12205694
11982724	11579418
11982939	12205694
11983375	11672400
11983739	11579418
11983910	11579418
11984144	13085113
11984397	11579418
11984854	11579418
11985053	13122364
11985586	11579418
11985739	12205694
11986091	11579418
11986306	12205694
11986511	11986306
11986900	11986306
11987722	11579418
11987956	11579418
11988419	11579418
11988774	11579418
11988893	11672400
11989266	11579418
11989636	11579418
11989869	11669921
11990167	11915214
11990313	11915214
11990627	11915214
11990804	11579418
11991080	11579418
11991263	11672400
11991549	11991263
11991777	11991263
11991993	11579418
11992340	11579418
11992674	11579418
11992806	11669921
11993007	11579418
11993203	11672400
11993932	11579418
11994336	11672400
11994718	07673397
11994827	11579418
11995092	12205694
11995396	12205694
11995683	11579418
11996092	11579418
11996251	13100677
11996490	11579418
11996792	11579418
11997032	12205694
11997160	11997032
11997409	12205694
11997775	11579418
11997969	13112664
11998648	11579418
11998888	11944196
11999140	11579418
11999455	11579418
11999656	11915899
12000609	11579418
12001294	13118707
12001565	11579418
12002197	11579418
12002428	12205694
12002651	12205694
12002957	11579418
12003167	13085113
12003407	11579418
12004310	11579418
12004686	11579418
12005148	11579418
12005656	12205694
12005869	11579418
12006081	11579418
12006306	12205694
12006766	11672400
12007560	11579418
12007766	11915899
12008017	11579418
12008252	11669921
12008749	12008252
12009047	12008749
12009250	11579418
12009616	11579418
12010021	11579418
12010188	12205694
12010458	11579418
12011067	11579418
12011620	13112664
12012111	11672400
12012253	13085113
12012897	11579418
12013035	12205694
12013323	11579418
12013811	11579418
12014085	11929027
12014524	11929027
12014739	11579418
12015076	11579418
12015384	11579418
12015525	12205694
12015840	11579418
12015959	11672400
12018640	11579418
12018760	13112664
12019190	11579418
12019375	11672400
12020048	11579418
12020388	11579418
12020507	11669921
12021120	11579418
12021499	12205694
12022054	11669921
12023108	12205694
12023407	11915214
12023726	11915214
12023996	11579418
12024176	12205694
12024445	12024176
12024690	13152742
12025019	11579418
12025220	11672400
12025507	11672400
12025849	11579418
12026306	11579418
12026764	11579418
12027222	12205694
12027538	13125117
12027658	11672400
12027864	11579418
12028196	11579418
12028424	12205694
12028818	12205694
12029039	12205694
12029326	11579418
12029929	11579418
12030265	11579418
12030479	11579418
12030654	11915214
12030908	12030654
12031139	12030654
12031547	12030654
12031739	11579418
12032215	11579418
12032939	11579418
12033139	13085113
12033939	11579418
12034141	11669921
12034828	11565385
12035423	11575425
12036368	11684264
12036533	11744583
12036781	11744859
12036939	12205694
12039524	11534677
12039743	11555413
12041446	11669921
12043248	11556857
12043444	12041446
12044269	11556857
12044571	11556857
12045004	11556857
12045352	11556857
12045514	12041446
12045695	11556857
12045860	12041446
12046251	11556857
12046620	11556857
12047173	11556857
12047586	11556857
12048231	11556857
12048772	11556857
12049134	11556857
12049282	12041446
12049796	11556857
12050295	11556857
12050959	12041446
12051285	11556857
12051514	12041446
12051792	12041446
12052053	11556857
12052630	11556857
12053138	11556857
12053405	12041446
12054499	11556857
12054902	11556857
12055073	12041446
12055317	11556857
12055839	11556857
12056601	12056217
12056758	12056217
12056990	12056217
12057211	12056217
12058429	11556857
12058822	12041446
12059090	11556857
12059479	11556857
12059851	11556857
12060118	11556857
12060380	11556857
12060546	12041446
12060816	11556857
12061104	12041446
12061380	12041446
12061614	12041446
12061849	11556857
12062227	11556857
12062468	12041446
12063066	11556857
12063414	11556857
12063887	11556857
12064183	11556857
12064814	11556857
12064996	11556857
12065316	12041446
12065777	12041446
12067193	12065316
12068824	11556857
12069488	11556857
12069821	11556857
12070177	11556857
12070950	11556857
12071965	11556857
12072210	12041446
12072419	11556857
12073007	11556857
12073410	11556857
12073744	11556857
12074205	11556857
12074408	12041446
12074678	11556857
12075151	12041446
12075495	11556857
12075830	12041446
12076075	11556857
12076381	11556857
12076577	12041446
12077062	11556857
12077505	11556857
12077732	11556857
12077944	12041446
12078172	12041446
12078596	11556857
12078954	11556857
12079352	11556857
12080199	11556857
12080395	12041446
12081022	11556857
12081488	11556857
12081851	11556857
12082357	11556857
12082593	11556857
12082764	11556857
12082980	11556857
12083339	11556857
12083591	12041446
12084746	11556857
12085117	11556857
12085469	11556857
12085840	11556857
12086362	11556857
12087207	11555413
12087650	11744583
12087807	11744859
12087961	13100677
12088909	13100677
12089178	13125117
12089625	11744859
12090041	11534677
12090318	11562747
12090702	11567411
12090890	12205694
12092127	11567411
12092262	12205694
12092766	11567411
12092930	13118707
12093088	11567411
12093769	11567411
12094121	11567411
12094244	13121544
12094786	11567411
12095020	12205694
12096223	11567411
12096395	13121544
12096798	11562747
12097013	11567411
12097180	11567411
12097396	13112664
12097556	13112664
12097927	11562747
12098227	11567411
12098665	11567411
12098827	13118707
12099220	11567411
12099556	11562747
12099803	11567411
12100187	13112664
12100382	11534677
12100538	11555413
12101870	12205694
12102133	12101870
12104614	11556857
12104943	11556857
12105125	12102133
12105578	12105125
12106540	11744859
12106786	12102133
12107002	12106786
12107489	11556857
12108249	11556857
12108432	12102133
12108742	11744859
12108871	12102133
12109189	11556857
12109719	11744859
12109827	12141495
12110630	11556857
12110778	12102133
12111399	12110778
12111882	11556857
12112488	11556857
12112789	11556857
12112789	12100538
12112918	12102133
12113471	11556857
12113657	12102133
12113790	12102133
12114226	11556857
12114397	12102133
12114981	11556857
12115563	11556857
12115748	12102133
12116267	11556857
12116583	11556857
12116881	11556857
12117017	12102133
12117507	11556857
12117695	12135898
12117912	12135898
12118223	11556857
12118661	12135898
12119099	12102133
12119238	12102133
12119947	11556857
12120114	12102133
12120812	11556857
12121033	12102133
12121405	11556857
12121610	12102133
12122124	11556857
12122245	12131550
12122581	11556857
12123050	11556857
12123244	12141495
12124358	11556857
12124505	11556857
12124627	12102133
12125183	12124627
12125398	11556857
12125782	11556857
12125890	12141495
12126238	11556857
12126360	12141495
12126516	12126360
12126911	11556857
12127030	12135898
12127237	12127030
12127890	11556857
12128645	11556857
12128825	12141495
12129525	11556857
12129738	12102133
12130160	12102133
12130408	11556857
12130549	12102133
12130759	11556857
12130937	12136720
12131216	11556857
12131405	12102133
12131550	12102133
12131767	12131405
12132092	12131550
12132299	11556857
12132502	12101870
12133151	12102133
12133332	11556857
12133870	11556857
12134300	11556857
12134836	12107970
12135049	12107970
12135270	12107970
12135729	12135270
12135898	12141495
12136206	13129165
12136720	12101870
12136944	11556857
12137569	12137120
12137791	12137569
12139367	11556857
12139575	12102133
12140137	11556857
12140358	12102133
12140511	12140358
12141037	11556857
12141495	12102133
12141890	11556857
12142085	12141495
12142450	12142085
12143572	11556857
12143676	12141495
12144399	12143676
12144742	12143676
12145477	12143676
12145802	11556857
12145919	12141495
12146100	11556857
12146311	12102133
12147031	08108784
12147226	12101870
12147699	11556857
12148079	11556857
12148253	12147226
12148610	11556857
12148962	11556857
12149144	12147226
12149521	12147226
12149751	11555413
12150028	13122364
12150447	11556857
12151365	12150028
12151615	12150028
12151814	11556857
12152406	11556857
12152532	12150028
12152869	11556857
12153393	11556857
12153580	12150028
12154228	11534677
12154426	11555413
12154628	11556857
12154773	13104059
12155259	11555413
12155459	11556857
12155583	13122364
12155773	12155583
12156484	11556857
12156819	13135832
12157276	11562747
12157769	13100677
12158148	11567411
12158443	12158798
12158798	13100677
12159055	12158798
12159555	12159055
12159804	12159555
12160490	12158798
12161056	12160490
12161285	12160490
12162181	12160490
12162425	12157769
12162758	13134947
12162905	11567411
12163035	13100677
12163649	11567411
12163824	12157769
12164065	12163824
12164215	11567411
12164363	12163824
12164881	12164363
12165170	12164363
12165608	11567411
12165758	12157769
12166003	11567411
12166312	11567411
12166424	13100677
12166793	12166424
12166929	12166424
12167075	14866889
12167282	11567411
12167749	11562747
12168126	11562747
12168385	11567411
12168565	12205694
12169526	11534677
12169776	11565385
12170415	11575425
12170585	13112664
12171503	12170585
12171750	11575425
12171966	12205694
12172364	13139055
12172481	12170585
12172715	11575425
12173069	12170585
12173407	11575425
12173664	12170585
12174124	11575425
12174311	12170585
12174521	12174311
12174742	11575425
12174926	12170585
12175797	11575425
12175949	13112664
12177844	12170585
12178129	12177844
12178358	14906500
12178494	12177844
12179391	12177844
12179632	12177844
12180168	12177844
12180714	11575425
12180885	13104059
12181147	11575425
12181851	11575425
12182414	11575425
12182615	13112664
12182858	11575425
12183318	11575425
12183916	11575425
12184337	11575425
12185254	13104059
12185526	14959234
12185687	11575425
12185859	13112664
12186116	11575425
12187030	11575425
12187450	11575425
12187663	12170585
12188120	11575425
12188289	13104059
12188635	12188289
12188985	11565385
12189293	11575425
12189429	13104059
12189620	11575425
12189779	13109733
12189987	13109733
12190410	13109733
12190712	11575425
12190869	12651821
12191461	11575425
12191587	13109733
12191965	11575425
12192373	11565385
12192722	11575425
12192877	13104059
12193334	13134947
12193458	11575425
12193665	13112664
12193964	11575425
12194147	13104059
12194466	11575425
12194613	13104059
12195391	13109733
12195965	11575425
12196129	13104059
12197211	11575425
12197359	13110915
12197601	13136556
12198140	11575425
12198286	13104059
12198793	13112664
12199030	11575425
12199266	13112664
12199564	11575425
12199790	13109733
12201456	11575425
12201580	13109733
12201761	11575425
12201938	13104059
12202352	11565385
12203331	15098161
12203529	12202936
12203699	12202936
12203896	12202936
12204032	12202936
12204175	12202936
12204546	11575425
12204925	11575425
12205308	11575425
12212361	12205694
12212810	08103777
12213197	11534677
12213485	11534677
12213635	11562747
12214245	11567411
12214605	11567411
12214789	13112664
12215373	11567411
12215579	13112664
12216028	11567411
12216382	11567411
12216628	13112664
12216836	11567411
12216968	13112664
12217211	11567411
12218621	11567411
12218868	13112664
12219065	13112664
12219289	13112664
12219495	11567411
12219875	11567411
12220019	13112664
12220247	11567411
12220654	11567411
12220994	11567411
12221191	13110915
12221522	12221191
12221943	11567411
12222334	11567411
12222715	11567411
12223160	13104059
12223405	11567411
12223950	11567411
12224140	13112664
12224522	11562747
12224669	11567411
12225769	15098161
12226009	11534677
12226322	11565385
12226322	12226009
12227220	11575425
12227420	12226932
12227658	12227420
12227909	13125117
12229443	13112664
12231031	11575425
12231192	13112664
12231358	12231192
12231918	13112664
12232683	11575425
12233410	11575425
12233529	12226932
12233759	11575425
12234176	11575425
12234513	11575425
12235263	11575425
12235479	13118569
12235765	13118569
12236160	13112664
12236363	11575425
12236546	13112664
12237486	13112664
12238306	11575425
12238491	13112664
12238913	13112664
12239100	11575425
12239458	11575425
12239880	13112664
12240335	11575425
12240477	13112664
12240715	11575425
12240965	13112664
12241192	13112664
12241426	13112664
12241699	11575425
12241880	13112664
12242287	11575425
12242409	13109733
12242668	11575425
12243292	11575425
12243459	13112664
12243693	13112664
12243927	11575425
12244153	13112664
12245472	11575425
12246232	13112664
12247664	12246232
12248574	12246232
12249542	12245695
12249821	11565385
12249993	11567411
12250180	13112664
12250708	11534677
12251137	11575425
12251278	12205694
12251577	11575425
12251740	13112664
12252620	11565385
12252866	13112664
12254014	11575425
12254168	13112664
12254478	11575425
12255086	11575425
12255659	11565385
12255934	11575425
12256112	12205694
12257570	12205694
12257920	11575425
12258101	12205694
12258380	11565385
12258663	11575425
12258885	11672400
12259316	11672400
12259615	11575425
12260021	11534677
12260208	11564734
12260593	11573173
12260799	13104059
12261359	12260799
12261571	12260799
12261808	12260799
12262018	12260799
12262327	11573173
12262553	13104059
12263038	12262553
12263738	12262553
12263987	12262553
12264254	11573173
12264621	11573173
12264786	13104059
12265266	11573173
12265394	13104059
12265900	11573173
12266796	12266217
12268096	11573173
12268246	13104059
12269241	12268246
12269652	12268246
12271643	12268246
12272432	12268246
12274630	12268246
12275317	12268246
12275489	12268246
12278371	12268246
12279458	12268246
12280487	11564734
12280886	11573173
12281241	13104059
12281788	12281241
12281974	12281241
12282235	12281241
12282527	12281241
12282737	12281241
12282933	12281241
12283147	12281241
12283542	12281241
12283790	12281241
12283981	11573173
12284262	13104059
12284821	12284262
12285049	12284262
12285369	12284262
12285512	12284262
12285900	12284262
12286197	12284262
12286372	11564734
12286581	11573173
12286826	13104059
12287388	11573173
12287642	13104059
12288005	12287642
12288422	11564734
12288598	11573173
12288823	13110915
12289115	15098161
12289433	12288823
12289744	11534677
12290116	11562747
12290522	11567411
12291763	11567411
12291959	11672400
12292285	11567411
12292655	11567411
12292877	12205694
12293180	12205694
12293419	11567411
12293723	11669921
12295560	11567411
12295796	12293723
12296218	11567411
12297678	11567411
12298003	11567411
12298165	13122364
12298395	12298165
12298783	11567411
12299165	11562747
12299425	11567411
12300441	11534677
12300625	11567411
12300840	12651821
12301180	12300840
12301917	11567411
12302418	11567411
12302565	13112664
12303349	11567411
12303462	13104059
12305089	12303462
12305475	12303462
12306519	11567411
12306717	13112664
12307611	11567411
12307756	13112664
12309403	11567411
12309850	11567411
12310153	11567411
12310349	13112664
12311894	11555413
12312276	11556857
12312405	11556857
12312728	12205694
12313005	08103777
12313574	07992450
12314315	11564734
12314652	11744859
12314808	13112664
12315424	11744859
12315818	11744859
12316300	11744859
12316444	12334293
12316853	14898470
12317164	11744859
12317296	13109733
12317763	11534677
12317919	11562747
12318164	11567411
12318378	13110915
12318965	12318378
12319204	12318378
12319414	12318378
12319687	11567411
12320010	13110915
12320414	12320010
12320627	12320010
12320806	12320010
12321077	13110915
12321669	12320010
12321873	12320010
12322099	12320010
12322359	11567411
12322501	13110915
12322887	11534677
12323411	11562747
12323820	11567411
12324756	11567411
12325093	11744859
12325497	11562747
12325667	11567411
12325787	13112664
12326604	11562747
12326842	11567411
12327022	13121544
12327209	11562747
12327407	11567411
12327528	12651821
12327718	11567411
12327846	13110915
12328026	11562747
12328241	11567411
12328398	13118707
12329020	11744859
12329260	13112664
12329473	13109733
12329899	11562747
12330336	11567411
12330751	11567411
12330891	13104059
12331066	13111174
12331415	11567411
12332218	12651821
12332422	11567411
12332555	13112664
12332718	11567411
12332866	11567411
12333053	12651821
12333397	11567411
12333530	12651821
12333771	12651821
12334293	13104059
12334520	15098161
12334686	11567411
12334891	12334293
12335483	12334891
12335664	12334891
12335800	12334891
12336092	12334891
12336333	12334891
12336727	12334891
12339090	14898470
12339526	13111174
12339972	11562747
12340202	11567411
12340383	12334293
12341126	11566682
12341412	11585340
12341542	12344283
12342043	11585340
12342299	12205694
12342498	12342299
12343306	11567411
12343480	13112664
12344131	11567411
12344283	12205694
12344996	11562747
12345136	11567411
12345280	12651821
12345495	11562747
12345709	11567411
12346179	11562747
12346448	11567411
12346578	13112664
12347490	11567411
12347639	13112664
12347892	11562747
12348127	11567411
12348294	13121544
12348774	11566682
12349091	11585340
12349491	11585340
12349916	11585340
12350234	11534677
12350433	11555413
12350758	12205694
12351287	11555413
12351477	11556857
12351600	12205694
12351975	11555413
12352150	11556857
12352287	12205694
12353604	11556857
12353754	12205694
12354068	11555413
12354374	11556857
12354849	11556857
12355023	13103136
12355320	11555413
12355594	11556857
12355760	12205694
12356023	12355760
12356255	11556857
12356668	11744859
12356960	12355760
12357100	12355760
12357343	12355760
12357485	12355760
12357802	11744859
12357968	12205694
12358173	11556857
12358293	12205694
12358485	08103777
12359026	11534677
12359734	11565385
12360108	11669921
12362844	11565385
12363580	11575425
12363988	11565385
12364379	11575425
12364604	13104059
12365670	11575425
12366186	13122985
12366507	11575425
12366675	12651821
12366870	13109733
12367122	11565385
12367306	11575425
12367611	13118707
12370011	11575425
12370174	12651821
12370384	11575425
12370549	13104059
12370842	11565385
12371002	11575425
12371439	13100677
12371911	11565385
12372124	11575425
12372233	13112664
12372520	13162297
12372708	11565385
12372932	11575425
12373100	12651821
12373526	11575425
12373739	13104059
12374002	11565385
12374238	11575425
12374418	13112664
12374862	12374418
12375294	11575425
12375518	13112664
12376382	11575425
12376553	13118707
12376950	11565385
12377198	13104059
12377328	11575425
12377494	12377198
12377809	11565385
12378080	11575425
12378249	13112664
12378546	11575425
12378753	13112664
12378963	13104059
12379531	13104059
12379781	13104059
12380197	11575425
12380597	11575425
12380926	11575425
12381321	11565385
12381511	13112664
12381666	11575425
12381931	12381511
12382233	12381511
12382484	11565385
12382699	11575425
12383073	11565385
12383256	11575425
12383402	13100677
12384375	12383402
12385046	11565385
12385219	11575425
12385429	12205694
12386039	11565385
12386263	11575425
12386724	11575425
12386945	13112664
12387201	11565385
12387478	11575425
12387839	12387633
12391477	11534677
12391745	11562747
12392070	13085113
12392385	11567411
12392943	11567411
12393269	12393086
12393527	11567411
12393723	13112427
12393942	11567411
12394494	11567411
12394638	12205694
12394861	11567411
12395068	12392070
12395463	12392070
12395717	11567411
12396255	11562747
12396666	11567411
12396924	13112664
12397210	12396924
12397431	12396924
12397594	11567411
12397864	13100677
12398174	12397864
12398990	11567411
12399132	12651821
12399784	11567411
12400261	11567411
12400720	12651821
12400924	12651821
12401122	11567411
12401335	13104059
12401684	12401335
12402051	12401335
12402596	12401335
12402840	12401335
12403513	12401335
12403862	11567411
12404314	11562747
12404484	11567411
12404729	13109733
12404943	11562747
12405209	11567411
12406304	12405714
12406488	12405714
12407079	12405714
12407890	12405714
12408077	12405714
12408280	12405714
12408466	12405714
12408717	12405714
12409231	13104059
12409470	12409231
12410032	11567411
12410205	11567411
12410381	08103777
12410715	11534677
12411084	11556187
12411461	13134302
12411710	11561228
12411710	12411084
12411922	12411461
12412355	12411922
12412606	12411922
12413419	12412355
12413642	12411922
12414602	12411922
12414932	12411922
12415911	11561228
12417273	11561228
12417686	11561228
12418065	11561228
12418356	11561228
12418680	11556187
12419037	13134302
12419217	11561228
12419592	11561228
12420335	11561228
12420991	11561228
12421467	13134302
12422399	11561228
12422751	11556187
12423565	11556187
12425281	13134302
12426100	11561228
12426248	12425281
12428915	11561228
12429148	12425281
12429352	12429148
12429942	11561228
12430198	12425281
12430471	12430198
12430675	12430198
12431128	11561228
12431434	12425281
12431861	12431434
12432808	12431434
12433178	12432808
12433429	13134059
12433540	12432808
12435152	12431434
12435486	12431861
12436260	11556187
12436677	13084184
12437311	11561228
12437513	12205694
12437769	12437513
12438324	11561228
12438977	11561228
12439400	11561228
12440869	11561228
12441183	12205694
12441958	12425281
12443144	11561228
12443323	12205694
12443547	11561228
12443929	11561228
12444261	11561228
12444666	11561228
12445138	11561228
12446200	12425281
12446519	12425281
12446908	12446519
12447121	12446519
12447581	12446200
12447891	12446200
12448136	12446200
12448361	12446200
12449024	11561228
12449296	12425281
12449526	12449296
12449784	12449296
12449934	12449296
12450099	11561228
12450344	12425281
12450607	12450344
12450840	12450344
12451789	11561228
12451915	13134302
12452256	12451915
12453186	12451915
12454021	11561228
12454159	12425281
12455342	11561228
12455540	13134302
12455787	11561228
12455950	13100156
12456527	11561228
12456845	12425281
12457091	12456845
12457250	11556187
12457519	11561228
12457771	12205694
12458383	12425281
12459048	11561228
12459275	12425281
12459471	11561228
12459629	13134302
12460549	11561228
12460697	12425281
12461326	11561228
12461466	12425281
12461809	11561228
12462401	11561228
12462582	12425281
12462951	11561228
12463574	11561228
12463743	12425281
12464278	11561228
12464476	12425281
12464649	12464476
12465321	11561228
12465796	11556187
12466034	11561228
12466450	11561228
12466727	12425281
12467811	11556187
12468081	11561228
12468243	12425281
12468900	12468243
12469372	11744859
12469936	11561228
12470092	13100677
12470512	13100677
12471366	11561228
12471825	11561228
12472024	12425281
12473011	11561228
12473405	11561228
12474167	12425281
12474620	11556187
12474828	11561228
12475035	11669921
12475242	12475035
12475450	11556187
12475593	11561228
12475774	12205694
12476902	11561228
12477583	12476510
12477747	12476510
12478283	11561228
12479066	11556187
12479303	11561228
12479821	11561228
12480004	12476510
12480233	11561228
12480677	11561228
12480895	12476510
12481806	11561228
12482031	13112664
12484413	11562747
12484612	11567411
12484784	13121544
12485122	11562747
12485523	11567411
12485981	13100677
12486397	11744859
12486732	11744859
12486882	13100677
12487394	11566682
12487647	11566682
12488121	11585340
12488454	13104059
12489046	13112664
12489268	13104059
12489524	15098161
12490054	13120003
12490330	11585340
12490671	11585340
12491017	13109733
12491200	11585340
12491826	13104059
12492106	12491826
12493090	11585340
12493208	13108131
12493426	13136316
12494115	11585340
12494358	13118707
12494629	11585340
12494794	13109733
12495146	13104059
12495509	11585340
12495670	12495146
12496207	11585340
12496427	13104059
12496735	11585340
12497322	15098161
12497492	11585340
12497669	13112664
12498316	11585340
12498457	13112664
12498928	11585340
12499163	13112664
12499439	12499163
12499979	12499163
12500751	12499163
12501035	11585340
12501202	13108131
12501537	11566682
12504094	13112664
12505032	11585340
12505253	13100677
12505563	11585340
12505752	13112664
12505987	11585340
12506181	13104059
12506341	12506181
12506614	11585340
12507236	11585340
12507379	13100677
12507670	11585340
12507823	13112664
12508309	13103136
12508936	11585340
12509297	11585340
12509476	13103136
12510197	11585340
12510343	13104059
12510569	11585340
12510774	13112664
12511239	13100677
12511856	13112664
12512460	11585340
12512947	11585340
12513613	13109733
12514324	11585340
12515711	11747468
12515925	11748002
12516040	11585340
12516165	11650919
12516584	13112664
12516828	12516584
12517253	11585340
12517820	11585340
12518013	13112664
12518305	11585340
12518725	11585340
12518879	13112664
12519328	11585340
12519563	12205694
12520223	11585340
12520406	11747468
12520661	11585340
12520864	13112664
12521186	12520864
12521394	12520864
12522678	12522188
12522894	13104059
12523141	13104059
12523475	12522188
12524188	13104059
12524518	11585340
12525347	11585340
12525975	11585340
12526178	12205694
12526380	11585340
12526516	13118707
12526946	11585340
12527738	13104059
12528549	12527738
12529353	11585340
12529500	12205694
12529730	11585340
12530208	11585340
12530439	12520864
12530818	12520864
12531144	11585340
12531328	13112664
12532008	11585340
12532168	11747468
12532564	13136316
12532720	11585340
12532886	12205694
12533190	12205694
12533588	11585340
12533730	13112664
12533992	11585340
12534862	13118707
12535820	11585340
12536040	13112664
12536871	13100677
12537437	11585340
12537569	13100677
12537988	11585340
12538380	13120003
12538603	11585340
12539074	13100677
12539306	11747468
12539832	13100677
12540250	12539306
12541157	12539306
12541403	12539074
12542240	13100677
12542649	11585340
12542910	13103136
12543455	12542910
12544240	11747468
12545090	11585340
12545232	13118707
12545635	13118707
12546015	11585340
12546183	13103136
12546420	12546183
12546962	13118707
12547658	11585340
12547872	11747468
12548134	11585340
12548280	12205694
12548804	12548280
12549192	12548280
12549420	12548280
12549976	11585340
12550210	13112664
12550408	12550210
12550788	13139055
12550968	11585340
12551173	13104059
12551669	14896714
12551877	12551669
12552081	11585340
12552309	12205694
12552658	11585340
12552893	13118707
12553114	13118707
12553314	11585340
12553573	13104059
12553742	12553573
12554242	11585340
12554526	11747468
12555069	11585340
12555720	11585340
12556030	11585340
12556307	11747468
12556656	12556307
12557064	12556793
12557280	12556793
12557681	12556656
12557995	12556307
12558230	12557995
12558425	12557995
12558902	11585340
12559044	13112664
12559302	11585340
12559518	13104059
12559842	11585340
12560016	11747468
12560282	11748002
12560420	12560016
12560775	12560016
12561309	12560016
12561594	11748002
12561696	11585340
12562141	13112664
12562577	13104059
12563567	11585340
12563913	11585340
12564083	13100677
12564381	11585340
12564613	12205694
12564840	11585340
12565368	13104059
12565912	13104059
12566112	14894140
12566331	13104059
12566627	15098161
12566809	11585340
12567316	11585340
12567490	13112664
12567768	11585340
12567950	13112664
12568186	12495146
12568865	11585340
12569233	11585340
12570394	13104059
12570703	13104059
12571194	11585340
12571606	11585340
12572021	11585340
12572188	13112664
12572546	13118707
12573256	12205694
12574143	11585340
12574470	12205694
12574866	13112664
12575089	11585340
12575322	11747468
12575679	12575322
12576029	12557995
12576323	13136316
12577000	11585340
12577362	11747468
12577686	11747468
12577895	11747468
12578255	11747468
12578626	11747468
12578916	11748002
12579038	11747468
12579242	11585340
12579404	13112664
12579593	11585340
12580457	13100677
12581230	11534677
12581381	11555413
12582231	13104059
12582665	12582231
12582846	12582231
12583126	12582231
12583855	12582846
12584057	11556857
12584559	11744859
12584715	12582665
12584970	11556857
12585137	12582846
12585373	13135832
12585512	11556857
12585629	12583126
12585967	14866889
12586298	12582231
12586867	11556857
12587132	12582665
12587366	11556857
12587686	11556857
12587803	12582231
12588156	11556857
12588320	12583126
12588584	15094294
12588780	12583126
12588989	11556857
12589286	11556857
12589841	12583126
12590117	11556857
12590232	12582846
12590842	11556857
12591195	11744859
12591351	12582231
12591523	11556857
12591897	11556857
12592058	12582231
12592351	11556857
12592544	12582846
12592839	13135832
12593122	12582846
12593341	13135832
12593826	11556857
12594165	11744859
12594324	12582846
12594533	13135832
12594746	11556857
12594989	12582231
12595452	12594989
12595801	11556857
12595964	12582231
12596525	11556857
12597006	11556857
12597333	11556857
12597640	11556857
12597798	12583126
12598027	12583126
12598247	11534677
12598409	11562747
12598629	11567411
12599185	12598826
12599435	12598826
12600417	11534677
12600574	11562747
12600888	11567411
12601106	13100677
12601335	11567411
12601494	12205694
12601805	13118707
12602118	11567411
12602850	11567411
12603273	12602980
12603449	12602980
12603784	11567411
12603959	12205694
12604228	12603959
12604639	12603959
12604845	12603959
12605019	11534677
12605315	11555413
12605519	11556857
12605683	13122364
12605965	11555413
12606227	11556857
12606545	12205694
12606907	11555413
12607198	11556857
12607456	12205694
12607896	11556857
12608127	13122985
12608447	11555413
12608778	11555413
12608941	11555413
12609379	13121544
12609638	11555413
12609842	11556857
12609968	13121544
12610186	11556857
12610328	13121544
12610609	11556857
12610740	13121544
12610933	11534677
12611243	11555413
12611640	13121544
12611815	11555413
12612020	11556857
12612170	13122364
12612410	11556857
12612913	11555413
12613285	11556857
12613408	13121544
12613596	11556857
12613706	13121544
12613968	11556857
12614096	13121544
12614317	11556857
12614477	13121544
12614962	11556857
12615097	11556857
12615232	13121544
12615427	11555413
12615710	13121544
12615986	11556857
12616825	11556857
12617140	11555413
12617384	11556857
12617559	13122364
12617739	11555413
12618524	11556857
12618727	13121544
12618942	11534677
12619306	11566682
12620031	11585340
12620196	13112664
12621619	12620196
12622072	12620196
12622653	11585340
12622875	12205694
12623368	11585340
12623524	13112664
12623818	12623524
12624055	12623524
12624249	11585340
12624381	13112664
12624873	11585340
12625003	12651821
12626030	11585340
12626353	13112664
12626674	12626353
12627119	12626353
12627347	12626353
12627526	12626353
12627750	12626353
12628356	12626353
12628872	11585340
12628986	12651821
12629187	11585340
12629523	11585340
12629666	12651821
12629946	11585340
12630144	12205694
12630478	12630144
12631224	11585340
12631331	13118707
12632875	11585340
12633061	13112664
12633386	11585340
12633638	12651821
12633994	12633638
12634211	12633638
12634429	12633638
12634734	12634429
12634986	12634211
12635151	12634211
12635744	12634211
12635955	12635744
12636107	11585340
12636224	12651821
12636885	13112664
12637319	11585340
12637485	12205694
12637729	11585340
12638218	12651821
12638556	12638218
12638753	12638556
12639168	12638556
12639736	12638218
12639910	12639736
12640607	12651821
12641007	12640607
12641180	12640607
12641413	12651821
12641931	12641413
12642200	12641413
12642964	12641413
12643113	13109733
12643473	12641413
12644057	12643473
12644283	13134947
12644464	11562747
12644902	12651821
12645174	12644902
12647376	12641931
12648045	12651821
12648196	12651821
12648424	13112664
12649065	12641413
12649723	13112664
12650556	12641413
12651062	11585340
12651229	13112664
12651465	11585340
12651611	12651821
12651821	13109733
12653056	11585340
12653762	12653218
12654387	12653762
12654659	12653762
12655062	12654659
12655351	12654387
12655869	12653218
12656229	12655869
12656685	12655869
12657294	12655869
12657940	11585340
12658118	13109733
12658846	12658118
12659203	11585340
12659356	13112664
12659539	12659356
12659730	11534677
12660009	11566230
12660601	11665372
12660796	11579418
12661045	12660601
12661420	11579418
12661538	13118707
12661873	11579418
12662223	11579418
12662379	13112664
12662654	11579418
12662772	13104059
12663554	11579418
12663804	13104059
12664005	12663804
12664187	12663804
12664710	13162297
12664897	11579418
12665048	12205694
12665271	12665048
12666159	12665048
12666369	12665048
12666768	13112664
12667179	11579418
12667406	12651821
12667582	12667406
12667964	13112664
12668364	11579418
12668517	13100677
12668732	11579418
12669157	11579418
12669362	13112664
12669641	11579418
12669803	13104059
12670013	15098161
12670172	11579418
12670558	11579418
12670758	13104059
12671157	11566230
12671898	11579418
12672843	11579418
12673178	11579418
12673328	13118707
12673755	11579418
12674120	13112664
12674685	12674120
12676703	12674120
12677612	13100156
12677841	13112664
12678059	11579418
12678224	13112664
12678548	12678224
12678794	12678224
12679023	12678224
12679201	12678224
12679712	11579418
12679876	12205694
12680125	11579418
12680402	13112664
12680652	13112664
12680864	13112664
12681141	13112664
12681768	11579418
12682054	11566230
12682264	11579418
12682411	12205694
12683407	11669921
12684153	11585340
12684379	12205694
12684640	11534677
12685214	11566682
12685431	12205694
12685679	11744859
12685831	12685431
12687211	11585340
12687698	12685431
12687957	12685431
12688526	11585340
12688716	12685431
12688903	12688716
12689808	11744859
12690046	13112664
12690240	13112664
12690388	11566682
12690653	13104059
12691189	11585340
12691834	11585340
12692323	11585340
12692714	12690653
12693033	11585340
12693590	11566682
12694048	11566682
12694193	11585340
12694336	11666854
12694486	11666854
12694707	11566682
12695144	13104059
12695760	11585340
12695975	13104059
12696322	11585340
12696492	13104059
12696830	13135832
12697021	11585340
12697152	12695144
12697360	11585340
12697514	13104059
12697883	11585340
12698027	12695144
12698283	11585340
12698435	13104059
12699157	11585340
12699301	13104059
12699778	11585340
12699922	12695144
12700219	11585340
12700357	12695144
12701178	11566682
12702443	11566682
12702706	11585340
12702948	12205694
12703190	12702948
12703383	12702948
12704041	12702948
12704636	11566682
12704844	11585340
12705013	13118707
12706240	13125117
12706644	11566682
12707040	11585340
12707432	11585340
12707781	12651821
12708293	12707781
12708654	12708293
12709103	12707781
12709901	12707781
12710295	12709901
12710577	12709901
12710693	12708293
12710917	12708293
12711182	12707781
12711398	12707781
12711596	12707781
12711817	12707432
12711817	12711596
12711984	12707781
12712149	11585340
12712320	12707781
12712820	11585340
12713063	12707781
12713358	12713063
12713521	12713063
12713664	11585340
12714114	11585340
12714254	13104059
12714755	13104059
12714949	12714755
12715195	12714755
12715569	11566682
12716166	11585340
12717072	13109733
12717524	11585340
12717644	12651821
12717914	11585340
12718314	11585340
12718483	12715914
12718807	11585340
12719277	11566682
12719455	11585340
12719684	12205694
12720532	11566682
12720893	11585340
12721122	13112664
12721357	11585340
12721477	13109733
12722071	13109733
12722884	11585340
12723062	13112664
12723446	11585340
12723835	11534677
12723985	11564734
12724201	11573173
12724942	13104059
12725521	12724942
12725738	12724942
12725940	12724942
12726670	12724942
12726902	12724942
12727301	12724942
12727518	12727301
12727729	12724942
12727960	12725521
12728164	12724942
12728322	12724942
12728864	12724942
12729315	12724942
12729521	12724942
12729729	12725521
12730370	12724942
12730544	12724942
12731029	12725521
12731202	11573173
12731401	13109733
12732009	12731401
12732756	12731401
12733647	12731401
12734215	12733647
12734446	11534677
12734722	11565385
12735009	11575425
12735160	13104059
12735666	11575425
12736064	11575425
12736455	11575425
12736603	13104059
12736840	11575425
12736999	13120446
12737251	13134947
12737383	11565385
12737383	13120446
12737745	11575425
12738087	11575425
12738480	11575425
12738599	13120446
12738859	11565385
12739072	11575425
12739595	11575425
12739801	13120446
12740196	11534677
12740514	11562747
12741079	11567411
12741222	13104059
12741409	11567411
12741586	12741222
12741792	12741222
12742041	11567411
12742290	12651821
12742546	11567411
12742741	13100677
12743232	11567411
12743352	12651821
12743680	11567411
12743823	12188289
12744277	11567411
12744387	12651821
12744656	11567411
12744850	12651821
12745160	11567411
12745386	12651821
12745564	12651821
12745788	11562747
12745976	11567411
12746733	11567411
12746884	13118707
12747563	11562747
12747961	11567411
12748248	13100677
12748534	13100677
12748815	11567411
12749049	13112664
12749679	13112664
12749852	13112664
12750306	11666854
12750577	11567411
12750767	13112664
12751043	11567411
12751172	13109733
12751402	11562747
12751554	11567411
12751823	11562747
12752039	11567411
12752205	13109733
12753762	12752205
12756059	11567411
12756286	11562747
12756457	13109733
12756862	11567411
12758639	11562747
12759120	11567411
12759273	13110915
12760013	11567411
12760132	13112664
12760722	11567411
12760875	13112664
12761284	12651821
12761471	11567411
12762049	13112664
12762245	11567411
12762583	11567411
12762896	13112664
12763529	12762896
12763762	12762896
12764202	12762896
12764507	12762896
12764703	11567411
12765115	13104059
12765679	11567411
12765846	12651821
12766043	12651821
12766241	11567411
12766595	13100156
12766869	13100156
12767423	13100156
12767648	13100156
12767951	11562747
12768177	11567411
12768369	13109733
12769430	11562747
12769663	11567411
12769815	11534677
12770068	11562747
12770277	11567411
12770529	13104059
12770892	13104059
12771085	11745817
12771192	12651821
12771390	12771192
12771597	12771192
12772081	11562747
12772419	11567411
12772557	11567411
12772753	13112664
12773142	12772753
12773334	11567411
12773488	11567411
12773917	13109733
12774127	11567411
12774299	13104059
12774496	14898470
12774641	12651821
12774891	11567411
12775225	11567411
12775530	11567411
12775717	12651821
12775919	13104059
12776212	11562747
12776391	11567411
12776946	11562747
12777294	11567411
12777436	13112664
12778045	11567411
12778219	13109733
12778398	12778219
12778605	12205694
12778926	11534677
12779233	11562747
12779437	11567411
12779603	12778605
12779851	12779603
12780563	12779603
12780852	11567411
12781241	11567411
12781659	11562747
12781814	11567411
12782108	11562747
12782338	11567411
12782774	11567411
12783173	11567411
12783601	11567411
12783996	11562747
12784543	11566682
12784738	11585340
12785110	11744583
12785499	11744859
12785724	12205694
12786464	12785724
12786684	11744859
12787007	11566682
12787565	11566682
12787846	11585340
12788201	13112664
12789399	11585340
12789767	11585340
12790656	11566682
12790835	11585340
12791064	13112664
12791539	11585340
12792041	11566682
12792638	11585340
12793015	12205694
12793284	12793015
12793494	12793015
12793695	12793015
12793886	12793015
12794135	12793015
12794367	12793015
12794568	12793015
12794985	12205694
12796192	11585340
12796385	11672400
12796617	11585340
12796849	13121544
12797025	12796849
12797213	11585340
12797368	12205694
12797693	11585340
12797860	13112664
12798041	11585340
12798284	12205694
12798632	12798284
12799119	11585340
12799580	11585340
12799776	11669921
12800327	11585340
12800586	12205694
12801072	12800586
12801323	11585340
12801520	13122364
12802248	11585340
12802987	11585340
12803226	11672400
12803517	11585340
12803754	12205694
12803958	11672400
12804216	11585340
12804352	12205694
12804621	11744583
12804866	11744859
12805146	13112664
12805373	12805146
12805561	12805146
12806015	13112664
12806270	11566682
12806455	11585340
12807251	12806732
12807409	12806732
12807624	12806732
12807773	12806732
12808007	12806732
12808227	11534677
12808751	11534677
12808933	11566230
12809365	12205694
12809626	12809365
12810318	11744859
12810595	12205694
12811294	11744859
12811501	12810595
12811856	11566230
12812235	12205694
12813393	11566230
12813870	11579418
12814003	13100677
12815060	11579418
12815434	11579418
12815925	11744583
12816359	11744859
12816508	12205694
12816753	11744859
12817464	12205694
12818147	11567411
12818346	13109733
12818742	11744859
12819560	11744859
12819728	12205694
12819953	11744859
12820434	11744859
12821048	12205694
12821257	11744859
12821505	12205694
12821736	11744859
12822115	12205694
12822650	11744859
12822769	12205694
12822955	12822769
12823164	11562747
12823531	11567411
12823859	13100677
12824581	11567411
12824909	11567411
12825061	12823859
12825301	11567411
12826395	11567411
12826516	13100677
12827907	12826516
12829099	11566230
12830080	11579418
12830568	13122985
12830974	11579418
12832140	11579418
12832315	13083023
12832976	11579418
12833341	11579418
12833793	11579418
12834408	11566230
12834671	11579418
12834938	12834798
12835196	11579418
12835331	12205694
12835578	11579418
12836033	11579418
12836663	11579418
12836862	11669921
12837259	12836862
12837643	11579418
12837803	12205694
12838027	11566230
12839409	11579418
12839574	12205694
12839839	11579418
12839979	12205694
12840640	11579418
12840749	12205694
12841686	11579418
12841872	12205694
12842105	11579418
12842302	12205694
12842765	11579418
12842887	12205694
12843557	12842887
12843844	11579418
12843970	12205694
12844220	11579418
12844409	12205694
12844697	11579418
12844939	12205694
12845413	12844939
12845732	11579418
12846143	11579418
12846335	12205694
12846546	11579418
12846869	11579418
12847008	12205694
12847254	11579418
12847374	13100677
12847749	11579418
12847927	12205694
12848343	11579418
12848499	12205694
12848870	11579418
12849061	12205694
12849717	13112664
12850718	11579418
12850906	12205694
12851094	12205694
12851304	11579418
12851673	11579418
12851860	13112664
12852049	11579418
12852570	12205694
12852726	11579418
12852930	11579418
12853080	12205694
12853287	12853080
12853706	12853080
12853901	11579418
12854048	12205694
12854443	11579418
12854600	12205694
12854925	11579418
12855042	12205694
12857024	11579418
12857204	12205694
12857594	11579418
12857779	12205694
12858019	11579418
12858150	12205694
12858397	12858150
12859488	11567411
12859873	11579418
12859986	12205694
12860365	12205694
12860842	11579418
12861139	11579418
12861751	11579418
12861892	12205694
12862312	11579418
12862648	11579418
12862828	13112664
12863026	11579418
12863234	12205694
12863458	11579418
12863624	12205694
12864038	11579418
12864160	12205694
12864363	11579418
12864545	12205694
12866824	11579418
12866968	12205694
12867679	11579418
12868019	12205694
12868248	11579418
12868418	11579418
12868634	11579418
12868880	12205694
12869248	11579418
12869478	13118707
12870535	12205694
12871074	11579418
12871272	13118707
12871484	12871272
12871992	11744583
12872257	11744859
12872698	11744859
12873834	11744859
12874231	11562747
12874429	11744583
12874642	11744859
12874783	12205694
12874996	11744859
12875269	12205694
12875697	12205694
12875861	12205694
12876032	11566230
12876684	11579418
12877041	11579418
12877244	11669921
12878019	11579418
12878169	11672400
12878525	11579418
12878784	12205694
12879068	12205694
12879350	11579418
12879719	11579418
12879963	11672400
12880963	11579418
12881105	13122364
12881429	11579418
12881631	11672400
12882321	11579418
12882591	11579418
12882779	12205694
12882945	12882779
12883733	11579418
12883923	11579418
12884100	12884260
12884523	11579418
12886600	11672400
12887293	11672400
12887713	11672400
12888733	11579418
12889713	12888906
12890009	11579418
12890265	11669921
12891093	13122364
12891469	13121544
12892226	11566230
12893094	11579418
12893463	13103136
12894438	13100677
12894607	12893463
12894930	12893463
12896000	12205694
12896307	12893463
12896615	12896307
12897493	13100677
12897999	13112664
12898342	12205694
12898628	11579418
12898959	11579418
12899333	11579418
12899537	13112664
12899752	13112664
12900148	11579418
12900462	13112664
12900783	12900462
12900987	12900462
12901264	12900462
12901565	12900462
12901724	12900462
12902021	12900462
12902297	11579418
12902662	13112664
12902887	11579418
12903250	11579418
12903367	13112664
12903503	12903367
12903794	11579418
12904148	11579418
12904314	12205694
12904720	11579418
12904938	13112664
12905412	13112664
12905655	11579418
12905817	12205694
12906021	12905817
12906334	11579418
12906498	12205694
12906926	11579418
12907057	12205694
12907287	11579418
12907465	12205694
12908432	11579418
12908645	12205694
12909252	11579418
12909421	11669921
12910141	11579418
12910285	12205694
12911079	12910285
12911440	12910285
12911673	12910285
12912105	11579418
12913004	11579418
12913352	11579418
12913645	11579418
12913791	13112664
12914048	11579418
12914193	13112664
12914433	11566230
12914731	11579418
12915230	11579418
12916025	11579418
12916356	11579418
12916511	13104059
12916935	11566682
12917338	11585340
12917901	13112664
12918404	12917901
12918609	12917901
12919195	12917901
12919403	12917901
12920204	12917901
12920521	12917901
12920719	12917901
12921868	12917901
12922283	11585340
12922600	11585340
12922763	13112664
12923108	12922763
12923439	11585340
12923839	11585340
12924284	12205694
12924623	13112664
12924984	11585340
12925179	12205694
12925394	11585340
12925836	11585340
12926316	11585340
12926480	13112664
12926689	12926480
12927013	13125117
12927354	11585340
12927494	13109733
12927921	11585340
12928071	13112664
12928491	12928071
12928690	11585340
12929061	11565385
12929237	11575425
12929403	13112664
12929783	13112664
12930044	11566682
12930778	12205694
12931109	11585340
12931449	11585340
12931542	12205694
12931738	11585340
12931738	12930044
12931906	12205694
12932706	12205694
12932966	12205694
12933164	11585340
12933403	12205694
12933616	12205694
12933827	11585340
12934036	12205694
12934368	11585340
12934479	12205694
12934776	11585340
12935457	11585340
12935609	13100156
12935982	11585340
12936333	11585340
12936469	12205694
12936713	11585340
12936826	12205694
12936999	11585340
12937130	11672400
12937388	12205694
12937822	11585340
12938193	13112664
12938667	11553240
12938897	11585340
12939104	12205694
12939479	12939104
12939664	11585340
12939874	12205694
12940060	11585340
12940226	12205694
12940427	11585340
12940609	12205694
12940778	11585340
12941360	11585340
12941360	12930044
12941536	12205694
12942395	12205694
12942930	11585340
12943049	12205694
12943302	11585340
12943443	12205694
12944238	11585340
12944590	11585340
12944960	11585340
12945177	13122364
12945366	13122364
12945549	13122364
12945828	12205694
12946088	11566682
12946578	11585340
12946849	13109733
12947544	12946849
12948053	12946849
12948251	12946849
12948978	11585340
12949722	11566230
12949955	11579418
12950126	11669921
12950501	11579418
12950669	12205694
12950984	11579418
12951465	13166338
12951668	13167078
12952022	13167078
12952165	11545714
12952852	13166338
12953206	11545714
12953484	12953206
12954185	13167078
12954353	11545714
12954634	13167078
12954978	13166338
12955191	13167078
12955639	13167078
12956170	11545714
12956170	13102409
12956791	13167078
12957076	11545714
12957298	13166338
12957608	12957076
12958140	13167078
12958772	13166338
12959074	12957076
12959226	13166338
12959371	13167078
12959538	12957076
12959802	11534677
12959967	13166338
12960211	13167078
12960863	11545714
12961689	13167078
12963140	11594676
12963307	11590783
12963796	11594676
12964130	11590783
12964572	11590783
12964750	11592146
12965209	11590783
12965463	11592146
12965626	12992868
12966386	11590783
12966581	11592146
12967281	11594676
12967504	11590783
12967776	11590783
12968408	11594676
12968658	11590783
12968882	11592146
12969425	12969131
12969927	12969131
12970379	11590783
12970560	11592146
12970872	11594676
12971157	11590783
12972818	11594676
12972966	11590783
12973541	11592146
12974286	11594676
12974826	14867858
12974987	12992868
12975207	08220891
12975608	08103777
12975804	12974987
12975982	08103777
12976672	07992450
12976985	08220891
12977296	08103777
12977565	08103777
12977795	11594676
12978381	11594676
12978654	11590783
12978969	11590783
12979129	11592146
12979478	11594676
12979630	11592146
12980231	11594676
12980478	11590783
12980652	11592146
12980840	13077295
12981595	11590783
12982103	11590783
12982723	11592146
12983217	11590783
12983404	11592146
12984802	11594676
12985010	11590783
12985236	11592146
12986084	11590783
12986447	08220891
12987056	12992868
12987993	11592146
12989142	11590783
12989462	11590783
12989739	11592146
12990407	11592146
12990800	11590783
12990938	11592146
12991184	12987056
12991488	11590783
12991645	11592146
12992022	11592146
12992868	00004475
12994979	08220891
12995724	08220891
12996068	08103777
12996225	08220891
12996841	08103777
12997654	12992868
12998130	08103777
12998349	11594676
12998815	12997654
13000372	11590783
13001743	11592146
13001930	12992868
13002433	11592146
13003254	12998815
13003522	12998815
13004160	11592146
13005166	11592146
13005329	12998815
13005568	11592146
13006171	12998815
13006377	11592146
13006741	11592146
13007034	13875392
13007195	11592146
13007417	12998815
13007770	11592146
13010219	11590783
13010401	11592146
13011856	11590783
13012030	11592146
13012613	11590783
13013187	11592146
13013534	12998815
13015229	11592146
13015826	11592146
13016457	11590783
13018579	11590783
13019017	11590783
13019202	11592146
13020011	11592146
13020623	11592146
13022078	11592146
13022538	14867858
13023292	08220891
13023783	08103777
13024012	12992868
13024763	08103777
13024967	11594676
13025197	11590783
13025421	11592146
13025647	12992868
13026146	11590783
13026529	08103777
13026763	11594676
13027049	11592146
13027190	11590783
13028070	08103777
13028337	08103777
13028611	13024012
13029946	11594676
13030157	11590783
13030438	11592146
13030852	13028611
13031690	11590783
13031956	11592146
13032381	13032115
13032923	13032115
13033577	13032115
13034953	11590783
13035521	11592146
13037124	11592146
13037406	12992868
13038944	08103777
13039349	12992868
13039553	11592146
13039870	11590783
13040108	11592146
13040303	12992868
13041548	11594676
13041725	11590783
13042514	11590783
13042814	11592146
13043264	11594676
13043516	11590783
13043926	12992868
13044149	11592146
13044541	11590783
13044778	12992868
13046285	11594676
13046512	11590783
13047216	11594676
13047385	11590783
13048666	11592146
13049285	11594676
13049561	11590783
13049953	12997654
13050940	13049953
13052431	11592146
13052670	12992868
13052931	13049953
13053187	11590783
13053450	11592146
13053608	13049953
13053816	11592146
13054211	11590783
13054560	12992868
13055009	11592146
13057845	11592146
13059485	11592146
13060451	11594676
13060689	11590783
13060912	11592146
13061704	13060190
13062112	11590783
13062272	11592146
13062421	13060190
13062630	11590783
13063046	11594676
13063269	12992868
13063936	11592146
13064111	13063269
13064247	11592146
13064678	11590783
13064852	11592146
13065215	11592146
13065514	13063269
13065702	08103777
13065902	11594676
13066129	12992868
13066631	11590783
13067191	13066129
13067532	13066129
13067845	11590783
13068434	13066129
13068917	13066129
13069348	11590783
13069535	11592146
13070003	11590783
13070308	12998815
13070708	11592146
13071029	11592146
13074084	11590783
13074277	11592146
13076181	11592146
13077033	12992868
13077295	12992868
13077479	11594676
13078133	11590783
13079203	11592146
13080471	11590783
13080674	11592146
13080866	12992868
13081369	11590783
13082077	11594676
13083023	00017222
13083586	00017222
13084184	13083586
13085113	13083586
13085864	00914632
13086908	00019128
13087625	13086908
13088096	05470189
13089419	13088096
13089631	13089419
13089902	13089631
13090091	13088096
13091620	13152742
13091774	11675842
13095348	13086908
13095685	13086908
13096863	13095685
13100156	00017222
13100677	13083586
13102409	13100677
13103136	13083586
13104059	13103136
13107891	13104059
13108131	13104059
13108662	13104059
13108841	13108662
13109733	13104059
13111174	13109733
13111504	13086908
13112427	08436759
13112664	13103136
13118569	13112664
13118707	13112664
13120003	13112664
13120211	13100677
13120446	01384687
13121104	13083586
13121544	13083586
13122364	13121544
13122985	00017222
13123681	00017222
13124654	00017222
13125117	13087625
13128365	13129165
13133613	13134947
13134059	13129165
13134302	13083586
13134947	11675842
13135832	13134947
13136316	13135832
13136556	13135832
13137409	13134947
13138308	13134947
13138658	13138308
13139055	13134947
13139647	05238036
13140049	13139647
13140535	11534677
13140699	11562747
13140993	11567411
13141141	13112664
13141564	13141141
13141797	13162297
13142695	11567411
13143097	11567411
13143285	13112664
13143626	11567411
13143758	13112664
13143930	11567411
13144084	13104059
13144303	11562747
13144511	11567411
13144794	13100677
13145040	13144794
13145444	13144794
13145924	13145444
13146035	13145444
13148019	11567411
13148384	13100677
13148602	11534677
13148791	11562747
13149039	11567411
13149506	13149296
13149970	13149296
13150178	13149296
13150378	13134947
13150741	11567411
13150894	12205694
13151265	11562747
13151568	11562747
13151820	11567411
13151975	13122364
13152203	11567411
13152592	11567411
13152742	13087625
13154077	13152742
13154190	13088096
13154586	13152742
13154841	13139647
13156083	13152742
13156592	13152742
13157137	13156592
13161506	13086908
13162297	09257949
13163991	13163250
13164583	13087625
13165815	13129165
13166338	08107499
13167078	08108972
13169219	08103777
13169674	11534677
13170060	13166338
13170661	13167078
13171041	13167078
13171210	11545714
13171447	13166338
13171649	13167078
13171797	12957076
13172107	13166338
13172923	11545714
13173882	13172923
13174206	13167078
13174670	11545714
13175484	13167078
13176201	13167078
13176523	13167078
13176873	13167078
13177048	11545714
13177354	13167078
13177529	11545714
13177884	13177529
13178107	13167078
13178284	11545714
13178500	13167078
13179216	13166338
13179410	13166338
13179648	13167078
13179972	13166338
13180304	13167078
13180534	11545714
13183489	11545714
13183874	13167078
13184492	13166338
13185436	13167078
13187031	13166338
13187167	13167078
13187367	13186654
13187604	13166338
13187826	13167078
13188096	11545714
13188268	13188096
13188767	13188096
13188973	13166338
13189222	13167078
13189656	13167078
13189844	11545714
13190218	13166338
13190469	13167078
13190917	13167078
13191318	13167078
13192025	13166338
13192625	11545714
13192898	13167078
13193269	13193642
13193642	11545714
13194328	13167078
13194572	11545714
13194918	11545714
13195151	13167078
13195547	13167078
13195761	11545714
13196942	13167078
13197085	13167078
13197670	13167078
13197800	13167078
13198054	11545714
13198354	13167078
13198728	13167078
13199244	13167078
13199445	13167078
13199717	11545714
13199970	11545714
13200806	13167078
13200986	11545714
13201239	13167078
13201725	13167078
13201969	11545714
13202749	13166338
13203251	13166338
13203551	13166338
13203842	13166338
13204102	13167078
13204826	11545714
13205482	13166338
13206178	11545714
13206584	13167078
13206817	11545714
13207094	13206817
13207736	13206817
13207923	13207736
13208138	13167078
13208468	13167078
13208705	11545714
13209647	13167078
13210006	13167078
13210205	11545714
13210827	13167078
13211516	13167078
13211790	11545714
13212025	13211790
13212751	13167078
13213768	13167078
13214645	11534677
13214813	13166338
13215063	13167078
13215462	13167078
13215936	08103777
13216238	11534677
13216475	13166338
13217213	11534677
13218114	13166338
13218722	08103777
13218900	11534677
13219067	13166338
13219258	13167078
13219422	11547562
13221383	08103777
13221529	11547562
13221807	11534677
13222227	11534677
13222477	13166338
13223090	13221529
13223265	13221529
13224086	11534677
13224454	13167078
13224673	13221529
13225729	11534677
13225955	13166338
13226135	13167078
13226526	11590783
13226698	11592146
13227009	13166338
13227235	13166338
13227557	13167078
13227778	11545714
13228017	13227778
13229358	13167078
13229747	13167078
13230662	11545714
13231078	13230662
13231436	11592146
13232515	11592146
13233012	11562747
13233548	11567411
13233727	12205694
13235503	13233727
13235947	11567411
13236354	11567411
13237343	11567411
13237788	11567411
13238178	11567411
13238375	12205694
13238828	11567411
13238988	13112664
13239471	11567411
13240514	00031921
13241600	06480506
13243261	13246662
13244109	00032613
13245076	13244109
13245846	13245626
13246475	13244109
13246662	13246475
13247554	03076708
13247554	13244109
13247818	13244109
13248087	13247818
13248393	13244109
13248598	13248393
13249245	13246662
13249400	13246662
13249927	13246662
13250048	13246475
13250244	13246475
13250680	13250542
13250930	13244109
13252062	13246662
13252168	13246662
13252293	13246662
13252395	13246662
13252513	13246662
13252973	00032613
13253255	13252973
13253612	13253255
13253751	13253612
13254237	13252973
13254805	13331198
13254985	13254805
13255145	13254985
13256691	13331198
13258362	13255145
13259481	13258362
13259630	13258362
13259797	13258362
13259917	13254985
13260190	13255145
13260510	13258362
13260645	13258362
13260762	13258362
13261916	13261779
13262335	13252973
13262462	13262335
13262663	13262335
13262913	13252973
13263779	13262913
13263779	13265011
13264794	13244109
13265011	13253255
13265425	13265011
13265904	13265011
13266170	13265904
13266170	13268146
13266515	13265904
13267534	13265904
13267534	13266892
13268146	13265011
13268842	13265011
13270038	13265011
13270373	13270038
13271320	13353607
13272059	13283764
13273154	13278375
13273550	13331198
13274092	13282007
13275288	13252973
13275847	13275288
13276330	13275495
13277179	13275495
13277886	13275288
13278375	13275847
13279262	13281275
13280658	13279262
13281275	13278375
13282007	13278375
13282550	13282007
13283764	13278375
13284562	13278375
13285176	13329641
13285714	13285176
13286099	13285176
13286254	13285176
13286640	13285176
13286801	13285176
13287984	13286801
13289159	13285176
13289467	13285176
13290002	13282550
13290991	13290676
13291189	13282550
13291356	13290676
13291614	13290676
13291831	13290676
13294503	13281275
13296089	13295657
13296270	13260190
13296460	13260190
13296899	13278375
13297850	13296899
13298011	13296899
13298701	13298011
13298935	13298701
13299651	13278375
13299804	13299651
13300141	13327896
13300555	13278375
13300922	13300555
13301174	13327676
13301328	13300555
13303315	13275847
13303880	13258362
13304009	13303315
13304186	13303315
13304340	13303315
13305510	13303315
13306870	13275847
13307784	13306870
13307901	13307784
13308147	13306870
13308864	13400798
13308999	13308864
13310230	13308999
13313733	00351638
13313899	13308999
13314936	13308999
13315077	13314936
13315616	13308999
13315999	13313899
13317002	13315999
13318147	13306870
13319512	13319032
13319726	13319032
13320168	13318147
13321495	13320168
13323988	13320168
13325010	13306870
13325382	13306870
13326198	13325010
13327231	13331198
13327676	13252973
13327896	13327676
13328357	13327896
13328853	13328357
13329047	13328853
13329641	00032613
13331198	13329641
13331634	13331198
13331778	13329641
13333047	13329641
13333237	13329641
13333833	13354420
13335172	13333833
13341052	13417410
13341350	13286801
13341756	13286801
13342692	13333237
13342987	13342692
13343526	13342987
13343774	13343526
13343917	13343526
13344071	13329641
13344664	13331198
13344804	13344071
13345286	13344804
13347237	13344804
13349395	13252973
13350443	13349395
13350976	13350443
13353607	13329641
13354420	13329641
13354985	06516595
13355656	13354985
13356112	13329641
13356569	13356112
13356985	13356112
13357178	13356112
13358549	13384557
13359572	13358549
13359941	13359690
13360498	13244109
13363970	13359690
13365286	13331778
13365698	13331778
13366137	13365286
13366311	13365286
13366428	13365286
13366537	13365286
13366693	13258362
13366912	13367070
13367593	13367070
13368052	13366693
13368318	13368052
13369857	13370014
13370448	00032613
13372961	07260623
13373214	05138488
13374426	13379413
13375323	13374426
13375604	13375323
13375891	13331198
13376012	06885389
13376012	13375323
13377268	06481156
13379413	13378518
13381145	13358549
13381734	13377268
13382766	13381734
13383439	13381734
13383696	13381734
13384557	13372961
13384877	13385913
13385216	13384557
13385583	13384557
13385913	13372961
13386614	13385913
13390857	13388245
13391452	13388245
13393427	13388245
13393762	13387209
13394179	13393762
13395074	13393762
13395187	13393762
13395296	13393762
13395407	13393762
13395515	13393762
13395799	13393762
13395897	13393762
13396054	00032613
13397174	13396054
13398241	13403331
13398469	13398241
13398953	13397174
13400798	13396054
13401013	13287984
13403331	00033020
13403643	13403331
13404248	13403643
13404655	13404248
13405166	13404248
13405296	13405962
13408023	13258362
13408641	13408023
13408980	04747899
13409647	13409160
13411157	13405962
13411533	13405962
13412321	13403643
13412721	13412321
13413493	00033615
13416345	06479665
13417410	13398241
13417410	13416345
13418047	13417410
13418219	13349395
13421095	13416345
13421286	13421095
13421832	13358549
13422061	13421832
13423489	13475538
13423615	13475538
13424183	13518963
13424643	13427078
13424865	13497135
13425245	13497135
13426238	13518963
13426376	13561719
13427078	13526110
13428159	13518963
13428608	13526110
13429780	13489037
13429888	13434878
13430495	13434688
13431992	13489037
13432647	13477023
13433061	13524399
13433462	13433727
13433727	13434120
13433948	13489037
13434688	13526110
13434878	13557451
13435152	13446390
13436063	13455487
13436682	13489037
13437181	13424865
13439570	13489037
13440063	13526110
13440779	13491876
13440779	13572436
13441387	13459088
13441812	13532886
13443787	13526110
13444703	13526110
13444940	13489037
13445296	13518963
13446197	13447361
13446390	13518963
13447361	13446390
13448334	13532886
13449156	13444703
13449566	13572436
13449714	13489037
13450206	13530408
13450636	13459322
13450862	13524925
13451508	13491060
13451804	13461162
13452347	13491616
13452750	13518963
13452947	13459322
13453160	13566212
13453428	13446390
13453861	13446390
13454318	13489037
13454479	13518963
13454950	13489037
13455487	13541167
13456071	13446390
13456567	13458571
13456715	13518963
13456899	13523208
13457378	13458571
13458019	13456715
13458268	13447361
13458571	00029677
13459088	13473097
13459322	05701738
13459322	13542947
13460299	00029677
13460568	13478525
13460991	13518963
13461162	13471206
13461525	13446390
13461951	13459322
13462191	13424865
13463255	13458571
13463490	13518963
13463656	13557451
13464204	13457378
13464820	00029677
13465530	13518963
13466586	13440063
13467009	13459322
13467700	13446390
13467916	13518963
13468094	13508651
13468306	13518963
13469674	13518963
13471206	00029677
13471517	13526110
13471681	13518963
13471815	13466586
13472125	13458268
13472518	13518963
13473097	13466586
13474290	13549672
13474858	13496972
13475538	13486838
13476267	13518963
13477023	13526110
13477462	00029677
13477934	13440063
13478342	13518963
13478525	13518963
13479034	13532886
13479380	13518963
13479889	13440063
13480541	13482330
13480667	13518963
13480848	13450206
13481883	13480848
13482330	13518963
13483488	13518963
13483726	13518963
13484082	13497928
13484644	13453160
13484644	13536016
13484937	13484644
13485408	13489037
13486115	13489037
13486270	13446390
13486671	13526110
13486838	13518963
13487207	13489037
13487409	13486838
13489037	13526110
13490909	13489037
13491060	13518963
13491464	13532886
13491616	13440063
13491876	13566212
13492453	13526110
13493213	13509528
13493998	00029677
13495209	13535261
13495636	13459322
13495873	13480848
13496017	13423922
13496286	13526110
13496517	13534954
13496771	13518963
13496972	13473097
13497135	00029677
13498404	13533470
13498828	13471206
13499165	13475538
13499923	13489037
13501059	13459322
13501738	13489037
13501941	13526110
13502909	13518963
13503673	13459322
13503908	00029677
13504173	00029677
13504403	13489037
13504497	13526110
13504739	13526110
13505467	13526110
13505843	13440063
13505987	13440063
13506587	13518963
13506727	13515958
13508333	13493998
13508651	13536016
13509528	13467916
13510433	13518963
13511755	13489037
13512036	13518963
13512238	13526110
13512725	13444703
13513540	13513747
13513747	13466586
13514314	13526110
13514880	13526110
13515958	13473097
13516176	13560417
13516312	13478525
13516597	13444703
13516842	13555599
13517199	13434120
13517553	13489037
13517843	13497135
13518432	13489037
13518656	13448334
13518963	00029677
13520981	13489037
13521072	13447361
13521616	13530408
13521873	13446390
13523208	13518963
13523661	13526110
13524191	13513747
13524399	13508333
13524925	13455487
13525549	00029677
13525912	13440063
13526110	00029677
13527965	13518963
13528100	13465530
13530108	13491876
13530408	13447361
13530989	13526110
13531149	13518963
13531435	13518963
13531652	13489037
13532886	13526110
13533470	13526110
13533886	13515958
13534098	13446390
13534274	13480667
13534608	13526110
13534954	13465530
13535261	13440063
13536016	13518963
13536299	15290337
13536794	00029677
13537429	13446390
13537894	13453428
13538182	13475538
13538314	13540610
13538757	13446390
13540610	13526110
13541167	00029677
13541491	13557451
13541798	13459322
13541975	13489037
13542474	13536299
13542947	13493998
13543093	13489037
13543231	13489037
13543418	13489037
13543564	13489037
13544073	13434120
13546169	13459322
13546416	13459322
13547199	13548105
13547677	13447361
13547925	13480541
13548105	13541167
13548531	13540610
13548734	13526110
13548931	13459322
13549488	13497135
13549672	13518963
13549916	13526110
13550089	13459322
13550318	13526110
13552124	13489037
13552270	13453428
13552270	13530408
13552644	13518963
13553916	13526110
13554121	13526110
13554343	00029677
13555101	13518963
13555446	00029677
13555599	13526110
13555775	13459088
13556377	13457378
13556509	13464204
13556893	13572436
13557158	13518963
13557451	13493998
13557766	13518963
13558003	13475538
13558490	13518963
13558696	13524925
13558953	13518963
13559409	13560417
13559782	13427078
13560079	13477023
13560417	13456715
13561521	13518963
13561719	13518963
13561896	05890249
13562862	13518963
13563647	13489037
13563746	13518963
13564910	13518963
13565379	13446390
13565622	13440063
13565781	13489037
13566212	13518963
13566436	13489037
13566535	13491876
13566535	13536016
13568524	13518963
13569905	13518963
13570574	13526110
13571217	13464820
13572436	13536016
13572860	13526110
13573057	13489037
13573181	13526110
13573666	13575433
13573915	13541167
13574452	13458571
13575226	13498404
13575433	13446390
13575869	00033615
13576101	00033615
13576355	00033615
13576982	00033615
13577171	00033615
13577544	13577171
13577934	13577544
13578267	13577934
13579287	13577171
13580058	13577171
13580415	13576982
13580723	13580415
13582013	13576101
13583724	13576101
13585429	13582013
13586122	13585429
13587763	13586122
13587963	13587763
13589321	13586122
13590598	13585429
13593219	13582013
13594585	13582013
13597280	13582013
13597585	13582013
13597794	13582013
13599547	00033615
13600097	13583724
13600404	13583724
13600822	13583724
13601370	13600822
13601483	13600822
13601596	13583724
13602401	13600822
13602526	13583724
13603065	13583724
13603305	13583724
13604275	13583724
13604718	13583724
13607187	13583724
13607405	13583724
13607985	13583724
13608319	13583724
13608598	13583724
13608788	13583724
13609214	13583724
13609507	13583724
13610162	13583724
13611207	13600097
13611567	13600097
13614256	13600404
13614764	13600822
13615036	13600822
13616054	13600822
13616054	13604275
13616688	13600822
13616926	13600822
13617046	13600822
13617207	13600822
13617308	13600822
13617468	13600822
13617630	13600822
13617835	13600822
13617952	13600822
13618076	13600822
13618180	13600822
13618629	13615235
13618849	13615235
13619920	13615235
13619920	13615557
13620154	13615036
13621011	13615557
13621190	13615557
13621418	13615557
13622035	13615557
13622209	13615557
13622591	13615557
13622769	13615557
13623054	13615557
13623455	13616054
13623636	13616054
13623856	13616054
13624026	13616054
13624190	13616054
13624509	13616054
13624705	13616054
13624873	13616054
13625063	13616054
13625237	13583724
13625884	13601596
13627327	13601596
13627516	13601596
13627681	13601596
13627810	13601596
13628056	13601596
13628246	13601596
13628419	13601596
13628592	13601596
13628761	13601596
13628955	13601596
13629132	13601596
13629309	13601596
13629482	13601596
13629676	13601596
13629854	13601596
13630036	13601596
13630213	13601596
13630387	13601596
13630545	13601596
13630707	13601596
13630864	13601596
13631194	13601596
13631355	13601596
13631512	13601596
13631687	13601596
13631845	13601596
13632007	13601596
13632164	13601596
13632461	13601596
13632744	13602526
13632961	13602526
13633229	13602526
13633375	13602526
13634205	13602526
13634418	13602526
13634615	13602526
13634784	13602526
13635108	13602526
13635336	13602526
13636648	13632961
13636989	13632961
13637376	13633375
13639647	13634418
13640050	13634418
13641534	13640050
13643276	13634784
13644047	15278281
13644522	13635108
13649054	13603305
13649268	13603305
13649268	13604275
13649626	13603305
13649791	13603305
13650045	13603305
13650447	13603305
13650921	13603305
13651072	13603305
13651520	13603305
13651804	13603305
13651931	13603305
13652994	13603305
13655262	13603305
13657691	13649268
13657849	13649268
13658278	13649268
13658657	13649268
13658828	13649268
13658998	13649268
13659162	13649268
13659419	13649268
13659604	13649268
13659760	13649268
13659943	13649268
13660178	13603305
13660337	13649626
13660619	13649626
13661273	13604718
13662190	13604718
13662703	13604718
13664521	13662703
13664808	13662703
13665027	13662703
13665256	13662703
13665965	13662703
13669006	13662703
13670521	13604718
13672555	13662703
13682450	13662703
13684140	13604718
13686526	13604718
13686660	13686526
13687015	13604718
13687278	13687015
13687906	13604718
13694160	13662703
13694367	13662703
13697011	13604718
13698949	13604718
13703942	13662703
13711060	13607985
13711855	13607985
13712428	13603305
13712592	13603305
13715755	13577171
13716686	13608788
13716878	13608788
13717155	13604275
13717155	13609214
13717728	13608788
13718451	13608788
13719410	13608788
13720096	13716084
13720600	13716084
13720852	13716084
13721003	13716084
13721177	13716084
13721387	13716084
13721529	13716084
13722060	13716878
13722340	13716878
13722522	13716686
13722522	13716878
13722757	13716686
13722757	13716878
13722929	13717155
13723061	13717155
13723304	13717155
13723470	13717155
13723577	13717155
13723712	13717155
13724081	13717155
13724350	13717155
13724474	13717155
13724582	13717155
13724838	13724582
13725108	13717155
13725271	13717155
13725457	13717155
13725588	13717155
13725726	13609507
13726074	13609507
13726296	13609507
13726562	13609507
13726947	13609507
13727209	13609507
13727478	13609507
13728499	13582013
13729428	13582013
13729902	13729428
13730054	13729428
13730189	13730054
13731530	00033615
13733167	13582013
13733402	13728499
13734992	13733402
13736799	13732295
13737480	13732295
13740168	13576982
13740591	13740168
13740765	13740168
13741022	13728499
13742358	13741022
13742573	13741022
13742840	13742573
13742980	13742573
13743100	13742980
13743269	13741022
13743605	13743269
13743869	13743605
13744044	13741022
13744304	13741022
13744521	13741022
13744722	13741022
13744916	13741022
13745086	13741022
13745270	13741022
13750844	13745420
13751036	13750844
13752033	13751829
13752172	13745420
13752443	13745420
13752679	13745420
13752911	13745420
13753067	13745420
13753274	13745420
13753430	13745420
13753585	13745420
13753740	13745420
13754293	13576355
13756125	13576355
13757249	13576355
13757724	13576355
13758745	13576355
13759558	13758745
13760316	13576355
13761171	13760316
13761966	13760316
13762836	13760316
13763058	13762836
13763384	13653902
13763384	13760316
13764213	13576355
13766896	13756125
13769317	13756125
13769672	13576355
13771404	13760316
13771828	13771404
13773047	13760316
13773361	13760316
13773539	13773361
13774010	13774115
13774115	13760316
13774404	13757724
13775093	13757724
13775706	13774404
13775939	13774404
13776137	13653902
13776137	13757724
13776432	13757724
13777344	13576355
13777509	13757724
13777764	05074774
13779032	00033615
13779374	13779032
13780339	13711060
13780719	00031921
13781670	13780719
13783038	00031921
13783581	00031921
13783816	13783581
13784366	13783816
13784906	13783816
13785136	13783816
13786187	13783816
13786413	13783816
13786960	13783816
13790133	13783581
13790712	00031921
13792183	13791389
13792579	13791389
13792692	13792579
13792842	13791389
13793504	13791389
13793776	13793504
13794034	13793504
13794417	13791389
13795180	13794417
13797313	13796779
13798491	13783038
13798491	13783581
13798814	13783038
13798814	13783581
13799392	13796779
13800801	13796779
13801424	13796779
13801700	13801424
13802098	13801424
13802306	13801424
13802920	13796779
13803782	13796779
13805734	06329506
13805974	13805734
13806140	06329506
13806735	13806140
13806964	13805734
13809207	00031921
13809769	13809207
13809920	13809207
13810141	13809920
13810323	13809207
13810615	13809207
13811184	13810818
13812296	13812607
13812607	00031921
13813042	13812607
13813591	13812607
13813765	13812607
13814041	13812607
13814184	13812607
13814601	13813042
13815152	00031921
13817526	13815742
13818551	13817526
13819207	13815152
13820655	13819207
13822995	13819207
13827426	05074774
13828075	13827426
13828905	13827426
13829047	13828905
13830305	13827426
13831000	13830305
13836371	05074774
13839662	13838386
13840719	00032823
13841213	00031921
13841651	13841213
13841863	13841213
13843173	13858833
13844212	00031921
13844690	00031921
13845239	13844690
13845838	13844690
13850019	14429985
13850304	07260623
13850674	13850304
13851067	13850304
13852395	13577171
13852395	13850304
13853546	13850304
13854101	07260623
13854649	00031921
13855627	13854649
13855828	13854649
13856574	13854649
13857486	13854649
13858045	13857486
13858604	13854649
13858833	13854649
13859043	00031921
13860281	13783038
13860548	13854649
13860793	00027807
13861050	00027807
13862780	00027807
13863186	13862780
13863602	13862780
13863771	00027807
13864153	13860793
13864763	00027807
13864965	13860793
13865483	00027807
13866144	13863186
13867276	00027807
13867641	13863771
13869327	13867641
13869991	13863771
13870414	13863771
13870805	00027807
13872211	05303402
13872211	13864965
13872421	13864965
13872592	13865483
13872975	13863186
13874073	13873502
13874384	13867641
13874558	13867641
13875185	13865483
13875392	13900287
13875970	13865483
13876371	13867641
13877918	13907415
13878112	13865483
13879126	13866144
13879320	13866144
13879947	13879320
13880811	13881644
13881381	13879126
13881512	13879126
13881644	13863186
13883885	13860793
13884511	13883885
13884740	13884511
13885370	13867276
13885700	13867276
13885836	13867276
13886260	13867641
13886724	13864763
13887056	13913849
13887319	13864763
13887509	13910384
13888491	13887509
13889602	13887509
13889843	13887509
13892897	13887509
13893786	13896369
13894306	13864965
13894434	13919685
13895262	13894434
13895362	13894434
13895549	13894434
13895622	13894434
13895745	13894434
13895852	13894434
13896100	13867641
13896369	13864965
13897996	04341686
13898315	13897996
13899200	13865483
13899404	13899200
13899804	13865483
13900287	13860793
13900422	00027807
13901585	13899200
13902048	13864153
13902482	13864153
13903079	13863771
13903387	13903079
13903576	13903079
13903738	13903079
13903855	13903079
13904011	13903079
13904843	13896369
13905405	13904843
13905572	13896369
13905792	13896369
13906345	13905792
13906484	13905792
13906669	13905792
13906767	13905792
13906936	13905792
13907104	13905792
13907272	13896369
13907415	13864763
13907847	13907415
13908021	13864965
13908201	13908021
13908580	13867641
13910384	00027167
13911151	13870805
13911517	13910384
13911872	13875185
13912992	05071027
13913566	13860793
13913849	13863602
13914608	13860793
13915999	13883885
13916603	13915999
13916721	13915999
13917094	13915999
13917214	13915999
13917334	13915999
13918965	13875970
13919547	13879320
13919685	13864153
13920429	00024720
13920835	00024720
13924336	13920835
13924659	13920835
13925550	13920835
13925752	13920835
13926932	13925752
13927383	00024720
13928388	00024720
13928668	00024720
13929588	13931145
13929852	13931145
13930385	13928668
13931145	13928668
13931436	13928388
13931765	13928388
13931889	13931765
13932421	13927383
13933560	14411243
13933841	13927383
13934596	13927383
13934900	13927383
13935227	13927383
13936153	14411243
13937554	13927383
13939892	00024720
13940456	13939892
13941125	13939892
13941337	13939892
13942104	13939892
13942875	13920835
13944747	13933841
13944914	13920835
13945102	00024720
13945919	00024720
13946760	13945919
13947415	13945919
13947645	13947415
13948026	13947415
13948136	13945919
13948441	13945919
13949576	13948441
13950440	14442530
13950812	13945919
13951215	13945919
13951444	13951215
13952171	13951984
13952601	13945919
13954253	00024720
13954818	13954253
13955461	13954818
13956488	13954818
13957601	13954253
13960117	13959931
13960464	13960117
13960974	14449405
13961642	13954253
13962166	13961642
13962360	13962166
13962498	00024720
13963757	13952601
13963970	13963757
13964466	13963970
13964879	13963970
13965049	13963970
13965274	13963970
13965627	13963970
13966007	13963970
13967215	13963970
13968547	00024720
13969243	13968547
13969700	13969243
13970236	13968547
13971065	13969243
13971561	13970236
13972797	00024720
13973059	13972797
13973320	13973059
13975037	14034177
13975752	13972797
13976322	13975752
13976527	13976322
13977366	13972797
13977732	13977366
13977870	13977366
13978033	13977366
13978166	13977366
13978344	13977366
13978601	13977366
13978709	13977366
13979173	13972797
13979503	13979173
13980288	00024720
13980845	00024720
13981137	13980845
13981403	13980288
13982357	13980845
13983147	00024720
13983304	13983147
13983515	13983147
13983807	13983515
13984082	13983515
13984285	13983515
13984613	13984285
13984944	13984613
13985818	07480068
13986372	13985818
13986679	13985818
13987423	13985818
13987905	14405225
13988101	13987905
13988224	13987719
13989051	13988663
13989280	13989051
13989627	13920835
13989863	13989627
13990064	13920835
13990502	13989627
13990675	13920835
13991823	00024720
13992514	13994148
13992738	13992514
13993356	13994148
13994456	13991823
13994806	13994456
13996061	13991823
13996300	13928668
13996571	13996300
13997253	13996300
13998014	13997253
13998263	13997253
13998576	13996300
13998781	13998576
13999206	13998576
14000403	00024720
14001348	00024720
14001728	14001348
14002109	13920835
14002279	13934900
14004317	00024720
14004958	14004572
14005137	14004572
14005892	14004317
14006179	00024720
14006945	00024720
14007546	14006945
14008806	14006945
14010148	00024720
14010636	14010148
14010927	14010148
14011811	14010148
14012667	14010148
14013005	14010148
14014162	14011811
14015266	14010927
14015361	14411243
14015596	14010927
14015731	00024720
14016114	14015731
14016114	14373582
14016361	14015731
14017206	14016361
14017332	14015731
14018567	14015731
14018918	14018567
14019039	14018567
14019441	14501726
14019600	14204950
14019840	14019600
14023491	14034177
14023997	14034177
14024882	14034177
14025478	14024882
14025755	14024882
14026376	14373582
14026592	14373582
14027396	14023491
14027674	14023491
14029405	14027674
14030820	00024720
14031108	00024720
14031523	14031108
14031660	14031108
14034177	13920835
14035298	14034177
14035909	14034177
14036203	14023997
14036539	14036203
14036735	14036539
14037011	14036203
14037619	14023997
14038264	14034177
14038993	14023997
14039534	14035298
14040071	14039534
14040310	14039534
14040660	14035298
14040846	14040660
14041256	14035298
14042165	14034177
14042423	14034177
14043243	14041256
14043882	14041256
14044930	14045507
14045141	14044930
14045141	14557898
14045507	14034177
14046202	14034177
14047171	14046202
14047440	14047740
14047547	14047740
14047641	14047740
14047740	14046202
14048134	13939892
14048309	14048441
14048441	13532886
14049098	14501726
14049552	14034177
14049711	14034177
14050434	14050143
14050559	14050143
14050871	14049711
14051056	14049711
14051201	13987423
14051201	14049711
14051494	14034177
14051728	14034177
14051917	14034177
14052046	14051917
14052403	14034177
14055052	14145095
14055408	14052403
14055623	14052403
14056280	14304060
14057371	14052403
14058252	14052403
14058563	14052403
14059663	14052403
14059928	14052403
14060256	14052403
14060688	14052403
14060929	14052403
14061462	14034177
14061805	14052046
14062725	14034177
14063633	14034177
14064044	14063633
14064408	14062725
14064644	14064408
14065903	14061805
14066203	14061805
14066492	14066203
14067076	14066203
14068344	14061805
14068685	14061805
14069895	14061805
14070360	14061805
14071235	14070360
14072423	14070360
14072934	14072423
14074877	14151139
14075199	14151139
14077454	14059928
14077830	14178913
14080622	14070360
14080836	14080622
14081375	07305234
14081941	14081375
14082303	14081375
14082595	14081941
14083200	14082595
14083790	14052403
14084502	14052403
14085220	14084880
14085220	14285662
14085708	14084880
14086143	14085708
14089719	14358022
14091254	14084880
14092247	14501726
14094068	14110411
14094068	14187378
14094350	14058563
14094350	14085708
14094881	14058563
14094881	14084880
14096724	14552802
14097574	14085708
14099933	14085708
14100769	14081375
14101083	14100769
14102075	14100769
14103288	14057371
14103510	14057371
14105737	14084880
14105737	14110411
14106025	14057371
14107374	14204950
14108039	14103288
14108324	14110411
14108713	14108324
14110219	14204950
14110411	14204950
14110674	14103288
14112255	14059663
14112255	14103288
14112855	14081375
14113798	14113228
14114555	14059663
14114555	14113228
14116321	14070360
14116908	14059928
14117805	14075199
14118138	14117805
14118423	14118138
14118423	14187378
14118936	14118138
14120310	14316714
14120767	14059928
14121058	14120767
14121058	14187378
14121276	14059928
14121804	14151139
14122053	14070360
14122235	14122053
14122497	14122235
14122497	14145095
14123044	14122235
14124232	14122235
14124423	14124232
14124688	14124423
14125466	14176895
14126660	14552802
14127211	14122053
14128029	14127211
14128812	13974317
14128812	14074877
14129999	14127211
14130166	14127211
14132524	14132102
14132524	14133159
14133159	14122235
14133543	14133159
14133750	14133159
14133985	14133159
14135065	14133985
14135623	14177423
14136187	14127211
14137561	14133159
14137829	14127211
14138691	14130166
14139015	14138691
14139661	14138691
14140781	14127211
14141062	14140781
14143415	14127211
14144064	14143415
14145095	14070360
14145501	14122053
14145501	14145095
14145911	14145095
14146273	14145095
14147380	14145095
14147627	14145095
14147964	14145095
14149963	14145095
14151139	14070360
14151884	14151139
14151884	14193711
14152279	14291010
14152279	14465048
14152617	14465048
14153010	14465048
14153010	14552802
14153616	14153010
14153982	14153616
14154669	14153616
14155506	14074877
14155506	14207809
14155834	14084502
14155834	14151139
14156488	14151139
14156976	14074877
14156976	14094881
14156976	14162025
14157163	14074877
14157163	14157527
14157527	14151139
14158594	14151139
14158997	14151139
14159153	14465048
14159623	14465048
14159623	14504558
14159887	14151139
14160179	14151139
14160365	14151139
14160665	14151139
14160786	14151139
14160903	14151139
14162025	14151139
14162275	14151139
14164190	14465048
14164866	14151139
14164866	14195315
14165544	14195315
14166118	14195315
14166358	14082303
14166358	14166118
14167426	14195315
14168176	14195315
14168792	14074877
14168792	14195315
14169128	14151139
14169364	14074877
14169364	14162275
14169364	14193711
14170337	14189204
14170337	14565696
14170772	14170337
14171492	14151139
14171682	14070360
14172005	14171682
14173484	14171682
14173625	14171682
14174549	14052046
14175165	14178913
14175313	14129999
14175313	14175165
14175579	14133159
14176895	13575226
14177423	14186340
14178077	14178913
14178913	14174549
14180327	14174549
14180848	14174549
14181049	14178077
14181187	14178077
14181409	14178077
14181713	14176895
14183065	14174549
14184067	14183065
14184986	14173484
14184986	14174549
14186340	14174549
14186541	14171682
14186738	14186541
14186738	14187378
14187378	14070360
14189837	14180848
14189837	14189204
14190736	14189837
14191037	14061805
14193711	14084502
14193925	14299637
14195315	14189204
14195715	14074877
14195715	14165544
14195939	14195715
14200873	14198576
14202763	14202996
14202996	14204950
14203346	14055408
14203346	14359952
14204095	14066203
14204586	14204095
14204950	14052046
14206929	14204950
14207809	14204950
14210119	14151139
14210971	14204950
14213199	14052046
14213328	13920835
14214355	14465048
14214584	14213512
14215331	14276936
14217897	14215331
14219661	14070360
14222112	14171682
14224547	14224757
14224757	14226056
14226056	14219661
14228148	14219661
14229912	14219661
14230800	14187378
14230800	14219661
14233267	14219661
14234074	14061805
14235200	14234074
14235793	14236226
14235928	14235200
14236226	14235200
14236743	14235200
14237561	14070360
14238528	14236226
14239425	14235200
14239425	14237561
14239918	14239425
14242337	14239918
14242922	14239918
14243268	14242922
14243877	14242922
14244726	14242922
14245163	14242922
14246359	14239918
14246710	14242337
14248541	14236226
14250081	14236226
14252320	14242337
14252864	14070360
14253124	14070360
14254102	14276649
14255234	14252864
14257779	14336539
14258609	14336539
14265722	14177423
14276360	14276649
14276649	14253124
14276936	14070360
14278773	14276936
14283178	14276936
14283632	14276936
14285276	14373582
14285662	14052046
14286549	14298815
14286885	14286549
14287113	14298815
14287408	14298815
14288235	14285662
14288561	14082303
14288561	14288235
14288871	14285662
14289590	14285662
14289942	14289590
14290534	14290881
14290881	14034177
14291010	14034177
14292090	14285662
14294678	14285662
14295248	14285662
14295389	14295248
14295691	14295389
14297696	14052403
14297870	14285662
14298102	14285662
14298620	14285662
14298815	14285662
14299070	14285662
14299336	14299070
14299637	05823932
14301785	05823932
14302005	14301785
14302261	14299637
14304060	14299637
14310292	13962498
14310292	14370267
14311348	14299637
14313154	14299637
14313440	14204950
14313661	14313440
14313943	14313440
14314850	00863513
14314850	14299637
14315192	14299637
14316714	14315192
14317221	14315192
14317720	14315192
14319684	14299637
14320394	14299637
14321469	14299637
14321953	14321469
14322106	14321953
14322248	14321953
14322248	14533203
14322699	14299637
14323683	14322699
14324274	14322699
14325437	14322699
14325732	14322699
14326607	14323683
14327266	14323683
14327707	14326607
14329262	14322699
14329654	14322699
14331873	14322699
14332085	14322699
14332617	14322699
14333136	14332617
14333433	14322699
14334511	14334122
14336004	14204950
14336317	14299637
14336539	14299637
14338942	14336539
14341091	14336539
14341432	14336539
14342132	14336539
14343411	14342132
14343597	14342132
14343735	14342132
14344189	14343597
14345304	14336539
14346909	14336539
14350292	14336539
14350837	14336539
14351321	14336539
14351629	14336539
14353008	14102075
14355901	14336539
14356328	14336539
14356578	14336539
14356720	14345304
14356720	14356578
14356993	14356328
14356993	14356578
14358022	14174549
14358335	14336539
14359174	14299637
14359459	00863513
14359459	14299637
14359952	14299637
14360459	14299637
14361182	14360459
14361664	14360459
14362179	14361664
14363483	14299637
14364306	14363483
14365356	14299637
14365619	14365356
14365741	14299637
14365950	14501726
14366759	14365950
14367341	14366759
14367797	14151139
14367797	14367341
14369744	14299637
14370122	14369744
14370267	14297696
14370391	14288235
14371913	14299637
14372286	14371913
14373582	13920835
14374432	14373582
14375576	14373582
14375761	14375576
14375890	14375576
14376188	14375890
14376855	14373582
14377617	14376855
14379130	14373582
14379501	14379130
14379703	14379501
14379829	14379501
14380140	14373582
14381416	14380473
14382238	14381416
14384796	14382238
14385403	14381416
14386130	14380473
14386590	14083790
14386697	14083790
14387807	14083790
14388910	14083790
14389240	14388910
14390466	14389240
14391660	14388910
14391876	14391660
14392143	14391876
14392639	14388910
14392862	14392639
14393161	14083790
14393438	14393161
14394094	14417300
14395018	14380140
14395403	14395018
14395597	14395403
14395955	14395403
14396890	14204950
14397040	14396890
14398067	14380140
14398523	14398067
14399116	14398523
14399438	14398523
14399852	14398523
14400677	14052403
14402922	14400677
14403107	14373582
14403282	14403107
14403560	14403107
14403772	14403107
14404160	14373582
14405225	14373582
14405774	14034177
14405931	14374432
14406573	14373582
14407070	14406573
14407283	14406573
14407536	14373582
14407899	14407536
14408086	13920835
14408519	14408086
14408646	14408086
14408951	14408646
14409489	14408086
14409718	14409489
14411243	14408086
14411981	13932421
14412725	13932421
14412882	13932421
14413644	13937554
14413993	13937554
14414294	00024720
14414715	14414294
14415518	14414715
14415773	14414715
14416089	14414715
14416349	14416089
14416473	14416089
14416845	14373582
14417146	14416845
14417300	14083790
14417300	14416845
14417697	14414294
14418103	14417697
14418395	00024720
14418662	14418395
14418822	14418662
14419164	14418395
14419510	14419164
14420240	14419164
14420464	14419164
14420954	14418395
14421139	14418395
14421373	14414294
14421724	14418395
14422035	14420464
14422488	13920835
14422871	14422179
14424517	14422179
14424780	00024720
14425103	14424780
14425414	14425103
14425715	14425103
14425974	00024720
14426449	14425974
14427065	14425974
14427239	14425974
14427633	13935227
14428160	14429985
14428404	14428160
14429608	14429985
14429985	13945919
14431169	14428160
14431471	14429985
14431637	14431471
14433587	13948136
14433769	14433587
14434022	14433587
14436029	13948136
14436438	14436029
14436875	13948136
14437134	14436875
14437552	14436875
14438125	14436875
14439447	13948136
14439745	14439447
14440137	14439447
14440488	14440137
14440623	14440488
14440875	14440623
14441825	13920835
14442361	14441825
14442530	14441825
14442749	14441825
14442933	14441825
14443434	14441825
14443532	14442933
14443912	14441825
14444114	14441825
14444326	01097292
14444644	01097292
14445226	07305234
14445379	13920835
14445749	14445379
14446161	14445379
14446652	13920835
14446878	14446652
14447525	14474052
14447816	14447525
14447908	14447525
14448333	14448200
14449126	13920835
14449405	14449126
14450339	14449405
14451020	14450691
14451349	14451020
14451672	14451020
14451911	13920835
14452294	14451911
14452616	14451911
14454450	14452616
14455206	13920835
14455700	13959931
14456138	13920835
14456435	14456138
14456752	14456138
14456893	14456138
14457041	14457218
14457218	13920835
14458593	00024720
14459422	00024720
14459824	14459422
14460565	00024720
14460974	14460565
14461231	14460974
14461679	14461231
14462666	00024720
14462946	14462666
14463826	14462946
14464005	14462666
14464203	14462666
14465048	14464005
14465048	14505821
14466432	14465048
14467685	14213512
14467975	14465048
14468508	14213512
14468508	14465048
14469014	14465048
14469766	14304060
14469766	14469014
14471224	14465048
14471507	14465048
14471724	14465048
14471926	14465048
14472111	14465048
14472299	14462666
14472624	13939353
14473222	13920429
14473655	14473222
14473917	14473222
14474052	14473655
14474894	14474052
14475405	14473222
14475661	14475405
14475992	14475405
14476852	14475661
14477342	14475661
14477667	14477342
14477877	14473222
14480065	14479615
14480420	14479615
14480772	14479615
14481080	14479615
14481929	13954253
14482620	14481929
14483126	13959931
14483917	14481929
14485064	14483917
14485249	14483917
14485526	14483917
14486533	14404160
14487184	13920835
14487443	14487184
14487731	14487184
14488317	13920835
14488594	13920835
14489113	13933560
14489113	14488594
14490110	00024720
14490319	14490110
14491271	14488317
14491625	14491271
14492373	14491271
14492953	14491271
14493145	14488317
14493426	14493145
14494032	14493716
14494716	13920835
14494893	14494716
14495589	14494716
14496193	14494716
14496710	13920835
14496977	14496710
14497763	14494716
14498096	14497763
14498404	14497763
14499262	13920835
14499594	14499262
14500047	14499262
14500341	14499262
14500567	14499262
14500819	14500567
14500908	13920835
14501726	14034177
14503665	14501726
14504103	14503665
14504558	14504103
14504726	14503665
14504889	14501726
14505821	14501726
14506403	14151139
14506656	14151139
14507651	14151139
14507951	14034177
14509299	14501726
14509712	14034177
14512817	13934596
14513259	13934596
14514039	13934596
14514392	14514039
14514491	14514039
14515041	14514039
14515344	14514039
14515463	14514039
14515633	14514039
14516501	13920835
14516743	14487184
14516743	14516501
14517412	14516743
14518924	14516501
14519366	14516501
14520278	11524662
14521302	14520278
14521648	14520278
14522113	11524662
14522265	14522113
14523090	11524662
14523436	14523090
14524198	14523090
14524849	13920835
14525365	14524849
14525548	14525365
14525777	14526182
14526635	14526182
14526764	13920835
14527171	13920835
14528873	14526764
14530061	13920835
14531772	14530061
14531983	14531772
14532816	14533203
14534696	13920835
14535431	14534696
14535643	14534696
14535905	14534696
14536438	13920835
14536831	14536438
14538113	14536438
14538472	13920835
14539268	14538472
14539960	14539268
14540564	00007347
14540765	13920835
14541044	00007347
14541852	14541044
14542320	14541852
14542579	14541852
14543231	14541044
14543552	14540765
14543931	14540765
14544335	13920835
14544672	14544335
14545045	14544672
14545353	14544672
14545845	13920835
14547369	14052046
14547643	14547369
14547976	14547643
14548105	14547643
14548343	14547369
14548913	14548343
14549070	14548913
14549937	14548913
14550195	14549937
14550469	14548343
14550797	14548343
14552355	14548343
14552802	14548343
14553290	14096724
14553590	14096724
14554011	14096724
14554853	14198576
14554853	14552802
14555214	14554011
14555962	14552802
14556203	14552802
14557415	14501726
14557898	14204950
14558226	14557898
14559208	14548343
14559983	14548343
14560926	14560612
14561102	14560926
14561618	14560612
14562142	14561618
14562324	14562142
14562683	14561618
14562960	00024720
14563564	13920835
14565417	14187378
14565417	14197468
14565696	14504103
14569121	14151139
14570330	00024720
14574846	13920835
14575180	13920835
14575399	13920835
14576242	14544672
14576468	14544672
14577046	13920835
14577469	13920835
14578104	13920835
14578471	13920835
14578940	13920835
14580090	13920835
14580897	00019613
14582220	00020827
14583670	14856263
14584502	00020090
14584765	14727670
14585519	14580897
14586258	00019613
14586769	14586258
14588219	14586258
14588492	14586258
14589223	14586258
14591091	14586258
14593671	14902141
14593874	14593671
14594456	14594708
14594708	14621446
14595543	15088440
14597158	14580897
14597413	14597158
14597758	14597413
14598079	14597413
14598525	14597158
14598937	14894481
14599168	14739360
14599641	14599168
14600504	14926294
14600504	15047313
14601294	14727670
14601829	14727670
14603236	15047313
14603497	14857278
14603497	14871968
14603497	14877234
14604038	15067877
14605132	14604959
14605787	14601829
14607521	14818238
14609198	14917208
14612764	03304730
14612764	14910748
14613922	14607521
14616939	00020090
14617189	14621446
14617427	14621446
14617597	14621446
14618253	14818238
14618834	14818238
14619225	00019613
14621446	09465459
14622141	14633206
14622623	14621446
14622893	00019613
14624369	14622893
14624369	14877585
14624743	00031264
14625458	14622893
14627081	14625458
14627820	14625458
14628119	14627820
14628119	15011987
14628307	14627820
14628307	15011987
14628668	14625458
14628920	14622893
14628920	14624369
14629149	14622893
14629998	14625458
14630204	14629998
14631295	14625458
14631871	14622893
14632129	14622893
14632129	14904661
14632444	14625458
14632648	14625458
14633206	14622893
14633957	14625458
14634232	14625458
14634591	14622893
14634591	14877585
14634591	14904661
14635092	14625458
14635290	14625458
14635722	14625458
14635722	14821043
14636988	14625458
14637507	14622893
14637507	14877585
14637507	14904661
14638041	14625458
14638517	14622893
14638517	14821248
14638799	14627081
14639921	14622893
14639921	14624369
14640222	14625458
14640434	14622893
14640434	14877585
14640756	14619225
14641223	14625458
14641397	14622893
14641397	14904661
14642417	14625458
14642916	14622893
14643467	14625458
14643793	14625458
14644249	14625458
14644654	14625458
14645346	14625458
14645882	14625458
14646152	14622893
14646152	14624369
14646610	14625458
14646942	14625458
14647235	14877585
14647623	14647235
14648100	14622893
14649197	14622893
14650807	14625458
14651212	14625458
14652104	14622893
14652104	14624369
14652954	14625458
14653416	14622893
14653596	14625458
14654175	14622893
14654175	14724645
14654541	14622893
14654541	14821248
14654954	14627081
14655371	14625458
14655731	14625458
14656219	14622893
14656666	14625458
14657228	14622893
14657566	14625458
14657818	14625458
14658109	14625458
14658546	14625458
14658855	14625458
14659512	14625458
14660443	14625458
14661020	14625458
14661274	14622893
14661274	14624369
14661482	14625458
14661740	14625458
14662281	14625458
14662574	14580897
14665767	14662574
14666012	14662574
14666510	14662574
14668065	14662574
14668277	14662574
14668539	14662574
14669413	14662574
14670639	14813182
14671372	14662574
14671372	14969666
14671587	14662574
14672023	14618834
14672224	14662574
14672224	14672023
14672717	14662574
14673747	14662574
14673978	14662574
14673978	14989820
14674143	14662574
14674408	15096783
14675012	14662574
14675356	14662574
14675569	14662574
14676042	14662574
14676042	15078050
14676943	14662574
14677778	14662574
14678230	14662574
14678406	14662574
14680261	14681555
14681555	14662574
14681555	15078550
14682133	09465459
14682642	14662574
14683859	14662574
14685017	14875077
14685017	14877585
14685017	14951377
14685172	14633206
14686352	14875077
14686723	14875077
14686723	14911057
14686913	14875077
14686913	14911057
14687513	14875077
14687633	14875077
14687633	14911057
14687818	14708720
14687818	14875077
14688234	14662574
14688234	14969666
14688500	14662574
14690607	14662574
14691085	14662574
14691822	00020090
14692026	03008275
14692026	14691822
14692682	14662574
14693733	14662574
14696793	14580897
14698000	14696793
14698698	14696793
14698884	14696793
14699752	14883206
14700745	14755804
14701143	14700745
14702416	14580897
14702703	14702416
14702875	14704640
14704465	14702416
14704640	14702416
14704966	14702416
14705533	14580897
14705718	14705533
14706026	14705533
14706749	14618253
14706889	14706749
14708720	14940386
14709265	14991927
14712036	15010703
14712692	14727670
14713748	14712692
14714817	04522421
14714817	14712692
14714817	15036638
14715786	14801921
14716042	14802450
14717275	14822563
14718822	14586769
14719725	14844693
14719893	14708720
14720238	14716997
14720962	14724645
14720962	14989820
14723079	00019613
14723425	14723079
14723628	14723079
14724264	14727670
14724436	00020090
14724645	14724436
14727670	14818238
14728724	14944888
14730553	15026716
14731135	14728724
14731509	14736972
14732472	15026716
14732946	14723628
14732946	14728724
14736359	14728724
14736972	14728724
14737847	14732946
14738752	00020090
14739004	14951377
14739360	14607521
14741730	14740915
14744841	14991927
14745057	14744841
14745635	05407119
14746417	14747338
14747168	14747338
14747338	14745635
14747587	14745635
14748335	14747587
14749030	05410315
14749272	05410315
14749543	05410315
14749794	14745635
14750122	14749794
14750316	14749794
14750782	14749794
14750782	15058163
14751417	14745635
14752057	05407119
14752057	14751417
14752323	14617597
14752323	14884120
14752702	14751417
14752952	14751417
14752952	15058163
14753188	02721538
14753188	14752057
14753414	02721538
14753414	14752057
14753808	02721538
14753808	14751417
14754192	14751417
14755077	14755804
14755077	14966667
14755804	14580897
14756039	14989820
14757172	14756039
14757848	14755804
14758027	14755804
14758536	14755804
14758842	14700745
14759722	14758842
14761122	14712692
14761578	15053867
14761806	14759722
14762038	14761806
14764061	14758842
14766364	14940386
14768201	15079925
14768854	14974264
14770838	02716205
14770838	02720201
14770838	15052970
14774894	14774699
14775729	14798450
14775995	14775729
14776924	14778019
14777104	14778019
14777188	14778019
14777277	14607521
14777441	14778019
14777523	14778019
14777606	14778019
14777856	14778019
14777939	14778019
14778436	00007347
14778436	00020090
14779205	14778436
14779550	14778436
14779796	14779550
14780040	14779550
14780267	14779550
14780850	14779205
14781225	14780040
14782252	14822839
14785325	14656219
14785941	14818238
14788714	14621446
14789885	14971519
14790979	14894481
14792703	14944888
14793533	14633206
14793921	14994004
14794823	14850483
14794993	14794823
14794993	15015501
14795432	14794993
14796073	14607521
14796073	15047313
14796575	14633206
14796969	14836127
14796969	14877234
14798039	15047313
14798039	15068754
14798450	15010703
14799244	14580897
14799601	14974264
14799601	14976448
14801921	14642417
14802450	14586769
14803074	14802450
14804175	14786479
14805550	03208229
14805676	14974264
14805899	14991712
14806333	14693733
14806333	15078050
14806838	14580897
14807929	05407119
14810561	15090742
14810704	14635092
14812359	14585519
14813182	14844693
14814531	14844693
14814616	14686352
14816181	14755077
14816899	14830364
14818238	14806838
14820180	14786479
14820180	14977504
14821043	14580897
14821248	14821043
14821590	14580897
14821984	14580897
14822141	14778436
14822563	14586769
14822839	15063493
14823944	14672717
14824238	14935555
14825062	14786479
14827191	14621446
14827346	14727670
14828511	14999913
14830364	14994328
14832193	14994328
14834563	14633206
14834563	15078050
14835333	14778436
14835478	14589223
14836127	14971519
14836468	14732946
14836642	14969044
14836960	14940386
14837364	14856263
14838217	14807737
14839322	14586769
14840092	14580897
14840755	00019613
14841267	14877585
14842992	14580897
14843986	14673978
14844693	14842992
14845743	14618834
14845743	14940100
14848785	14589223
14849367	14589223
14849880	14799244
14850483	14727670
14850826	14911057
14850826	14951377
14851157	14877585
14852913	14852450
14853210	03304730
14853210	04565963
14853947	14856263
14854262	14853947
14854581	14854262
14854847	14854262
14855150	14854262
14855280	14854262
14855724	14853947
14855992	14853947
14856263	14580897
14856752	14856263
14856893	14856263
14857021	14856263
14857151	14856263
14857278	14856263
14857497	14856263
14857897	14857497
14858099	14857897
14859344	14806838
14859622	03800001
14859622	14961512
14859838	14859344
14860102	14806838
14861042	15016852
14861355	15015501
14864360	14938907
14865316	14864961
14865800	14971519
14866889	14580897
14867858	14866889
14868243	14580897
14869975	14585519
14870078	14959644
14870924	14926294
14871078	15041277
14871601	14904359
14872875	15006258
14873641	14818238
14873951	14898470
14875077	00020090
14877234	14877585
14879605	14881303
14879750	14879605
14880107	14881303
14881303	15046900
14883206	15046900
14885369	14938907
14886579	04522904
14886579	15015501
14887026	14850483
14888884	14731135
14889479	14865800
14890286	14932303
14890659	00020090
14892289	14853947
14892289	14859838
14892655	14966667
14892989	14892655
14893652	14892655
14894140	14727670
14894481	14894140
14894481	14991927
14895189	14894481
14896441	14894481
14896714	14896441
14897369	14896441
14897751	14894481
14898470	14852913
14899152	00019613
14899328	00021265
14900184	14899328
14901959	14818238
14902141	14894140
14902141	14994328
14902733	14902141
14904359	15010703
14904661	00031264
14906500	14959644
14906850	14806838
14907122	14951377
14908977	14580897
14910165	14732946
14910581	14780267
14910748	14618834
14911057	14727670
14911530	14911057
14915184	14883206
14915622	14915184
14916185	14585519
14917208	14984973
14917635	14940386
14918994	14818238
14919272	00020090
14919819	15090742
14919948	14980215
14920388	14818238
14920844	14786479
14923060	04961691
14923458	14688500
14925198	00020090
14925776	14959644
14926294	14727670
14928885	14836468
14931879	14696793
14932303	14931879
14933314	14931879
14934031	00020090
14935555	14818238
14936010	14935555
14936226	14696793
14936226	14698000
14937943	14741730
14938907	14944888
14939230	14731135
14941884	03713736
14941884	14798450
14942223	14844693
14943580	14786479
14944888	14727670
14947807	14696793
14948645	14591091
14950129	14755077
14950300	15047313
14950937	15017604
14951229	14877585
14951229	14951377
14951377	14601294
14952122	14617189
14953564	14844693
14954284	14792703
14955030	14984973
14956325	14844693
14956661	00020827
14956921	14956661
14957270	14993378
14957270	15112239
14957893	14864360
14958405	14911057
14959234	14866889
14959472	14700745
14959472	14959234
14959644	14959234
14960261	14720238
14961512	02854156
14962117	14586769
14964129	14944888
14964590	14850483
14966667	14938907
14969044	14792703
14969666	14699752
14971519	14818238
14972359	14607521
14973133	14974264
14973585	14607521
14973585	15090742
14974264	14580897
14976448	14580897
14977075	14977504
14977188	14977504
14977504	00021939
14980215	14806838
14980579	14966667
14980784	14980579
14980910	14586258
14980910	14925198
14982265	15010703
14982681	14938907
14983491	14642417
14984973	14580897
14985383	14984973
14986004	14984973
14987695	14985383
14989545	14727670
14989820	14984973
14991319	14989820
14991712	14580897
14991927	14991712
14992287	14586258
14992287	14825062
14993137	14844693
14993378	03013162
14993378	14877585
14994004	14792703
14994328	14818238
14996020	14873641
14997012	15046900
14999106	14732946
14999913	14618253
15002814	14712692
15002959	14866889
15003969	15047313
15004317	14732946
15004501	00020827
15005386	14989820
15005716	14786479
15006118	14852913
15006258	15006118
15006789	14901959
15007534	15006258
15008847	14845743
15009326	14845743
15009637	04025748
15009843	03828465
15009843	15010703
15010038	14613922
15010703	14818238
15011987	15010703
15011987	15051705
15014012	15015501
15015501	14818238
15016852	14904359
15017604	14818238
15019030	14844693
15021085	14973133
15022171	14736972
15022389	14736359
15022776	14736359
15024240	14888884
15024606	14888884
15024997	14989820
15025397	14818238
15025571	14888884
15025942	14736972
15026716	14736972
15027189	14728724
15030481	15022389
15030481	15027189
15030853	15030481
15031073	15030481
15031231	15030481
15031705	15030481
15031866	15030481
15032071	15030481
15032376	00020090
15032661	00020090
15033189	15032661
15033367	15032661
15034074	15032376
15034939	15034074
15035123	02842303
15035123	15034939
15036321	15034074
15036638	15034074
15037339	00020090
15037664	08622950
15040493	14994328
15041277	14971519
15042542	14996020
15043118	14662574
15043763	08591680
15045490	03208229
15045490	14779205
15046900	00020827
15047313	14899152
15048463	15047313
15050898	14662574
15051129	15050898
15051705	14589223
15052223	14662574
15052970	14984973
15053867	14994004
15055181	15055633
15055633	14591091
15055936	14806838
15057744	14727670
15058163	15057744
15058310	14708720
15058310	15057744
15059404	15058310
15062284	14877585
15062955	14792703
15063493	15010703
15063699	14818238
15065713	14662574
15066367	14662574
15067025	14989545
15067877	03013162
15068754	14818238
15069338	15036321
15069820	14580897
15071229	14632648
15071229	15022776
15071684	15022776
15073973	05407119
15074203	05407119
15074568	15005716
15074962	14974264
15075378	15047313
15077571	14732946
15078050	14699752
15078550	14580897
15078768	14751417
15079925	14971519
15084824	14688500
15088440	14902141
15089258	07570720
15089472	15089258
15089645	15089258
15089803	15089472
15090742	15089645
15091304	15090742
15091473	15090742
15091669	15090742
15091846	15090742
15092059	15090742
15092227	15089472
15092650	15090742
15093482	14607521
15094294	14938907
15094824	14700745
15094824	15094294
15096783	14779550
15097017	15096783
15097209	14580897
15098161	14991712
15100644	14875077
15101361	14875077
15101586	15101361
15101854	14943580
15103226	14662574
15104217	14959472
15105268	14974264
15105955	14662574
15106143	15047313
15106271	14934031
15106867	14662574
15107876	14662574
15108087	14971519
15108745	14989820
15109127	14662574
15109745	00020827
15112239	14779550
15113229	13575869
15115926	15113229
15116283	00028270
15116532	00028270
15116910	00028270
15117809	15113229
15118228	15113229
15118453	15113229
15119536	00028270
15120346	15113229
15120823	00028270
15121406	15120823
15122231	15113229
15123115	15122231
15129927	05816790
15130205	00028270
15130434	15130205
15131123	15113229
15133621	15113229
15134054	15133621
15136147	15113229
15137047	15163005
15137676	15118453
15137890	15137676
15138241	15137890
15138401	15137890
15139130	15118453
15139552	15139130
15139691	15139130
15140405	15113229
15140892	15113229
15141213	15113229
15141486	15113229
15142167	15265518
15142836	15113229
15143012	15265518
15143276	15266911
15143864	15140405
15144178	15266911
15144371	15113229
15145171	15144371
15145586	15144371
15146260	15290337
15146545	15290337
15146828	15290337
15147097	15144371
15147850	15144371
15150013	15144371
15150493	15144371
15150870	15144371
15152062	15145171
15152261	13952601
15152261	15145171
15152817	15144371
15153472	15144371
15154190	15153787
15154774	00033615
15155891	15155220
15156001	15155220
15156187	15155220
15156311	15155220
15156424	15155220
15156746	15154774
15157041	15113229
15157225	15157041
15158816	15157225
15158997	15158816
15159583	15155220
15159819	15155220
15160418	15159819
15160579	15157041
15160866	15184170
15161631	15183428
15161872	15162210
15161872	15184755
15162640	15157225
15163157	15163005
15163797	15137047
15164957	15113229
15165289	15113229
15165490	15228378
15165637	15228378
15166462	15164957
15166742	15166462
15167027	15113229
15167906	15113229
15168790	15228378
15169136	15228378
15169248	15228378
15169421	15228378
15169759	15169421
15169873	15113229
15170504	15113229
15170786	15169873
15171008	15157225
15171307	15123115
15171857	15269513
15173064	15203791
15173353	15157225
15173479	05726596
15174218	15178694
15175202	15178694
15175640	15209413
15178417	15173479
15178694	15173479
15178841	15178417
15181556	15203791
15181718	15174218
15182189	15199592
15182402	15199592
15182805	15161631
15182805	15184008
15183428	15157225
15183802	15183428
15184170	15183802
15185007	15184170
15185290	15161631
15185996	15113229
15186147	15160866
15186412	15160866
15186871	15157225
15187077	15157225
15187451	15157225
15190084	15199592
15190520	15199592
15190895	15199592
15192890	15185007
15193271	15161631
15194506	15184170
15195059	15185007
15195928	15185290
15196186	15160866
15196186	15161631
15196186	15185007
15196186	15199592
15196537	15239292
15197042	15184755
15197302	15184755
15197658	15161284
15197658	15184755
15199033	15184755
15199592	15183428
15200164	15199592
15200314	15199592
15200661	15183428
15200896	15199592
15201116	15161631
15201116	15199592
15201505	15113229
15202230	15203791
15203229	15113229
15203791	15113229
15205532	15113229
15206296	15154774
15206744	15113229
15207556	15206744
15209413	15113229
15209706	15209413
15210045	15209706
15210486	15209706
15210870	15209706
15211189	15209706
15211484	15209706
15211806	15209706
15212167	15209706
15212455	15209706
15212739	15209706
15213008	15113229
15213115	15209706
15213406	15209706
15213774	15209706
15214068	15209413
15214419	15214068
15214840	15214068
15215068	15214068
15216966	15209413
15217308	15216966
15217443	15216966
15217563	15216966
15217674	15216966
15217787	15216966
15217911	15216966
15218037	15216966
15218149	15216966
15218272	15216966
15218551	15216966
15218663	15216966
15218798	15216966
15219351	15209413
15222369	15157225
15222686	15157225
15223574	15223343
15223750	15223343
15224486	15113229
15224692	15224486
15225249	15224486
15225797	15225249
15225929	15225249
15226046	15225249
15226214	15116532
15226732	15113229
15227846	15154774
15228162	15154774
15228267	15154774
15228378	15129927
15229408	15228378
15230482	15227846
15233778	15113229
15233989	15113229
15234764	15154774
15235126	15154774
15236338	15154774
15236475	15113229
15236859	15236475
15237044	15236475
15237250	15236475
15237567	15113229
15239292	15113229
15239579	15113229
15241777	15239292
15242029	15239292
15242209	15160866
15242719	15239579
15243730	15116283
15244351	15242955
15244650	15180528
15245244	15244650
15245515	15244650
15246353	15122231
15246853	15122231
15247110	15246853
15247518	15116283
15248020	15116283
15248269	15116283
15248564	15113229
15249799	15157225
15250691	15249799
15252146	15249799
15252635	15120823
15253139	15254028
15254028	15248564
15254550	15113229
15255195	15247518
15255641	05867413
15255804	05867413
15256022	15256714
15256245	15256714
15256567	05867413
15256915	00033615
15257416	05867413
15257553	05867413
15257692	05867413
15257829	05867413
15258281	05867413
15258450	05867413
15258694	05867413
15260964	15113229
15262120	15113229
15263283	05943300
15264363	15122011
15265518	15180528
15266164	15265518
15266265	15291498
15266911	15180528
15267536	15266911
15267945	15113229
15268094	15113229
15268239	15266911
15268682	15266911
15268857	15266911
15268993	15265518
15269128	15269513
15269513	00033615
15271008	15269513
15271417	15271008
15271619	15271008
15271732	15271008
15272029	15271008
15272887	15269513
15273626	15113229
15273955	15273626
15274074	15271008
15274305	15271008
15274441	15271008
15274695	15274074
15274863	15113229
15277118	15286249
15277730	15286249
15279104	15286249
15279596	15286249
15279957	15286249
15280497	15286249
15280695	14302005
15280695	15286249
15282696	15286249
15283097	15286249
15285279	15278281
15285622	15277118
15286042	15283097
15286249	13815152
15287830	15269513
15288111	07341038
15290132	15180528
15290337	15113229
15291199	15290337
15291498	15224486
15292069	15291801
15292336	15291801
15293590	15113229
15294382	15113229
15294745	15113229
15294884	15113229
15295045	15113229
15295267	15295045
15295416	15133621
15297069	15269513
15297672	15269513
15298011	15297672
15298507	15113229
15299367	15184170
15299585	15113229
