commit:0011640ab187	touches	file:modules/logging_config.py
commit:003b91f08361	touches	file:modules/infotext.py
commit:00429544905a	touches	file:modules/ui.py
commit:005849331e82	touches	file:modules/script_callbacks.py
commit:005849331e82	touches	file:modules/sd_samplers_kdiffusion.py
commit:007ecfbb2977	touches	file:modules/processing_scripts/refiner.py
commit:0085e719a91a	touches	file:javascript/extraNetworks.js
commit:00901bfbe009	touches	file:modules/scripts.py
commit:00bd271faffb	touches	file:modules/modelloader.py
commit:00d4a4d4ac75	touches	file:modules/api/api.py
commit:00dab8f10def	touches	file:modules/processing.py
commit:00dfe27f5972	touches	file:extensions-builtin/LDSR/scripts/ldsr_model.py
commit:00dfe27f5972	touches	file:extensions-builtin/ScuNET/scripts/scunet_model.py
commit:00dfe27f5972	touches	file:modules/api/api.py
commit:00dfe27f5972	touches	file:modules/call_queue.py
commit:00dfe27f5972	touches	file:modules/codeformer_model.py
commit:00dfe27f5972	touches	file:modules/config_states.py
commit:00dfe27f5972	touches	file:modules/errors.py
commit:00dfe27f5972	touches	file:modules/extensions.py
commit:00dfe27f5972	touches	file:modules/gfpgan_model.py
commit:00dfe27f5972	touches	file:modules/hypernetworks/hypernetwork.py
commit:00dfe27f5972	touches	file:modules/images.py
commit:00dfe27f5972	touches	file:modules/interrogate.py
commit:00dfe27f5972	touches	file:modules/launch_utils.py
commit:00dfe27f5972	touches	file:modules/localization.py
commit:00dfe27f5972	touches	file:modules/processing.py
commit:00dfe27f5972	touches	file:modules/realesrgan_model.py
commit:00dfe27f5972	touches	file:modules/safe.py
commit:00dfe27f5972	touches	file:modules/script_callbacks.py
commit:00dfe27f5972	touches	file:modules/script_loading.py
commit:00dfe27f5972	touches	file:modules/scripts.py
commit:00dfe27f5972	touches	file:modules/sd_hijack_optimizations.py
commit:00dfe27f5972	touches	file:modules/textual_inversion/textual_inversion.py
commit:00dfe27f5972	touches	file:modules/ui.py
commit:00dfe27f5972	touches	file:modules/ui_extensions.py
commit:00dfe27f5972	touches	file:scripts/prompts_from_file.py
commit:00e09382cd85	touches	file:modules/sd_hijack_clip.py
commit:00e09382cd85	touches	file:modules/shared_options.py
commit:00e393ce1090	touches	file:modules/launch_utils.py
commit:01033656975c	touches	file:modules/shared_state.py
commit:01491d303ce2	touches	file:modules/sd_samplers_kdiffusion.py
commit:014e7323f6f5	touches	file:modules/sd_models.py
commit:016554e43740	touches	file:modules/cmd_args.py
commit:016554e43740	touches	file:modules/interrogate.py
commit:016554e43740	touches	file:modules/lowvram.py
commit:016554e43740	touches	file:modules/sd_models.py
commit:016554e43740	touches	file:modules/sd_unet.py
commit:016554e43740	touches	file:modules/sd_vae.py
commit:016554e43740	touches	file:modules/shared.py
commit:0181c1f76b97	touches	file:modules/devices.py
commit:018f77f0b859	touches	file:requirements_versions.txt
commit:01997f45ba08	touches	file:extensions-builtin/extra-options-section/scripts/extra_options_section.py
commit:019f6e3c5ad5	touches	file:javascript/extraNetworks.js
commit:01c8f1803a77	touches	file:javascript/extraNetworks.js
commit:01f531e9b162	touches	file:modules/upscaler.py
commit:02038036ff57	touches	file:modules/processing.py
commit:022639a14575	touches	file:modules/images.py
commit:022d835565f2	touches	file:configs/alt-diffusion-inference.yaml
commit:022d835565f2	touches	file:configs/alt-diffusion-m18-inference.yaml
commit:022d835565f2	touches	file:configs/instruct-pix2pix.yaml
commit:022d835565f2	touches	file:configs/sd_xl_inpaint.yaml
commit:022d835565f2	touches	file:configs/v1-inference.yaml
commit:022d835565f2	touches	file:configs/v1-inpainting-inference.yaml
commit:022d835565f2	touches	file:modules/sd_hijack_checkpoint.py
commit:022d835565f2	touches	file:modules/sd_models_config.py
commit:0232a987bb8c	touches	file:modules/sd_models.py
commit:024a32a09bb8	touches	file:modules/ui_tempdir.py
commit:0283826179cd	touches	file:extensions-builtin/canvas-zoom-and-pan/javascript/zoom.js
commit:028d3f6425d8	touches	file:extensions-builtin/LDSR/sd_hijack_autoencoder.py
commit:028d3f6425d8	touches	file:extensions-builtin/LDSR/sd_hijack_ddpm_v1.py
commit:028d3f6425d8	touches	file:extensions-builtin/Lora/lora.py
commit:028d3f6425d8	touches	file:extensions-builtin/Lora/scripts/lora_script.py
commit:028d3f6425d8	touches	file:modules/config_states.py
commit:028d3f6425d8	touches	file:modules/deepbooru.py
commit:028d3f6425d8	touches	file:modules/devices.py
commit:028d3f6425d8	touches	file:modules/hypernetworks/hypernetwork.py
commit:028d3f6425d8	touches	file:modules/hypernetworks/ui.py
commit:028d3f6425d8	touches	file:modules/interrogate.py
commit:028d3f6425d8	touches	file:modules/modelloader.py
commit:028d3f6425d8	touches	file:modules/models/diffusion/ddpm_edit.py
commit:028d3f6425d8	touches	file:modules/scripts_auto_postprocessing.py
commit:028d3f6425d8	touches	file:modules/sd_hijack.py
commit:028d3f6425d8	touches	file:modules/sd_hijack_optimizations.py
commit:028d3f6425d8	touches	file:modules/sd_samplers_compvis.py
commit:028d3f6425d8	touches	file:modules/sd_samplers_kdiffusion.py
commit:028d3f6425d8	touches	file:modules/shared.py
commit:028d3f6425d8	touches	file:modules/textual_inversion/textual_inversion.py
commit:028d3f6425d8	touches	file:modules/ui.py
commit:028d3f6425d8	touches	file:modules/ui_extra_networks.py
commit:028d3f6425d8	touches	file:modules/ui_tempdir.py
commit:029adbe5318b	touches	file:modules/sd_samplers_cfg_denoiser.py
commit:02a4ceabddea	touches	file:style.css
commit:02ab75b86a91	touches	file:modules/shared_options.py
commit:02ab75b86a91	touches	file:modules/ui.py
commit:02b8b957d763	touches	file:webui-macos-env.sh
commit:02e351880796	touches	file:javascript/hints.js
commit:02e351880796	touches	file:modules/images.py
commit:02e6963325e5	touches	file:html/extra-networks-tree-button.html
commit:02e6963325e5	touches	file:javascript/extraNetworks.js
commit:02e6963325e5	touches	file:modules/ui_extra_networks.py
commit:02e6963325e5	touches	file:style.css
commit:02e7824e6a9c	touches	file:style.css
commit:03a80f198e8c	touches	file:modules/models/diffusion/uni_pc/sampler.py
commit:03a80f198e8c	touches	file:modules/models/diffusion/uni_pc/uni_pc.py
commit:03ee297aa222	touches	file:modules/textual_inversion/autocrop.py
commit:03ee297aa222	touches	file:modules/textual_inversion/preprocess.py
commit:040ec7a80e23	touches	file:modules/generation_parameters_copypaste.py
commit:040ec7a80e23	touches	file:modules/processing.py
commit:040ec7a80e23	touches	file:modules/sd_samplers_compvis.py
commit:040ec7a80e23	touches	file:modules/sd_samplers_kdiffusion.py
commit:0411eced8968	touches	file:modules/extensions.py
commit:0411eced8968	touches	file:modules/script_callbacks.py
commit:0416a7bfbaec	touches	file:modules/launch_utils.py
commit:0426b3478937	touches	file:modules/shared.py
commit:042e1d5d0b1f	touches	file:modules/sd_models.py
commit:0432e37843cd	touches	file:extensions-builtin/canvas-zoom-and-pan/javascript/zoom.js
commit:043d2edcf6a5	touches	file:modules/devices.py
commit:0450d90605f4	touches	file:temp
commit:045f7408926a	touches	file:extensions-builtin/canvas-zoom-and-pan/javascript/zoom.js
commit:0466ee2a8368	touches	file:scripts/xyz_grid.py
commit:04924241218b	touches	file:extensions-builtin/Lora/lora.py
commit:04924241218b	touches	file:modules/shared.py
commit:04924241218b	touches	file:modules/textual_inversion/textual_inversion.py
commit:049d5642e58d	touches	file:modules/xpu_specific.py
commit:04a561c11c9b	touches	file:modules/interrogate.py
commit:04a561c11c9b	touches	file:modules/shared.py
commit:04b90328c0aa	touches	file:modules/sd_samplers_kdiffusion.py
commit:04cfcf91d9a5	touches	file:javascript/progressbar.js
commit:05230c026060	touches	file:modules/api/api.py
commit:052fbde3ac41	touches	file:modules/ui_extra_networks.py
commit:0550659ce6e1	touches	file:extensions-builtin/Lora/network_oft.py
commit:055461ae4143	touches	file:modules/sd_hijack_clip.py
commit:05933840f067	touches	file:extensions-builtin/LDSR/scripts/ldsr_model.py
commit:05933840f067	touches	file:extensions-builtin/ScuNET/scripts/scunet_model.py
commit:05933840f067	touches	file:modules/api/api.py
commit:05933840f067	touches	file:modules/call_queue.py
commit:05933840f067	touches	file:modules/codeformer_model.py
commit:05933840f067	touches	file:modules/config_states.py
commit:05933840f067	touches	file:modules/errors.py
commit:05933840f067	touches	file:modules/extensions.py
commit:05933840f067	touches	file:modules/gfpgan_model.py
commit:05933840f067	touches	file:modules/hypernetworks/hypernetwork.py
commit:05933840f067	touches	file:modules/images.py
commit:05933840f067	touches	file:modules/interrogate.py
commit:05933840f067	touches	file:modules/launch_utils.py
commit:05933840f067	touches	file:modules/localization.py
commit:05933840f067	touches	file:modules/realesrgan_model.py
commit:05933840f067	touches	file:modules/safe.py
commit:05933840f067	touches	file:modules/script_callbacks.py
commit:05933840f067	touches	file:modules/script_loading.py
commit:05933840f067	touches	file:modules/scripts.py
commit:05933840f067	touches	file:modules/sd_hijack_optimizations.py
commit:05933840f067	touches	file:modules/textual_inversion/textual_inversion.py
commit:05933840f067	touches	file:modules/ui.py
commit:05933840f067	touches	file:modules/ui_extensions.py
commit:05933840f067	touches	file:scripts/prompts_from_file.py
commit:05ccb4d0e3ff	touches	file:CHANGELOG.md
commit:05ccb4d0e3ff	touches	file:modules/images.py
commit:05ccb4d0e3ff	touches	file:modules/processing.py
commit:05d23c78376c	touches	file:extensions-builtin/mobile/javascript/mobile.js
commit:05d7a63bbbe4	touches	file:modules/interrogate.py
commit:05ec128ca94f	touches	file:scripts/img2imgalt.py
commit:0619df983583	touches	file:modules/sd_models.py
commit:061a4a295dd5	touches	file:.github/ISSUE_TEMPLATE/bug_report.yml
commit:063848798c4d	touches	file:modules/safe.py
commit:066afda2f6f6	touches	file:modules/sd_samplers_extra.py
commit:06725af40b94	touches	file:modules/launch_utils.py
commit:0674fabd0d82	touches	file:modules/prompt_parser.py
commit:06ab10a1be81	touches	file:extensions-builtin/Lora/preload.py
commit:06ab10a1be81	touches	file:modules/cmd_args.py
commit:06ab10a1be81	touches	file:modules/paths_internal.py
commit:06af73bd1d17	touches	file:modules/scripts.py
commit:06bc1f4f67f9	touches	file:modules/ui_extensions.py
commit:06c5dd0907ab	touches	file:modules/postprocessing.py
commit:06cb0dc92095	touches	file:modules/shared.py
commit:06d0a5ab4d44	touches	file:modules/models/sd3/other_impls.py
commit:06d0a5ab4d44	touches	file:modules/models/sd3/sd3_model.py
commit:06f167da37cd	touches	file:extensions-builtin/Lora/ui_extra_networks_lora.py
commit:06f167da37cd	touches	file:html/extra-networks-card.html
commit:06f167da37cd	touches	file:modules/ui_extra_networks.py
commit:06f167da37cd	touches	file:modules/ui_extra_networks_checkpoints.py
commit:06f167da37cd	touches	file:modules/ui_extra_networks_hypernets.py
commit:06f167da37cd	touches	file:modules/ui_extra_networks_textual_inversion.py
commit:06f167da37cd	touches	file:style.css
commit:06fe174c74fe	touches	file:modules/deepbooru.py
commit:070b034cd5b4	touches	file:modules/generation_parameters_copypaste.py
commit:070b034cd5b4	touches	file:modules/options.py
commit:070b034cd5b4	touches	file:modules/shared_options.py
commit:0726a6e12e85	touches	file:extensions-builtin/Lora/ui_extra_networks_lora.py
commit:0726a6e12e85	touches	file:html/extra-networks-card.html
commit:0726a6e12e85	touches	file:html/extra-networks-pane.html
commit:0726a6e12e85	touches	file:javascript/extraNetworks.js
commit:0726a6e12e85	touches	file:modules/ui_extra_networks.py
commit:0726a6e12e85	touches	file:modules/ui_extra_networks_checkpoints.py
commit:0726a6e12e85	touches	file:modules/ui_extra_networks_hypernets.py
commit:0726a6e12e85	touches	file:modules/ui_extra_networks_textual_inversion.py
commit:0726a6e12e85	touches	file:style.css
commit:073342c8878a	touches	file:modules/sd_samplers_common.py
commit:073c0ebba380	touches	file:modules/errors.py
commit:073c0ebba380	touches	file:webui.py
commit:0743ee9b3eda	touches	file:scripts/xyz_grid.py
commit:0769aa318a18	touches	file:modules/sd_hijack_optimizations.py
commit:07805cbeee14	touches	file:extensions-builtin/Lora/network_oft.py
commit:078e16e4d33c	touches	file:launch.py
commit:07be13caa357	touches	file:modules/extras.py
commit:07be13caa357	touches	file:modules/sd_models.py
commit:07be13caa357	touches	file:modules/ui_checkpoint_merger.py
commit:07cf95c76ef0	touches	file:modules/safe.py
commit:0815c45bcdec	touches	file:modules/sd_models.py
commit:0834d4ce3742	touches	file:modules/ui.py
commit:083dc3c76ab7	touches	file:extensions-builtin/Lora/lora.py
commit:083dc3c76ab7	touches	file:html/extra-networks-card.html
commit:083dc3c76ab7	touches	file:javascript/extraNetworks.js
commit:083dc3c76ab7	touches	file:modules/modelloader.py
commit:083dc3c76ab7	touches	file:modules/shared.py
commit:083dc3c76ab7	touches	file:modules/ui_extra_networks.py
commit:085c903229af	touches	file:scripts/xyz_grid.py
commit:088381059232	touches	file:modules/ui_components.py
commit:089a0022ae9d	touches	file:modules/api/api.py
commit:08f93da17c02	touches	file:modules/ui_tempdir.py
commit:08f9b705cda4	touches	file:modules/postprocessing.py
commit:0904df84e296	touches	file:modules/rng_philox.py
commit:0935d2c30472	touches	file:javascript/edit-attention.js
commit:0935d2c30472	touches	file:modules/shared_options.py
commit:094c416a801b	touches	file:modules/processing.py
commit:094c416a801b	touches	file:modules/sd_samplers_common.py
commit:094c416a801b	touches	file:run.ps1
commit:094c416a801b	touches	file:run_local.ps1
commit:094c416a801b	touches	file:update.ps1
commit:0980fdfe8c85	signed_off_by	person:storyicon
commit:0980fdfe8c85	touches	file:modules/processing.py
commit:0981dea94832	touches	file:modules/sd_hijack.py
commit:0981dea94832	touches	file:modules/shared.py
commit:098d2fda5250	touches	file:modules/textual_inversion/autocrop.py
commit:0998256fc5e0	touches	file:javascript/resizeHandle.js
commit:0998256fc5e0	touches	file:style.css
commit:09a142a05a6d	touches	file:modules/images.py
commit:09a2da835ef9	touches	file:modules/shared_options.py
commit:09b5ce68a99d	touches	file:modules/api/api.py
commit:09b5ce68a99d	touches	file:modules/images.py
commit:09b5ce68a99d	touches	file:modules/img2img.py
commit:09b5ce68a99d	touches	file:modules/infotext_utils.py
commit:09b5ce68a99d	touches	file:modules/postprocessing.py
commit:09b5ce68a99d	touches	file:modules/textual_inversion/dataset.py
commit:09c1be967485	touches	file:modules/ui.py
commit:09c73710c914	touches	file:extensions/update-all.bat
commit:09c73710c914	touches	file:extensions/update-all.sh
commit:09d2e5881120	touches	file:modules/sd_samplers_cfg_denoiser.py
commit:09d9c3d287ee	touches	file:webui.sh
commit:09ff5b5416e9	touches	file:modules/launch_utils.py
commit:0a0a9d4fe92b	touches	file:modules/ui_extra_networks_user_metadata.py
commit:0a277ab59183	touches	file:modules/extra_networks.py
commit:0a4917ac4021	touches	file:modules/processing.py
commit:0a6628bad061	touches	file:modules/sd_samplers_cfg_denoiser.py
commit:0a6628bad061	touches	file:modules/sd_samplers_timesteps_impl.py
commit:0a7d1e756f33	touches	file:scripts/postprocessing_upscale.py
commit:0a8515085ef2	touches	file:javascript/extraNetworks.js
commit:0a89cd1a584b	touches	file:modules/cmd_args.py
commit:0a89cd1a584b	touches	file:modules/sd_disable_initialization.py
commit:0a89cd1a584b	touches	file:modules/sd_models.py
commit:0a89cd1a584b	touches	file:webui.py
commit:0aa7c53c0b94	touches	file:modules/call_queue.py
commit:0aa7c53c0b94	touches	file:modules/img2img.py
commit:0aa7c53c0b94	touches	file:modules/processing.py
commit:0aa7c53c0b94	touches	file:modules/shared_options.py
commit:0aa7c53c0b94	touches	file:modules/shared_state.py
commit:0aa7c53c0b94	touches	file:modules/ui_toprow.py
commit:0aa7c53c0b94	touches	file:scripts/loopback.py
commit:0aa7c53c0b94	touches	file:scripts/xyz_grid.py
commit:0aa8d538e147	touches	file:modules/shared.py
commit:0aa8d538e147	touches	file:modules/textual_inversion/textual_inversion.py
commit:0aacd4c72b40	touches	file:modules/api/api.py
commit:0ad38a9b87b7	touches	file:webui.bat
commit:0ad38a9b87b7	touches	file:webui.sh
commit:0af4127fd143	touches	file:modules/processing.py
commit:0afbc0c2355e	touches	file:extensions-builtin/ScuNET/scripts/scunet_model.py
commit:0afbc0c2355e	touches	file:extensions-builtin/SwinIR/scripts/swinir_model.py
commit:0afbc0c2355e	touches	file:modules/esrgan_model.py
commit:0afbc0c2355e	touches	file:modules/gfpgan_model.py
commit:0afbc0c2355e	touches	file:modules/modelloader.py
commit:0b0767939d4c	touches	file:javascript/edit-attention.js
commit:0b07a6cf2663	touches	file:modules/paths_internal.py
commit:0b64633584e9	touches	file:modules/models/sd3/sd3_model.py
commit:0b64633584e9	touches	file:modules/processing.py
commit:0b64633584e9	touches	file:modules/sd_samplers_kdiffusion.py
commit:0b6ca8e77b49	touches	file:modules/shared.py
commit:0b83f4c26376	touches	file:modules/processing_scripts/seed.py
commit:0bc0e652a3d8	touches	file:modules/textual_inversion/preprocess.py
commit:0beb131c7ffa	touches	file:modules/launch_utils.py
commit:0bf09c30c608	touches	file:modules/images.py
commit:0bfaf613a846	touches	file:modules/shared.py
commit:0c1c9e74cda6	touches	file:modules/localization.py
commit:0c4ca5f43e5e	touches	file:webui.sh
commit:0c5427960b3a	touches	file:modules/shared_gradio_themes.py
commit:0c5427960b3a	touches	file:modules/shared_options.py
commit:0c5427960b3a	touches	file:style.css
commit:0c7bdcc1b130	touches	file:modules/models/sd3/sd3_model.py
commit:0c7c36a6c6f1	touches	file:modules/sd_samplers_compvis.py
commit:0c9282b84d68	touches	file:modules/launch_utils.py
commit:0ca1a64cfccb	touches	file:modules/images.py
commit:0ca1a64cfccb	touches	file:scripts/prompt_matrix.py
commit:0ca1a64cfccb	touches	file:scripts/xyz_grid.py
commit:0cab07b2f107	touches	file:webui-macos-env.sh
commit:0cac6ab6153d	touches	file:modules/ui_extra_networks_user_metadata.py
commit:0cc05fc492a9	touches	file:html/footer.html
commit:0cc05fc492a9	touches	file:javascript/profilerVisualization.js
commit:0cc05fc492a9	touches	file:javascript/ui_settings_hints.js
commit:0cc05fc492a9	touches	file:modules/script_callbacks.py
commit:0cc05fc492a9	touches	file:modules/scripts.py
commit:0cc05fc492a9	touches	file:modules/timer.py
commit:0cc05fc492a9	touches	file:modules/ui.py
commit:0cc05fc492a9	touches	file:style.css
commit:0cc05fc492a9	touches	file:webui.py
commit:0cc5f380d5a2	touches	file:launch.py
commit:0cdbd90d6b1a	touches	file:.github/ISSUE_TEMPLATE/bug_report.yml
commit:0cf85b24df4c	touches	file:modules/cmd_args.py
commit:0d1924c48be3	touches	file:modules/scripts.py
commit:0d1ef296b9f7	touches	file:modules/processing.py
commit:0d2a4b608c07	touches	file:modules/config_states.py
commit:0d2a4b608c07	touches	file:modules/extensions.py
commit:0d2a4b608c07	touches	file:modules/ui_extensions.py
commit:0d2cf9ac186f	touches	file:webui.sh
commit:0d31f20cbd55	touches	file:launch.py
commit:0d31f20cbd55	touches	file:modules/cmd_args.py
commit:0d31f20cbd55	touches	file:modules/ngrok.py
commit:0d31f20cbd55	touches	file:modules/ui.py
commit:0d3a80e2692f	touches	file:modules/ui_extra_networks.py
commit:0d5941edbc4c	touches	file:webui.py
commit:0d5dc9a6e7f6	touches	file:modules/devices.py
commit:0d5dc9a6e7f6	touches	file:modules/processing.py
commit:0d5dc9a6e7f6	touches	file:modules/rng.py
commit:0d5dc9a6e7f6	touches	file:modules/sd_samplers_common.py
commit:0d5dc9a6e7f6	touches	file:modules/shared.py
commit:0d65d0eabded	touches	file:modules/initialize_util.py
commit:0d65d0eabded	touches	file:modules/shared_options.py
commit:0d90064e9e00	touches	file:javascript/localization.js
commit:0d90064e9e00	touches	file:javascript/progressbar.js
commit:0dc12861efee	touches	file:extensions-builtin/extra-options-section/scripts/extra_options_section.py
commit:0dc12861efee	touches	file:modules/ui.py
commit:0dc12861efee	touches	file:modules/ui_settings.py
commit:0dc179ee7256	touches	file:modules/sd_models_xl.py
commit:0dc74545c0b5	touches	file:modules/sd_models.py
commit:0dcf6436a868	touches	file:requirements.txt
commit:0dd6bca4f1a4	touches	file:modules/launch_utils.py
commit:0dfffe53ec11	touches	file:modules/shared_options.py
commit:0e071ae504a8	touches	file:javascript/edit-attention.js
commit:0e071ae504a8	touches	file:modules/shared.py
commit:0e0e41eabc57	touches	file:style.css
commit:0e1c41998af5	touches	file:style.css
commit:0e3bac8132e6	touches	file:scripts/xyz_grid.py
commit:0e83c675257f	touches	file:modules/sd_samplers_kdiffusion.py
commit:0e83c675257f	touches	file:modules/sd_samplers_timesteps.py
commit:0e9852936547	touches	file:modules/sd_hijack_optimizations.py
commit:0ea20a0d526a	touches	file:modules/launch_utils.py
commit:0ea61a74be5e	touches	file:modules/sd_samplers_kdiffusion.py
commit:0eb5fde2fd42	touches	file:javascript/edit-attention.js
commit:0ef4a4cb2365	touches	file:modules/processing.py
commit:0f28aee9cd12	touches	file:webui.py
commit:0f40c4b9b116	touches	file:modules/sd_samplers.py
commit:0f77139253f5	touches	file:modules/img2img.py
commit:0f77139253f5	touches	file:modules/processing.py
commit:0f77139253f5	touches	file:modules/ui.py
commit:0f82948e4f46	touches	file:extensions-builtin/hypertile/scripts/hypertile_xyz.py
commit:0f82948e4f46	touches	file:modules/script_loading.py
commit:0fc7dc1c04a0	touches	file:modules/extensions.py
commit:0fc7dc1c04a0	touches	file:modules/scripts.py
commit:101375893361	touches	file:modules/textual_inversion/image_embedding.py
commit:101a18fc8466	touches	file:modules/api/api.py
commit:101a18fc8466	touches	file:modules/postprocessing.py
commit:101a18fc8466	touches	file:modules/ui.py
commit:101a18fc8466	touches	file:modules/ui_common.py
commit:101a18fc8466	touches	file:requirements.txt
commit:101a18fc8466	touches	file:requirements_versions.txt
commit:10421f93c3f7	touches	file:modules/processing.py
commit:10421f93c3f7	touches	file:modules/sd_hijack_utils.py
commit:1091e3a37eb3	touches	file:modules/shared_options.py
commit:10945aa41a15	touches	file:modules/ui.py
commit:10945aa41a15	touches	file:modules/ui_loadsave.py
commit:109bbda70959	touches	file:extensions-builtin/Lora/extra_networks_lora.py
commit:10d4e4ace2d2	touches	file:modules/cmd_args.py
commit:10dbee0d5936	touches	file:modules/generation_parameters_copypaste.py
commit:10f2407f48fa	touches	file:scripts/xyz_grid.py
commit:10f8d0f84216	touches	file:extensions-builtin/Lora/networks.py
commit:10ff071e3368	touches	file:modules/sd_hijack_optimizations.py
commit:11183b4d905d	touches	file:modules/textual_inversion/dataset.py
commit:1142201a3a1d	touches	file:javascript/progressbar.js
commit:117ec7199416	touches	file:webui.bat
commit:118529a6dc94	touches	file:modules/launch_utils.py
commit:118529a6dc94	touches	file:webui.py
commit:11a435b4697c	touches	file:modules/api/api.py
commit:11ae5399f667	touches	file:javascript/contextMenus.js
commit:11cfe0dd0549	touches	file:modules/models/sd3/other_impls.py
commit:11cfe0dd0549	touches	file:modules/models/sd3/sd3_cond.py
commit:11cfe0dd0549	touches	file:modules/sd_hijack.py
commit:11d23e8ca55c	touches	file:javascript/ui.js
commit:11d23e8ca55c	touches	file:modules/api/api.py
commit:11d23e8ca55c	touches	file:modules/api/models.py
commit:11d23e8ca55c	touches	file:modules/postprocessing.py
commit:11d23e8ca55c	touches	file:modules/scripts_postprocessing.py
commit:11d23e8ca55c	touches	file:modules/shared_options.py
commit:11d23e8ca55c	touches	file:modules/textual_inversion/preprocess.py
commit:11d23e8ca55c	touches	file:modules/textual_inversion/ui.py
commit:11d23e8ca55c	touches	file:modules/ui.py
commit:11d23e8ca55c	touches	file:modules/ui_postprocessing.py
commit:11d23e8ca55c	touches	file:modules/ui_toprow.py
commit:11d23e8ca55c	touches	file:scripts/postprocessing_caption.py
commit:11d23e8ca55c	touches	file:scripts/postprocessing_codeformer.py
commit:11d23e8ca55c	touches	file:scripts/postprocessing_create_flipped_copies.py
commit:11d23e8ca55c	touches	file:scripts/postprocessing_focal_crop.py
commit:11d23e8ca55c	touches	file:scripts/postprocessing_gfpgan.py
commit:11d23e8ca55c	touches	file:scripts/postprocessing_split_oversized.py
commit:11d23e8ca55c	touches	file:scripts/postprocessing_upscale.py
commit:11d23e8ca55c	touches	file:scripts/processing_autosized_crop.py
commit:11dc92dc0ae8	touches	file:modules/sd_samplers_kdiffusion.py
commit:11f339733de8	touches	file:extensions-builtin/Lora/ui_edit_user_metadata.py
commit:11f339733de8	touches	file:extensions-builtin/Lora/ui_extra_networks_lora.py
commit:11f339733de8	touches	file:javascript/extraNetworks.js
commit:11f339733de8	touches	file:modules/ui_extra_networks_user_metadata.py
commit:11f339733de8	touches	file:style.css
commit:11f827c58b27	touches	file:modules/sysinfo.py
commit:11f996a096e4	touches	file:modules/extensions.py
commit:120a84bd2f01	touches	file:modules/styles.py
commit:1210548cba9d	touches	file:modules/sd_samplers_common.py
commit:12171ca9612c	touches	file:modules/call_queue.py
commit:12171ca9612c	touches	file:modules/errors.py
commit:12171ca9612c	touches	file:modules/sysinfo.py
commit:1226028b9c1b	touches	file:scripts/xyz_grid.py
commit:123641e4ec93	touches	file:scripts/xyz_grid.py
commit:1242ba08e19f	touches	file:modules/api/api.py
commit:1242ba08e19f	touches	file:modules/api/models.py
commit:1242ba08e19f	touches	file:modules/processing.py
commit:1242ba08e19f	touches	file:modules/progress.py
commit:125319988984	touches	file:javascript/hints.js
commit:125319988984	touches	file:modules/models/diffusion/uni_pc/__init__.py
commit:125319988984	touches	file:modules/models/diffusion/uni_pc/sampler.py
commit:125319988984	touches	file:modules/models/diffusion/uni_pc/uni_pc.py
commit:125319988984	touches	file:modules/processing.py
commit:125319988984	touches	file:modules/sd_samplers_compvis.py
commit:125319988984	touches	file:test/basic_features/txt2img_test.py
commit:127635409a79	touches	file:modules/img2img.py
commit:127635409a79	touches	file:modules/txt2img.py
commit:127635409a79	touches	file:modules/ui.py
commit:127635409a79	touches	file:modules/ui_common.py
commit:127635409a79	touches	file:style.css
commit:128d59c9ccfb	touches	file:modules/sd_samplers_kdiffusion.py
commit:12bcacf41393	touches	file:extensions-builtin/Lora/network.py
commit:12c6f37f8e4b	touches	file:modules/images.py
commit:12c78138dd56	touches	file:modules/shared.py
commit:12c78138dd56	touches	file:style.css
commit:13081dd45ece	touches	file:launch.py
commit:1332c46b71b1	touches	file:modules/Roboto-Regular.ttf
commit:1332c46b71b1	touches	file:modules/images.py
commit:1332c46b71b1	touches	file:modules/paths_internal.py
commit:1332c46b71b1	touches	file:requirements.txt
commit:1332c46b71b1	touches	file:requirements_versions.txt
commit:133fd7bea558	touches	file:style.css
commit:1341b2208185	touches	file:modules/shared_options.py
commit:1341b2208185	touches	file:modules/upscaler_utils.py
commit:135b61bc0bb9	touches	file:modules/processing.py
commit:136c8859a49a	touches	file:CHANGELOG.md
commit:136c8859a49a	touches	file:extensions-builtin/Lora/networks.py
commit:136c8859a49a	touches	file:extensions-builtin/Lora/preload.py
commit:136c8859a49a	touches	file:extensions-builtin/Lora/ui_extra_networks_lora.py
commit:136c8859a49a	touches	file:launch.py
commit:136c8859a49a	touches	file:modules/script_loading.py
commit:136c8859a49a	touches	file:modules/shared.py
commit:1394ecaf36da	touches	file:modules/sd_samplers_kdiffusion.py
commit:139848578904	touches	file:CHANGELOG.md
commit:13d8d65ef98c	touches	file:javascript/hints.js
commit:13e371af7364	touches	file:modules/scripts.py
commit:13f1357b7f1e	touches	file:style.css
commit:13f22974a42d	signed_off_by	person:snoppy
commit:13f22974a42d	touches	file:extensions-builtin/LDSR/sd_hijack_ddpm_v1.py
commit:13f22974a42d	touches	file:modules/api/api.py
commit:13f22974a42d	touches	file:modules/devices.py
commit:13f22974a42d	touches	file:modules/models/diffusion/uni_pc/uni_pc.py
commit:13f22974a42d	touches	file:modules/shared.py
commit:13f22974a42d	touches	file:modules/util.py
commit:13f4c62ba387	touches	file:.eslintignore
commit:13f4c62ba387	touches	file:.eslintrc.js
commit:13f4c62ba387	touches	file:.gitignore
commit:13f4c62ba387	touches	file:package.json
commit:13fd466c181e	touches	file:style.css
commit:140d58b51213	touches	file:modules/processing.py
commit:1411a6e74b2f	touches	file:modules/launch_utils.py
commit:1411a6e74b2f	touches	file:webui.py
commit:141a17e96930	touches	file:modules/sd_models.py
commit:1421e959600e	touches	file:modules/img2img.py
commit:14501f56aaf3	touches	file:modules/api/api.py
commit:1455159cf44c	touches	file:modules/soft_inpainting.py
commit:1465dab71564	touches	file:modules/textual_inversion/textual_inversion.py
commit:1466daeafc1c	touches	file:.eslintrc.js
commit:1466daeafc1c	touches	file:javascript/token-counters.js
commit:1466daeafc1c	touches	file:javascript/ui.js
commit:1466daeafc1c	touches	file:modules/shared_options.py
commit:1466daeafc1c	touches	file:modules/ui_toprow.py
commit:1466daeafc1c	touches	file:style.css
commit:147d2922ff57	touches	file:.fleet/settings.json
commit:147d2922ff57	touches	file:modules/ui_extensions.py
commit:1482c8937603	touches	file:webui.py
commit:14b70aa97ba3	touches	file:webui.sh
commit:14b9762bcab4	touches	file:modules/ui_toprow.py
commit:14c0884fd094	touches	file:modules/script_loading.py
commit:14cf434bc36d	touches	file:modules/processing.py
commit:14e55a330146	touches	file:modules/img2img.py
commit:1503af60b055	touches	file:modules/processing.py
commit:1514add5597d	touches	file:modules/postprocessing.py
commit:151b8ed3a627	touches	file:modules/sd_hijack.py
commit:151b8ed3a627	touches	file:modules/sd_hijack_inpainting.py
commit:152ed34ccc60	touches	file:webui.sh
commit:15322e1b1a9e	touches	file:modules/postprocessing.py
commit:15a94d6cf7fa	touches	file:modules/sd_samplers_kdiffusion.py
commit:15e89ef0f6f2	touches	file:modules/sd_hijack_unet.py
commit:15ec54dd969d	touches	file:modules/scripts.py
commit:15ec54dd969d	touches	file:modules/txt2img.py
commit:15ec54dd969d	touches	file:modules/ui.py
commit:15ec54dd969d	touches	file:modules/ui_common.py
commit:15ec54dd969d	touches	file:modules/ui_postprocessing.py
commit:15f4b217b104	touches	file:modules/processing.py
commit:1601fccebca2	touches	file:modules/sd_samplers_kdiffusion.py
commit:1601fccebca2	touches	file:modules/shared.py
commit:160780283a99	touches	file:webui.py
commit:1615f786eeb5	touches	file:README.md
commit:1615f786eeb5	touches	file:modules/sd_models.py
commit:1619233a7478	touches	file:launch.py
commit:161b2944b8b9	touches	file:scripts/xyz_grid.py
commit:1631e96a98e5	touches	file:javascript/ui.js
commit:164699163718	touches	file:modules/extensions.py
commit:16522cb0e345	touches	file:modules/call_queue.py
commit:165ab44f03cc	touches	file:modules/codeformer_model.py
commit:165ab44f03cc	touches	file:modules/extensions.py
commit:165ab44f03cc	touches	file:modules/gfpgan_model.py
commit:165ab44f03cc	touches	file:modules/modelloader.py
commit:165ab44f03cc	touches	file:modules/sd_models.py
commit:165ab44f03cc	touches	file:modules/textual_inversion/autocrop.py
commit:16781ba09abe	touches	file:modules/launch_utils.py
commit:168eac319d0f	touches	file:modules/sd_vae.py
commit:16ab17429016	touches	file:javascript/inputAccordion.js
commit:16b4d2cf3f51	touches	file:modules/xpu_specific.py
commit:16bdcce92d5b	touches	file:extensions-builtin/Lora/networks.py
commit:16e4d7912241	touches	file:modules/paths_internal.py
commit:16eddc622e6d	touches	file:modules/launch_utils.py
commit:16f0739db022	touches	file:javascript/localization.js
commit:1792e193b1ad	touches	file:extensions-builtin/Lora/network.py
commit:179ae47d642d	touches	file:modules/models/sd3/sd3_cond.py
commit:179ae47d642d	touches	file:modules/models/sd3/sd3_model.py
commit:179ae47d642d	touches	file:modules/sd_models.py
commit:17a66931da70	touches	file:CHANGELOG.md
commit:17b24e45e883	touches	file:modules/images.py
commit:17b24e45e883	touches	file:scripts/prompt_matrix.py
commit:17e14ed2d945	touches	file:extensions-builtin/Lora/network_lokr.py
commit:17e846150c49	touches	file:modules/processing.py
commit:17e846150c49	touches	file:modules/scripts.py
commit:1823526c103e	touches	file:README.md
commit:18256c5f0174	touches	file:webui.py
commit:1846ad36a3bd	touches	file:javascript/hints.js
commit:1846ad36a3bd	touches	file:modules/generation_parameters_copypaste.py
commit:1846ad36a3bd	touches	file:modules/img2img.py
commit:1846ad36a3bd	touches	file:modules/processing.py
commit:1846ad36a3bd	touches	file:modules/shared.py
commit:1846ad36a3bd	touches	file:modules/txt2img.py
commit:1846ad36a3bd	touches	file:modules/ui.py
commit:187323a606bc	touches	file:modules/ui_extra_networks.py
commit:18acc0b30d91	touches	file:modules/img2img.py
commit:18ca987c92f5	touches	file:extensions-builtin/Lora/network.py
commit:18ca987c92f5	touches	file:extensions-builtin/Lora/networks.py
commit:18d801a13d71	touches	file:html/extra-networks-pane.html
commit:18d801a13d71	touches	file:javascript/extraNetworks.js
commit:18d801a13d71	touches	file:modules/ui_extra_networks.py
commit:18d801a13d71	touches	file:style.css
commit:18e3e6d6abfc	touches	file:modules/shared_cmd_options.py
commit:18e3e6d6abfc	touches	file:webui.py
commit:18e4ca469442	touches	file:modules/img2img.py
commit:18ec22bffea7	touches	file:modules/launch_utils.py
commit:18fb2162a44a	touches	file:modules/generation_parameters_copypaste.py
commit:18fb522660a7	touches	file:CITATION.cff
commit:194cbd065e46	touches	file:modules/ui.py
commit:194cbd065e46	touches	file:modules/ui_common.py
commit:19772c3c9764	touches	file:modules/images.py
commit:199c51d688c5	touches	file:extensions-builtin/Lora/network.py
commit:19de2a626b92	touches	file:launch.py
commit:1a1205f601d2	touches	file:javascript/ui.js
commit:1a43524018ea	touches	file:modules/sd_hijack.py
commit:1a43524018ea	touches	file:modules/sd_models.py
commit:1a4917833092	touches	file:extensions-builtin/canvas-zoom-and-pan/javascript/zoom.js
commit:1a50272e7cb4	touches	file:modules/ui_extra_networks.py
commit:1a51b166a042	touches	file:modules/sd_models.py
commit:1a79a5049bdf	touches	file:extensions-builtin/extra-options-section/scripts/extra_options_section.py
commit:1a7ffa2c76b0	touches	file:modules/paths_internal.py
commit:1aba8d82cbb8	touches	file:modules/ui_extensions.py
commit:1ac11b3dae49	touches	file:modules/ui_extensions.py
commit:1ace16e799c1	touches	file:launch.py
commit:1ae9dacb4b03	touches	file:modules/launch_utils.py
commit:1ae9dacb4b03	touches	file:modules/sd_samplers_kdiffusion.py
commit:1aefb5025929	touches	file:modules/sd_samplers_common.py
commit:1aefb5025929	touches	file:modules/shared.py
commit:1b0823db94ab	touches	file:modules/launch_utils.py
commit:1b3093fe3aed	touches	file:modules/processing.py
commit:1b3093fe3aed	touches	file:modules/ui.py
commit:1b3093fe3aed	touches	file:modules/ui_loadsave.py
commit:1b46863f2418	touches	file:modules/errors.py
commit:1b46863f2418	touches	file:requirements.txt
commit:1b46863f2418	touches	file:requirements_versions.txt
commit:1b63afbedc77	touches	file:modules/hypernetworks/hypernetwork.py
commit:1b63afbedc77	touches	file:modules/sd_models.py
commit:1b8af15f13cb	touches	file:modules/devices.py
commit:1b8af15f13cb	touches	file:modules/mac_specific.py
commit:1b8af15f13cb	touches	file:modules/sd_samplers_common.py
commit:1b8af15f13cb	touches	file:modules/shared.py
commit:1bab1797c033	touches	file:launch.py
commit:1bb21f351023	touches	file:modules/ui_extra_networks_user_metadata.py
commit:1bebb50da977	touches	file:modules/modelloader.py
commit:1bfa1be6dd86	touches	file:style.css
commit:1bfec873fa13	touches	file:extensions-builtin/Lora/lora.py
commit:1bfec873fa13	touches	file:extensions-builtin/Lora/scripts/lora_script.py
commit:1c0544abdbff	touches	file:modules/ui_extensions.py
commit:1c1106260300	touches	file:modules/generation_parameters_copypaste.py
commit:1c1106260300	touches	file:modules/processing.py
commit:1c1106260300	touches	file:modules/shared.py
commit:1c1106260300	touches	file:requirements_versions.txt
commit:1c64bb71402c	touches	file:modules/styles.py
commit:1c6efdbba774	touches	file:extensions-builtin/Lora/network_oft.py
commit:1c6efdbba774	touches	file:extensions-builtin/Lora/networks.py
commit:1c9d1b0ee06c	touches	file:modules/processing.py
commit:1ca5e76f7b12	touches	file:modules/lowvram.py
commit:1ca5e76f7b12	touches	file:modules/processing.py
commit:1ca5e76f7b12	touches	file:modules/shared.py
commit:1cbfafafd2dc	signed_off_by	person:anyisalin
commit:1cbfafafd2dc	touches	file:modules/api/api.py
commit:1cc7c4bfb31b	touches	file:javascript/edit-attention.js
commit:1cc7c4bfb31b	touches	file:modules/shared_options.py
commit:1d096ed1456c	touches	file:html/extra-networks-card.html
commit:1d096ed1456c	touches	file:modules/ui_extra_networks.py
commit:1d096ed1456c	touches	file:style.css
commit:1d11e896984c	touches	file:javascript/hints.js
commit:1d11e896984c	touches	file:modules/generation_parameters_copypaste.py
commit:1d11e896984c	touches	file:modules/processing.py
commit:1d11e896984c	touches	file:modules/sd_samplers_kdiffusion.py
commit:1d42babd324b	touches	file:modules/ui_toprow.py
commit:1d42babd324b	touches	file:script.js
commit:1d60a609a9d7	touches	file:modules/shared.py
commit:1d60a609a9d7	touches	file:modules/ui.py
commit:1d71c36de2d7	touches	file:modules/img2img.py
commit:1d71c36de2d7	touches	file:modules/ui.py
commit:1d7448281751	touches	file:modules/sd_schedulers.py
commit:1d7c51fb9f75	touches	file:webui.sh
commit:1d7dcdb6c38c	touches	file:modules/processing.py
commit:1d7dcdb6c38c	touches	file:modules/shared.py
commit:1d7e9eca098d	touches	file:modules/upscaler_utils.py
commit:1d8e06d54217	touches	file:extensions-builtin/Lora/ui_extra_networks_lora.py
commit:1d8e06d54217	touches	file:javascript/ui.js
commit:1d8e06d54217	touches	file:modules/ui.py
commit:1d8e06d54217	touches	file:modules/ui_extra_networks.py
commit:1d8e06d54217	touches	file:modules/ui_extra_networks_checkpoints.py
commit:1d8e06d54217	touches	file:modules/ui_extra_networks_hypernets.py
commit:1d8e06d54217	touches	file:modules/ui_extra_networks_textual_inversion.py
commit:1d8e06d54217	touches	file:webui.py
commit:1da05297ea18	touches	file:modules/ui_extra_networks.py
commit:1db7d212836e	touches	file:modules/images.py
commit:1dcd6723242c	touches	file:modules/sd_vae.py
commit:1ddb886a804d	touches	file:modules/shared_options.py
commit:1df6c8bfec47	touches	file:modules/sd_models.py
commit:1e0ab4015dbd	touches	file:extensions-builtin/canvas-zoom-and-pan/javascript/zoom.js
commit:1e0ab4015dbd	touches	file:extensions-builtin/canvas-zoom-and-pan/scripts/hotkey_config.py
commit:1e1176b6eb4b	touches	file:modules/processing.py
commit:1e1a32b130ea	touches	file:requirements_versions.txt
commit:1e22f48f4dbe	touches	file:style.css
commit:1e2b10d2dcdf	touches	file:scripts/prompt_matrix.py
commit:1e30e4d9ebd9	touches	file:webui.py
commit:1e5afd4fa977	touches	file:modules/sd_hijack_optimizations.py
commit:1e696b028adb	touches	file:scripts/xyz_grid.py
commit:1f0860034529	touches	file:modules/sd_models.py
commit:1f0fdede1769	touches	file:modules/errors.py
commit:1f0fdede1769	touches	file:modules/sd_models.py
commit:1f392517f893	touches	file:scripts/xyz_grid.py
commit:1f57b948b78d	touches	file:modules/localization.py
commit:1f57b948b78d	touches	file:modules/ui.py
commit:1f59be5188c0	touches	file:modules/launch_utils.py
commit:1f6844eb7e3a	touches	file:modules/ui_extensions.py
commit:1f6bfdea80f5	touches	file:modules/sd_samplers_common.py
commit:1f7fc4d7a350	touches	file:modules/shared.py
commit:1f8f3a6e8bdb	touches	file:javascript/progressbar.js
commit:1f8f3a6e8bdb	touches	file:modules/shared_options.py
commit:1fa1ab5249cc	touches	file:launch.py
commit:1fa777c1d775	touches	file:modules/generation_parameters_copypaste.py
commit:1fd69655fe34	touches	file:modules/devices.py
commit:1fdc18e6a01e	touches	file:modules/ui_extra_networks.py
commit:1fe2dcaa2a5c	signed_off_by	person:anyisalin
commit:1fe2dcaa2a5c	touches	file:modules/api/api.py
commit:1ff1c5be6420	touches	file:javascript/extraNetworks.js
commit:1ff1c5be6420	touches	file:javascript/ui.js
commit:1ffdedc11d49	touches	file:modules/cmd_args.py
commit:20123d427b09	touches	file:modules/util.py
commit:201673381443	touches	file:modules/sd_hijack.py
commit:201673381443	touches	file:modules/sd_hijack_unet.py
commit:2035cbbd5d6e	touches	file:modules/sd_samplers_timesteps_impl.py
commit:203afa39c4cf	touches	file:scripts/postprocessing_upscale.py
commit:20549a50cb3c	touches	file:modules/sd_models.py
commit:20549a50cb3c	touches	file:modules/styles.py
commit:20549a50cb3c	touches	file:modules/ui.py
commit:20549a50cb3c	touches	file:modules/ui_common.py
commit:20549a50cb3c	touches	file:modules/ui_extra_networks_checkpoints.py
commit:20549a50cb3c	touches	file:modules/ui_extra_networks_hypernets.py
commit:20549a50cb3c	touches	file:modules/ui_extra_networks_textual_inversion.py
commit:20549a50cb3c	touches	file:modules/ui_prompt_styles.py
commit:20549a50cb3c	touches	file:style.css
commit:208ccfbe7c04	touches	file:modules/txt2img.py
commit:208f066e0e83	touches	file:.eslintrc.js
commit:209c26a1cb9e	touches	file:modules/devices.py
commit:209c26a1cb9e	touches	file:modules/shared_init.py
commit:20ae71faa8ef	touches	file:modules/ui_tempdir.py
commit:20df81b0cc14	touches	file:modules/launch_utils.py
commit:21000f13a169	touches	file:modules/processing.py
commit:2140bd1c108d	touches	file:modules/sd_hijack.py
commit:215466282635	touches	file:CHANGELOG.md
commit:21642000b33a	touches	file:modules/textual_inversion/dataset.py
commit:216b0fa6c904	touches	file:javascript/hints.js
commit:2174f58daee1	touches	file:modules/api/api.py
commit:2174f58daee1	touches	file:modules/api/models.py
commit:21880eb9e57b	touches	file:modules/models/diffusion/uni_pc/sampler.py
commit:21880eb9e57b	touches	file:modules/models/diffusion/uni_pc/uni_pc.py
commit:21880eb9e57b	touches	file:modules/sd_samplers_compvis.py
commit:219e64489c9c	touches	file:modules/processing.py
commit:21aec6f567f5	touches	file:modules/sd_models_xl.py
commit:21e72d1a5e6c	touches	file:scripts/xyz_grid.py
commit:21ee46eea791	touches	file:modules/extra_networks.py
commit:21ee46eea791	touches	file:modules/ui_extra_networks.py
commit:21ee46eea791	touches	file:webui.py
commit:2217331cd124	touches	file:modules/devices.py
commit:221ac0b9abd2	touches	file:modules/img2img.py
commit:221ac0b9abd2	touches	file:modules/ui.py
commit:2282eb8dd590	touches	file:extensions-builtin/Lora/networks.py
commit:22bcc7be428c	touches	file:modules/ui.py
commit:22bfcf135f8d	touches	file:script.js
commit:22e23dbf29b0	touches	file:extensions-builtin/hypertile/scripts/hypertile_script.py
commit:2310cd66e538	touches	file:html/extra-networks-pane.html
commit:2310cd66e538	touches	file:html/extra-networks-tree.html
commit:2310cd66e538	touches	file:javascript/extraNetworks.js
commit:2310cd66e538	touches	file:modules/ui_extra_networks.py
commit:2310cd66e538	touches	file:style.css
commit:231562ea13e4	touches	file:CHANGELOG.md
commit:232c931f4082	touches	file:webui-macos-env.sh
commit:23314a6e27a2	touches	file:modules/img2img.py
commit:233c66b36eba	touches	file:modules/processing.py
commit:233c66b36eba	touches	file:modules/txt2img.py
commit:234fa9a57da0	touches	file:modules/shared.py
commit:236dd55dbe89	touches	file:modules/gfpgan_model.py
commit:236eb82c3a91	touches	file:modules/logging_config.py
commit:237b70417248	touches	file:modules/ui.py
commit:238adeaffb03	touches	file:extensions-builtin/Lora/extra_networks_lora.py
commit:238adeaffb03	touches	file:extensions-builtin/Lora/lyco_helpers.py
commit:238adeaffb03	touches	file:extensions-builtin/Lora/network.py
commit:238adeaffb03	touches	file:extensions-builtin/Lora/network_full.py
commit:238adeaffb03	touches	file:extensions-builtin/Lora/network_hada.py
commit:238adeaffb03	touches	file:extensions-builtin/Lora/network_ia3.py
commit:238adeaffb03	touches	file:extensions-builtin/Lora/network_lokr.py
commit:238adeaffb03	touches	file:extensions-builtin/Lora/network_lora.py
commit:238adeaffb03	touches	file:extensions-builtin/Lora/network_lyco.py
commit:238adeaffb03	touches	file:extensions-builtin/Lora/networks.py
commit:23a0e60b9bf9	touches	file:modules/styles.py
commit:23a9d5e27390	touches	file:modules/extensions.py
commit:23c06a51ccc5	touches	file:modules/script_loading.py
commit:23c36f59b4a4	touches	file:extensions-builtin/hypertile/scripts/hypertile_script.py
commit:23c36f59b4a4	touches	file:extensions-builtin/hypertile/scripts/hypertile_xyz.py
commit:23c6b5f1242f	touches	file:javascript/extraNetworks.js
commit:23c6b5f1242f	touches	file:modules/ui_common.py
commit:23c947ab0374	touches	file:CHANGELOG.md
commit:23c947ab0374	touches	file:modules/processing.py
commit:23c947ab0374	touches	file:modules/shared.py
commit:23d4fb5bf240	touches	file:modules/api/api.py
commit:23d4fb5bf240	touches	file:modules/api/models.py
commit:23d4fb5bf240	touches	file:modules/images.py
commit:23d68bfc9a4d	touches	file:javascript/contextMenus.js
commit:23f03d4796be	touches	file:javascript/extraNetworks.js
commit:23f6dfce4cd3	touches	file:modules/api/api.py
commit:24129368f1b7	touches	file:modules/sd_models.py
commit:24129368f1b7	touches	file:modules/shared.py
commit:246c269af877	touches	file:modules/modelloader.py
commit:246d1f1f7062	touches	file:javascript/badScaleChecker.js
commit:2473bafa67b2	touches	file:extensions-builtin/Lora/lora.py
commit:2473bafa67b2	touches	file:extensions-builtin/Lora/scripts/lora_script.py
commit:247a34498b33	touches	file:javascript/extraNetworks.js
commit:247a34498b33	touches	file:modules/ui_extra_networks.py
commit:247f371d3eaa	touches	file:.eslintrc.js
commit:2489252099c2	touches	file:modules/sub_quadratic_attention.py
commit:24a23e122524	touches	file:modules/shared_options.py
commit:24a23e122524	touches	file:modules/ui_common.py
commit:24a59ad3d2f9	touches	file:extensions-builtin/hypertile/scripts/hypertile_script.py
commit:24a59ad3d2f9	touches	file:extensions-builtin/hypertile/scripts/hypertile_xyz.py
commit:24bad5dc7b4d	touches	file:style.css
commit:24d4475bdb62	touches	file:webui.py
commit:24dae9bc4cc0	touches	file:modules/postprocessing.py
commit:24f21583cdba	signed_off_by	person:anyisalin
commit:24f21583cdba	touches	file:modules/sd_models.py
commit:250193ee933e	touches	file:webui.py
commit:250a95b6fecc	touches	file:webui.py
commit:250c416474a5	touches	file:modules/sd_hijack_optimizations.py
commit:25189b29afb0	touches	file:.github/ISSUE_TEMPLATE/bug_report.yml
commit:251be61a80e9	touches	file:scripts/xyz_grid.py
commit:252f15e046b0	touches	file:modules/ui_extensions.py
commit:254ad09ef3b3	touches	file:style.css
commit:254be4eeb259	touches	file:modules/script_callbacks.py
commit:254be4eeb259	touches	file:modules/sd_samplers_kdiffusion.py
commit:254be4eeb259	touches	file:modules/sd_samplers_timesteps.py
commit:254d9946439b	touches	file:modules/devices.py
commit:2580235c72b0	touches	file:modules/postprocessing.py
commit:2582a0fd3b3e	touches	file:modules/cmd_args.py
commit:2582a0fd3b3e	touches	file:modules/script_callbacks.py
commit:2582a0fd3b3e	touches	file:modules/sd_hijack.py
commit:2582a0fd3b3e	touches	file:modules/sd_hijack_optimizations.py
commit:2582a0fd3b3e	touches	file:modules/shared.py
commit:2582a0fd3b3e	touches	file:modules/shared_items.py
commit:2582a0fd3b3e	touches	file:webui.py
commit:259768f27fc4	touches	file:modules/scripts.py
commit:259805947e4e	touches	file:modules/processing.py
commit:259967b7c60c	touches	file:modules/api/api.py
commit:259d33c3c8e2	touches	file:modules/processing.py
commit:25bbf31f5701	touches	file:modules/processing.py
commit:25cd53d77561	touches	file:modules/img2img.py
commit:25cd53d77561	touches	file:modules/processing.py
commit:25cd53d77561	touches	file:modules/processing_scripts/sampler.py
commit:25cd53d77561	touches	file:modules/scripts.py
commit:25cd53d77561	touches	file:modules/sd_samplers.py
commit:25cd53d77561	touches	file:modules/sd_samplers_custom_schedulers.py
commit:25cd53d77561	touches	file:modules/sd_samplers_kdiffusion.py
commit:25cd53d77561	touches	file:modules/sd_schedulers.py
commit:25cd53d77561	touches	file:modules/shared_options.py
commit:25cd53d77561	touches	file:modules/txt2img.py
commit:25cd53d77561	touches	file:modules/ui.py
commit:25de9a785cc9	touches	file:extensions-builtin/Lora/ui_extra_networks_lora.py
commit:25de9a785cc9	touches	file:modules/ui_extra_networks.py
commit:25de9a785cc9	touches	file:modules/ui_extra_networks_checkpoints.py
commit:25de9a785cc9	touches	file:modules/ui_extra_networks_hypernets.py
commit:25de9a785cc9	touches	file:modules/ui_extra_networks_textual_inversion.py
commit:25e8273d2f64	touches	file:modules/cmd_args.py
commit:25e8273d2f64	touches	file:modules/shared.py
commit:25e8273d2f64	touches	file:modules/styles.py
commit:25e8273d2f64	touches	file:modules/ui_prompt_styles.py
commit:25eeeaa65f81	touches	file:modules/sd_samplers_common.py
commit:260037065937	touches	file:modules/ui_extra_networks.py
commit:261972f92910	touches	file:html/extra-networks-tree-directory.html
commit:261972f92910	touches	file:html/extra-networks-tree-file.html
commit:261972f92910	touches	file:javascript/extraNetworks.js
commit:265bc26c2126	touches	file:extensions-builtin/Lora/network_oft.py
commit:2667f47ffbf7	touches	file:extensions-builtin/SwinIR/scripts/swinir_model.py
commit:268dc9b30813	touches	file:modules/api/api.py
commit:269833067de1	touches	file:modules/processing.py
commit:269833067de1	touches	file:modules/sd_samplers_kdiffusion.py
commit:26a0c29587da	touches	file:modules/styles.py
commit:26ab018253cb	touches	file:modules/sd_models.py
commit:26cccd8faab7	touches	file:README.md
commit:26d0d87f5b05	touches	file:javascript/extraNetworks.js
commit:26e1cd7ec47c	touches	file:html/extra-networks-tree.html
commit:26e1cd7ec47c	touches	file:modules/ui_extra_networks.py
commit:2725dfd8a66d	touches	file:extensions-builtin/Lora/scripts/lora_script.py
commit:274474105a51	touches	file:modules/sd_samplers.py
commit:274a3e21babe	touches	file:modules/img2img.py
commit:2788ce8c7bd7	touches	file:webui.sh
commit:27947a79d619	touches	file:modules/launch_utils.py
commit:27947a79d619	touches	file:modules/sysinfo.py
commit:27962ded4a53	touches	file:scripts/xyz_grid.py
commit:27b9ec60e4ed	touches	file:modules/textual_inversion/textual_inversion.py
commit:27d02597c78a	touches	file:javascript/edit-attention.js
commit:27d96fa608da	touches	file:modules/sysinfo.py
commit:27e319dc4f09	touches	file:modules/shared.py
commit:27e9e3f6fa41	touches	file:modules/processing.py
commit:27eedb696661	touches	file:modules/ui_extensions.py
commit:27f7fbf35cd7	touches	file:CHANGELOG.md
commit:27fe3eb6a9d8	touches	file:modules/mac_specific.py
commit:280ed8f00fde	touches	file:modules/sd_hijack_optimizations.py
commit:28189985e6f5	touches	file:modules/interrogate.py
commit:28189985e6f5	touches	file:requirements.txt
commit:28189985e6f5	touches	file:requirements_versions.txt
commit:281e0a007b10	touches	file:style.css
commit:282903bb6798	touches	file:modules/api/api.py
commit:282903bb6798	touches	file:modules/sd_models.py
commit:282903bb6798	touches	file:modules/ui_settings.py
commit:284822323a75	touches	file:style.css
commit:284fd8f415ec	touches	file:modules/img2img.py
commit:284fd8f415ec	touches	file:modules/ui.py
commit:284fd8f415ec	touches	file:scripts/outpainting_mk_2.py
commit:284fd8f415ec	touches	file:scripts/poor_mans_outpainting.py
commit:2860c3be3e29	touches	file:modules/ui_extra_networks_user_metadata.py
commit:28a2b5b4aab4	touches	file:modules/images.py
commit:28b084ca2538	touches	file:modules/ui_extensions.py
commit:28bc85a20a28	touches	file:modules/processing.py
commit:28bc85a20a28	touches	file:modules/sd_models.py
commit:293f44e6c1de	touches	file:modules/sd_hijack.py
commit:2941e1f1f3cf	touches	file:scripts/xyz_grid.py
commit:294f8a514f98	touches	file:modules/processing.py
commit:294f8a514f98	touches	file:modules/shared_options.py
commit:2970d712ee52	touches	file:.github/workflows/warns_merge_master.yml
commit:2974b9cee94d	touches	file:modules/api/api.py
commit:2996e43ff71c	touches	file:modules/txt2img.py
commit:299b8096bc19	touches	file:modules/ui_tempdir.py
commit:299eb5430836	touches	file:scripts/xyz_grid.py
commit:29ce0bf4f2e7	touches	file:requirements_versions.txt
commit:29ce0bf4f2e7	touches	file:webui.py
commit:29d2d6a094a1	touches	file:style.css
commit:29d7e31d89e9	touches	file:modules/processing.py
commit:29e13867bff5	touches	file:modules/img2img.py
commit:29e13867bff5	touches	file:modules/txt2img.py
commit:29f04149b60b	touches	file:modules/errors.py
commit:29f04149b60b	touches	file:modules/launch_utils.py
commit:29f04149b60b	touches	file:webui-macos-env.sh
commit:2a40d3c60344	touches	file:javascript/extraNetworks.js
commit:2a40d3c60344	touches	file:modules/ui_extra_networks.py
commit:2a40d3c60344	touches	file:style.css
commit:2a4d3d21242d	touches	file:launch.py
commit:2a4d3d21242d	touches	file:modules/extensions.py
commit:2a4d3d21242d	touches	file:modules/shared.py
commit:2a6054f83657	touches	file:extensions-builtin/LDSR/sd_hijack_ddpm_v1.py
commit:2a72d76d6f3d	touches	file:modules/processing.py
commit:2a72d76d6f3d	touches	file:modules/shared.py
commit:2a7e34fe79c8	touches	file:modules/launch_utils.py
commit:2a8a60c2c504	touches	file:modules/cmd_args.py
commit:2a8a60c2c504	touches	file:modules/devices.py
commit:2a8a60c2c504	touches	file:modules/sd_hijack_unet.py
commit:2a8a60c2c504	touches	file:modules/sd_hijack_utils.py
commit:2a8a60c2c504	touches	file:modules/sd_models.py
commit:2a8a60c2c504	touches	file:modules/shared_init.py
commit:2aa485b5afb1	touches	file:extensions-builtin/Lora/network.py
commit:2aa485b5afb1	touches	file:extensions-builtin/Lora/networks.py
commit:2aac1d97782b	touches	file:modules/img2img.py
commit:2aac1d97782b	touches	file:modules/ui.py
commit:2aaee73633ef	touches	file:modules/generation_parameters_copypaste.py
commit:2abc417834d7	touches	file:modules/processing.py
commit:2abc417834d7	touches	file:modules/scripts.py
commit:2abc417834d7	touches	file:modules/soft_inpainting.py
commit:2abc417834d7	touches	file:scripts/soft_inpainting.py
commit:2abc628899aa	touches	file:webui.bat
commit:2abd89acc664	touches	file:extensions-builtin/Lora/lora.py
commit:2abd89acc664	touches	file:extensions-builtin/Lora/scripts/lora_script.py
commit:2aca613a61ac	touches	file:modules/images.py
commit:2ad17a6100be	touches	file:modules/util.py
commit:2b06cefe6668	touches	file:modules/cmd_args.py
commit:2b1bae0d755c	touches	file:modules/processing.py
commit:2b1bae0d755c	touches	file:modules/sd_hijack.py
commit:2b1bae0d755c	touches	file:modules/sd_hijack_clip.py
commit:2b1bae0d755c	touches	file:modules/shared.py
commit:2b1bae0d755c	touches	file:modules/textual_inversion/textual_inversion.py
commit:2b1bae0d755c	touches	file:style.css
commit:2b42f73e3d19	touches	file:webui.sh
commit:2b50233f3ffa	touches	file:extensions-builtin/Lora/networks.py
commit:2b717bb195a3	touches	file:modules/sd_models.py
commit:2b8484a29d7d	touches	file:modules/shared_options.py
commit:2b96a7b694d3	touches	file:javascript/ui_settings_hints.js
commit:2b96a7b694d3	touches	file:modules/ui.py
commit:2b96a7b694d3	touches	file:style.css
commit:2b96a7b694d3	touches	file:webui.py
commit:2ba0277b52d3	touches	file:webui.sh
commit:2ba42bfbd268	touches	file:extensions-builtin/LDSR/scripts/ldsr_model.py
commit:2ba880704b97	touches	file:scripts/xyz_grid.py
commit:2bbe3f5f0ace	touches	file:webui.py
commit:2be85f8fe035	touches	file:extensions-builtin/Lora/networks.py
commit:2c10fda39900	touches	file:modules/ui_extensions.py
commit:2c11e9009ea1	touches	file:modules/lowvram.py
commit:2c11e9009ea1	touches	file:modules/sd_hijack_open_clip.py
commit:2c1bb46c7ad5	touches	file:launch.py
commit:2c24e09dfc43	touches	file:modules/txt2img.py
commit:2c5106ed0604	touches	file:style.css
commit:2c58d373dd40	touches	file:scripts/prompt_matrix.py
commit:2cacbc124c49	touches	file:modules/modelloader.py
commit:2cacbc124c49	touches	file:modules/realesrgan_model.py
commit:2cb1b6530925	touches	file:requirements_versions.txt
commit:2cb3b0be1def	touches	file:extensions-builtin/Lora/extra_networks_lora.py
commit:2cb3b0be1def	touches	file:extensions-builtin/Lora/lora.py
commit:2cb3b0be1def	touches	file:extensions-builtin/Lora/ui_extra_networks_lora.py
commit:2ccc832b3333	touches	file:modules/ui_extensions.py
commit:2ceb4f81e2f2	touches	file:modules/ui_extra_networks.py
commit:2cf23099ebb8	touches	file:modules/processing.py
commit:2cf23099ebb8	touches	file:modules/txt2img.py
commit:2cfaffb239bb	touches	file:modules/generation_parameters_copypaste.py
commit:2cfaffb239bb	touches	file:modules/shared.py
commit:2cfaffb239bb	touches	file:requirements.txt
commit:2cfaffb239bb	touches	file:requirements_versions.txt
commit:2d4c66f7b5cb	touches	file:extensions-builtin/canvas-zoom-and-pan/javascript/zoom.js
commit:2d57a2df660e	touches	file:modules/shared.py
commit:2d8c894b274d	touches	file:extensions-builtin/Lora/network_oft.py
commit:2d8e4a654480	touches	file:modules/sd_samplers_cfg_denoiser.py
commit:2d8e4a654480	touches	file:modules/sd_samplers_kdiffusion.py
commit:2d947175b902	touches	file:modules/sd_hijack.py
commit:2d947175b902	touches	file:modules/sd_models_config.py
commit:2d947175b902	touches	file:modules/xlmr_m18.py
commit:2d9635cce5d8	touches	file:scripts/xyz_grid.py
commit:2d9d53be21d3	touches	file:modules/ui_extensions.py
commit:2db8ed32cd71	touches	file:modules/temp
commit:2dc2bc4ab538	touches	file:modules/img2img.py
commit:2de99d62dd80	touches	file:launch.py
commit:2e07a8ae6b1d	touches	file:extensions-builtin/Lora/lora.py
commit:2e07a8ae6b1d	touches	file:extensions-builtin/Lora/network_full.py
commit:2e07a8ae6b1d	touches	file:extensions-builtin/Lora/scripts/lora_script.py
commit:2e1710d88edc	touches	file:modules/cmd_args.py
commit:2e1b61e5903f	touches	file:javascript/extraNetworks.js
commit:2e23c9c56861	touches	file:modules/sd_hijack_optimizations.py
commit:2e3a0f39f6bc	touches	file:scripts/postprocessing_upscale.py
commit:2e7efe47b6c7	touches	file:modules/dat_model.py
commit:2edf73b38fbe	touches	file:modules/ngrok.py
commit:2efc7c1b0535	touches	file:webui.sh
commit:2f0181405f25	touches	file:extensions-builtin/Lora/lora.py
commit:2f1073dc6edf	touches	file:extensions-builtin/Lora/network_oft.py
commit:2f1d5b6b04fd	touches	file:modules/launch_utils.py
commit:2f55d669a26c	touches	file:modules/extensions.py
commit:2f55d669a26c	touches	file:modules/script_callbacks.py
commit:2f55d669a26c	touches	file:modules/scripts.py
commit:2f55d669a26c	touches	file:modules/util.py
commit:2f57a559ac33	touches	file:modules/sd_samplers_kdiffusion.py
commit:2f6ea8b10312	touches	file:javascript/edit-attention.js
commit:2f98a35fc450	touches	file:modules/launch_utils.py
commit:2f98a35fc450	touches	file:modules/sysinfo.py
commit:2f98a35fc450	touches	file:modules/ui.py
commit:2f98a35fc450	touches	file:style.css
commit:2fa91cbee654	touches	file:scripts/prompt_matrix.py
commit:3003b10e0ab8	touches	file:modules/sd_samplers_common.py
commit:302d95c72697	touches	file:modules/processing.py
commit:302d95c72697	touches	file:modules/ui.py
commit:3039925b2746	touches	file:CHANGELOG.md
commit:30410fd355c0	touches	file:javascript/hints.js
commit:3069716510c8	touches	file:CHANGELOG.md
commit:3078001439d2	touches	file:modules/script_callbacks.py
commit:3078001439d2	touches	file:modules/sd_samplers_kdiffusion.py
commit:309a606c2fa6	touches	file:modules/processing.py
commit:30f31d23c6d2	touches	file:extensions-builtin/canvas-zoom-and-pan/scripts/hotkey_config.py
commit:30f4f25b2ed7	touches	file:requirements_versions.txt
commit:310d6b9075c6	touches	file:CHANGELOG.md
commit:31306ce6721e	touches	file:modules/sd_samplers_kdiffusion.py
commit:31306ce6721e	touches	file:modules/sd_schedulers.py
commit:31397986e70d	touches	file:CHANGELOG.md
commit:314ae1535ea1	touches	file:modules/shared_options.py
commit:314ae1535ea1	touches	file:modules/ui_extra_networks.py
commit:31506f077188	touches	file:modules/generation_parameters_copypaste.py
commit:31506f077188	touches	file:modules/sd_samplers_kdiffusion.py
commit:31545abe145a	touches	file:launch.py
commit:31545abe145a	touches	file:modules/sd_samplers_kdiffusion.py
commit:3158d17ccf6a	touches	file:modules/ngrok.py
commit:315e40a49c32	touches	file:modules/ui_common.py
commit:315f109427a5	touches	file:modules/processing.py
commit:3163d1269af7	touches	file:modules/launch_utils.py
commit:317d00b2a6f8	signed_off_by	person:anyisalin
commit:317d00b2a6f8	touches	file:modules/options.py
commit:31992eff9b97	touches	file:modules/styles.py
commit:31f2be3dcedf	touches	file:CHANGELOG.md
commit:31f57455dd60	touches	file:modules/upscaler.py
commit:320a217b7804	touches	file:modules/ui_extra_networks.py
commit:321680ccd0e0	touches	file:extensions-builtin/Lora/network_oft.py
commit:321b2db06710	touches	file:modules/ui_extra_networks.py
commit:323dcadea2a0	touches	file:modules/launch_utils.py
commit:325eaeb584f8	touches	file:extensions-builtin/Lora/network_oft.py
commit:327186b484c3	touches	file:modules/script_callbacks.py
commit:32788873176e	touches	file:modules/api/api.py
commit:329c8bacce70	touches	file:extensions-builtin/Lora/network_oft.py
commit:32a4c8d961df	touches	file:modules/ui_extra_networks.py
commit:32af211f4c6e	touches	file:.github/ISSUE_TEMPLATE/bug_report.yml
commit:32b0f7c9bbb9	touches	file:javascript/hints.js
commit:32ba7575010a	touches	file:modules/initialize_util.py
commit:32d389ef0f7c	touches	file:README.md
commit:32d389ef0f7c	touches	file:javascript/hints.js
commit:32d389ef0f7c	touches	file:scripts/xyz_grid.py
commit:32e790a47e13	touches	file:extensions-builtin/canvas-zoom-and-pan/javascript/zoom.js
commit:32fdf18203ce	touches	file:modules/sd_schedulers.py
commit:330f14d27a59	touches	file:.git-blame-ignore-revs
commit:33365f15bf66	touches	file:javascript/contextMenus.js
commit:333e63c0911c	touches	file:modules/launch_utils.py
commit:333e63c0911c	touches	file:modules/shared.py
commit:333e63c0911c	touches	file:modules/ui_extensions.py
commit:333e63c0911c	touches	file:webui.bat
commit:333e63c0911c	touches	file:webui.sh
commit:33446acf47a8	touches	file:modules/generation_parameters_copypaste.py
commit:33446acf47a8	touches	file:modules/img2img.py
commit:33446acf47a8	touches	file:modules/processing.py
commit:33446acf47a8	touches	file:modules/shared_options.py
commit:33446acf47a8	touches	file:modules/txt2img.py
commit:33446acf47a8	touches	file:modules/ui.py
commit:3345218439ab	touches	file:modules/sd_samplers_cfg_denoiser.py
commit:3345218439ab	touches	file:modules/shared_options.py
commit:3366e494a114	touches	file:modules/sd_models.py
commit:3366e494a114	touches	file:modules/sd_samplers_kdiffusion.py
commit:3366e494a114	touches	file:modules/shared.py
commit:33694baea1a8	touches	file:launch.py
commit:3369fb27df6c	touches	file:modules/api/api.py
commit:3369fb27df6c	touches	file:modules/api/models.py
commit:338d0b610344	touches	file:modules/ui_extra_networks_user_metadata.py
commit:33947a3c6631	touches	file:modules/api/api.py
commit:339b5315700a	touches	file:modules/processing.py
commit:339b5315700a	touches	file:modules/script_callbacks.py
commit:339b5315700a	touches	file:modules/sd_hijack.py
commit:339b5315700a	touches	file:modules/sd_models.py
commit:339b5315700a	touches	file:modules/sd_unet.py
commit:339b5315700a	touches	file:modules/shared.py
commit:339b5315700a	touches	file:modules/shared_items.py
commit:339b5315700a	touches	file:webui.py
commit:33b853914740	touches	file:javascript/hints.js
commit:33b853914740	touches	file:scripts/loopback.py
commit:33c8fe1221cd	touches	file:modules/processing.py
commit:33cbbf9f8b46	touches	file:modules/shared_options.py
commit:33e6bc34ff4f	touches	file:javascript/ui.js
commit:340a9108ca80	touches	file:CHANGELOG.md
commit:340fce2113b6	touches	file:modules/img2img.py
commit:340fce2113b6	touches	file:modules/shared_options.py
commit:340fce2113b6	touches	file:modules/txt2img.py
commit:344eda55d455	touches	file:javascript/ui.js
commit:348c6022f330	touches	file:modules/ui_settings.py
commit:34a6ad80d5a3	touches	file:javascript/hires_fix.js
commit:34a6ad80d5a3	touches	file:javascript/imageviewer.js
commit:34a82a345abe	touches	file:extensions-builtin/Lora/lora.py
commit:34b4443cc32d	touches	file:modules/models/sd3/sd3_model.py
commit:34b4443cc32d	touches	file:modules/shared_options.py
commit:34fc215249e2	touches	file:modules/ui_extra_networks.py
commit:3531a50080e6	touches	file:modules/api/api.py
commit:3531a50080e6	touches	file:modules/api/models.py
commit:3531a50080e6	touches	file:modules/images.py
commit:3539885f0ecd	touches	file:modules/upscaler.py
commit:353c876172a4	touches	file:modules/api/api.py
commit:353c876172a4	touches	file:modules/processing.py
commit:353c876172a4	touches	file:modules/processing_scripts/refiner.py
commit:353c876172a4	touches	file:modules/processing_scripts/seed.py
commit:353c876172a4	touches	file:modules/scripts.py
commit:35510f7529dc	touches	file:README.md
commit:35510f7529dc	touches	file:extensions-builtin/Lora/networks.py
commit:35510f7529dc	touches	file:extensions-builtin/Lora/scripts/lora_script.py
commit:35510f7529dc	touches	file:modules/extra_networks.py
commit:3562b0dc7427	touches	file:javascript/edit-attention.js
commit:35d1c94549cf	touches	file:modules/images.py
commit:35d1c94549cf	touches	file:modules/shared_options.py
commit:35db3665b39c	touches	file:modules/ui_extra_networks_checkpoints.py
commit:35e5916af9cc	touches	file:modules/img2img.py
commit:35fd24e857e6	touches	file:.github/ISSUE_TEMPLATE/bug_report.yml
commit:3602602260ab	touches	file:modules/scripts.py
commit:362789a37930	touches	file:extensions-builtin/Lora/ui_edit_user_metadata.py
commit:362789a37930	touches	file:modules/gradio_extensons.py
commit:362789a37930	touches	file:modules/scripts.py
commit:362789a37930	touches	file:modules/shared.py
commit:362789a37930	touches	file:modules/ui.py
commit:362789a37930	touches	file:modules/ui_checkpoint_merger.py
commit:362789a37930	touches	file:modules/ui_common.py
commit:362789a37930	touches	file:modules/ui_components.py
commit:362789a37930	touches	file:modules/ui_extensions.py
commit:362789a37930	touches	file:modules/ui_postprocessing.py
commit:362789a37930	touches	file:requirements.txt
commit:362789a37930	touches	file:requirements_versions.txt
commit:362789a37930	touches	file:style.css
commit:3636c2c6eda6	touches	file:javascript/edit-order.js
commit:3662a274e2b6	touches	file:modules/script_callbacks.py
commit:3662a274e2b6	touches	file:webui.py
commit:3670b4f49e07	touches	file:modules/script_callbacks.py
commit:36791cb6af16	touches	file:style.css
commit:36888092afa8	touches	file:modules/cmd_args.py
commit:36888092afa8	touches	file:modules/sd_hijack.py
commit:36888092afa8	touches	file:modules/sd_hijack_optimizations.py
commit:368d66c9ccca	touches	file:extensions-builtin/hypertile/scripts/hypertile_script.py
commit:3690e4e82c58	touches	file:modules/extra_networks.py
commit:3694379f2650	touches	file:modules/ui.py
commit:3694379f2650	touches	file:style.css
commit:36ca80d0046f	touches	file:modules/shared.py
commit:36d1fefc19ec	touches	file:modules/scripts.py
commit:36ecff71aea2	touches	file:modules/config_states.py
commit:36ecff71aea2	touches	file:modules/ui_extensions.py
commit:370a77f8e78e	touches	file:extensions-builtin/Lora/networks.py
commit:370a77f8e78e	touches	file:modules/initialize_util.py
commit:370a77f8e78e	touches	file:modules/sd_models.py
commit:370a77f8e78e	touches	file:modules/shared_options.py
commit:371b24b17c1c	touches	file:modules/sd_samplers_kdiffusion.py
commit:371b24b17c1c	touches	file:modules/sd_samplers_timesteps.py
commit:371b24b17c1c	touches	file:modules/shared_options.py
commit:371b24b17c1c	touches	file:scripts/xyz_grid.py
commit:373903d8518c	touches	file:javascript/edit-attention.js
commit:373903d8518c	touches	file:modules/ui.py
commit:373ff5a217ec	touches	file:modules/scripts.py
commit:374fe636b801	touches	file:javascript/ComponentControllers.js
commit:374fe636b801	touches	file:javascript/aspectRatioSliders.js
commit:374fe636b801	touches	file:modules/shared.py
commit:374fe636b801	touches	file:modules/ui.py
commit:374fe636b801	touches	file:style.css
commit:3752aad23d4b	touches	file:modules/paths.py
commit:3758744eb67d	touches	file:modules/shared.py
commit:376f793bded0	touches	file:modules/launch_utils.py
commit:3772a82a7076	touches	file:extensions-builtin/Lora/network_oft.py
commit:3786f3742fda	touches	file:modules/ui_extensions.py
commit:37906e429ae5	touches	file:modules/script_callbacks.py
commit:379fd6204dfc	touches	file:modules/ui_extensions.py
commit:37acba263389	touches	file:modules/sd_hijack.py
commit:37acba263389	touches	file:modules/sd_hijack_optimizations.py
commit:37acba263389	touches	file:modules/shared.py
commit:37e048a7e235	touches	file:modules/sd_samplers_kdiffusion.py
commit:381674739eff	touches	file:javascript/hints.js
commit:3829afec365b	touches	file:modules/sd_models.py
commit:38335e1b8fe3	touches	file:html/extra-networks-card.html
commit:384bfe22cd86	touches	file:launch.py
commit:384fab962794	touches	file:javascript/edit-attention.js
commit:384fab962794	touches	file:modules/shared_options.py
commit:3856ada5cc9a	touches	file:modules/img2img.py
commit:38583be7af64	touches	file:requirements_versions.txt
commit:386202895f87	touches	file:modules/cache.py
commit:386245a26427	touches	file:modules/devices.py
commit:386245a26427	touches	file:modules/extensions.py
commit:386245a26427	touches	file:modules/generation_parameters_copypaste.py
commit:386245a26427	touches	file:modules/images.py
commit:386245a26427	touches	file:modules/localization.py
commit:386245a26427	touches	file:modules/mac_specific.py
commit:386245a26427	touches	file:modules/options.py
commit:386245a26427	touches	file:modules/rng.py
commit:386245a26427	touches	file:modules/sd_models.py
commit:386245a26427	touches	file:modules/sd_models_config.py
commit:386245a26427	touches	file:modules/sd_vae.py
commit:386245a26427	touches	file:modules/shared.py
commit:386245a26427	touches	file:modules/shared_cmd_options.py
commit:386245a26427	touches	file:modules/shared_gradio_themes.py
commit:386245a26427	touches	file:modules/shared_init.py
commit:386245a26427	touches	file:modules/shared_items.py
commit:386245a26427	touches	file:modules/shared_options.py
commit:386245a26427	touches	file:modules/shared_state.py
commit:386245a26427	touches	file:modules/shared_total_tqdm.py
commit:386245a26427	touches	file:modules/sysinfo.py
commit:386245a26427	touches	file:modules/ui.py
commit:386245a26427	touches	file:modules/ui_common.py
commit:386245a26427	touches	file:modules/util.py
commit:386245a26427	touches	file:webui.py
commit:38a7dc54885f	touches	file:modules/infotext_versions.py
commit:38aaad654bec	touches	file:modules/sd_samplers_kdiffusion.py
commit:38aca6f605d2	touches	file:extensions-builtin/canvas-zoom-and-pan/javascript/zoom.js
commit:3902aa222b00	touches	file:extensions-builtin/Lora/ui_edit_user_metadata.py
commit:3909c2b2a08e	touches	file:.eslintrc.js
commit:390bffa81b74	touches	file:modules/sd_models.py
commit:393a5b82ba6d	touches	file:modules/realesrgan_model.py
commit:3971c015624c	touches	file:modules/api/api.py
commit:3989d7e88bf8	touches	file:extensions-builtin/Lora/ui_edit_user_metadata.py
commit:3989d7e88bf8	touches	file:modules/ui_extra_networks_user_metadata.py
commit:399720dac254	touches	file:javascript/ui.js
commit:399720dac254	touches	file:modules/generation_parameters_copypaste.py
commit:39a6d5655f6c	touches	file:modules/sd_schedulers.py
commit:39db1d09d1a2	touches	file:extensions-builtin/canvas-zoom-and-pan/javascript/zoom.js
commit:39eae9f009c8	touches	file:modules/sd_vae_approx.py
commit:39ec4cfea904	touches	file:modules/shared_options.py
commit:39ec4f06ffb2	touches	file:extensions-builtin/Lora/extra_networks_lora.py
commit:39ec4f06ffb2	touches	file:extensions-builtin/Lora/lora.py
commit:39ec4f06ffb2	touches	file:extensions-builtin/Lora/scripts/lora_script.py
commit:39ec4f06ffb2	touches	file:extensions-builtin/Lora/ui_extra_networks_lora.py
commit:39ec4f06ffb2	touches	file:modules/extra_networks.py
commit:39ec4f06ffb2	touches	file:modules/hashes.py
commit:3a215deff23d	touches	file:modules/sd_schedulers.py
commit:3a41d7c551b8	touches	file:extensions-builtin/canvas-zoom-and-pan/javascript/zoom.js
commit:3a4a6c43a4ca	touches	file:modules/ui.py
commit:3a5a66775c4c	touches	file:modules/shared_options.py
commit:3a5b47e26e8c	touches	file:webui.sh
commit:3a618e3d2439	touches	file:modules/paths_internal.py
commit:3a66c3c9e1ce	touches	file:modules/shared_options.py
commit:3a9982463802	touches	file:modules/ui_tempdir.py
commit:3a9bf4ac10d9	touches	file:extensions-builtin/hypertile/hypertile.py
commit:3ac5f9c471e4	touches	file:scripts/xyz_grid.py
commit:3ac950248df3	touches	file:modules/sd_samplers_extra.py
commit:3af152d488db	touches	file:modules/processing.py
commit:3b2ad20ac175	touches	file:modules/processing.py
commit:3b2f51602dbd	signed_off_by	person:anyisalin
commit:3b2f51602dbd	touches	file:scripts/xyz_grid.py
commit:3b6de96467b0	touches	file:modules/api/api.py
commit:3b6de96467b0	touches	file:modules/api/models.py
commit:3b8515d2c9ab	touches	file:extensions-builtin/Lora/network_oft.py
commit:3ba575216a8e	touches	file:modules/cmd_args.py
commit:3ba6c3c83c09	touches	file:modules/api/api.py
commit:3ba6c3c83c09	touches	file:modules/call_queue.py
commit:3ba6c3c83c09	touches	file:modules/esrgan_model.py
commit:3ba6c3c83c09	touches	file:modules/esrgan_model_arch.py
commit:3ba6c3c83c09	touches	file:modules/extra_networks_hypernet.py
commit:3ba6c3c83c09	touches	file:modules/generation_parameters_copypaste.py
commit:3ba6c3c83c09	touches	file:modules/hashes.py
commit:3ba6c3c83c09	touches	file:modules/images.py
commit:3ba6c3c83c09	touches	file:modules/interrogate.py
commit:3ba6c3c83c09	touches	file:modules/models/diffusion/ddpm_edit.py
commit:3ba6c3c83c09	touches	file:modules/models/diffusion/uni_pc/uni_pc.py
commit:3ba6c3c83c09	touches	file:modules/ngrok.py
commit:3ba6c3c83c09	touches	file:modules/paths.py
commit:3ba6c3c83c09	touches	file:modules/processing.py
commit:3ba6c3c83c09	touches	file:modules/progress.py
commit:3ba6c3c83c09	touches	file:modules/realesrgan_model.py
commit:3ba6c3c83c09	touches	file:modules/scripts.py
commit:3ba6c3c83c09	touches	file:modules/sd_hijack_clip_old.py
commit:3ba6c3c83c09	touches	file:modules/sd_hijack_unet.py
commit:3ba6c3c83c09	touches	file:modules/sd_models.py
commit:3ba6c3c83c09	touches	file:modules/sd_models_config.py
commit:3ba6c3c83c09	touches	file:modules/sd_samplers_kdiffusion.py
commit:3ba6c3c83c09	touches	file:modules/sd_vae.py
commit:3ba6c3c83c09	touches	file:modules/styles.py
commit:3ba6c3c83c09	touches	file:modules/textual_inversion/autocrop.py
commit:3ba6c3c83c09	touches	file:modules/textual_inversion/dataset.py
commit:3ba6c3c83c09	touches	file:modules/textual_inversion/preprocess.py
commit:3ba6c3c83c09	touches	file:modules/textual_inversion/textual_inversion.py
commit:3ba6c3c83c09	touches	file:modules/ui.py
commit:3ba6c3c83c09	touches	file:modules/ui_extensions.py
commit:3ba6c3c83c09	touches	file:modules/ui_extra_networks.py
commit:3ba6c3c83c09	touches	file:scripts/custom_code.py
commit:3ba6c3c83c09	touches	file:scripts/loopback.py
commit:3ba6c3c83c09	touches	file:scripts/xyz_grid.py
commit:3bb32befe952	touches	file:modules/scripts.py
commit:3bc8ee998db5	touches	file:modules/generation_parameters_copypaste.py
commit:3bc8ee998db5	touches	file:modules/processing.py
commit:3bca90b249d7	touches	file:modules/generation_parameters_copypaste.py
commit:3bca90b249d7	touches	file:modules/processing.py
commit:3bca90b249d7	touches	file:modules/sd_models.py
commit:3bca90b249d7	touches	file:modules/shared.py
commit:3bca90b249d7	touches	file:modules/txt2img.py
commit:3bca90b249d7	touches	file:modules/ui.py
commit:3bd2c68eb4df	touches	file:modules/sd_samplers_kdiffusion.py
commit:3bd75adb1c5a	touches	file:javascript/extraNetworks.js
commit:3be90740316f	touches	file:modules/upscaler_utils.py
commit:3c0177a24b49	touches	file:modules/upscaler_utils.py
commit:3c0c27757944	touches	file:modules/shared_options.py
commit:3c26734d6035	touches	file:modules/launch_utils.py
commit:3c47b050367e	touches	file:extensions-builtin/SwinIR/scripts/swinir_model.py
commit:3c570421d3a2	touches	file:launch.py
commit:3c570421d3a2	touches	file:modules/api/models.py
commit:3c570421d3a2	touches	file:modules/launch_utils.py
commit:3c6459154fb1	touches	file:modules/shared.py
commit:3c6459154fb1	touches	file:scripts/xyz_grid.py
commit:3c7b928914eb	touches	file:README.md
commit:3c922d983bf6	touches	file:launch.py
commit:3ca3c7f1c62f	touches	file:style.css
commit:3ca41dbded11	touches	file:modules/sd_hijack_inpainting.py
commit:3ca4655a18eb	touches	file:modules/images.py
commit:3ca4655a18eb	touches	file:modules/shared_options.py
commit:3cc7572f5dec	touches	file:modules/api/models.py
commit:3ccf6f5ae8e5	touches	file:modules/ui_extensions.py
commit:3cd6e1d0a087	touches	file:modules/devices.py
commit:3ce5fb8e5c3a	touches	file:modules/sd_samplers_common.py
commit:3ce5fb8e5c3a	touches	file:modules/shared_options.py
commit:3d09b4e99fc7	touches	file:modules/cmd_args.py
commit:3d15e58b0a30	touches	file:modules/shared_state.py
commit:3d15e58b0a30	touches	file:modules/ui.py
commit:3d2dbefcde40	touches	file:modules/api/api.py
commit:3d2dbefcde40	touches	file:modules/shared_state.py
commit:3d31caf4a53c	touches	file:extensions-builtin/Lora/network_lokr.py
commit:3d31d5c27beb	touches	file:extensions-builtin/SwinIR/scripts/swinir_model.py
commit:3d3fc81f4858	touches	file:modules/ui.py
commit:3d42411c3dba	touches	file:requirements.txt
commit:3d42411c3dba	touches	file:requirements_versions.txt
commit:3d524fd3f1bd	touches	file:modules/mac_specific.py
commit:3d76eabbca3a	touches	file:modules/extensions.py
commit:3d76eabbca3a	touches	file:modules/ui_extensions.py
commit:3d83683a2809	touches	file:modules/extra_networks.py
commit:3d8b1af6beb9	touches	file:extensions-builtin/Lora/networks.py
commit:3da13f0cc912	touches	file:javascript/dragdrop.js
commit:3db6938caa71	touches	file:html/extra-networks-card-minimal.html
commit:3db6938caa71	touches	file:html/extra-networks-pane.html
commit:3db6938caa71	touches	file:html/extra-networks-tree-directory.html
commit:3db6938caa71	touches	file:html/extra-networks-tree-file.html
commit:3db6938caa71	touches	file:javascript/extraNetworks.js
commit:3db6938caa71	touches	file:modules/shared_options.py
commit:3db6938caa71	touches	file:modules/ui_extra_networks.py
commit:3db6938caa71	touches	file:style.css
commit:3e0146f9bdd7	touches	file:modules/options.py
commit:3e068de0dcec	touches	file:scripts/postprocessing_caption.py
commit:3e068de0dcec	touches	file:scripts/postprocessing_create_flipped_copies.py
commit:3e068de0dcec	touches	file:scripts/postprocessing_focal_crop.py
commit:3e068de0dcec	touches	file:scripts/processing_autosized_crop.py
commit:3e0f9a75438f	touches	file:modules/sd_models.py
commit:3e20b36e8f1b	touches	file:modules/sd_models_xl.py
commit:3e223523ced2	touches	file:script.js
commit:3e3635b114bf	touches	file:extensions-builtin/canvas-zoom-and-pan/javascript/zoom.js
commit:3e5b3c79e49e	touches	file:modules/call_queue.py
commit:3e67017dfb76	touches	file:modules/processing_scripts/seed.py
commit:3e67017dfb76	touches	file:modules/ui.py
commit:3e67017dfb76	touches	file:modules/ui_extra_networks.py
commit:3e67017dfb76	touches	file:scripts/postprocessing_upscale.py
commit:3ebdd2afd376	touches	file:scripts/postprocessing_upscale.py
commit:3ec5ce941626	touches	file:modules/sd_models_types.py
commit:3ec5ce941626	touches	file:modules/shared.py
commit:3ec7b705c78b	touches	file:extensions-builtin/Lora/scripts/lora_script.py
commit:3ec7b705c78b	touches	file:extensions-builtin/SwinIR/swinir_model_arch.py
commit:3ec7b705c78b	touches	file:extensions-builtin/SwinIR/swinir_model_arch_v2.py
commit:3ec7b705c78b	touches	file:modules/codeformer/codeformer_arch.py
commit:3ec7b705c78b	touches	file:modules/hypernetworks/ui.py
commit:3ec7b705c78b	touches	file:modules/models/diffusion/uni_pc/uni_pc.py
commit:3ec7b705c78b	touches	file:modules/scripts_postprocessing.py
commit:3ec7b705c78b	touches	file:modules/sd_hijack_clip.py
commit:3ec7b705c78b	touches	file:modules/shared.py
commit:3ec7b705c78b	touches	file:modules/textual_inversion/textual_inversion.py
commit:3ec7b705c78b	touches	file:modules/ui.py
commit:3ec7e19f2b0e	touches	file:modules/shared.py
commit:3ee12386307b	touches	file:modules/cmd_args.py
commit:3ee12386307b	touches	file:modules/sd_hijack.py
commit:3ee12386307b	touches	file:modules/sd_hijack_optimizations.py
commit:3ee9ca5cb06b	touches	file:modules/esrgan_model_arch.py
commit:3f18a09c8638	touches	file:modules/shared_options.py
commit:3f18a09c8638	touches	file:modules/ui_extra_networks.py
commit:3f451f3042cc	touches	file:modules/processing.py
commit:3f50b7d71cf6	touches	file:style.css
commit:3f6dcda3e505	touches	file:modules/sysinfo.py
commit:3f763d41e8ff	touches	file:modules/processing.py
commit:3fa1ebed6295	touches	file:modules/ui_extra_networks.py
commit:3fb1c2e58d30	touches	file:webui.sh
commit:3fc8aeb48d10	touches	file:modules/shared.py
commit:3fee3c34f1b0	touches	file:modules/img2img.py
commit:401ba1b879ec	touches	file:scripts/xyz_grid.py
commit:403b304162b6	touches	file:modules/sd_samplers_kdiffusion.py
commit:403b304162b6	touches	file:modules/ui.py
commit:4068429ac72c	signed_off_by	person:storyicon
commit:4068429ac72c	touches	file:modules/masking.py
commit:4079b17dd979	touches	file:extensions-builtin/postprocessing-for-training/scripts/postprocessing_autosized_crop.py
commit:4079b17dd979	touches	file:extensions-builtin/postprocessing-for-training/scripts/postprocessing_caption.py
commit:4079b17dd979	touches	file:extensions-builtin/postprocessing-for-training/scripts/postprocessing_create_flipped_copies.py
commit:4079b17dd979	touches	file:extensions-builtin/postprocessing-for-training/scripts/postprocessing_focal_crop.py
commit:4079b17dd979	touches	file:extensions-builtin/postprocessing-for-training/scripts/postprocessing_split_oversized.py
commit:40a18d38a8fc	touches	file:modules/sd_samplers_kdiffusion.py
commit:40ac134c553a	touches	file:modules/sd_models.py
commit:40cd59207b96	touches	file:modules/processing.py
commit:40dc0132df0a	touches	file:javascript/imageviewer.js
commit:40dc0132df0a	touches	file:javascript/imageviewerGamepad.js
commit:40e51fd6efa9	touches	file:modules/images.py
commit:41196ccbf755	touches	file:javascript/extraNetworks.js
commit:41265a026de6	touches	file:modules/extras.py
commit:4130e5db3d5c	touches	file:modules/img2img.py
commit:4130e5db3d5c	touches	file:modules/ui.py
commit:413123f08a74	touches	file:modules/localization.py
commit:41359378767e	touches	file:CHANGELOG.md
commit:41363e0d27bb	touches	file:modules/sd_models.py
commit:41363e0d27bb	touches	file:modules/shared.py
commit:41907b25f0ba	touches	file:extensions-builtin/LDSR/sd_hijack_ddpm_v1.py
commit:41f66849c7fe	touches	file:extensions-builtin/soft-inpainting/scripts/soft_inpainting.py
commit:42082e8a3239	touches	file:modules/processing.py
commit:42082e8a3239	touches	file:modules/sd_samplers_kdiffusion.py
commit:42082e8a3239	touches	file:modules/shared.py
commit:42082e8a3239	touches	file:scripts/xyz_grid.py
commit:420cc8f68e6a	touches	file:modules/api/models.py
commit:420f56c2e85e	touches	file:modules/extra_networks.py
commit:420f56c2e85e	touches	file:modules/ui_extra_networks.py
commit:420f56c2e85e	touches	file:modules/util.py
commit:4242e194e417	touches	file:javascript/progressbar.js
commit:4242e194e417	touches	file:javascript/ui.js
commit:4242e194e417	touches	file:modules/progress.py
commit:4242e194e417	touches	file:modules/ui.py
commit:425507bd10c5	touches	file:modules/script_callbacks.py
commit:425507bd10c5	touches	file:modules/sd_samplers_cfg_denoiser.py
commit:425eab34641e	touches	file:modules/processing.py
commit:428143259408	touches	file:modules/ui_extra_networks.py
commit:42a70d74771e	touches	file:modules/api/api.py
commit:42a70d74771e	touches	file:modules/api/models.py
commit:42b72fe2463b	touches	file:style.css
commit:42ca30d6c1b7	touches	file:modules/lowvram.py
commit:42e020c1c1c3	touches	file:modules/api/api.py
commit:42e020c1c1c3	touches	file:modules/api/models.py
commit:42e6df723c68	touches	file:modules/devices.py
commit:4306659c4dab	touches	file:modules/mac_specific.py
commit:4306659c4dab	touches	file:modules/shared.py
commit:43186ad08407	touches	file:modules/cmd_args.py
commit:43186ad08407	touches	file:webui.py
commit:431bc5a297ff	touches	file:test/basic_features/utils_test.py
commit:4334d25978de	touches	file:CHANGELOG.md
commit:4334d25978de	touches	file:modules/images.py
commit:4334d25978de	touches	file:modules/processing.py
commit:433b3ab70175	touches	file:javascript/ui.js
commit:433b3ab70175	touches	file:modules/generation_parameters_copypaste.py
commit:433b3ab70175	touches	file:modules/img2img.py
commit:433b3ab70175	touches	file:modules/processing.py
commit:433b3ab70175	touches	file:modules/ui.py
commit:433b3ab70175	touches	file:scripts/xyz_grid.py
commit:433b3ab70175	touches	file:style.css
commit:433c70b403e8	touches	file:javascript/zoom.js
commit:4365c35bf9e2	touches	file:modules/processing.py
commit:43a0912a0737	touches	file:modules/scripts.py
commit:43a0912a0737	touches	file:modules/ui.py
commit:43a0912a0737	touches	file:modules/ui_common.py
commit:43a0912a0737	touches	file:style.css
commit:43bdaa2f0eda	touches	file:javascript/edit-order.js
commit:43bdaa2f0eda	touches	file:modules/shared.py
commit:4412398c4b40	touches	file:modules/ui_loadsave.py
commit:443ca983ade3	touches	file:modules/gfpgan_model.py
commit:444f10296417	touches	file:javascript/notification.js
commit:446cd5a58b22	touches	file:javascript/dragdrop.js
commit:44744d6005da	touches	file:extensions-builtin/Lora/network.py
commit:449531a6c59b	touches	file:modules/sd_samplers.py
commit:44afb48447c2	touches	file:modules/sd_models.py
commit:44bce3c74ee7	touches	file:html/extra-networks-pane.html
commit:44bce3c74ee7	touches	file:javascript/extraNetworks.js
commit:44bce3c74ee7	touches	file:javascript/resizeHandle.js
commit:44bce3c74ee7	touches	file:modules/shared_options.py
commit:44bce3c74ee7	touches	file:modules/ui_extra_networks.py
commit:44bce3c74ee7	touches	file:style.css
commit:44c27ebc7393	touches	file:modules/hypernetworks/hypernetwork.py
commit:44c27ebc7393	touches	file:modules/img2img.py
commit:44c27ebc7393	touches	file:modules/textual_inversion/textual_inversion.py
commit:44c27ebc7393	touches	file:modules/txt2img.py
commit:44c37f94e176	touches	file:extensions-builtin/Lora/lora.py
commit:44c37f94e176	touches	file:modules/processing.py
commit:44c5097375ae	touches	file:modules/sd_hijack.py
commit:44c5097375ae	touches	file:modules/sd_models.py
commit:44d14bc32e4a	touches	file:modules/shared_options.py
commit:44d14bc32e4a	touches	file:modules/ui.py
commit:44d4e7c500a9	touches	file:modules/shared_options.py
commit:44d4e7c500a9	touches	file:modules/ui_common.py
commit:44d66daaad3d	touches	file:extensions-builtin/SwinIR/scripts/swinir_model.py
commit:44db35fb1ad5	touches	file:modules/sd_hijack.py
commit:44e8e9c36807	touches	file:modules/sd_samplers_kdiffusion.py
commit:451d255b5859	touches	file:launch.py
commit:453a5ac1d0ad	touches	file:webui.sh
commit:4549f2a9cc0e	touches	file:modules/sd_samplers_kdiffusion.py
commit:45601766409e	touches	file:modules/extra_networks.py
commit:45601766409e	touches	file:modules/sd_vae.py
commit:45601766409e	touches	file:modules/ui_extra_networks.py
commit:45601766409e	touches	file:modules/ui_extra_networks_checkpoints.py
commit:45601766409e	touches	file:modules/ui_extra_networks_checkpoints_user_metadata.py
commit:4573195894ff	touches	file:script.js
commit:45881703c5b1	touches	file:modules/ui_extra_networks.py
commit:45a51c07e2ce	touches	file:modules/processing_scripts/seed.py
commit:45a51c07e2ce	touches	file:modules/ui_common.py
commit:45ab7475d61f	touches	file:modules/images.py
commit:45ab7475d61f	touches	file:modules/shared.py
commit:45b7bba3d06f	touches	file:modules/infotext_versions.py
commit:45b8a499a7e6	touches	file:modules/sd_samplers_common.py
commit:45be87afc6b1	touches	file:modules/sd_samplers_common.py
commit:45be87afc6b1	touches	file:modules/sd_samplers_timesteps.py
commit:45e270dfc853	touches	file:modules/api/api.py
commit:4608f6236fc2	touches	file:modules/img2img.py
commit:4608f6236fc2	touches	file:modules/ui.py
commit:4608f6236fc2	touches	file:scripts/outpainting_mk_2.py
commit:4608f6236fc2	touches	file:scripts/poor_mans_outpainting.py
commit:4608f6236fc2	touches	file:test/test_img2img.py
commit:4635f31270d1	touches	file:modules/textual_inversion/textual_inversion.py
commit:46375f059276	touches	file:modules/devices.py
commit:463ab841803b	touches	file:modules/images.py
commit:46413b20a4d8	touches	file:modules/api/models.py
commit:46413b20a4d8	touches	file:scripts/postprocessing_upscale.py
commit:46466f09d0b0	touches	file:extensions-builtin/Lora/network_ia3.py
commit:46466f09d0b0	touches	file:extensions-builtin/Lora/network_lokr.py
commit:46466f09d0b0	touches	file:extensions-builtin/Lora/networks.py
commit:46482decd5ec	touches	file:javascript/edit-attention.js
commit:46482decd5ec	touches	file:modules/ui.py
commit:46482decd5ec	touches	file:style.css
commit:464fbcd92118	touches	file:javascript/edit-attention.js
commit:4652fc5ac36d	touches	file:script.js
commit:468056958b63	touches	file:javascript/edit-order.js
commit:4697def23516	touches	file:modules/generation_parameters_copypaste.py
commit:4697def23516	touches	file:modules/images.py
commit:4697def23516	touches	file:requirements.txt
commit:4697def23516	touches	file:requirements_versions.txt
commit:4697def23516	touches	file:style.css
commit:46988af63696	touches	file:script.js
commit:46a5bd64edec	touches	file:modules/restart.py
commit:46a5bd64edec	touches	file:modules/shared.py
commit:46a5bd64edec	touches	file:modules/ui_extensions.py
commit:46a5bd64edec	touches	file:webui.bat
commit:46a5bd64edec	touches	file:webui.sh
commit:46e4777fd60c	touches	file:javascript/contextMenus.js
commit:46e8898f654f	touches	file:modules/img2img.py
commit:46e8898f654f	touches	file:modules/ui.py
commit:46ef1857098d	touches	file:modules/cmd_args.py
commit:46ef1857098d	touches	file:modules/img2img.py
commit:46ef1857098d	touches	file:modules/shared_options.py
commit:46ef1857098d	touches	file:modules/txt2img.py
commit:46f3ee959470	touches	file:modules/ui_settings.py
commit:47033afa5c08	touches	file:modules/textual_inversion/textual_inversion.py
commit:471a5a66b739	touches	file:modules/processing.py
commit:472c22cc8a46	touches	file:modules/hypertile.py
commit:4738486d8f52	touches	file:modules/hypernetworks/hypernetwork.py
commit:4760c3c0b580	touches	file:modules/api/api.py
commit:477199357f4f	touches	file:extensions-builtin/Lora/lora.py
commit:477199357f4f	touches	file:extensions-builtin/Lora/scripts/lora_script.py
commit:477199357f4f	touches	file:extensions-builtin/Lora/ui_extra_networks_lora.py
commit:47b52d9b28aa	touches	file:modules/images.py
commit:47b669bc9ff3	touches	file:requirements.txt
commit:47b669bc9ff3	touches	file:requirements_versions.txt
commit:47b669bc9ff3	touches	file:webui.py
commit:47cf92039b52	touches	file:modules/launch_utils.py
commit:47cf92039b52	touches	file:modules/options.py
commit:47d9dd024087	touches	file:extensions-builtin/Lora/lora.py
commit:47d9dd024087	touches	file:extensions-builtin/Lora/ui_edit_user_metadata.py
commit:47d9dd024087	touches	file:extensions-builtin/Lora/ui_extra_networks_lora.py
commit:47d9dd024087	touches	file:modules/cache.py
commit:47d9dd024087	touches	file:modules/ui_extra_networks.py
commit:47d9dd024087	touches	file:modules/ui_extra_networks_checkpoints.py
commit:47d9dd024087	touches	file:modules/ui_extra_networks_hypernets.py
commit:47d9dd024087	touches	file:modules/ui_extra_networks_textual_inversion.py
commit:47ed9b2d3982	touches	file:modules/processing.py
commit:47f1d42a7e77	touches	file:modules/sd_models.py
commit:4830b2513664	touches	file:modules/sd_models.py
commit:483545252f86	touches	file:scripts/prompts_from_file.py
commit:4845db4e324d	touches	file:modules/ui_extensions.py
commit:484948f5c0b7	touches	file:webui.sh
commit:486aeda3a75e	touches	file:modules/interrogate.py
commit:48875af7a1d7	touches	file:modules/extra_networks.py
commit:4897e5277bcb	touches	file:modules/scripts.py
commit:48a15821de76	touches	file:launch.py
commit:48a15821de76	touches	file:requirements_versions.txt
commit:48a15821de76	touches	file:webui.bat
commit:48a2a1a437a4	touches	file:.github/workflows/run_tests.yaml
commit:48c06af8dc71	touches	file:modules/textual_inversion/preprocess.py
commit:48d171bbb373	touches	file:scripts/prompt_matrix.py
commit:48d171bbb373	touches	file:scripts/xyz_grid.py
commit:48d6102b3105	touches	file:modules/extensions.py
commit:48dd4d9eaeae	touches	file:modules/launch_utils.py
commit:48df6d66ea62	touches	file:modules/images.py
commit:48f4abd2e61e	touches	file:modules/models/diffusion/uni_pc/uni_pc.py
commit:48fae7ccdc2f	touches	file:CHANGELOG.md
commit:496cef956b33	touches	file:modules/processing.py
commit:49779413aafe	touches	file:extensions-builtin/LDSR/sd_hijack_ddpm_v1.py
commit:4981c7d3704e	touches	file:modules/shared.py
commit:4981c7d3704e	touches	file:modules/ui_extensions.py
commit:49a55b410b66	touches	file:extensions-builtin/LDSR/ldsr_model_arch.py
commit:49a55b410b66	touches	file:extensions-builtin/LDSR/sd_hijack_ddpm_v1.py
commit:49a55b410b66	touches	file:extensions-builtin/ScuNET/scunet_model_arch.py
commit:49a55b410b66	touches	file:extensions-builtin/SwinIR/scripts/swinir_model.py
commit:49a55b410b66	touches	file:extensions-builtin/SwinIR/swinir_model_arch.py
commit:49a55b410b66	touches	file:extensions-builtin/SwinIR/swinir_model_arch_v2.py
commit:49a55b410b66	touches	file:launch.py
commit:49a55b410b66	touches	file:modules/api/api.py
commit:49a55b410b66	touches	file:modules/api/models.py
commit:49a55b410b66	touches	file:modules/cmd_args.py
commit:49a55b410b66	touches	file:modules/codeformer/codeformer_arch.py
commit:49a55b410b66	touches	file:modules/codeformer/vqgan_arch.py
commit:49a55b410b66	touches	file:modules/esrgan_model_arch.py
commit:49a55b410b66	touches	file:modules/extras.py
commit:49a55b410b66	touches	file:modules/hypernetworks/hypernetwork.py
commit:49a55b410b66	touches	file:modules/images.py
commit:49a55b410b66	touches	file:modules/mac_specific.py
commit:49a55b410b66	touches	file:modules/masking.py
commit:49a55b410b66	touches	file:modules/ngrok.py
commit:49a55b410b66	touches	file:modules/processing.py
commit:49a55b410b66	touches	file:modules/script_callbacks.py
commit:49a55b410b66	touches	file:modules/sd_hijack.py
commit:49a55b410b66	touches	file:modules/sd_hijack_optimizations.py
commit:49a55b410b66	touches	file:modules/sd_models.py
commit:49a55b410b66	touches	file:modules/sd_samplers_kdiffusion.py
commit:49a55b410b66	touches	file:modules/sub_quadratic_attention.py
commit:49a55b410b66	touches	file:modules/textual_inversion/dataset.py
commit:49a55b410b66	touches	file:modules/textual_inversion/preprocess.py
commit:49a55b410b66	touches	file:modules/textual_inversion/textual_inversion.py
commit:49a55b410b66	touches	file:modules/ui.py
commit:49a55b410b66	touches	file:modules/ui_extensions.py
commit:49a55b410b66	touches	file:modules/xlmr.py
commit:49a55b410b66	touches	file:pyproject.toml
commit:49a55b410b66	touches	file:scripts/img2imgalt.py
commit:49a55b410b66	touches	file:scripts/loopback.py
commit:49a55b410b66	touches	file:scripts/poor_mans_outpainting.py
commit:49a55b410b66	touches	file:scripts/prompt_matrix.py
commit:49a55b410b66	touches	file:scripts/prompts_from_file.py
commit:49a55b410b66	touches	file:scripts/sd_upscale.py
commit:49b1dc5e0782	touches	file:extensions-builtin/Lora/ui_extra_networks_lora.py
commit:49b1dc5e0782	touches	file:modules/ui_extra_networks.py
commit:49b1dc5e0782	touches	file:modules/ui_extra_networks_checkpoints.py
commit:49b1dc5e0782	touches	file:modules/ui_extra_networks_hypernets.py
commit:49b1dc5e0782	touches	file:modules/ui_extra_networks_textual_inversion.py
commit:49bbdbe4476a	touches	file:modules/api/api.py
commit:49bbf1140731	touches	file:modules/processing.py
commit:49db24ce273e	touches	file:launch.py
commit:49f4b4be67fa	touches	file:modules/img2img.py
commit:49fb2a337661	touches	file:modules/api/api.py
commit:49fee7c8dbb7	touches	file:modules/images.py
commit:49fee7c8dbb7	touches	file:requirements.txt
commit:49fee7c8dbb7	touches	file:requirements_versions.txt
commit:4a2bf65fea0a	touches	file:extensions-builtin/mobile/javascript/mobile.js
commit:4a43334376d9	touches	file:modules/processing.py
commit:4a449375a202	touches	file:modules/processing.py
commit:4a50c9638c3e	touches	file:extensions-builtin/Lora/network_oft.py
commit:4a64d340010a	touches	file:extensions-builtin/canvas-zoom-and-pan/javascript/zoom.js
commit:4a666381bf98	touches	file:modules/postprocessing.py
commit:4a666381bf98	touches	file:modules/upscaler.py
commit:4a66d2fb2285	touches	file:modules/devices.py
commit:4aa7f5b5b996	touches	file:modules/generation_parameters_copypaste.py
commit:4aa99f77abd4	touches	file:modules/ui_common.py
commit:4ad0c0c0a805	touches	file:extensions-builtin/ScuNET/scripts/scunet_model.py
commit:4ad0c0c0a805	touches	file:extensions-builtin/SwinIR/scripts/swinir_model.py
commit:4ad0c0c0a805	touches	file:modules/codeformer_model.py
commit:4ad0c0c0a805	touches	file:modules/esrgan_model.py
commit:4ad0c0c0a805	touches	file:modules/gfpgan_model.py
commit:4ad0c0c0a805	touches	file:modules/hat_model.py
commit:4ad0c0c0a805	touches	file:modules/modelloader.py
commit:4ad0c0c0a805	touches	file:modules/realesrgan_model.py
commit:4afaaf8a020c	touches	file:CHANGELOG.md
commit:4b07984d1b92	touches	file:modules/launch_utils.py
commit:4b43480fe8b6	touches	file:modules/sd_models.py
commit:4b43480fe8b6	touches	file:modules/ui_extra_networks_checkpoints.py
commit:4b4902050684	touches	file:style.css
commit:4b5a63aa1135	touches	file:extensions-builtin/Lora/ui_edit_user_metadata.py
commit:4b854806d98c	touches	file:extensions-builtin/LDSR/scripts/ldsr_model.py
commit:4b854806d98c	touches	file:modules/cmd_args.py
commit:4b854806d98c	touches	file:modules/deepbooru.py
commit:4b854806d98c	touches	file:modules/extensions.py
commit:4b854806d98c	touches	file:modules/gfpgan_model.py
commit:4b854806d98c	touches	file:modules/models/diffusion/uni_pc/__init__.py
commit:4b854806d98c	touches	file:modules/paths.py
commit:4b854806d98c	touches	file:modules/realesrgan_model.py
commit:4b854806d98c	touches	file:modules/script_loading.py
commit:4b854806d98c	touches	file:modules/sd_hijack_inpainting.py
commit:4b854806d98c	touches	file:modules/sd_models.py
commit:4b854806d98c	touches	file:modules/sd_samplers.py
commit:4b854806d98c	touches	file:modules/shared.py
commit:4b854806d98c	touches	file:modules/ui.py
commit:4b854806d98c	touches	file:modules/upscaler.py
commit:4b854806d98c	touches	file:pyproject.toml
commit:4b854806d98c	touches	file:webui.py
commit:4b88e24ebe77	touches	file:modules/generation_parameters_copypaste.py
commit:4b88e24ebe77	touches	file:modules/sd_samplers_kdiffusion.py
commit:4b88e24ebe77	touches	file:modules/shared.py
commit:4b88e24ebe77	touches	file:scripts/xyz_grid.py
commit:4bb441bb08aa	touches	file:javascript/contextMenus.js
commit:4bc296332021	touches	file:modules/initialize_util.py
commit:4bc39d234d65	touches	file:extensions-builtin/Lora/ui_extra_networks_lora.py
commit:4bd490c28dd8	touches	file:modules/generation_parameters_copypaste.py
commit:4bd490c28dd8	touches	file:modules/sd_samplers_kdiffusion.py
commit:4c1ad743e3ba	touches	file:modules/images.py
commit:4c4d7dd01f77	touches	file:modules/hypernetworks/hypernetwork.py
commit:4c52dfe4ac98	touches	file:modules/sd_models_config.py
commit:4c562a983234	touches	file:modules/img2img.py
commit:4c72377bbf22	touches	file:extensions-builtin/extra-options-section/scripts/extra_options_section.py
commit:4c72377bbf22	touches	file:modules/generation_parameters_copypaste.py
commit:4c72377bbf22	touches	file:modules/shared.py
commit:4c7b22d37d14	touches	file:javascript/dragdrop.js
commit:4cbbb881ee53	touches	file:modules/api/api.py
commit:4cbbb881ee53	touches	file:modules/sd_models.py
commit:4cbbb881ee53	touches	file:modules/ui.py
commit:4cc0cede6d4c	touches	file:javascript/extraNetworks.js
commit:4ccbae320e0d	touches	file:scripts/postprocessing_upscale.py
commit:4d0c8163036b	touches	file:modules/processing.py
commit:4d26c7da57a6	touches	file:modules/processing.py
commit:4d4a9e733219	touches	file:extensions-builtin/mobile/javascript/mobile.js
commit:4d4a9e733219	touches	file:javascript/extraNetworks.js
commit:4d4a9e733219	touches	file:modules/shared_items.py
commit:4d4a9e733219	touches	file:modules/shared_options.py
commit:4d4a9e733219	touches	file:modules/ui.py
commit:4d4a9e733219	touches	file:modules/ui_common.py
commit:4d4a9e733219	touches	file:modules/ui_extra_networks.py
commit:4d4a9e733219	touches	file:modules/ui_extra_networks_checkpoints.py
commit:4d4a9e733219	touches	file:modules/ui_toprow.py
commit:4d4a9e733219	touches	file:style.css
commit:4d56383025f2	touches	file:webui.sh
commit:4d634dc592ff	touches	file:modules/scripts.py
commit:4d634dc592ff	touches	file:scripts/xyz_grid.py
commit:4d7b63f489c9	touches	file:javascript/zoom.js
commit:4d93f48f090e	touches	file:modules/ui_components.py
commit:4d9b09666328	touches	file:modules/sd_models.py
commit:4d9f2c3ec8e7	touches	file:modules/txt2img.py
commit:4da92281f65a	touches	file:webui.sh
commit:4dae91a1fe96	touches	file:modules/sd_samplers_common.py
commit:4dd555916220	touches	file:extensions-builtin/Lora/scripts/lora_script.py
commit:4dde96109bb9	touches	file:extensions-builtin/canvas-zoom-and-pan/javascript/zoom.js
commit:4debd4d3ef62	touches	file:modules/sysinfo.py
commit:4df63d2d197f	touches	file:modules/sd_samplers.py
commit:4df63d2d197f	touches	file:modules/sd_samplers_common.py
commit:4df63d2d197f	touches	file:modules/sd_samplers_compvis.py
commit:4df63d2d197f	touches	file:modules/sd_samplers_kdiffusion.py
commit:4e17fc36d87a	touches	file:modules/shared_options.py
commit:4e17fc36d87a	touches	file:modules/ui_postprocessing.py
commit:4e2bb7250fc9	touches	file:modules/ui.py
commit:4e6e2574aba1	touches	file:modules/models/diffusion/ddpm_edit.py
commit:4e8690906c02	touches	file:modules/processing_scripts/seed.py
commit:4e8690906c02	touches	file:style.css
commit:4eb5e0987372	touches	file:modules/initialize_util.py
commit:4eb949625c8c	touches	file:extensions-builtin/Lora/network_oft.py
commit:4f11f285f912	touches	file:.github/workflows/on_pull_request.yaml
commit:4f2a4a361511	signed_off_by	person:storyicon
commit:4f2a4a361511	touches	file:modules/rng.py
commit:4f415ad639e8	touches	file:requirements_versions.txt
commit:4f4debbadbf6	touches	file:requirements_versions.txt
commit:4f6582cb668d	touches	file:modules/ui.py
commit:4f9626703345	touches	file:html/extra-networks-card-minimal.html
commit:4f9626703345	touches	file:html/extra-networks-card.html
commit:4f9626703345	touches	file:html/extra-networks-edit-item-button.html
commit:4f9626703345	touches	file:html/extra-networks-metadata-button.html
commit:4f9626703345	touches	file:html/extra-networks-pane.html
commit:4f9626703345	touches	file:html/extra-networks-tree-button.html
commit:4f9626703345	touches	file:html/extra-networks-tree.html
commit:4f9626703345	touches	file:javascript/extraNetworks.js
commit:4f9626703345	touches	file:modules/ui_extra_networks.py
commit:4f9626703345	touches	file:modules/ui_extra_networks_user_metadata.py
commit:4f9626703345	touches	file:style.css
commit:4fa59b045add	touches	file:environment-wsl2.yaml
commit:4fa59b045add	touches	file:launch.py
commit:4faaf3e723dd	touches	file:modules/api/api.py
commit:4faaf3e723dd	touches	file:modules/api/models.py
commit:4fafc34e4981	touches	file:extensions-builtin/Lora/networks.py
commit:4fb2cc0f060d	touches	file:webui.py
commit:4ff1fabc86db	touches	file:modules/sd_samplers_cfg_denoiser.py
commit:4ff1fabc86db	touches	file:modules/shared_options.py
commit:50158a1fc9b4	touches	file:modules/launch_utils.py
commit:50158a1fc9b4	touches	file:modules/options.py
commit:50190ca669fd	touches	file:webui.sh
commit:501993ebf210	touches	file:javascript/ui.js
commit:501993ebf210	touches	file:modules/processing.py
commit:501993ebf210	touches	file:modules/txt2img.py
commit:501993ebf210	touches	file:modules/ui.py
commit:501993ebf210	touches	file:modules/ui_common.py
commit:501993ebf210	touches	file:modules/ui_postprocessing.py
commit:501ac016da8c	touches	file:scripts/xyz_grid.py
commit:503bd3fc0fa9	touches	file:modules/sd_models.py
commit:505a10ad928e	touches	file:CHANGELOG.md
commit:505a10ad928e	touches	file:modules/ui_tempdir.py
commit:5070ab80042e	touches	file:modules/launch_utils.py
commit:5084b39ea58b	touches	file:modules/ui_extra_networks_checkpoints.py
commit:50973ec77c29	touches	file:CHANGELOG.md
commit:50a21cb09fe3	touches	file:modules/sd_models.py
commit:50bb6e117974	touches	file:modules/images.py
commit:50e444fa1d1c	touches	file:style.css
commit:510e5fc8c60d	touches	file:modules/cache.py
commit:510e5fc8c60d	touches	file:modules/extensions.py
commit:510e5fc8c60d	touches	file:modules/hashes.py
commit:510e5fc8c60d	touches	file:modules/ui_extensions.py
commit:510f025a0173	touches	file:modules/util.py
commit:51206edb620b	touches	file:modules/launch_utils.py
commit:5121846d34d7	touches	file:modules/processing.py
commit:5159edbf0e0e	touches	file:modules/sd_models.py
commit:51864790fd72	touches	file:extensions-builtin/LDSR/sd_hijack_autoencoder.py
commit:51864790fd72	touches	file:extensions-builtin/LDSR/sd_hijack_ddpm_v1.py
commit:51864790fd72	touches	file:extensions-builtin/Lora/extra_networks_lora.py
commit:51864790fd72	touches	file:extensions-builtin/Lora/lora.py
commit:51864790fd72	touches	file:extensions-builtin/extra-options-section/scripts/extra_options_section.py
commit:51864790fd72	touches	file:modules/api/api.py
commit:51864790fd72	touches	file:modules/call_queue.py
commit:51864790fd72	touches	file:modules/extra_networks_hypernet.py
commit:51864790fd72	touches	file:modules/generation_parameters_copypaste.py
commit:51864790fd72	touches	file:modules/images.py
commit:51864790fd72	touches	file:modules/img2img.py
commit:51864790fd72	touches	file:modules/models/diffusion/ddpm_edit.py
commit:51864790fd72	touches	file:modules/processing.py
commit:51864790fd72	touches	file:modules/prompt_parser.py
commit:51864790fd72	touches	file:modules/script_callbacks.py
commit:51864790fd72	touches	file:modules/sd_hijack_clip.py
commit:51864790fd72	touches	file:modules/sd_hijack_clip_old.py
commit:51864790fd72	touches	file:modules/textual_inversion/autocrop.py
commit:51864790fd72	touches	file:modules/textual_inversion/dataset.py
commit:51864790fd72	touches	file:modules/textual_inversion/preprocess.py
commit:51864790fd72	touches	file:modules/textual_inversion/textual_inversion.py
commit:51864790fd72	touches	file:modules/ui.py
commit:51864790fd72	touches	file:modules/ui_extensions.py
commit:51864790fd72	touches	file:modules/ui_settings.py
commit:51864790fd72	touches	file:scripts/prompts_from_file.py
commit:51b13a8c5485	touches	file:extensions-builtin/Lora/networks.py
commit:51cb20ec39e1	touches	file:modules/models/diffusion/ddpm_edit.py
commit:51cc1ff2c9d4	touches	file:javascript/resizeHandle.js
commit:51d672890d16	touches	file:modules/sd_samplers_kdiffusion.py
commit:51e7122f25c2	touches	file:scripts/xyz_grid.py
commit:51f81efb0287	touches	file:modules/processing.py
commit:520e52f84689	touches	file:modules/extensions.py
commit:520e52f84689	touches	file:modules/scripts.py
commit:5228ec8bdada	touches	file:modules/interrogate.py
commit:522a8b9f6299	touches	file:modules/shared.py
commit:524d6a4dbae6	touches	file:extensions-builtin/hypertile/scripts/hypertile_xyz.py
commit:5251733c0d69	touches	file:javascript/extraNetworks.js
commit:5251733c0d69	touches	file:style.css
commit:525b55b1e9dc	touches	file:modules/sd_samplers_kdiffusion.py
commit:527680cd7026	touches	file:style.css
commit:52a8f286ef99	touches	file:modules/textual_inversion/preprocess.py
commit:52dcf0f0c70f	touches	file:webui.py
commit:530fea2bc4a2	touches	file:extensions-builtin/Lora/network.py
commit:530fea2bc4a2	touches	file:javascript/extraNetworks.js
commit:532c34082903	touches	file:CHANGELOG.md
commit:534cf60afb54	touches	file:modules/script_callbacks.py
commit:5359dc0a1031	touches	file:style.css
commit:5360ae2cc57a	touches	file:modules/processing.py
commit:5381405eaa1e	touches	file:modules/sd_samplers_timesteps.py
commit:5387576c5963	touches	file:modules/api/api.py
commit:5387576c5963	touches	file:requirements.txt
commit:539a69860baf	touches	file:modules/realesrgan_model.py
commit:53ccdefc015d	touches	file:modules/img2img.py
commit:53d67088ee0f	touches	file:modules/sd_hijack_unet.py
commit:53f62674ae55	touches	file:modules/processing.py
commit:541881e3188b	touches	file:extensions-builtin/canvas-zoom-and-pan/javascript/zoom.js
commit:541a3db05ba7	touches	file:modules/generation_parameters_copypaste.py
commit:54209c1639d0	touches	file:modules/sd_vae.py
commit:542611cce488	touches	file:modules/util.py
commit:5427b7128db9	touches	file:webui.py
commit:54291f9d63f0	touches	file:javascript/imageviewer.js
commit:5429e4cff514	touches	file:modules/processing.py
commit:5429e4cff514	touches	file:modules/sd_samplers_cfg_denoiser.py
commit:5429e4cff514	touches	file:modules/shared_options.py
commit:5432d9301359	touches	file:modules/ui.py
commit:543ea5730b8c	touches	file:javascript/extraNetworks.js
commit:543ea5730b8c	touches	file:modules/ui_extra_networks.py
commit:5461b00e89eb	touches	file:webui.sh
commit:54696dce056e	touches	file:script.js
commit:547778b10f25	touches	file:modules/devices.py
commit:549b0fc5267e	touches	file:modules/sd_models.py
commit:549b0fc5267e	touches	file:modules/sd_vae.py
commit:549b475be9b5	touches	file:modules/script_callbacks.py
commit:549b475be9b5	touches	file:modules/sd_samplers_kdiffusion.py
commit:549b475be9b5	touches	file:modules/sd_samplers_timesteps.py
commit:54f657ffbc3c	touches	file:modules/sd_models.py
commit:54f926b11d29	touches	file:modules/shared.py
commit:54fbdcf46725	touches	file:extensions-builtin/canvas-zoom-and-pan/javascript/zoom.js
commit:54fbdcf46725	touches	file:extensions-builtin/canvas-zoom-and-pan/style.css
commit:54fd00ff8f6f	touches	file:javascript/generationParams.js
commit:550256db1ce1	touches	file:extensions-builtin/LDSR/sd_hijack_autoencoder.py
commit:550256db1ce1	touches	file:extensions-builtin/LDSR/sd_hijack_ddpm_v1.py
commit:550256db1ce1	touches	file:extensions-builtin/SwinIR/swinir_model_arch.py
commit:550256db1ce1	touches	file:extensions-builtin/SwinIR/swinir_model_arch_v2.py
commit:550256db1ce1	touches	file:modules/api/api.py
commit:550256db1ce1	touches	file:modules/codeformer/codeformer_arch.py
commit:550256db1ce1	touches	file:modules/codeformer/vqgan_arch.py
commit:550256db1ce1	touches	file:modules/generation_parameters_copypaste.py
commit:550256db1ce1	touches	file:modules/models/diffusion/ddpm_edit.py
commit:550256db1ce1	touches	file:modules/models/diffusion/uni_pc/uni_pc.py
commit:550256db1ce1	touches	file:modules/safe.py
commit:550256db1ce1	touches	file:modules/sd_samplers_compvis.py
commit:550256db1ce1	touches	file:modules/textual_inversion/image_embedding.py
commit:550256db1ce1	touches	file:modules/textual_inversion/learn_schedule.py
commit:550256db1ce1	touches	file:pyproject.toml
commit:552f8bc832cd	touches	file:modules/processing.py
commit:5546e71a1050	touches	file:modules/api/models.py
commit:5576a7232207	touches	file:modules/shared.py
commit:55d222a9f4fb	touches	file:launch.py
commit:55e52c878ab6	touches	file:modules/cmd_args.py
commit:55e52c878ab6	touches	file:modules/processing.py
commit:563d04878079	touches	file:webui.py
commit:563e88dd91c8	touches	file:.eslintrc.js
commit:563e88dd91c8	touches	file:javascript/textualInversion.js
commit:563e88dd91c8	touches	file:javascript/ui.js
commit:56604f08a185	touches	file:modules/images.py
commit:56604f08a185	touches	file:scripts/soft_inpainting.py
commit:56676ff92349	touches	file:modules/ui.py
commit:56676ff92349	touches	file:modules/ui_postprocessing.py
commit:56680cd84ab6	touches	file:launch.py
commit:56680cd84ab6	touches	file:modules/cmd_args.py
commit:56680cd84ab6	touches	file:modules/sd_models.py
commit:5681bf801664	touches	file:modules/devices.py
commit:56888644a672	touches	file:modules/processing.py
commit:5692bf1517c3	touches	file:modules/sd_samplers_timesteps.py
commit:56a267283175	touches	file:modules/sd_samplers_common.py
commit:56a267283175	touches	file:modules/sd_vae_taesd.py
commit:56a267283175	touches	file:modules/shared.py
commit:56a267283175	touches	file:webui.py
commit:56ef5e9d4875	touches	file:javascript/edit-attention.js
commit:56f62d3851ff	touches	file:launch.py
commit:56f8a6b081e3	touches	file:modules/processing.py
commit:57096823fadb	touches	file:launch.py
commit:570f42afd122	touches	file:modules/processing.py
commit:57275da90379	touches	file:modules/ui.py
commit:575c17a8f9bc	touches	file:javascript/hints.js
commit:5768afc776a6	touches	file:modules/devices.py
commit:5768afc776a6	touches	file:modules/interrogate.py
commit:5768afc776a6	touches	file:modules/sd_models_xl.py
commit:5768afc776a6	touches	file:modules/torch_utils.py
commit:5768afc776a6	touches	file:modules/upscaler_utils.py
commit:5768afc776a6	touches	file:modules/xlmr.py
commit:5768afc776a6	touches	file:modules/xlmr_m18.py
commit:5768afc776a6	touches	file:test/test_torch_utils.py
commit:57727e554d8f	touches	file:modules/postprocessing.py
commit:579f1ef27808	touches	file:modules/api/api.py
commit:57a3d146e3e1	touches	file:javascript/hints.js
commit:57b75f4a0376	touches	file:extensions-builtin/prompt-bracket-checker/javascript/prompt-bracket-checker.js
commit:57b75f4a0376	touches	file:javascript/aspectRatioOverlay.js
commit:57b75f4a0376	touches	file:javascript/contextMenus.js
commit:57b75f4a0376	touches	file:javascript/extraNetworks.js
commit:57b75f4a0376	touches	file:javascript/generationParams.js
commit:57b75f4a0376	touches	file:javascript/hints.js
commit:57b75f4a0376	touches	file:javascript/imageMaskFix.js
commit:57b75f4a0376	touches	file:javascript/imageviewer.js
commit:57b75f4a0376	touches	file:javascript/localization.js
commit:57b75f4a0376	touches	file:javascript/progressbar.js
commit:57b75f4a0376	touches	file:javascript/ui.js
commit:57b75f4a0376	touches	file:javascript/ui_settings_hints.js
commit:57b75f4a0376	touches	file:script.js
commit:57c1baa774d0	touches	file:modules/processing.py
commit:57d61de25cb6	touches	file:modules/ui_extra_networks.py
commit:57e59c14c8a1	touches	file:modules/sd_models.py
commit:57e6d05a43e4	touches	file:modules/call_queue.py
commit:57e6d05a43e4	touches	file:modules/processing.py
commit:57e6d05a43e4	touches	file:modules/profiling.py
commit:57e6d05a43e4	touches	file:modules/shared_options.py
commit:57e6d05a43e4	touches	file:style.css
commit:57e8a11d17a6	touches	file:modules/processing.py
commit:57e8a11d17a6	touches	file:modules/shared.py
commit:57ef617251a5	touches	file:pyproject.toml
commit:57ef617251a5	touches	file:ruff.toml
commit:57f29bd61dc3	touches	file:modules/processing.py
commit:583fb9f066e1	touches	file:modules/shared.py
commit:583fb9f066e1	touches	file:modules/shared_items.py
commit:583fb9f066e1	touches	file:modules/ui.py
commit:584f782391b4	touches	file:modules/ui_extra_networks.py
commit:5867be2914c3	touches	file:webui-macos-env.sh
commit:5881dcb8873b	touches	file:extensions-builtin/Lora/network_norm.py
commit:588a52891dca	touches	file:modules/shared_options.py
commit:58985e6b372d	touches	file:javascript/resizeHandle.js
commit:589dda3cf295	touches	file:modules/call_queue.py
commit:589dda3cf295	touches	file:modules/ui.py
commit:589dda3cf295	touches	file:modules/ui_common.py
commit:589dda3cf295	touches	file:modules/ui_extensions.py
commit:589dda3cf295	touches	file:modules/ui_settings.py
commit:58b5b7c2f1d3	touches	file:modules/generation_parameters_copypaste.py
commit:58b5b7c2f1d3	touches	file:modules/sd_samplers_compvis.py
commit:58b5b7c2f1d3	touches	file:modules/shared.py
commit:58c19545c83f	touches	file:modules/sd_vae_approx.py
commit:58c3144d2b2e	touches	file:javascript/contextMenus.js
commit:58c3df32f3a7	touches	file:extensions-builtin/Lora/network_ia3.py
commit:58c3df32f3a7	touches	file:extensions-builtin/Lora/networks.py
commit:58d5b042cd02	touches	file:modules/devices.py
commit:58dc35a64ac3	touches	file:modules/models/sd3/sd3_model.py
commit:58eec83a546b	touches	file:modules/sd_models.py
commit:5904e3f6b3d4	touches	file:javascript/extraNetworks.js
commit:5904e3f6b3d4	touches	file:modules/ui_extra_networks.py
commit:59146621e256	touches	file:modules/errors.py
commit:59146621e256	touches	file:modules/sd_hijack_optimizations.py
commit:591470d86d56	touches	file:extensions-builtin/Lora/network_oft.py
commit:591b68e56c53	touches	file:modules/generation_parameters_copypaste.py
commit:592b0dcfa705	touches	file:javascript/notification.js
commit:592e40ebe937	touches	file:modules/shared_options.py
commit:59419bd64a15	touches	file:CHANGELOG.md
commit:59429793440f	touches	file:modules/xpu_specific.py
commit:594c8e7b263d	touches	file:modules/processing.py
commit:594c8e7b263d	touches	file:modules/prompt_parser.py
commit:594c8e7b263d	touches	file:modules/sd_hijack.py
commit:594c8e7b263d	touches	file:modules/sd_hijack_clip.py
commit:594c8e7b263d	touches	file:modules/sd_models_config.py
commit:594c8e7b263d	touches	file:modules/sd_models_xl.py
commit:59544321aa01	touches	file:modules/sd_hijack.py
commit:59544321aa01	touches	file:modules/sd_unet.py
commit:596556162efd	touches	file:modules/images.py
commit:598da5cd4928	touches	file:modules/cmd_args.py
commit:598da5cd4928	touches	file:modules/devices.py
commit:598da5cd4928	touches	file:modules/initialize_util.py
commit:598da5cd4928	touches	file:modules/sd_models.py
commit:598da5cd4928	touches	file:modules/shared_options.py
commit:598da5cd4928	touches	file:scripts/xyz_grid.py
commit:5997457fd48c	touches	file:scripts/prompt_matrix.py
commit:599f61a1e0bd	touches	file:modules/processing.py
commit:599f61a1e0bd	touches	file:modules/sd_samplers_common.py
commit:59d060fd5ea9	touches	file:extensions-builtin/Lora/networks.py
commit:59d060fd5ea9	touches	file:extensions-builtin/Lora/scripts/lora_script.py
commit:5a0db84b6c73	touches	file:modules/generation_parameters_copypaste.py
commit:5a0db84b6c73	touches	file:modules/processing.py
commit:5a0db84b6c73	touches	file:modules/sd_samplers_common.py
commit:5a0db84b6c73	touches	file:modules/sd_samplers_compvis.py
commit:5a0db84b6c73	touches	file:modules/sd_samplers_kdiffusion.py
commit:5a1b62e9f804	touches	file:javascript/hints.js
commit:5a1b62e9f804	touches	file:modules/images.py
commit:5a25826d841a	touches	file:javascript/imageviewer.js
commit:5a32d4fcb195	touches	file:webui.sh
commit:5a5fe7494ad6	touches	file:.gitignore
commit:5a666f3904c3	touches	file:modules/postprocessing.py
commit:5a705c246880	touches	file:modules/launch_utils.py
commit:5a8dd0c549c0	touches	file:extensions-builtin/Lora/network_oft.py
commit:5ab5405b6f50	touches	file:javascript/edit-attention.js
commit:5ab7d08a0a99	touches	file:modules/extensions.py
commit:5ab7f213bec2	touches	file:CHANGELOG.md
commit:5ab7f213bec2	touches	file:modules/safe.py
commit:5afc44aab148	touches	file:modules/shared.py
commit:5afc44aab148	touches	file:style.css
commit:5afc44aab148	touches	file:webui.py
commit:5afd9e82c382	touches	file:modules/images.py
commit:5afd9e82c382	touches	file:scripts/prompt_matrix.py
commit:5b06607476d1	touches	file:modules/processing.py
commit:5b28b7dbc7a3	touches	file:modules/rng.py
commit:5b2a60b8e2b7	touches	file:README.md
commit:5b2a60b8e2b7	touches	file:configs/sd3-inference.yaml
commit:5b2a60b8e2b7	touches	file:extensions-builtin/Lora/networks.py
commit:5b2a60b8e2b7	touches	file:modules/models/sd3/mmdit.py
commit:5b2a60b8e2b7	touches	file:modules/models/sd3/sd3_impls.py
commit:5b2a60b8e2b7	touches	file:modules/models/sd3/sd3_model.py
commit:5b2a60b8e2b7	touches	file:modules/processing.py
commit:5b2a60b8e2b7	touches	file:modules/sd_models.py
commit:5b2a60b8e2b7	touches	file:modules/sd_models_config.py
commit:5b2a60b8e2b7	touches	file:modules/sd_models_types.py
commit:5b2a60b8e2b7	touches	file:modules/sd_samplers_common.py
commit:5b2a60b8e2b7	touches	file:modules/sd_samplers_kdiffusion.py
commit:5b2a60b8e2b7	touches	file:modules/sd_vae_approx.py
commit:5b2a60b8e2b7	touches	file:modules/sd_vae_taesd.py
commit:5b592669f991	touches	file:.github/workflows/run_tests.yaml
commit:5b682be59a64	touches	file:extensions-builtin/canvas-zoom-and-pan/javascript/zoom.js
commit:5b761b49ade3	touches	file:modules/paths.py
commit:5b761b49ade3	touches	file:modules/paths_internal.py
commit:5b761b49ade3	touches	file:modules/ui_gradio_extensions.py
commit:5be6c026f557	touches	file:modules/api/api.py
commit:5c051c0618be	touches	file:webui.sh
commit:5c1cb9263f98	touches	file:modules/interrogate.py
commit:5c1cb9263f98	touches	file:modules/paths.py
commit:5c5594ff1632	touches	file:modules/initialize_util.py
commit:5c66fedb6418	touches	file:modules/txt2img.py
commit:5c6a33b3e11f	touches	file:modules/images.py
commit:5c7ab90a4ea0	touches	file:scripts/loopback.py
commit:5c8e53d5e98d	touches	file:modules/cmd_args.py
commit:5c8e53d5e98d	touches	file:modules/processing.py
commit:5c8e53d5e98d	touches	file:modules/sd_models.py
commit:5c8e53d5e98d	touches	file:modules/shared.py
commit:5c8f91b22975	touches	file:modules/sd_hijack_clip.py
commit:5c9f2bbb7473	touches	file:launch.py
commit:5cae08f2c32b	touches	file:modules/processing.py
commit:5cb1ce470df8	touches	file:modules/shared_options.py
commit:5cb567c1384a	touches	file:modules/api/api.py
commit:5cb567c1384a	touches	file:modules/api/models.py
commit:5cbc1c5d438e	touches	file:modules/shared.py
commit:5cc7bf387661	touches	file:modules/shared_options.py
commit:5cea278d3ad3	touches	file:requirements_versions.txt
commit:5cedc8f9b2b5	touches	file:modules/sysinfo.py
commit:5cf3822e4633	touches	file:webui.py
commit:5cf623c58ef3	touches	file:modules/paths.py
commit:5cf623c58ef3	touches	file:modules/sd_models_xl.py
commit:5d14f282c281	touches	file:modules/sd_models.py
commit:5d483bf307c7	touches	file:javascript/ComponentControllers.js
commit:5d483bf307c7	touches	file:javascript/aspectRatioSliders.js
commit:5d483bf307c7	touches	file:modules/shared.py
commit:5d483bf307c7	touches	file:modules/ui.py
commit:5d5224b322e8	touches	file:modules/processing.py
commit:5d5224b322e8	touches	file:modules/sd_samplers.py
commit:5d7d1823afab	touches	file:extensions-builtin/extra-options-section/scripts/extra_options_section.py
commit:5d7d1823afab	touches	file:modules/api/api.py
commit:5d7d1823afab	touches	file:modules/img2img.py
commit:5d7d1823afab	touches	file:modules/infotext_utils.py
commit:5d7d1823afab	touches	file:modules/postprocessing.py
commit:5d7d1823afab	touches	file:modules/processing.py
commit:5d7d1823afab	touches	file:modules/processing_scripts/refiner.py
commit:5d7d1823afab	touches	file:modules/processing_scripts/seed.py
commit:5d7d1823afab	touches	file:modules/shared_items.py
commit:5d7d1823afab	touches	file:modules/txt2img.py
commit:5d7d1823afab	touches	file:modules/ui.py
commit:5d7d1823afab	touches	file:modules/ui_common.py
commit:5d7d1823afab	touches	file:modules/ui_extra_networks.py
commit:5d7d1823afab	touches	file:modules/ui_extra_networks_user_metadata.py
commit:5d7d1823afab	touches	file:modules/ui_postprocessing.py
commit:5d94088eac40	touches	file:modules/images.py
commit:5d9f1e6a431f	touches	file:modules/postprocessing.py
commit:5daf7983d141	touches	file:javascript/extraNetworks.js
commit:5decbf184b18	touches	file:javascript/extraNetworks.js
commit:5dee0fa1f812	touches	file:modules/sd_samplers.py
commit:5dee0fa1f812	touches	file:modules/sd_samplers_compvis.py
commit:5df535b7c237	touches	file:modules/mac_specific.py
commit:5dfb1f597b47	touches	file:modules/sd_hijack.py
commit:5dfb1f597b47	touches	file:modules/sd_samplers_kdiffusion.py
commit:5e30f737b0a4	touches	file:CHANGELOG.md
commit:5e30f737b0a4	touches	file:modules/generation_parameters_copypaste.py
commit:5e4a0e3d2413	touches	file:launch.py
commit:5e80d9ee99c5	touches	file:modules/processing.py
commit:5eb7ff776878	touches	file:javascript/imageviewer.js
commit:5eb7ff776878	touches	file:javascript/ui.js
commit:5ebe3b25044e	touches	file:modules/ngrok.py
commit:5ed5e95fb8a0	touches	file:scripts/xyz_grid.py
commit:5ed970b94972	touches	file:.eslintrc.js
commit:5ed970b94972	touches	file:javascript/token-counters.js
commit:5ed970b94972	touches	file:javascript/ui.js
commit:5edb0acfeb42	touches	file:modules/shared.py
commit:5edb0acfeb42	touches	file:modules/ui.py
commit:5eee2ac39863	touches	file:modules/extensions.py
commit:5eee2ac39863	touches	file:modules/generation_parameters_copypaste.py
commit:5eee2ac39863	touches	file:modules/gfpgan_model.py
commit:5eee2ac39863	touches	file:modules/hashes.py
commit:5eee2ac39863	touches	file:modules/interrogate.py
commit:5eee2ac39863	touches	file:modules/paths.py
commit:5eee2ac39863	touches	file:modules/processing.py
commit:5eee2ac39863	touches	file:modules/sd_models.py
commit:5eee2ac39863	touches	file:modules/sd_vae.py
commit:5eee2ac39863	touches	file:modules/shared.py
commit:5eee2ac39863	touches	file:modules/textual_inversion/preprocess.py
commit:5eee2ac39863	touches	file:modules/ui.py
commit:5eee2ac39863	touches	file:modules/ui_extensions.py
commit:5eee2ac39863	touches	file:modules/upscaler.py
commit:5ef759032489	touches	file:javascript/extraNetworks.js
commit:5ef759032489	touches	file:modules/ui.py
commit:5ef759032489	touches	file:modules/ui_extra_networks.py
commit:5ef759032489	touches	file:style.css
commit:5f4203bf9b62	touches	file:modules/processing_scripts/comments.py
commit:5f9ddfa46f28	touches	file:modules/cmd_args.py
commit:5f9ddfa46f28	touches	file:modules/sd_models.py
commit:5fbac49791d9	touches	file:modules/cmd_args.py
commit:5fbac49791d9	touches	file:modules/paths_internal.py
commit:5fbb13e0da8e	touches	file:modules/initialize.py
commit:5fbb13e0da8e	touches	file:modules/modelloader.py
commit:5fcd4bfa3d86	touches	file:modules/extensions.py
commit:5fcd4bfa3d86	touches	file:modules/ui_extensions.py
commit:5fcdaa6a7f19	touches	file:extensions-builtin/LDSR/sd_hijack_autoencoder.py
commit:5fcdaa6a7f19	touches	file:extensions-builtin/LDSR/vqvae_quantize.py
commit:5fcdaa6a7f19	touches	file:modules/launch_utils.py
commit:5fcdaa6a7f19	touches	file:modules/paths.py
commit:5fcdaa6a7f19	touches	file:webui-user.sh
commit:5fd9a40b92c5	touches	file:extensions-builtin/LDSR/sd_hijack_ddpm_v1.py
commit:5fe0dd79beaa	touches	file:modules/devices.py
commit:5fe0dd79beaa	touches	file:modules/generation_parameters_copypaste.py
commit:5fe0dd79beaa	touches	file:modules/processing.py
commit:5fe0dd79beaa	touches	file:modules/sd_samplers_common.py
commit:5fe0dd79beaa	touches	file:modules/sd_samplers_kdiffusion.py
commit:5fe0dd79beaa	touches	file:modules/shared.py
commit:5feae71dd218	touches	file:modules/sd_samplers_common.py
commit:5fef67f6ee94	touches	file:modules/models/diffusion/uni_pc/sampler.py
commit:5fef67f6ee94	touches	file:modules/sd_samplers_compvis.py
commit:5fef67f6ee94	touches	file:modules/shared.py
commit:60062b51d821	touches	file:modules/images.py
commit:600f339c4cf1	touches	file:modules/scripts.py
commit:60183eebc37a	touches	file:modules/shared.py
commit:60183eebc37a	touches	file:style.css
commit:601a7b4ce5b2	touches	file:extensions-builtin/hypertile/hypertile.py
commit:601a7b4ce5b2	touches	file:extensions-builtin/hypertile/scripts/hypertile_script.py
commit:601a7b4ce5b2	touches	file:extensions-builtin/hypertile/scripts/hypertile_xyz.py
commit:602a1864b050	touches	file:modules/api/api.py
commit:602a1864b050	touches	file:modules/api/models.py
commit:6033de18bff6	touches	file:webui.sh
commit:603509ec905a	touches	file:modules/sd_hijack_checkpoint.py
commit:6080045b2a09	touches	file:modules/sd_models.py
commit:6091c4e4aa32	touches	file:.github/workflows/run_tests.yaml
commit:6091c4e4aa32	touches	file:modules/api/api.py
commit:6094310704f4	touches	file:webui.sh
commit:6095ade1479d	touches	file:modules/ui_tempdir.py
commit:609dea36ea91	touches	file:modules/images.py
commit:60a74051656e	touches	file:modules/shared_options.py
commit:60c079995824	touches	file:modules/sd_models.py
commit:60c602232fd7	touches	file:modules/processing.py
commit:611faaddef09	touches	file:modules/script_callbacks.py
commit:6127d2ff1bc5	touches	file:modules/processing.py
commit:6136db1409b1	touches	file:javascript/extraNetworks.js
commit:6139b145f003	touches	file:javascript/extraNetworks.js
commit:6139b145f003	touches	file:modules/ui_common.py
commit:613b0d9548a8	touches	file:extensions-builtin/Lora/network_oft.py
commit:6163b38ad996	touches	file:extensions-builtin/canvas-zoom-and-pan/javascript/zoom.js
commit:616cc13b6b82	touches	file:modules/ui_common.py
commit:616cc13b6b82	touches	file:style.css
commit:618c59b01d8b	touches	file:javascript/token-counters.js
commit:618c59b01d8b	touches	file:modules/shared.py
commit:61c1261e4e50	touches	file:modules/processing.py
commit:61c1261e4e50	touches	file:modules/prompt_parser.py
commit:61ee563df911	touches	file:modules/shared.py
commit:61ee563df911	touches	file:modules/ui.py
commit:61ee563df911	touches	file:style.css
commit:61f321756fd3	touches	file:modules/models/diffusion/ddpm_edit.py
commit:61f488302f37	touches	file:modules/postprocessing.py
commit:61f488302f37	touches	file:modules/ui_postprocessing.py
commit:61f488302f37	touches	file:scripts/postprocessing_codeformer.py
commit:61f488302f37	touches	file:scripts/postprocessing_gfpgan.py
commit:61f6479ea9a8	touches	file:modules/script_loading.py
commit:6214aa7d2a84	touches	file:modules/processing.py
commit:6214aa7d2a84	touches	file:modules/sd_samplers_cfg_denoiser.py
commit:6233268964fe	touches	file:README.md
commit:62470ee23443	touches	file:modules/upscaler_utils.py
commit:62860c221ef9	touches	file:webui.sh
commit:62bd7624d2ad	touches	file:README.md
commit:62bd7624d2ad	touches	file:html/licenses.html
commit:62e32634677f	touches	file:.github/workflows/on_pull_request.yaml
commit:62e32634677f	touches	file:.github/workflows/run_tests.yaml
commit:6302978ff8e5	touches	file:modules/ui.py
commit:630563249340	touches	file:modules/api/models.py
commit:633867ecc606	touches	file:modules/ui_tempdir.py
commit:6346d8eeaa17	touches	file:modules/processing.py
commit:6346d8eeaa17	touches	file:modules/sd_samplers_common.py
commit:6346d8eeaa17	touches	file:run.ps1
commit:6346d8eeaa17	touches	file:run_local.ps1
commit:6346d8eeaa17	touches	file:update.ps1
commit:63485b2c55d2	touches	file:modules/shared_items.py
commit:63485b2c55d2	touches	file:modules/shared_options.py
commit:635499e8329d	touches	file:README.md
commit:636ff513b0b5	touches	file:modules/launch_utils.py
commit:636ff513b0b5	touches	file:modules/scripts.py
commit:636ff513b0b5	touches	file:webui.py
commit:6387f0e85d20	touches	file:.github/workflows/run_tests.yaml
commit:639ccf254bd4	touches	file:modules/launch_utils.py
commit:63a6f9b4d98a	touches	file:modules/shared.py
commit:63c02314ccad	touches	file:modules/ui.py
commit:63c3c4dbc357	touches	file:modules/shared_options.py
commit:63c3c4dbc357	touches	file:modules/ui_postprocessing.py
commit:63c3c4dbc357	touches	file:scripts/postprocessing_upscale.py
commit:63d3150dc4f5	touches	file:javascript/extraNetworks.js
commit:63fd38a04f91	touches	file:modules/textual_inversion/image_embedding.py
commit:640cb1bb8dfb	touches	file:modules/processing.py
commit:64179c32213f	touches	file:extensions-builtin/Lora/network_oft.py
commit:6427ffde4dc6	touches	file:modules/images.py
commit:642d96dcc83a	touches	file:modules/interrogate.py
commit:642faa1f6555	touches	file:modules/script_callbacks.py
commit:642faa1f6555	touches	file:modules/sd_samplers_kdiffusion.py
commit:642faa1f6555	touches	file:modules/sd_samplers_timesteps.py
commit:64311faa6848	touches	file:modules/processing.py
commit:64311faa6848	touches	file:modules/processing_scripts/refiner.py
commit:64311faa6848	touches	file:modules/scripts.py
commit:64311faa6848	touches	file:modules/sd_models.py
commit:64311faa6848	touches	file:modules/sd_samplers_cfg_denoiser.py
commit:64311faa6848	touches	file:modules/sd_samplers_common.py
commit:64311faa6848	touches	file:modules/sd_samplers_kdiffusion.py
commit:64311faa6848	touches	file:modules/shared_items.py
commit:64311faa6848	touches	file:modules/shared_options.py
commit:64311faa6848	touches	file:modules/ui.py
commit:64311faa6848	touches	file:modules/ui_components.py
commit:64311faa6848	touches	file:style.css
commit:643836007f6f	touches	file:style.css
commit:6439e72df2cd	touches	file:webui.sh
commit:6447ff49d335	touches	file:modules/images.py
commit:648f6a8e0cdf	touches	file:modules/sd_samplers_common.py
commit:64b7e8382377	touches	file:modules/scripts.py
commit:64bbd3bf030a	touches	file:modules/ui_extensions.py
commit:64d5fa1efd94	touches	file:modules/scripts.py
commit:64fc936738d2	touches	file:modules/ui_extra_networks.py
commit:650ddc9dd3c1	touches	file:extensions-builtin/Lora/lora.py
commit:650ddc9dd3c1	touches	file:extensions-builtin/Lora/scripts/lora_script.py
commit:6513470f0db1	touches	file:script.js
commit:6523edb8a45d	touches	file:extensions-builtin/Lora/network_oft.py
commit:6524478850ba	touches	file:modules/modelloader.py
commit:6558716018c8	touches	file:style.css
commit:656437e0a502	touches	file:modules/ui.py
commit:657404b75b2f	touches	file:modules/img2img.py
commit:65995a2ea38a	touches	file:scripts/xyz_grid.py
commit:659d602dce42	touches	file:modules/ui_extra_networks_checkpoints.py
commit:659f62e120b2	touches	file:scripts/soft_inpainting.py
commit:65a87ccc9bf9	touches	file:modules/sd_samplers_kdiffusion.py
commit:65b6f8d3d58f	touches	file:extensions-builtin/Lora/networks.py
commit:65ccd6305fcf	touches	file:extensions-builtin/Lora/networks.py
commit:662af7597398	touches	file:javascript/zoom.js
commit:66355b47756e	touches	file:.gitignore
commit:66355b47756e	touches	file:modules/cache.py
commit:66355b47756e	touches	file:requirements.txt
commit:66355b47756e	touches	file:requirements_versions.txt
commit:663a4d80dfae	touches	file:modules/sd_samplers_cfg_denoiser.py
commit:663a4d80dfae	touches	file:modules/sd_samplers_timesteps.py
commit:663a4d80dfae	touches	file:modules/sd_samplers_timesteps_impl.py
commit:663fb8797612	touches	file:modules/config_states.py
commit:663fb8797612	touches	file:modules/ui_extensions.py
commit:66767e3876dd	touches	file:README.md
commit:668ae34e21df	touches	file:modules/processing.py
commit:668d7e9b9aba	touches	file:modules/sd_disable_initialization.py
commit:668d7e9b9aba	touches	file:modules/sd_models.py
commit:669b518cbd2b	touches	file:modules/ui_tempdir.py
commit:669dbd9725b3	touches	file:modules/ui.py
commit:66c32e40e8c0	touches	file:modules/shared_gradio_themes.py
commit:66c5f1bb1556	touches	file:modules/shared.py
commit:66cfd1dcfc89	touches	file:scripts/xyz_grid.py
commit:66d763070517	touches	file:javascript/extraNetworks.js
commit:66eef11ce7f3	touches	file:modules/shared.py
commit:66eef11ce7f3	touches	file:modules/ui_extra_networks.py
commit:672dc4efa8e0	touches	file:modules/sd_models.py
commit:67303fd5fc7b	touches	file:scripts/xyz_grid.py
commit:67312653d766	touches	file:modules/ui.py
commit:674e80c62556	touches	file:webui.py
commit:67955ca9e5cb	touches	file:modules/ui.py
commit:67955ca9e5cb	touches	file:modules/ui_extensions.py
commit:67955ca9e5cb	touches	file:modules/ui_extra_networks.py
commit:67955ca9e5cb	touches	file:modules/ui_postprocessing.py
commit:679e8738759b	touches	file:javascript/imageviewerGamepad.js
commit:67a70ad112e1	touches	file:html/extra-networks-card.html
commit:67cd4ec0aabb	touches	file:modules/ui_extra_networks_user_metadata.py
commit:67d4360453e0	touches	file:javascript/ui.js
commit:67d8dafe4474	touches	file:modules/api/api.py
commit:67d8dafe4474	touches	file:modules/images.py
commit:67ea4eabc3e7	touches	file:modules/cache.py
commit:67f5c2abb0a9	touches	file:javascript/ui.js
commit:6816ad5ed806	touches	file:modules/processing_scripts/seed.py
commit:6816ad5ed806	touches	file:modules/scripts.py
commit:681c16dd1e91	touches	file:launch.py
commit:681c16dd1e91	touches	file:modules/paths_internal.py
commit:6825de7bc811	touches	file:javascript/notification.js
commit:682ff8936df0	touches	file:modules/ui.py
commit:68953a4705b7	touches	file:.github/workflows/run_tests.yaml
commit:68999d0b15d6	touches	file:javascript/ui.js
commit:68999d0b15d6	touches	file:modules/generation_parameters_copypaste.py
commit:68999d0b15d6	touches	file:modules/img2img.py
commit:68999d0b15d6	touches	file:modules/processing.py
commit:68999d0b15d6	touches	file:modules/ui.py
commit:68999d0b15d6	touches	file:style.css
commit:68c4beab4669	touches	file:extensions-builtin/canvas-zoom-and-pan/javascript/zoom.js
commit:68c4beab4669	touches	file:extensions-builtin/canvas-zoom-and-pan/scripts/hotkey_config.py
commit:68cda4f21394	touches	file:extensions-builtin/canvas-zoom-and-pan/javascript/zoom.js
commit:68d842328858	touches	file:modules/upscaler.py
commit:690d56f3c10e	touches	file:html/image-update.svg
commit:690d56f3c10e	touches	file:javascript/hints.js
commit:690d56f3c10e	touches	file:modules/shared.py
commit:690d56f3c10e	touches	file:modules/ui_extra_networks.py
commit:690d56f3c10e	touches	file:style.css
commit:6916de5c0bd8	touches	file:modules/infotext_utils.py
commit:695e24dbceb2	touches	file:modules/ui_postprocessing.py
commit:696d6813e061	touches	file:modules/postprocessing.py
commit:696f16e9012e	touches	file:modules/extensions.py
commit:699108bfbb05	touches	file:extensions-builtin/Lora/network.py
commit:699108bfbb05	touches	file:extensions-builtin/Lora/scripts/lora_script.py
commit:699108bfbb05	touches	file:extensions-builtin/Lora/ui_edit_user_metadata.py
commit:699108bfbb05	touches	file:extensions-builtin/Lora/ui_extra_networks_lora.py
commit:699108bfbb05	touches	file:html/extra-networks-card.html
commit:699108bfbb05	touches	file:javascript/extraNetworks.js
commit:699108bfbb05	touches	file:modules/sd_models.py
commit:699108bfbb05	touches	file:modules/ui_extra_networks.py
commit:699108bfbb05	touches	file:modules/ui_extra_networks_user_metadata.py
commit:699108bfbb05	touches	file:style.css
commit:69ad46b04767	touches	file:scripts/postprocessing_upscale.py
commit:69eb2a9ee867	touches	file:modules/extensions.py
commit:69f49c8d3942	touches	file:modules/processing.py
commit:69f4f148dce0	touches	file:javascript/extraNetworks.js
commit:69f4f148dce0	touches	file:modules/ui_extra_networks.py
commit:69f9564a6db8	touches	file:webui.sh
commit:6a04a7f20fcc	touches	file:modules/sd_models.py
commit:6a0d498c8ec5	touches	file:javascript/hints.js
commit:6a0d498c8ec5	touches	file:modules/scripts.py
commit:6a147db1287f	touches	file:extensions-builtin/Lora/lora.py
commit:6a48476502d6	touches	file:modules/processing.py
commit:6a5901a3fd5b	touches	file:CHANGELOG.md
commit:6a676cc1856e	touches	file:README.md
commit:6a7042fe2fe2	touches	file:modules/launch_utils.py
commit:6a7042fe2fe2	touches	file:modules/sysinfo.py
commit:6a86b3ad9bc7	touches	file:README.md
commit:6a86b3ad9bc7	touches	file:webui.sh
commit:6a87e35bef2b	touches	file:extensions-builtin/canvas-zoom-and-pan/javascript/zoom.js
commit:6aa26a26d5be	touches	file:style.css
commit:6ab0b65ed157	touches	file:webui.sh
commit:6acd8e28fcec	touches	file:modules/ui_common.py
commit:6ad666e4794a	touches	file:README.md
commit:6ad666e4794a	touches	file:modules/sd_hijack.py
commit:6ad666e4794a	touches	file:modules/sd_models.py
commit:6adf2b71c2c8	touches	file:modules/processing.py
commit:6b3981c0685c	touches	file:modules/codeformer_model.py
commit:6b3981c0685c	touches	file:modules/generation_parameters_copypaste.py
commit:6b3981c0685c	touches	file:webui.py
commit:6b3f7039b6b7	touches	file:modules/sd_hijack_clip.py
commit:6b3f7039b6b7	touches	file:modules/shared_options.py
commit:6b68b590321f	touches	file:modules/processing.py
commit:6b8143a84e11	touches	file:extensions-builtin/extra-options-section/scripts/extra_options_section.py
commit:6b82efd73782	touches	file:modules/sd_models_config.py
commit:6b8458eb9f58	touches	file:javascript/extensions.js
commit:6b877c35da12	touches	file:modules/api/models.py
commit:6b8c661c4979	touches	file:javascript/inputAccordion.js
commit:6b8c661c4979	touches	file:style.css
commit:6b9795849d49	touches	file:extensions-builtin/Lora/networks.py
commit:6bc35be10a02	touches	file:CHANGELOG.md
commit:6bfd4dfecfd0	touches	file:modules/sd_samplers_kdiffusion.py
commit:6c0d5d119857	touches	file:modules/images.py
commit:6c23061a7d03	touches	file:test/conftest.py
commit:6c5f83b19b33	touches	file:extensions-builtin/Lora/lora.py
commit:6c5f83b19b33	touches	file:modules/sd_models.py
commit:6c5f83b19b33	touches	file:modules/sd_models_xl.py
commit:6c610a8a951e	touches	file:modules/img2img.py
commit:6c6c6636bb12	touches	file:modules/img2img.py
commit:6c6c6636bb12	touches	file:modules/processing.py
commit:6c6c6636bb12	touches	file:modules/sd_samplers_kdiffusion.py
commit:6c6c6636bb12	touches	file:modules/ui.py
commit:6c7c176dc9b2	touches	file:modules/processing.py
commit:6ca7a453d401	touches	file:extensions-builtin/Lora/networks.py
commit:6ca7a453d401	touches	file:scripts/xyz_grid.py
commit:6cc5a886ae9f	touches	file:modules/api/api.py
commit:6cff44018242	touches	file:modules/sd_samplers.py
commit:6d0a8dcd892f	touches	file:modules/processing.py
commit:6d11cda41886	touches	file:modules/images.py
commit:6d11cda41886	touches	file:modules/shared.py
commit:6d337bf23dae	touches	file:modules/launch_utils.py
commit:6d337bf23dae	touches	file:modules/ui.py
commit:6d3a0c950626	touches	file:modules/ui.py
commit:6d3a0c950626	touches	file:modules/ui_checkpoint_merger.py
commit:6d77a6e1c6b2	touches	file:README.md
commit:6d7e57ba6a4d	touches	file:modules/api/api.py
commit:6d8dcdefa07d	touches	file:modules/sd_hijack.py
commit:6d8dcdefa07d	touches	file:modules/sd_models.py
commit:6d8dcdefa07d	touches	file:modules/sd_models_config.py
commit:6d8dcdefa07d	touches	file:modules/sd_models_xl.py
commit:6d8dcdefa07d	touches	file:modules/shared.py
commit:6d92d95a33e4	touches	file:modules/extensions.py
commit:6da2027213c3	touches	file:extensions-builtin/Lora/ui_extra_networks_lora.py
commit:6da2027213c3	touches	file:modules/ui_extra_networks.py
commit:6da2027213c3	touches	file:modules/ui_extra_networks_checkpoints.py
commit:6da2027213c3	touches	file:modules/ui_extra_networks_hypernets.py
commit:6da2027213c3	touches	file:modules/ui_extra_networks_textual_inversion.py
commit:6dd53ce63dc7	touches	file:modules/images.py
commit:6ddcd8914ba7	touches	file:webui.sh
commit:6e1b296baf7a	touches	file:modules/api/api.py
commit:6e6cc2922d39	touches	file:javascript/resizeHandle.js
commit:6e7828e1d271	touches	file:modules/sd_models.py
commit:6e78f6a89618	touches	file:modules/temp
commit:6e7f0860f7ae	touches	file:modules/devices.py
commit:6e9b69a33853	touches	file:modules/sd_samplers_cfg_denoiser.py
commit:6eacaad4a92f	touches	file:modules/shared.py
commit:6eacaad4a92f	touches	file:modules/ui.py
commit:6eacaad4a92f	touches	file:modules/ui_extensions.py
commit:6eacaad4a92f	touches	file:style.css
commit:6eacaad4a92f	touches	file:webui.py
commit:6ee4012c0a4d	touches	file:modules/hashes.py
commit:6ef0ff39f2a3	touches	file:extensions-builtin/Lora/network_oft.py
commit:6efdfe3234d0	touches	file:modules/processing.py
commit:6f0abbb71a3f	touches	file:modules/sd_hijack.py
commit:6f0abbb71a3f	touches	file:modules/sd_hijack_clip.py
commit:6f0abbb71a3f	touches	file:modules/sd_models_xl.py
commit:6f0abbb71a3f	touches	file:modules/textual_inversion/textual_inversion.py
commit:6f23da603d3c	touches	file:modules/sd_models_xl.py
commit:6f31d2210c18	touches	file:modules/api/models.py
commit:6f31d2210c18	touches	file:modules/sd_models.py
commit:6f31d2210c18	touches	file:modules/sd_models_config.py
commit:6f4f6bff6b4a	touches	file:modules/textual_inversion/image_embedding.py
commit:6f51e0555376	touches	file:extensions-builtin/canvas-zoom-and-pan/javascript/zoom.js
commit:6f5a5ad2057a	touches	file:.fleet/settings.json
commit:6f754ab98bcd	touches	file:modules/textual_inversion/image_embedding.py
commit:6f77567e1322	touches	file:style.css
commit:6f86b62a1be7	touches	file:extensions-builtin/ScuNET/scripts/scunet_model.py
commit:6f86b62a1be7	touches	file:extensions-builtin/SwinIR/scripts/swinir_model.py
commit:6f86b62a1be7	touches	file:modules/upscaler_utils.py
commit:6fa42e919f27	touches	file:modules/logging_config.py
commit:6fb2194d9cc2	touches	file:modules/launch_utils.py
commit:6fc12428e3c5	touches	file:modules/processing.py
commit:6fc12428e3c5	touches	file:modules/soft_inpainting.py
commit:701feabf496b	touches	file:scripts/prompts_from_file.py
commit:7021cdb1de12	touches	file:modules/logging_config.py
commit:70283a9f4aa4	touches	file:style.css
commit:702a1e1cc702	touches	file:configs/alt-diffusion-m18-inference.yaml
commit:702a1e1cc702	touches	file:modules/sd_hijack.py
commit:702a1e1cc702	touches	file:modules/sd_models_config.py
commit:702a1e1cc702	touches	file:modules/xlmr_m18.py
commit:702edb288e53	touches	file:modules/api/api.py
commit:702edb288e53	touches	file:modules/postprocessing.py
commit:704628b903fc	touches	file:modules/api/api.py
commit:70650f87a426	touches	file:modules/processing.py
commit:70650f87a426	touches	file:modules/sd_samplers_kdiffusion.py
commit:706f63adfaf3	touches	file:modules/styles.py
commit:70833919314b	touches	file:style.css
commit:70a0a1178374	touches	file:modules/api/api.py
commit:70ab21e67d12	touches	file:javascript/progressbar.js
commit:70ab21e67d12	touches	file:javascript/ui.js
commit:70ab21e67d12	touches	file:modules/progress.py
commit:70c63c1208d3	touches	file:modules/img2img.py
commit:70c63c1208d3	touches	file:modules/sd_samplers.py
commit:70c63c1208d3	touches	file:modules/txt2img.py
commit:70c63c1208d3	touches	file:modules/ui.py
commit:71072f56204c	touches	file:modules/shared_options.py
commit:71072f56204c	touches	file:modules/ui_common.py
commit:71314e47b1e5	signed_off_by	person:storyicon
commit:71314e47b1e5	touches	file:modules/masking.py
commit:71314e47b1e5	touches	file:modules/processing.py
commit:714c920c20d0	touches	file:.github/workflows/on_pull_request.yaml
commit:714c920c20d0	touches	file:.github/workflows/run_tests.yaml
commit:716a69237cef	touches	file:modules/models/diffusion/uni_pc/sampler.py
commit:7195c4d42cf4	touches	file:javascript/contextMenus.js
commit:71a0f6ef85f2	signed_off_by	person:anyisalin
commit:71a0f6ef85f2	touches	file:modules/call_queue.py
commit:71a0f6ef85f2	touches	file:modules/fifo_lock.py
commit:71a0f6ef85f2	touches	file:modules/progress.py
commit:71f4a4afdfe2	touches	file:modules/sd_models.py
commit:71f4a4afdfe2	touches	file:webui.py
commit:7201d940a4fe	touches	file:javascript/ui.js
commit:7201d940a4fe	touches	file:modules/ui.py
commit:720fc8827307	touches	file:javascript/hints.js
commit:721c4309c263	touches	file:extensions-builtin/Lora/ui_edit_user_metadata.py
commit:72377b02518f	touches	file:modules/generation_parameters_copypaste.py
commit:72377b02518f	touches	file:modules/sd_samplers_kdiffusion.py
commit:72377b02518f	touches	file:modules/shared.py
commit:726aaea0fe87	touches	file:modules/shared_options.py
commit:726aaea0fe87	touches	file:modules/ui_extra_networks.py
commit:72815c0211ae	touches	file:scripts/outpainting_mk_2.py
commit:72cd27a13587	touches	file:CHANGELOG.md
commit:72cfa2829d95	touches	file:modules/sysinfo.py
commit:72dd5785d972	touches	file:modules/sd_samplers_kdiffusion.py
commit:72ee347eabf0	touches	file:modules/api/api.py
commit:72ee347eabf0	touches	file:modules/api/models.py
commit:72f6367b9b34	touches	file:modules/images.py
commit:731eb7277454	touches	file:modules/sd_models_config.py
commit:735c9e805938	touches	file:extensions-builtin/Lora/network_oft.py
commit:73786c047f14	touches	file:modules/xpu_specific.py
commit:737a013377dd	touches	file:webui.sh
commit:737b73a82058	touches	file:modules/sd_samplers_kdiffusion.py
commit:738e133b24e2	touches	file:modules/sd_samplers_kdiffusion.py
commit:738e133b24e2	touches	file:modules/shared_options.py
commit:738e133b24e2	touches	file:scripts/xyz_grid.py
commit:7393c1f99c9e	touches	file:modules/errors.py
commit:7393c1f99c9e	touches	file:modules/sysinfo.py
commit:7393c1f99c9e	touches	file:modules/ui.py
commit:7393c1f99c9e	touches	file:modules/ui_settings.py
commit:7393c1f99c9e	touches	file:style.css
commit:739686b1c521	touches	file:style.css
commit:73a97cac1145	touches	file:modules/images.py
commit:73ab982d1b73	touches	file:modules/processing.py
commit:73d1caf8f28a	touches	file:modules/sd_schedulers.py
commit:73e635ce6e03	touches	file:extensions-builtin/soft-inpainting/scripts/soft_inpainting.py
commit:73f69a74534b	touches	file:style.css
commit:74069addc31e	touches	file:modules/sd_models_config.py
commit:7428fb5176cc	touches	file:modules/processing.py
commit:742da3193290	touches	file:modules/sd_vae_taesd.py
commit:742da3193290	touches	file:webui.py
commit:746783f7a47f	touches	file:modules/xpu_specific.py
commit:7499148ad4db	touches	file:modules/cmd_args.py
commit:7499148ad4db	touches	file:modules/devices.py
commit:7499148ad4db	touches	file:modules/xpu_specific.py
commit:7499148ad4db	touches	file:webui-ipex-user.bat
commit:749a93295e52	touches	file:modules/sd_vae.py
commit:74b214a92a29	touches	file:modules/upscaler_utils.py
commit:74b80e72115a	touches	file:extensions-builtin/Lora/ui_extra_networks_lora.py
commit:74b80e72115a	touches	file:modules/ui_extra_networks_checkpoints.py
commit:74b80e72115a	touches	file:modules/ui_extra_networks_hypernets.py
commit:74b80e72115a	touches	file:modules/ui_extra_networks_textual_inversion.py
commit:74d001bc68c2	touches	file:modules/api/api.py
commit:74e2e5279c6a	touches	file:webui.sh
commit:74ee8fd1e32d	touches	file:.gitignore
commit:750dd6014a45	touches	file:modules/devices.py
commit:75336dfc84ca	touches	file:modules/processing.py
commit:75336dfc84ca	touches	file:modules/sd_samplers_common.py
commit:75336dfc84ca	touches	file:modules/sd_vae_approx.py
commit:75336dfc84ca	touches	file:modules/sd_vae_taesd.py
commit:75336dfc84ca	touches	file:modules/shared.py
commit:7569677e9edb	touches	file:CHANGELOG.md
commit:757dda9ade9d	touches	file:modules/infotext_versions.py
commit:757dda9ade9d	touches	file:modules/sd_samplers_cfg_denoiser.py
commit:757dda9ade9d	touches	file:modules/sd_samplers_common.py
commit:757dda9ade9d	touches	file:modules/sd_samplers_kdiffusion.py
commit:757dda9ade9d	touches	file:modules/sd_samplers_timesteps.py
commit:757dda9ade9d	touches	file:modules/shared_options.py
commit:758335176049	touches	file:style.css
commit:758e8d7b4157	touches	file:extensions-builtin/Lora/network.py
commit:759515316e8e	touches	file:modules/shared_options.py
commit:759515316e8e	touches	file:modules/ui.py
commit:7598a92436be	touches	file:extensions-builtin/canvas-zoom-and-pan/javascript/zoom.js
commit:75e03785fe1f	touches	file:README.md
commit:75e7eb9172fb	touches	file:javascript/ui.js
commit:75f56406cede	touches	file:modules/shared.py
commit:75f56406cede	touches	file:modules/ui_extensions.py
commit:76010a51ef1f	touches	file:modules/sd_models.py
commit:762265eab58c	touches	file:extensions-builtin/LDSR/ldsr_model_arch.py
commit:762265eab58c	touches	file:extensions-builtin/LDSR/sd_hijack_autoencoder.py
commit:762265eab58c	touches	file:modules/api/api.py
commit:762265eab58c	touches	file:modules/extras.py
commit:762265eab58c	touches	file:modules/images.py
commit:762265eab58c	touches	file:modules/img2img.py
commit:762265eab58c	touches	file:modules/prompt_parser.py
commit:762265eab58c	touches	file:modules/realesrgan_model.py
commit:762265eab58c	touches	file:modules/sd_disable_initialization.py
commit:762265eab58c	touches	file:modules/sd_hijack.py
commit:762265eab58c	touches	file:modules/sd_hijack_ip2p.py
commit:762265eab58c	touches	file:modules/sd_hijack_optimizations.py
commit:762265eab58c	touches	file:modules/sd_models.py
commit:762265eab58c	touches	file:modules/textual_inversion/textual_inversion.py
commit:762265eab58c	touches	file:modules/ui.py
commit:762265eab58c	touches	file:modules/ui_extensions.py
commit:762265eab58c	touches	file:modules/ui_extra_networks.py
commit:762265eab58c	touches	file:pyproject.toml
commit:762265eab58c	touches	file:scripts/outpainting_mk_2.py
commit:762265eab58c	touches	file:scripts/postprocessing_upscale.py
commit:762265eab58c	touches	file:scripts/xyz_grid.py
commit:762265eab58c	touches	file:webui.py
commit:766f6e3eca38	touches	file:javascript/edit-attention.js
commit:768354772853	touches	file:extensions-builtin/Lora/network_oft.py
commit:76ae1019b96c	touches	file:modules/api/api.py
commit:76ae1019b96c	touches	file:modules/shared_options.py
commit:76b1ad7daf35	touches	file:style.css
commit:76ebb175ca99	touches	file:extensions-builtin/Lora/lora.py
commit:76ebf750a463	touches	file:modules/extras.py
commit:76f5abdbdb73	touches	file:extensions-builtin/Lora/network_oft.py
commit:76f8436bfab8	touches	file:modules/sd_schedulers.py
commit:76fd487818b1	touches	file:javascript/imageviewer.js
commit:770ee23f18d1	touches	file:modules/sd_models.py
commit:771ea212de13	touches	file:javascript/hints.js
commit:771ea212de13	touches	file:modules/ui.py
commit:7738c057ce93	touches	file:modules/devices.py
commit:7745db6fc02f	touches	file:modules/errors.py
commit:7745db6fc02f	touches	file:modules/launch_utils.py
commit:7749f2d8ade9	touches	file:javascript/hints.js
commit:774c691df8b9	touches	file:style.css
commit:775fa7696b90	touches	file:javascript/imageviewer.js
commit:77761e7bad8a	touches	file:modules/processing.py
commit:77761e7bad8a	touches	file:modules/ui.py
commit:777af661a218	touches	file:extensions-builtin/SwinIR/scripts/swinir_model.py
commit:777af661a218	touches	file:modules/gfpgan_model.py
commit:777af661a218	touches	file:modules/modelloader.py
commit:777af661a218	touches	file:modules/realesrgan_model.py
commit:777af661a218	touches	file:modules/upscaler_utils.py
commit:7785d484ae8a	touches	file:modules/infotext_utils.py
commit:77a10c62c9a4	touches	file:modules/extensions.py
commit:77a10c62c9a4	touches	file:modules/gitpython_hack.py
commit:77a10c62c9a4	touches	file:modules/ui_extensions.py
commit:77bd953da2f9	touches	file:script.js
commit:77c52ea701be	touches	file:style.css
commit:77f9db3b080f	touches	file:modules/ui.py
commit:780c70f6eadc	touches	file:CHANGELOG.md
commit:783a5754d5b5	touches	file:javascript/resizeHandle.js
commit:7870937c770a	touches	file:scripts/xyz_grid.py
commit:7882f76da45d	touches	file:modules/img2img.py
commit:7882f76da45d	touches	file:modules/processing.py
commit:7882f76da45d	touches	file:modules/sd_hijack.py
commit:7882f76da45d	touches	file:modules/sd_samplers_kdiffusion.py
commit:7882f76da45d	touches	file:modules/txt2img.py
commit:7893533674e3	touches	file:modules/extensions.py
commit:7893533674e3	touches	file:modules/ui_extensions.py
commit:789d47f832a5	touches	file:modules/ui_extra_networks.py
commit:78acdcf677a9	touches	file:modules/sd_models.py
commit:78aed1fa4a98	touches	file:scripts/xyz_grid.py
commit:78c1a74660a2	touches	file:javascript/extraNetworks.js
commit:78dd988e12e1	touches	file:.github/pull_request_template.md
commit:78e421e4ea83	touches	file:javascript/settings.js
commit:793a491923ba	touches	file:.github/workflows/run_tests.yaml
commit:793a491923ba	touches	file:.gitignore
commit:793a491923ba	touches	file:launch.py
commit:793a491923ba	touches	file:modules/cmd_args.py
commit:793a491923ba	touches	file:pyproject.toml
commit:793a491923ba	touches	file:requirements-test.txt
commit:793a491923ba	touches	file:test/basic_features/__init__.py
commit:793a491923ba	touches	file:test/basic_features/extras_test.py
commit:793a491923ba	touches	file:test/basic_features/img2img_test.py
commit:793a491923ba	touches	file:test/basic_features/txt2img_test.py
commit:793a491923ba	touches	file:test/basic_features/utils_test.py
commit:793a491923ba	touches	file:test/conftest.py
commit:793a491923ba	touches	file:test/server_poll.py
commit:793a491923ba	touches	file:test/test_extras.py
commit:793a491923ba	touches	file:test/test_img2img.py
commit:793a491923ba	touches	file:test/test_txt2img.py
commit:793a491923ba	touches	file:test/test_utils.py
commit:79514e5b8e11	touches	file:extensions-builtin/canvas-zoom-and-pan/javascript/zoom.js
commit:7989765faad6	touches	file:modules/sd_vae.py
commit:7990ed92be7f	touches	file:webui.py
commit:79a6c5a666ba	touches	file:style.css
commit:79cbc92abfee	touches	file:modules/extensions.py
commit:79d261b7d47e	touches	file:launch.py
commit:79d4e8198417	touches	file:modules/processing.py
commit:79d57d02f15a	touches	file:scripts/custom_code.py
commit:79d6e9cd3253	touches	file:modules/sd_samplers_extra.py
commit:79de09c3df95	touches	file:modules/models/sd3/other_impls.py
commit:79de09c3df95	touches	file:modules/models/sd3/sd3_impls.py
commit:79ed567b12c7	touches	file:modules/ui_extensions.py
commit:79fd17ee6332	touches	file:modules/gradio_extensons.py
commit:79ffb9453f8e	touches	file:modules/models/diffusion/uni_pc/sampler.py
commit:79ffb9453f8e	touches	file:modules/models/diffusion/uni_pc/uni_pc.py
commit:79ffb9453f8e	touches	file:modules/shared.py
commit:79ffb9453f8e	touches	file:scripts/xyz_grid.py
commit:7a13a3f4ba86	touches	file:modules/sd_samplers_common.py
commit:7a13a3f4ba86	touches	file:modules/sd_vae_taesd.py
commit:7a14c8ab45da	touches	file:modules/processing.py
commit:7a14c8ab45da	touches	file:modules/scripts.py
commit:7a14c8ab45da	touches	file:modules/scripts_auto_postprocessing.py
commit:7a14c8ab45da	touches	file:modules/scripts_postprocessing.py
commit:7a14c8ab45da	touches	file:modules/shared.py
commit:7a14c8ab45da	touches	file:modules/shared_items.py
commit:7a14c8ab45da	touches	file:modules/ui_components.py
commit:7a14c8ab45da	touches	file:scripts/postprocessing_upscale.py
commit:7a14c8ab45da	touches	file:style.css
commit:7a1bbf99da7c	touches	file:modules/images.py
commit:7a6460142837	touches	file:extensions-builtin/extra-options-section/scripts/extra_options_section.py
commit:7a6460142837	touches	file:modules/shared.py
commit:7a68ac661574	touches	file:scripts/xyz_grid.py
commit:7a6abc59ea1e	touches	file:javascript/edit-order.js
commit:7a6abc59ea1e	touches	file:modules/shared.py
commit:7a7fa25d02d4	touches	file:modules/images.py
commit:7aa27b000a30	touches	file:modules/images.py
commit:7aab389d6fc8	touches	file:modules/sd_hijack_optimizations.py
commit:7ab16e99eedf	touches	file:modules/sd_samplers_kdiffusion.py
commit:7ab16e99eedf	touches	file:modules/shared_options.py
commit:7ab16e99eedf	touches	file:scripts/xyz_grid.py
commit:7ad48120d45e	touches	file:modules/img2img.py
commit:7ad6899bf987	touches	file:modules/upscaler_utils.py
commit:7af576e745c7	touches	file:modules/scripts.py
commit:7afe7375e104	touches	file:modules/launch_utils.py
commit:7b052eb70eb2	touches	file:extensions-builtin/Lora/lora.py
commit:7b052eb70eb2	touches	file:extensions-builtin/Lora/ui_edit_user_metadata.py
commit:7b1c7ba87b14	touches	file:html/extra-networks-card.html
commit:7b1c7ba87b14	touches	file:modules/ui_extra_networks.py
commit:7b2917255a7d	touches	file:.gitignore
commit:7b44b85730d3	touches	file:modules/ui.py
commit:7b61acbd35e9	touches	file:javascript/dragdrop.js
commit:7b61acbd35e9	touches	file:script.js
commit:7ba8f11688be	touches	file:modules/shared.py
commit:7ba8f11688be	touches	file:modules/shared_init.py
commit:7bb0fbed136c	touches	file:modules/sd_samplers_kdiffusion.py
commit:7bcfb4654f67	touches	file:modules/shared.py
commit:7c016dd642cc	touches	file:modules/extras.py
commit:7c128bbdac0d	touches	file:extensions-builtin/Lora/network.py
commit:7c128bbdac0d	touches	file:extensions-builtin/Lora/network_full.py
commit:7c128bbdac0d	touches	file:extensions-builtin/Lora/network_glora.py
commit:7c128bbdac0d	touches	file:extensions-builtin/Lora/network_hada.py
commit:7c128bbdac0d	touches	file:extensions-builtin/Lora/network_ia3.py
commit:7c128bbdac0d	touches	file:extensions-builtin/Lora/network_lokr.py
commit:7c128bbdac0d	touches	file:extensions-builtin/Lora/network_lora.py
commit:7c128bbdac0d	touches	file:extensions-builtin/Lora/network_norm.py
commit:7c128bbdac0d	touches	file:extensions-builtin/Lora/networks.py
commit:7c128bbdac0d	touches	file:modules/cmd_args.py
commit:7c128bbdac0d	touches	file:modules/sd_models.py
commit:7c22bbd3ad5a	touches	file:modules/processing.py
commit:7c53f81caf81	touches	file:scripts/prompt_matrix.py
commit:7c5480eb969a	touches	file:modules/ui.py
commit:7c62bb2788d9	touches	file:modules/ui_extensions.py
commit:7c9c19b2a23d	touches	file:modules/postprocessing.py
commit:7ca20adc6dc7	touches	file:modules/config_states.py
commit:7d1368c51ca3	touches	file:javascript/extraNetworks.js
commit:7d1f2a3a4953	touches	file:.gitignore
commit:7d1f2a3a4953	touches	file:launch.py
commit:7d26c479eebe	touches	file:CHANGELOG.md
commit:7d4d871d4679	touches	file:extensions-builtin/Lora/networks.py
commit:7d59b3b5643c	touches	file:extensions-builtin/soft-inpainting/scripts/soft_inpainting.py
commit:7d60076b8b27	touches	file:javascript/settings.js
commit:7d7f7f4b49cc	touches	file:modules/sysinfo.py
commit:7d81ecbea6b5	touches	file:modules/shared.py
commit:7d8f55ec7c2d	touches	file:modules/ui.py
commit:7d94e5f33b70	touches	file:README.md
commit:7dae6bb3b52a	touches	file:javascript/extraNetworks.js
commit:7dc9d9e27e15	touches	file:modules/processing.py
commit:7dca8e769810	touches	file:extensions-builtin/Lora/ui_extra_networks_lora.py
commit:7dca8e769810	touches	file:html/extra-networks-card.html
commit:7dca8e769810	touches	file:javascript/extraNetworks.js
commit:7dca8e769810	touches	file:modules/ui.py
commit:7dca8e769810	touches	file:modules/ui_extra_networks.py
commit:7dca8e769810	touches	file:modules/ui_extra_networks_checkpoints.py
commit:7dca8e769810	touches	file:modules/ui_extra_networks_hypernets.py
commit:7dca8e769810	touches	file:modules/ui_extra_networks_textual_inversion.py
commit:7dca8e769810	touches	file:style.css
commit:7dd23973f7e7	touches	file:scripts/loopback.py
commit:7df7e4d22796	touches	file:modules/generation_parameters_copypaste.py
commit:7df7e4d22796	touches	file:modules/scripts.py
commit:7df7e4d22796	touches	file:modules/ui_common.py
commit:7dfe959f4b9f	touches	file:CHANGELOG.md
commit:7dfee8a3bd7c	touches	file:.github/ISSUE_TEMPLATE/bug_report.yml
commit:7e1bd3e3c30e	touches	file:modules/sd_schedulers.py
commit:7e2d39a2d158	touches	file:modules/api/api.py
commit:7e3539df6f4e	touches	file:modules/modelloader.py
commit:7e3539df6f4e	touches	file:webui.py
commit:7e4b06fcd0b9	touches	file:modules/models/sd3/sd3_cond.py
commit:7e4b06fcd0b9	touches	file:modules/models/sd3/sd3_model.py
commit:7e4b06fcd0b9	touches	file:modules/sd_models.py
commit:7e5cdaab4b38	touches	file:extensions-builtin/Lora/network.py
commit:7e5cdaab4b38	touches	file:extensions-builtin/Lora/network_lora.py
commit:7e5cdaab4b38	touches	file:extensions-builtin/Lora/networks.py
commit:7e5cdaab4b38	touches	file:modules/models/sd3/mmdit.py
commit:7e5cdaab4b38	touches	file:modules/models/sd3/sd3_impls.py
commit:7e5cdaab4b38	touches	file:modules/models/sd3/sd3_model.py
commit:7e5e67330b09	touches	file:modules/script_callbacks.py
commit:7e5e67330b09	touches	file:modules/scripts.py
commit:7e5e67330b09	touches	file:modules/shared_items.py
commit:7e5e67330b09	touches	file:modules/ui_settings.py
commit:7e5e67330b09	touches	file:style.css
commit:7e5fcdaf6943	touches	file:modules/launch_utils.py
commit:7e77a38cbc15	touches	file:modules/processing.py
commit:7e77a38cbc15	touches	file:modules/processing_scripts/refiner.py
commit:7e77a38cbc15	touches	file:scripts/xyz_grid.py
commit:7e88f57aaa92	touches	file:modules/sd_samplers_cfg_denoiser.py
commit:7ea5be3e29dd	touches	file:webui.py
commit:7ea5d395c44b	touches	file:modules/generation_parameters_copypaste.py
commit:7ea5d395c44b	touches	file:modules/img2img.py
commit:7ea5d395c44b	touches	file:modules/processing.py
commit:7ea5d395c44b	touches	file:modules/ui.py
commit:7ea5d395c44b	touches	file:scripts/xyz_grid.py
commit:7ea5d395c44b	touches	file:style.css
commit:7ee2114cd9c4	touches	file:modules/sd_models.py
commit:7ef5551634f8	touches	file:javascript/edit-attention.js
commit:7f1d087cba68	touches	file:modules/sd_vae.py
commit:7f2005127ff2	touches	file:modules/script_callbacks.py
commit:7f2005127ff2	touches	file:modules/sd_samplers_kdiffusion.py
commit:7f2214aa2b9a	touches	file:modules/processing.py
commit:7f2214aa2b9a	touches	file:modules/shared.py
commit:7f46f81dd7b5	touches	file:modules/processing.py
commit:7f62300f7d49	touches	file:modules/processing.py
commit:7f691612caf6	touches	file:modules/processing.py
commit:7f7db1700bda	touches	file:modules/api/models.py
commit:7fa5ee54b159	touches	file:extensions-builtin/Lora/ui_extra_networks_lora.py
commit:7fa5ee54b159	touches	file:modules/ui_extra_networks_checkpoints.py
commit:7fa5ee54b159	touches	file:modules/ui_extra_networks_hypernets.py
commit:7fa5ee54b159	touches	file:modules/ui_extra_networks_textual_inversion.py
commit:7fa5ee54b159	touches	file:modules/ui_extra_networks_user_metadata.py
commit:7fb72edaffd3	touches	file:launch.py
commit:7fd19fa4e703	touches	file:modules/images.py
commit:7fd3a4e6d7b1	touches	file:modules/sd_vae.py
commit:7ff1ef77dd22	touches	file:launch.py
commit:7ff1ef77dd22	touches	file:webui.py
commit:7ff54005fee4	touches	file:modules/ui_prompt_styles.py
commit:801461eea209	touches	file:.eslintrc.js
commit:801461eea209	touches	file:javascript/extraNetworks.js
commit:801461eea209	touches	file:javascript/profilerVisualization.js
commit:8016d78a4b9c	touches	file:modules/shared_options.py
commit:801b72b92b4f	touches	file:CHANGELOG.md
commit:803d44c4740f	touches	file:modules/textual_inversion/textual_inversion.py
commit:8048f36072c8	touches	file:modules/ui_extra_networks.py
commit:8052a4971e1b	touches	file:javascript/edit-attention.js
commit:80752f43b22a	touches	file:launch.py
commit:80873b1538e6	touches	file:modules/img2img.py
commit:80873b1538e6	touches	file:modules/infotext_utils.py
commit:80873b1538e6	touches	file:modules/processing.py
commit:80b26d2a6961	touches	file:extensions-builtin/Lora/lora.py
commit:80b26d2a6961	touches	file:extensions-builtin/Lora/scripts/lora_script.py
commit:80b847e72dac	touches	file:scripts/poor_mans_outpainting.py
commit:80d639a44092	touches	file:modules/sd_hijack.py
commit:80d639a44092	touches	file:modules/sd_models.py
commit:80d639a44092	touches	file:modules/sd_models_types.py
commit:80f618ea95f1	touches	file:requirements.txt
commit:80f618ea95f1	touches	file:requirements_versions.txt
commit:8100e901ab0c	touches	file:modules/upscaler_utils.py
commit:8106117a474a	touches	file:modules/ui.py
commit:81105ee0135f	touches	file:modules/postprocessing.py
commit:81105ee0135f	touches	file:modules/ui_postprocessing.py
commit:81126027f522	touches	file:modules/devices.py
commit:813535d38bbc	touches	file:modules/sd_models.py
commit:8179901f9cc3	touches	file:scripts/xyz_grid.py
commit:81823407d9b3	touches	file:modules/hashes.py
commit:81823407d9b3	touches	file:modules/hypernetworks/hypernetwork.py
commit:81823407d9b3	touches	file:modules/sd_models.py
commit:81823407d9b3	touches	file:modules/shared.py
commit:818d6a11e709	touches	file:modules/xpu_specific.py
commit:8197f24dbcfe	touches	file:modules/ui.py
commit:81b276a1ea94	touches	file:modules/shared.py
commit:81bbe31d9ff1	touches	file:README.md
commit:81be35792524	touches	file:modules/shared_options.py
commit:81be35792524	touches	file:scripts/postprocessing_upscale.py
commit:81c00728b8ec	touches	file:modules/mac_specific.py
commit:81c16c965e53	touches	file:extensions-builtin/Lora/lyco_helpers.py
commit:81c4ddf6ebeb	touches	file:modules/processing.py
commit:81e94de3185d	touches	file:extensions-builtin/Lora/lora_logger.py
commit:81e94de3185d	touches	file:extensions-builtin/Lora/networks.py
commit:8200e0c27bb4	touches	file:webui.py
commit:8218f6cd3704	touches	file:modules/sd_models_xl.py
commit:821adc3041b5	touches	file:modules/masking.py
commit:8220cf37da81	touches	file:modules/ui_extra_networks.py
commit:822597db4921	touches	file:modules/sd_samplers_common.py
commit:8262cd71c49e	touches	file:webui.sh
commit:8284ebd94c4d	touches	file:modules/sd_hijack_clip.py
commit:8285a149d8c4	touches	file:modules/sd_samplers.py
commit:8285a149d8c4	touches	file:modules/sd_samplers_cfg_denoiser.py
commit:8285a149d8c4	touches	file:modules/sd_samplers_common.py
commit:8285a149d8c4	touches	file:modules/sd_samplers_kdiffusion.py
commit:8285a149d8c4	touches	file:modules/sd_samplers_timesteps.py
commit:8285a149d8c4	touches	file:modules/sd_samplers_timesteps_impl.py
commit:82884da18c8f	touches	file:scripts/xyz_grid.py
commit:82905f520c6e	touches	file:style.css
commit:82a28bfe3592	touches	file:style.css
commit:82a973c04367	touches	file:CHANGELOG.md
commit:82b415c9c141	touches	file:javascript/localization.js
commit:82e2e25325f7	touches	file:modules/ui.py
commit:83182d2799f1	touches	file:modules/shared_options.py
commit:83266205d0b5	touches	file:modules/sd_schedulers.py
commit:835a7dbf0e73	touches	file:modules/processing.py
commit:835a7dbf0e73	touches	file:modules/scripts.py
commit:83829471decb	touches	file:modules/shared.py
commit:83829471decb	touches	file:modules/ui.py
commit:83a9dd82db51	touches	file:javascript/dragdrop.js
commit:83a9dd82db51	touches	file:modules/images.py
commit:83a9dd82db51	touches	file:modules/ui_toprow.py
commit:83e8c322762c	touches	file:modules/processing.py
commit:844c23975f36	touches	file:modules/options.py
commit:8459015017fd	touches	file:modules/ui_common.py
commit:8462d07116b8	touches	file:style.css
commit:847ceae1f71e	touches	file:modules/ui_extra_networks_checkpoints.py
commit:84b6fcd02ca6	touches	file:modules/devices.py
commit:84b6fcd02ca6	touches	file:modules/processing.py
commit:84b6fcd02ca6	touches	file:modules/rng_philox.py
commit:84b6fcd02ca6	touches	file:modules/sd_samplers_kdiffusion.py
commit:84b6fcd02ca6	touches	file:modules/shared.py
commit:84c5b0801a25	touches	file:scripts/postprocessing_upscale.py
commit:84d9ce30cb42	touches	file:README.md
commit:84d9ce30cb42	touches	file:modules/deepbooru_model.py
commit:84d9ce30cb42	touches	file:modules/devices.py
commit:84d9ce30cb42	touches	file:modules/processing.py
commit:84d9ce30cb42	touches	file:modules/sd_hijack_unet.py
commit:84d9ce30cb42	touches	file:modules/sd_hijack_utils.py
commit:84d9ce30cb42	touches	file:modules/sd_models.py
commit:84d9ce30cb42	touches	file:modules/shared.py
commit:8519d52ef505	touches	file:extensions-builtin/canvas-zoom-and-pan/javascript/zoom.js
commit:851bf4352022	touches	file:modules/generation_parameters_copypaste.py
commit:851c3d51eda1	touches	file:extensions-builtin/Lora/network.py
commit:851c3d51eda1	touches	file:extensions-builtin/Lora/networks.py
commit:853e21d98ead	touches	file:extensions-builtin/Lora/network_oft.py
commit:854f8c318c26	touches	file:modules/styles.py
commit:85abbbb8fa8f	touches	file:javascript/resizeHandle.js
commit:85b4f89926f7	touches	file:modules/shared.py
commit:85b4f89926f7	touches	file:modules/ui.py
commit:85b4f89926f7	touches	file:modules/ui_extensions.py
commit:85b4f89926f7	touches	file:webui.py
commit:85bd9b3d3147	touches	file:javascript/imageviewerGamepad.js
commit:85c2c138d2f5	touches	file:modules/processing.py
commit:85fcb7b8dfe7	touches	file:extensions-builtin/Lora/scripts/lora_script.py
commit:86221269f98e	touches	file:extensions-builtin/Lora/networks.py
commit:86221269f98e	touches	file:modules/sd_disable_initialization.py
commit:86276832e020	touches	file:extensions-builtin/LDSR/sd_hijack_ddpm_v1.py
commit:864676880104	touches	file:webui.sh
commit:865af20d8a4a	touches	file:webui.py
commit:86708463f176	touches	file:modules/shared_options.py
commit:867be74244dc	touches	file:modules/shared.py
commit:867c8a1083e8	touches	file:webui.py
commit:86861f8379e9	touches	file:scripts/postprocessing_upscale.py
commit:86a46e81892c	touches	file:javascript/extraNetworks.js
commit:86a46e81892c	touches	file:style.css
commit:86b3aa94e2d3	touches	file:modules/progress.py
commit:86b99b1e98fc	touches	file:modules/errors.py
commit:86b99b1e98fc	touches	file:modules/sysinfo.py
commit:86bafb625ae2	touches	file:webui.py
commit:86ff43b93007	touches	file:javascript/localization.js
commit:86ff43b93007	touches	file:modules/localization.py
commit:86ff43b93007	touches	file:modules/ui.py
commit:874954060297	touches	file:modules/sd_samplers_kdiffusion.py
commit:875990a23213	touches	file:modules/cmd_args.py
commit:875990a23213	touches	file:webui.py
commit:875bc270093b	touches	file:launch.py
commit:87702febe08b	touches	file:modules/ui_loadsave.py
commit:87a083d1b23e	touches	file:modules/ui_extensions.py
commit:87a083d1b23e	touches	file:modules/ui_extra_networks_user_metadata.py
commit:87b50397a6da	touches	file:modules/sd_models.py
commit:87c3aa7389ce	touches	file:webui.py
commit:87cca029d713	touches	file:modules/processing.py
commit:87cca029d713	touches	file:modules/sd_samplers_common.py
commit:87cca029d713	touches	file:modules/shared_options.py
commit:87cd07b3af74	touches	file:modules/sd_samplers_timesteps_impl.py
commit:87cd07b3af74	touches	file:modules/xpu_specific.py
commit:87dd685224b5	touches	file:modules/sd_hijack_optimizations.py
commit:883d6a2b34a2	touches	file:modules/postprocessing.py
commit:883d6a2b34a2	touches	file:modules/ui_postprocessing.py
commit:884435796ad6	touches	file:CHANGELOG.md
commit:88515267b94c	touches	file:style.css
commit:8863b31d83b5	touches	file:modules/sd_samplers_kdiffusion.py
commit:887a5122083d	touches	file:modules/infotext_utils.py
commit:887a5122083d	touches	file:modules/infotext_versions.py
commit:887a5122083d	touches	file:modules/processing.py
commit:888b928f0da7	touches	file:modules/styles.py
commit:889f5e38a1bb	touches	file:style.css
commit:88a3e1d30624	touches	file:modules/prompt_parser.py
commit:88a46e8427fb	touches	file:modules/ui_extra_networks.py
commit:88b2ef3b04c3	touches	file:scripts/prompts_from_file.py
commit:88ba095fd022	touches	file:README.md
commit:88f70ce63cb9	touches	file:modules/infotext_utils.py
commit:88f70ce63cb9	touches	file:modules/scripts.py
commit:890181e1d456	touches	file:modules/errors.py
commit:89103b47475b	touches	file:extensions-builtin/Lora/networks.py
commit:89103b47475b	touches	file:extensions-builtin/Lora/scripts/lora_script.py
commit:891ccb767c38	touches	file:extensions-builtin/Lora/lora_logger.py
commit:892e703b59b2	touches	file:modules/ui_gradio_extensions.py
commit:89352a2f52c6	touches	file:extensions-builtin/LDSR/scripts/ldsr_model.py
commit:89352a2f52c6	touches	file:extensions-builtin/ScuNET/scripts/scunet_model.py
commit:89352a2f52c6	touches	file:extensions-builtin/SwinIR/scripts/swinir_model.py
commit:89352a2f52c6	touches	file:modules/esrgan_model.py
commit:89352a2f52c6	touches	file:modules/modelloader.py
commit:89352a2f52c6	touches	file:modules/realesrgan_model.py
commit:8941297ceb3e	touches	file:scripts/xyz_grid.py
commit:895456c4a2e8	touches	file:modules/sd_disable_initialization.py
commit:896fde789ee6	touches	file:modules/sysinfo.py
commit:897312de4635	touches	file:CHANGELOG.md
commit:89c44bbc1548	touches	file:javascript/hints.js
commit:89cfbc3bbe40	touches	file:javascript/ui.js
commit:89e6dfff717e	touches	file:modules/sd_hijack_clip.py
commit:8a07c59baa67	touches	file:extensions-builtin/canvas-zoom-and-pan/javascript/zoom.js
commit:8a178e67172f	touches	file:webui.py
commit:8a1f32b6a5ce	touches	file:modules/images.py
commit:8a34671fe91e	touches	file:launch.py
commit:8a34671fe91e	touches	file:models/karlo/ViT-L-14_stats.th
commit:8a34671fe91e	touches	file:modules/lowvram.py
commit:8a34671fe91e	touches	file:modules/processing.py
commit:8a34671fe91e	touches	file:modules/sd_models.py
commit:8a34671fe91e	touches	file:modules/sd_models_config.py
commit:8a34671fe91e	touches	file:modules/sd_samplers_compvis.py
commit:8a34671fe91e	touches	file:modules/sd_samplers_kdiffusion.py
commit:8a3d23283993	touches	file:modules/sd_hijack.py
commit:8a3d23283993	touches	file:modules/sd_hijack_optimizations.py
commit:8a3f85c4cc19	touches	file:scripts/xy_grid.py
commit:8a40e30d08d4	touches	file:modules/prompt_parser.py
commit:8a561d94e67b	touches	file:modules/shared.py
commit:8a561d94e67b	touches	file:modules/ui.py
commit:8a6e4bda21dd	touches	file:modules/scripts.py
commit:8a7a4275a83f	touches	file:modules/launch_utils.py
commit:8aa13d5dce27	touches	file:modules/call_queue.py
commit:8aa13d5dce27	touches	file:modules/img2img.py
commit:8aa13d5dce27	touches	file:modules/processing.py
commit:8aa13d5dce27	touches	file:modules/shared_options.py
commit:8aa13d5dce27	touches	file:modules/shared_state.py
commit:8aa13d5dce27	touches	file:scripts/loopback.py
commit:8aa13d5dce27	touches	file:scripts/xyz_grid.py
commit:8aa51f682c17	touches	file:modules/ui.py
commit:8aa87c564a79	touches	file:modules/modelloader.py
commit:8aa87c564a79	touches	file:modules/ui.py
commit:8aa87c564a79	touches	file:modules/ui_loadsave.py
commit:8aa87c564a79	touches	file:style.css
commit:8aa87c564a79	touches	file:webui.py
commit:8ab4e55fe3a7	touches	file:extensions-builtin/canvas-zoom-and-pan/javascript/zoom.js
commit:8abfc95013d2	touches	file:modules/script_callbacks.py
commit:8ae8aeca75de	touches	file:javascript/progressbar.js
commit:8af4b3bbe46d	touches	file:README.md
commit:8af4b3bbe46d	touches	file:webui-user.sh
commit:8af4b3bbe46d	touches	file:webui.sh
commit:8b036d8a8253	touches	file:modules/launch_utils.py
commit:8b08b78c03f0	touches	file:modules/api/api.py
commit:8b3773424408	touches	file:scripts/xyz_grid.py
commit:8b3d98c5a580	touches	file:CHANGELOG.md
commit:8b40f475a311	touches	file:modules/devices.py
commit:8b40f475a311	touches	file:modules/xpu_specific.py
commit:8b74389e76a7	touches	file:modules/styles.py
commit:8b7b99f8d582	touches	file:modules/launch_utils.py
commit:8bc4a3a2a8d6	touches	file:modules/ui_tempdir.py
commit:8c11b126e5bd	touches	file:modules/ui_extra_networks.py
commit:8c200c215649	touches	file:modules/sd_models.py
commit:8c3e64f4f6d6	touches	file:CHANGELOG.md
commit:8c801362b430	touches	file:launch.py
commit:8c801362b430	touches	file:modules/cmd_args.py
commit:8c801362b430	touches	file:modules/extensions.py
commit:8c801362b430	touches	file:modules/paths.py
commit:8c801362b430	touches	file:modules/paths_internal.py
commit:8c801362b430	touches	file:modules/shared.py
commit:8c88bf40060c	touches	file:launch.py
commit:8c88bf40060c	touches	file:modules/cmd_args.py
commit:8c8c3617a703	touches	file:modules/upscaler.py
commit:8ca34ad6d8cc	touches	file:modules/api/api.py
commit:8ca50f8240fc	touches	file:CHANGELOG.md
commit:8ca50f8240fc	touches	file:scripts/prompts_from_file.py
commit:8ccc27127bd5	touches	file:javascript/aspectRatioOverlay.js
commit:8ccc27127bd5	touches	file:javascript/contextMenus.js
commit:8ccc27127bd5	touches	file:javascript/edit-attention.js
commit:8ccc27127bd5	touches	file:javascript/extensions.js
commit:8ccc27127bd5	touches	file:javascript/extraNetworks.js
commit:8ccc27127bd5	touches	file:javascript/generationParams.js
commit:8ccc27127bd5	touches	file:javascript/hires_fix.js
commit:8ccc27127bd5	touches	file:javascript/imageMaskFix.js
commit:8ccc27127bd5	touches	file:javascript/imageviewer.js
commit:8ccc27127bd5	touches	file:javascript/localization.js
commit:8ccc27127bd5	touches	file:javascript/notification.js
commit:8ccc27127bd5	touches	file:javascript/progressbar.js
commit:8ccc27127bd5	touches	file:javascript/ui.js
commit:8ce613bb3af2	touches	file:modules/images.py
commit:8ce9b36e0fe5	touches	file:.github/workflows/on_pull_request.yaml
commit:8d54739de5d7	touches	file:CHANGELOG.md
commit:8d6f7417385d	touches	file:CHANGELOG.md
commit:8d7382ab2475	touches	file:javascript/extraNetworks.js
commit:8d7382ab2475	touches	file:modules/ui_extra_networks.py
commit:8d7382ab2475	touches	file:style.css
commit:8d7fa2f67cb0	touches	file:modules/sd_hijack.py
commit:8d7fa2f67cb0	touches	file:modules/sd_hijack_optimizations.py
commit:8d970a4a9714	signed_off_by	person:pablo_cholaky
commit:8d970a4a9714	touches	file:webui.sh
commit:8d98532b6531	touches	file:webui.sh
commit:8d986727b39e	touches	file:modules/api/api.py
commit:8d9ca46e0a09	touches	file:scripts/xyz_grid.py
commit:8dbacc7d0187	touches	file:scripts/soft_inpainting.py
commit:8dc920228e7c	touches	file:modules/sd_models.py
commit:8de6d3ff77e8	touches	file:modules/sd_samplers_kdiffusion.py
commit:8e0d16e74675	touches	file:modules/sd_vae_approx.py
commit:8e1c3561beb3	touches	file:javascript/extraNetworks.js
commit:8e292373ec5c	touches	file:modules/sd_samplers.py
commit:8e292373ec5c	touches	file:modules/sd_samplers_lcm.py
commit:8e355fbd7552	touches	file:modules/sd_models.py
commit:8e3ced73a8c8	touches	file:javascript/extraNetworks.js
commit:8e3ced73a8c8	touches	file:modules/ui_extra_networks.py
commit:8ea8e712c43e	touches	file:extensions-builtin/prompt-bracket-checker/javascript/prompt-bracket-checker.js
commit:8ea8e712c43e	touches	file:javascript/hints.js
commit:8ea8e712c43e	touches	file:javascript/imageviewer.js
commit:8ea8e712c43e	touches	file:javascript/progressbar.js
commit:8ea8e712c43e	touches	file:javascript/ui.js
commit:8ea8e712c43e	touches	file:modules/scripts.py
commit:8ea8e712c43e	touches	file:modules/scripts_postprocessing.py
commit:8ea8e712c43e	touches	file:modules/ui.py
commit:8ea8e712c43e	touches	file:modules/ui_common.py
commit:8ea8e712c43e	touches	file:modules/ui_components.py
commit:8ea8e712c43e	touches	file:requirements.txt
commit:8ea8e712c43e	touches	file:requirements_versions.txt
commit:8ea8e712c43e	touches	file:script.js
commit:8ea8e712c43e	touches	file:scripts/postprocessing_upscale.py
commit:8ea8e712c43e	touches	file:style.css
commit:8eaa7e9f0446	touches	file:javascript/dragdrop.js
commit:8eaa7e9f0446	touches	file:modules/images.py
commit:8eaa7e9f0446	touches	file:modules/ui_toprow.py
commit:8ec890192141	touches	file:modules/api/api.py
commit:8ece321df34a	touches	file:modules/shared.py
commit:8f1826375943	touches	file:modules/api/api.py
commit:8f18e672439f	touches	file:modules/images.py
commit:8f31b139b889	touches	file:modules/sd_samplers_kdiffusion.py
commit:8f3b02f09535	touches	file:modules/custom_statics.py
commit:8f3b02f09535	touches	file:modules/generation_parameters_copypaste.py
commit:8f3b02f09535	touches	file:webui-user.bat
commit:8f450321fef8	touches	file:modules/models/diffusion/ddpm_edit.py
commit:8f6b24ce5922	touches	file:modules/mac_specific.py
commit:8f8405274c6a	touches	file:webui.py
commit:8fa3fa76c392	touches	file:modules/images.py
commit:8faac8b96313	touches	file:modules/devices.py
commit:8faac8b96313	touches	file:webui.py
commit:8fc67f3851ba	touches	file:extensions-builtin/Lora/network_oft.py
commit:8fd155817991	touches	file:extensions-builtin/canvas-zoom-and-pan/javascript/zoom.js
commit:8fd20bd4c3cd	touches	file:extensions-builtin/canvas-zoom-and-pan/javascript/zoom.js
commit:8fe1e1952281	touches	file:.github/workflows/on_pull_request.yaml
commit:8fe1e1952281	touches	file:pyproject.toml
commit:8fe9ea7f4d8f	touches	file:modules/shared.py
commit:8fe9ea7f4d8f	touches	file:modules/ui_extra_networks.py
commit:9009e25cb1a7	touches	file:extensions-builtin/Lora/ui_extra_networks_lora.py
commit:9009e25cb1a7	touches	file:modules/ui_extra_networks.py
commit:9009e25cb1a7	touches	file:modules/ui_extra_networks_checkpoints.py
commit:9009e25cb1a7	touches	file:modules/ui_extra_networks_hypernets.py
commit:9009e25cb1a7	touches	file:modules/ui_extra_networks_textual_inversion.py
commit:90366b8d8564	touches	file:javascript/hints.js
commit:90366b8d8564	touches	file:modules/ui.py
commit:9043b91649f3	touches	file:modules/ui.py
commit:90441294db16	touches	file:extensions-builtin/Lora/network_oft.py
commit:9058620cec27	touches	file:modules/launch_utils.py
commit:905c3fe23ee7	touches	file:modules/shared.py
commit:906d1179e9a3	touches	file:extensions-builtin/Lora/network_glora.py
commit:906d1179e9a3	touches	file:extensions-builtin/Lora/networks.py
commit:908d522057b9	touches	file:.github/workflows/on_pull_request.yaml
commit:908d522057b9	touches	file:pyproject.toml
commit:909c3dfe83ac	touches	file:modules/api/models.py
commit:90e465982270	touches	file:modules/api/api.py
commit:90e465982270	touches	file:requirements.txt
commit:90e465982270	touches	file:requirements_versions.txt
commit:90eb731ff1d7	touches	file:launch.py
commit:90eb731ff1d7	touches	file:modules/launch_utils.py
commit:90ec557d6028	touches	file:modules/sd_samplers_kdiffusion.py
commit:9118b0860682	touches	file:modules/temp
commit:9142be0a0d8c	touches	file:modules/api/api.py
commit:9142ce8188cc	touches	file:extensions-builtin/canvas-zoom-and-pan/javascript/zoom.js
commit:91560e98c47f	touches	file:modules/api/api.py
commit:9158d0fd1215	touches	file:javascript/progressbar.js
commit:915d1da1cda9	touches	file:modules/sd_models.py
commit:915d1da1cda9	touches	file:modules/shared.py
commit:917faa532537	touches	file:modules/shared.py
commit:9199b6b7ebe9	touches	file:javascript/inputAccordion.js
commit:9199b6b7ebe9	touches	file:modules/processing.py
commit:9199b6b7ebe9	touches	file:modules/ui.py
commit:9199b6b7ebe9	touches	file:modules/ui_components.py
commit:9199b6b7ebe9	touches	file:style.css
commit:91a131aa6ca2	touches	file:extensions-builtin/Lora/network.py
commit:91a15dca80f4	touches	file:modules/ui_tempdir.py
commit:91cfa9718cea	touches	file:modules/sd_hijack_unet.py
commit:91ecc750bebc	touches	file:modules/sd_hijack_clip.py
commit:92032f2da8e5	touches	file:extensions-builtin/canvas-zoom-and-pan/scripts/hotkey_config.py
commit:920fe8057cb3	touches	file:modules/ui.py
commit:9211febbfc9c	touches	file:javascript/resizeHandle.js
commit:9213d5cb3b56	touches	file:modules/ui_settings.py
commit:92501d4f8006	touches	file:modules/txt2img.py
commit:9251ae3bc78e	touches	file:modules/cache.py
commit:925dd09c91e7	touches	file:modules/interrogate.py
commit:925dd09c91e7	touches	file:modules/shared.py
commit:928bd42da466	touches	file:modules/img2img.py
commit:928bd42da466	touches	file:modules/ui.py
commit:92902e180e57	touches	file:requirements.txt
commit:92902e180e57	touches	file:requirements_versions.txt
commit:92ab0ef7d65e	touches	file:extensions-builtin/Lora/network_oft.py
commit:92bae77b88fd	touches	file:modules/ui_extra_networks.py
commit:92e173d414e5	touches	file:modules/sd_models.py
commit:92e6aa365371	touches	file:modules/ui_common.py
commit:92e6aa365371	touches	file:modules/util.py
commit:93015964c7c9	touches	file:modules/options.py
commit:9320139bd834	touches	file:modules/ui_extra_networks.py
commit:935d9d899c40	touches	file:CHANGELOG.md
commit:9377092a8926	touches	file:javascript/notification.js
commit:938578e8a948	touches	file:modules/generation_parameters_copypaste.py
commit:938578e8a948	touches	file:modules/shared.py
commit:938578e8a948	touches	file:modules/txt2img.py
commit:938578e8a948	touches	file:modules/ui.py
commit:938578e8a948	touches	file:modules/ui_common.py
commit:93c7b9d7fc45	touches	file:extensions-builtin/canvas-zoom-and-pan/javascript/zoom.js
commit:93eae69895c3	touches	file:extensions-builtin/soft-inpainting/scripts/soft_inpainting.py
commit:93fad28a9797	touches	file:launch.py
commit:93fad28a9797	touches	file:webui.bat
commit:9407f1731aa8	touches	file:modules/call_queue.py
commit:9407f1731aa8	touches	file:modules/progress.py
commit:94275b115c2a	touches	file:modules/shared_options.py
commit:945f6e5e9941	touches	file:javascript/aspectRatioOverlay.js
commit:945f6e5e9941	touches	file:style.css
commit:946797b01de3	touches	file:style.css
commit:94754c60c5e4	touches	file:launch.py
commit:94d4b3c8e78d	touches	file:javascript/extraNetworks.js
commit:94e966956666	touches	file:script.js
commit:94f23d00a76e	touches	file:modules/processing.py
commit:94ffa9fc5386	touches	file:scripts/xyz_grid.py
commit:9528d66c9479	touches	file:modules/shared_options.py
commit:952effa8b10d	touches	file:requirements_versions.txt
commit:953c3eab7b3b	touches	file:modules/sd_samplers_common.py
commit:953c3eab7b3b	touches	file:modules/shared_options.py
commit:954499a49409	touches	file:javascript/edit-attention.js
commit:955542a6540e	touches	file:modules/launch_utils.py
commit:956e1d8d90ed	touches	file:modules/errors.py
commit:956e1d8d90ed	touches	file:modules/launch_utils.py
commit:956e69bf3a93	touches	file:modules/sd_samplers_kdiffusion.py
commit:957185f7eb5a	touches	file:javascript/ui.js
commit:957185f7eb5a	touches	file:modules/ui_extra_networks_user_metadata.py
commit:9574ebe2128a	touches	file:script.js
commit:95821f0132f5	touches	file:modules/gradio_extensons.py
commit:95821f0132f5	touches	file:modules/initialize.py
commit:95821f0132f5	touches	file:modules/initialize_util.py
commit:95821f0132f5	touches	file:modules/shared_init.py
commit:95821f0132f5	touches	file:modules/ui_extra_networks.py
commit:95821f0132f5	touches	file:modules/ui_tempdir.py
commit:95821f0132f5	touches	file:webui.py
commit:9588721197bc	touches	file:extensions-builtin/Lora/network_oft.py
commit:958d68fb146f	touches	file:.eslintrc.js
commit:959f8b32d599	touches	file:modules/api/api.py
commit:95c5c4d64ef7	touches	file:style.css
commit:95cb492e4106	touches	file:modules/extras.py
commit:95d4d650d4f4	touches	file:webui.sh
commit:95ee0cb18817	touches	file:javascript/hints.js
commit:95ee0cb18817	touches	file:modules/call_queue.py
commit:95ee0cb18817	touches	file:style.css
commit:9621ca4d64bb	touches	file:modules/styles.py
commit:964fc13a99d4	touches	file:modules/upscaler.py
commit:965c72891486	touches	file:style.css
commit:96871e4f7444	touches	file:modules/launch_utils.py
commit:96871e4f7444	touches	file:webui-ipex-user.bat
commit:9691ca5f59d8	touches	file:README.md
commit:969a462ac9ea	touches	file:scripts/xyz_grid.py
commit:96cba45d71cf	touches	file:launch.py
commit:96d6ca4199e7	touches	file:extensions-builtin/LDSR/ldsr_model_arch.py
commit:96d6ca4199e7	touches	file:extensions-builtin/LDSR/scripts/ldsr_model.py
commit:96d6ca4199e7	touches	file:extensions-builtin/LDSR/sd_hijack_autoencoder.py
commit:96d6ca4199e7	touches	file:extensions-builtin/LDSR/sd_hijack_ddpm_v1.py
commit:96d6ca4199e7	touches	file:extensions-builtin/ScuNET/scunet_model_arch.py
commit:96d6ca4199e7	touches	file:extensions-builtin/SwinIR/scripts/swinir_model.py
commit:96d6ca4199e7	touches	file:modules/api/api.py
commit:96d6ca4199e7	touches	file:modules/api/models.py
commit:96d6ca4199e7	touches	file:modules/codeformer/codeformer_arch.py
commit:96d6ca4199e7	touches	file:modules/esrgan_model_arch.py
commit:96d6ca4199e7	touches	file:modules/extra_networks_hypernet.py
commit:96d6ca4199e7	touches	file:modules/images.py
commit:96d6ca4199e7	touches	file:modules/img2img.py
commit:96d6ca4199e7	touches	file:modules/interrogate.py
commit:96d6ca4199e7	touches	file:modules/modelloader.py
commit:96d6ca4199e7	touches	file:modules/models/diffusion/ddpm_edit.py
commit:96d6ca4199e7	touches	file:modules/models/diffusion/uni_pc/sampler.py
commit:96d6ca4199e7	touches	file:modules/processing.py
commit:96d6ca4199e7	touches	file:modules/prompt_parser.py
commit:96d6ca4199e7	touches	file:modules/textual_inversion/autocrop.py
commit:96d6ca4199e7	touches	file:modules/ui.py
commit:96d6ca4199e7	touches	file:modules/upscaler.py
commit:96e446218cf8	touches	file:html/footer.html
commit:96e446218cf8	touches	file:modules/ui.py
commit:96edfb560b32	touches	file:javascript/resizeHandle.js
commit:96f0593c8fcf	touches	file:modules/images.py
commit:97431f29feb1	touches	file:modules/processing.py
commit:976963ab6dc4	touches	file:modules/shared.py
commit:976c1053efeb	touches	file:modules/processing.py
commit:976c1053efeb	touches	file:modules/sd_samplers_cfg_denoiser.py
commit:976c1053efeb	touches	file:modules/soft_inpainting.py
commit:976c1053efeb	touches	file:modules/ui.py
commit:978c7fadb35e	touches	file:modules/cmd_args.py
commit:9805f35c6f3e	touches	file:modules/initialize.py
commit:9805f35c6f3e	touches	file:modules/launch_utils.py
commit:980970d39091	touches	file:modules/ui.py
commit:9821625a7617	touches	file:modules/processing.py
commit:982295aee53d	touches	file:scripts/img2imgalt.py
commit:984970068c2b	touches	file:modules/call_queue.py
commit:984970068c2b	touches	file:modules/progress.py
commit:984970068c2b	touches	file:modules/ui.py
commit:9857537053a1	touches	file:modules/img2img.py
commit:985c0b8e9abd	touches	file:html/image-update.svg
commit:985c0b8e9abd	touches	file:javascript/extraNetworks.js
commit:985c0b8e9abd	touches	file:modules/ui_extra_networks.py
commit:985c0b8e9abd	touches	file:style.css
commit:988dd02632bf	touches	file:modules/img2img.py
commit:989b89b12a8c	touches	file:modules/sd_models.py
commit:98c5fa920158	touches	file:scripts/postprocessing_caption.py
commit:990ca80cb645	touches	file:.github/workflows/on_pull_request.yaml
commit:990ca80cb645	touches	file:ruff.toml
commit:994e08aac1f8	touches	file:README.md
commit:994f56c3f930	touches	file:.eslintrc.js
commit:994f56c3f930	touches	file:javascript/dragdrop.js
commit:995ff5902fe0	touches	file:modules/processing.py
commit:995ff5902fe0	touches	file:modules/shared_options.py
commit:999a03e4a770	touches	file:javascript/localization.js
commit:99a64edea8d7	touches	file:modules/sd_vae.py
commit:99aa702015b2	touches	file:javascript/extraNetworks.js
commit:99ab3d43a71e	touches	file:modules/processing.py
commit:99acbd5ebe3e	touches	file:modules/launch_utils.py
commit:99c6c4a51bd8	touches	file:modules/ui_extensions.py
commit:99e65ec6182c	touches	file:modules/sd_samplers_kdiffusion.py
commit:99e65ec6182c	touches	file:modules/sd_schedulers.py
commit:99ef3b6c5218	touches	file:CHANGELOG.md
commit:99f3bf07d297	touches	file:javascript/imageviewerGamepad.js
commit:99f3bf07d297	touches	file:modules/shared.py
commit:99f5f8e76b31	touches	file:modules/img2img.py
commit:9a1435946ce7	touches	file:modules/sd_samplers_kdiffusion.py
commit:9a22c63f47e8	touches	file:modules/shared_items.py
commit:9a2da597c5e3	touches	file:extensions-builtin/canvas-zoom-and-pan/javascript/zoom.js
commit:9a3f35b028a8	touches	file:modules/lowvram.py
commit:9a3f35b028a8	touches	file:modules/sd_hijack_open_clip.py
commit:9a442702d10a	touches	file:modules/sd_samplers_kdiffusion.py
commit:9a4a1aac81df	touches	file:javascript/extensions.js
commit:9a4a1aac81df	touches	file:modules/ui_extensions.py
commit:9a4a1aac81df	touches	file:style.css
commit:9a4e650800ad	touches	file:modules/postprocessing.py
commit:9a86932c8bba	touches	file:modules/ui.py
commit:9a9557ecfc82	touches	file:launch.py
commit:9aa4d098f076	touches	file:modules/ui.py
commit:9aa9e980a9a2	touches	file:modules/infotext_utils.py
commit:9aa9e980a9a2	touches	file:modules/processing.py
commit:9aa9e980a9a2	touches	file:modules/processing_scripts/sampler.py
commit:9aa9e980a9a2	touches	file:modules/sd_samplers.py
commit:9aa9e980a9a2	touches	file:modules/sd_samplers_kdiffusion.py
commit:9aa9e980a9a2	touches	file:modules/txt2img.py
commit:9aa9e980a9a2	touches	file:modules/ui.py
commit:9ab52caf022f	touches	file:CHANGELOG.md
commit:9abe2f5e74f0	touches	file:test/server_poll.py
commit:9b1fa8298127	touches	file:modules/ui_extensions.py
commit:9b2f20540004	touches	file:javascript/edit-attention.js
commit:9b2f20540004	touches	file:modules/ui.py
commit:9b2f20540004	touches	file:style.css
commit:9b471436b222	touches	file:modules/extensions.py
commit:9b471436b222	touches	file:modules/scripts.py
commit:9b687f013d95	touches	file:extensions-builtin/canvas-zoom-and-pan/javascript/zoom.js
commit:9b687f013d95	touches	file:extensions-builtin/canvas-zoom-and-pan/scripts/hotkey_config.py
commit:9b687f013d95	touches	file:extensions-builtin/canvas-zoom-and-pan/style.css
commit:9b842e9ec745	touches	file:modules/upscaler.py
commit:9ba991cad8a1	touches	file:javascript/notification.js
commit:9ba991cad8a1	touches	file:modules/shared_options.py
commit:9bb1fcfad431	touches	file:modules/ui_extensions.py
commit:9bcfb92a00df	touches	file:modules/hypernetworks/hypernetwork.py
commit:9bcfb92a00df	touches	file:modules/textual_inversion/saving_settings.py
commit:9bcfb92a00df	touches	file:modules/textual_inversion/textual_inversion.py
commit:9beb794e0b0d	touches	file:modules/devices.py
commit:9beeef6267ec	touches	file:modules/processing.py
commit:9c1c0da026cb	touches	file:modules/sd_hijack.py
commit:9c1eba2af3a6	touches	file:modules/sd_models.py
commit:9c1ece89784e	touches	file:modules/sd_samplers_common.py
commit:9c201550ddae	touches	file:modules/ui_toprow.py
commit:9c201550ddae	touches	file:script.js
commit:9c2a7f1e8baf	touches	file:modules/extra_networks.py
commit:9c2a7f1e8baf	touches	file:modules/scripts.py
commit:9c54b78d9dde	touches	file:extensions-builtin/prompt-bracket-checker/javascript/prompt-bracket-checker.js
commit:9c54b78d9dde	touches	file:javascript/aspectRatioOverlay.js
commit:9c54b78d9dde	touches	file:javascript/contextMenus.js
commit:9c54b78d9dde	touches	file:javascript/dragdrop.js
commit:9c54b78d9dde	touches	file:javascript/edit-attention.js
commit:9c54b78d9dde	touches	file:javascript/extensions.js
commit:9c54b78d9dde	touches	file:javascript/extraNetworks.js
commit:9c54b78d9dde	touches	file:javascript/generationParams.js
commit:9c54b78d9dde	touches	file:javascript/hints.js
commit:9c54b78d9dde	touches	file:javascript/hires_fix.js
commit:9c54b78d9dde	touches	file:javascript/imageMaskFix.js
commit:9c54b78d9dde	touches	file:javascript/imageParams.js
commit:9c54b78d9dde	touches	file:javascript/imageviewer.js
commit:9c54b78d9dde	touches	file:javascript/imageviewerGamepad.js
commit:9c54b78d9dde	touches	file:javascript/localization.js
commit:9c54b78d9dde	touches	file:javascript/notification.js
commit:9c54b78d9dde	touches	file:javascript/progressbar.js
commit:9c54b78d9dde	touches	file:javascript/textualInversion.js
commit:9c54b78d9dde	touches	file:javascript/ui.js
commit:9c54b78d9dde	touches	file:javascript/ui_settings_hints.js
commit:9c54b78d9dde	touches	file:script.js
commit:9c7e6d5bbaa5	touches	file:modules/ui.py
commit:9c7e6d5bbaa5	touches	file:webui.py
commit:9c8075ba8e53	touches	file:modules/torch_utils.py
commit:9cbf3461f7ec	touches	file:modules/img2img.py
commit:9cc7142dd7c8	touches	file:README.md
commit:9cebe308e9f3	touches	file:modules/ui.py
commit:9cebe308e9f3	touches	file:modules/ui_prompt_styles.py
commit:9d0ec135968d	touches	file:style.css
commit:9d1d63afcaff	touches	file:modules/processing.py
commit:9d2299ed0bd6	touches	file:modules/sd_hijack.py
commit:9d2cbf8e9783	touches	file:javascript/imageviewer.js
commit:9d2cbf8e9783	touches	file:modules/shared_options.py
commit:9d3938070561	touches	file:modules/postprocessing.py
commit:9d3dd64fe9e9	touches	file:modules/ui_extra_networks.py
commit:9d3dd64fe9e9	touches	file:style.css
commit:9d4fdc45d3c4	touches	file:modules/upscaler.py
commit:9d5dc582be54	touches	file:modules/images.py
commit:9d7390d2d19a	touches	file:extensions-builtin/Lora/lora.py
commit:9d78d317ae49	touches	file:modules/generation_parameters_copypaste.py
commit:9d78d317ae49	touches	file:modules/processing.py
commit:9d78d317ae49	touches	file:modules/sd_vae.py
commit:9d8d279d0d4d	touches	file:javascript/resizeHandle.js
commit:9d964d3fc328	touches	file:modules/ui_gradio_extensions.py
commit:9dc722bcf27d	touches	file:scripts/outpainting_mk_2.py
commit:9dce2aa735d2	touches	file:scripts/xyz_grid.py
commit:9dd0c4add57b	touches	file:CHANGELOG.md
commit:9dd25348248c	touches	file:scripts/postprocessing_upscale.py
commit:9de7084884f4	touches	file:modules/sd_samplers_kdiffusion.py
commit:9de729889895	touches	file:modules/processing.py
commit:9e0f6d2012bf	touches	file:scripts/xyz_grid.py
commit:9e1afa9eb421	touches	file:modules/generation_parameters_copypaste.py
commit:9e1afa9eb421	touches	file:modules/images.py
commit:9e1afa9eb421	touches	file:requirements.txt
commit:9e1afa9eb421	touches	file:requirements_versions.txt
commit:9e1afa9eb421	touches	file:style.css
commit:9e1f3feb12a7	touches	file:modules/models/diffusion/ddpm_edit.py
commit:9e23bacfbcb3	touches	file:modules/ui_extra_networks.py
commit:9e23bacfbcb3	touches	file:style.css
commit:9e27af76d14d	touches	file:modules/sd_samplers_kdiffusion.py
commit:9e27af76d14d	touches	file:modules/shared.py
commit:9e4019c5ffb3	touches	file:javascript/localization.js
commit:9e404c315432	touches	file:modules/models/sd3/sd3_model.py
commit:9e60cdbc3f39	touches	file:modules/torch_utils.py
commit:9e69009d1b35	touches	file:javascript/zoom.js
commit:9e72dc743480	touches	file:modules/extras.py
commit:9e7de49fc593	touches	file:CHANGELOG.md
commit:9e82896d5f03	touches	file:modules/ui_common.py
commit:9e9090753255	touches	file:scripts/xyz_grid.py
commit:9eb2f786316c	touches	file:modules/processing.py
commit:9eb2f786316c	touches	file:modules/sd_models.py
commit:9eb2f786316c	touches	file:modules/sd_models_xl.py
commit:9ec2ba2d28bb	touches	file:modules/ui_extensions.py
commit:9ecf1e827c59	touches	file:.gitignore
commit:9ecf1e827c59	touches	file:launch.py
commit:9ecf3471339d	touches	file:javascript/generationParams.js
commit:9ecf3471339d	touches	file:javascript/imageviewer.js
commit:9ed04e759d8b	touches	file:javascript/extraNetworks.js
commit:9ed04e759d8b	touches	file:modules/ui_extra_networks.py
commit:9ed04e759d8b	touches	file:style.css
commit:9edd4b6e516e	touches	file:webui.sh
commit:9efb809f7c2f	touches	file:modules/mac_specific.py
commit:9f0da9f6edfb	touches	file:extensions-builtin/prompt-bracket-checker/javascript/prompt-bracket-checker.js
commit:9f0da9f6edfb	touches	file:javascript/hints.js
commit:9f0da9f6edfb	touches	file:javascript/imageviewer.js
commit:9f0da9f6edfb	touches	file:javascript/progressbar.js
commit:9f0da9f6edfb	touches	file:javascript/ui.js
commit:9f0da9f6edfb	touches	file:modules/scripts.py
commit:9f0da9f6edfb	touches	file:modules/scripts_postprocessing.py
commit:9f0da9f6edfb	touches	file:modules/ui.py
commit:9f0da9f6edfb	touches	file:modules/ui_common.py
commit:9f0da9f6edfb	touches	file:modules/ui_components.py
commit:9f0da9f6edfb	touches	file:requirements.txt
commit:9f0da9f6edfb	touches	file:requirements_versions.txt
commit:9f0da9f6edfb	touches	file:script.js
commit:9f0da9f6edfb	touches	file:scripts/postprocessing_upscale.py
commit:9f0da9f6edfb	touches	file:style.css
commit:9f2ae1cb8501	touches	file:extensions-builtin/Lora/network.py
commit:9f3ba383143e	touches	file:javascript/ui.js
commit:9f3ba383143e	touches	file:modules/ui_toprow.py
commit:9f3ba383143e	touches	file:style.css
commit:9fbfb8ad3244	touches	file:webui.sh
commit:9fc354e13034	touches	file:scripts/xyz_grid.py
commit:9fd0cd6a805e	touches	file:modules/ui_extra_networks_user_metadata.py
commit:9fd6c1e3430f	touches	file:modules/processing.py
commit:9fd6c1e3430f	touches	file:modules/progress.py
commit:9fd6c1e3430f	touches	file:modules/sd_models.py
commit:9fd6c1e3430f	touches	file:modules/shared.py
commit:9feb034e343d	touches	file:configs/sd_xl_inpaint.yaml
commit:9feb034e343d	touches	file:modules/processing.py
commit:9feb034e343d	touches	file:modules/sd_models_config.py
commit:9feb034e343d	touches	file:modules/sd_models_xl.py
commit:a0005121aee9	touches	file:webui.py
commit:a0096c58977c	touches	file:modules/mac_specific.py
commit:a00cd8b9c1e9	touches	file:modules/memmon.py
commit:a00e42556ffb	touches	file:extensions-builtin/ScuNET/scripts/scunet_model.py
commit:a00e42556ffb	touches	file:javascript/ui_settings_hints.js
commit:a00e42556ffb	touches	file:modules/shared.py
commit:a00e42556ffb	touches	file:style.css
commit:a04c95512148	touches	file:modules/launch_utils.py
commit:a09e1e6e18e8	touches	file:launch.py
commit:a0af2852b678	touches	file:modules/sd_samplers_kdiffusion.py
commit:a0d721e109d7	touches	file:javascript/progressbar.js
commit:a0d721e109d7	touches	file:modules/progress.py
commit:a10487986925	touches	file:modules/img2img.py
commit:a10487986925	touches	file:modules/processing.py
commit:a10487986925	touches	file:modules/sd_samplers_kdiffusion.py
commit:a10487986925	touches	file:modules/shared.py
commit:a10487986925	touches	file:modules/txt2img.py
commit:a10487986925	touches	file:modules/ui.py
commit:a10487986925	touches	file:scripts/xyz_grid.py
commit:a109c7aeb887	touches	file:modules/processing.py
commit:a10c8df8761c	touches	file:extensions-builtin/Lora/network_oft.py
commit:a15dd151ffb4	touches	file:modules/cache.py
commit:a15dd151ffb4	touches	file:modules/options.py
commit:a15dd151ffb4	touches	file:modules/ui_extensions.py
commit:a15dd151ffb4	touches	file:modules/ui_extra_networks_user_metadata.py
commit:a15dd151ffb4	touches	file:modules/ui_loadsave.py
commit:a1825ee741bb	touches	file:modules/processing.py
commit:a183de04e3f9	touches	file:modules/sd_models.py
commit:a183de04e3f9	touches	file:modules/sd_vae.py
commit:a183ea4ba773	touches	file:modules/script_loading.py
commit:a18e54ecd756	touches	file:modules/shared_options.py
commit:a18e54ecd756	touches	file:modules/ui_common.py
commit:a18e54ecd756	touches	file:modules/ui_tempdir.py
commit:a196319edf55	touches	file:modules/shared_options.py
commit:a1aa0af8a45f	touches	file:modules/sd_samplers_cfg_denoiser.py
commit:a1d6ada69ac6	touches	file:extensions-builtin/Lora/ui_edit_user_metadata.py
commit:a1d6ada69ac6	touches	file:extensions-builtin/Lora/ui_extra_networks_lora.py
commit:a1d6ada69ac6	touches	file:html/extra-networks-card.html
commit:a1d6ada69ac6	touches	file:javascript/extraNetworks.js
commit:a1d6ada69ac6	touches	file:modules/ui_extra_networks.py
commit:a1d6ada69ac6	touches	file:modules/ui_extra_networks_checkpoints.py
commit:a1d6ada69ac6	touches	file:modules/ui_extra_networks_hypernets.py
commit:a1d6ada69ac6	touches	file:modules/ui_extra_networks_textual_inversion.py
commit:a1d6ada69ac6	touches	file:modules/ui_extra_networks_user_metadata.py
commit:a292d2c47f51	touches	file:modules/postprocessing.py
commit:a2a97e57f069	touches	file:modules/launch_utils.py
commit:a2b83050965a	touches	file:extensions-builtin/Lora/network.py
commit:a2b83050965a	touches	file:extensions-builtin/Lora/networks.py
commit:a2d635ad1352	touches	file:modules/processing.py
commit:a2d635ad1352	touches	file:modules/scripts.py
commit:a2e213bc7ba2	touches	file:extensions-builtin/extra-options-section/scripts/extra_options_section.py
commit:a2f23f9d22dd	touches	file:extensions-builtin/Lora/ui_extra_networks_lora.py
commit:a2f23f9d22dd	touches	file:javascript/extraNetworks.js
commit:a2f23f9d22dd	touches	file:modules/upscaler_utils.py
commit:a2fad6ee055f	touches	file:extensions-builtin/Lora/network_oft.py
commit:a320d157ec02	touches	file:modules/shared.py
commit:a320d157ec02	touches	file:modules/ui.py
commit:a369a0cf658c	touches	file:README.md
commit:a375acdd2635	touches	file:CHANGELOG.md
commit:a39c4cf766a9	touches	file:modules/api/api.py
commit:a3a648bf6bf4	touches	file:.github/workflows/on_pull_request.yaml
commit:a3a648bf6bf4	touches	file:.github/workflows/run_tests.yaml
commit:a3c8510c053b	touches	file:extensions-builtin/resize-handle/javascript/resize-handle.js
commit:a3c8510c053b	touches	file:extensions-builtin/resize-handle/style.css
commit:a3cdf9aaf853	touches	file:modules/generation_parameters_copypaste.py
commit:a3db187e4f1e	touches	file:modules/hashes.py
commit:a3e27019e44e	touches	file:temp
commit:a423f23d2892	touches	file:modules/ui_extra_networks.py
commit:a43ce7eabbdd	touches	file:javascript/resizeHandle.js
commit:a43fafb481fe	touches	file:style.css
commit:a459075d26ee	touches	file:modules/progress.py
commit:a459075d26ee	touches	file:modules/sd_samplers_common.py
commit:a459075d26ee	touches	file:modules/shared_state.py
commit:a4668a16b6f8	touches	file:extensions-builtin/Lora/network_oft.py
commit:a46c23b10f97	touches	file:javascript/imageviewerGamepad.js
commit:a46c23b10f97	touches	file:modules/shared.py
commit:a47abe1b7b66	touches	file:modules/extensions.py
commit:a47abe1b7b66	touches	file:modules/ui_extensions.py
commit:a47c18297e16	touches	file:scripts/xyz_grid.py
commit:a4cb96d4ae82	touches	file:modules/mac_specific.py
commit:a4d5fdd3c245	touches	file:style.css
commit:a5121e7a0623	touches	file:extensions-builtin/LDSR/ldsr_model_arch.py
commit:a5121e7a0623	touches	file:extensions-builtin/Lora/lora.py
commit:a5121e7a0623	touches	file:extensions-builtin/ScuNET/scripts/scunet_model.py
commit:a5121e7a0623	touches	file:extensions-builtin/SwinIR/swinir_model_arch.py
commit:a5121e7a0623	touches	file:extensions-builtin/SwinIR/swinir_model_arch_v2.py
commit:a5121e7a0623	touches	file:modules/codeformer_model.py
commit:a5121e7a0623	touches	file:modules/esrgan_model.py
commit:a5121e7a0623	touches	file:modules/extra_networks.py
commit:a5121e7a0623	touches	file:modules/generation_parameters_copypaste.py
commit:a5121e7a0623	touches	file:modules/hypernetworks/hypernetwork.py
commit:a5121e7a0623	touches	file:modules/images.py
commit:a5121e7a0623	touches	file:modules/interrogate.py
commit:a5121e7a0623	touches	file:modules/prompt_parser.py
commit:a5121e7a0623	touches	file:modules/safe.py
commit:a5121e7a0623	touches	file:modules/scripts.py
commit:a5121e7a0623	touches	file:modules/scripts_postprocessing.py
commit:a5121e7a0623	touches	file:modules/sd_hijack_clip.py
commit:a5121e7a0623	touches	file:modules/shared.py
commit:a5121e7a0623	touches	file:modules/textual_inversion/learn_schedule.py
commit:a5121e7a0623	touches	file:modules/textual_inversion/textual_inversion.py
commit:a5121e7a0623	touches	file:modules/ui.py
commit:a5121e7a0623	touches	file:modules/ui_extra_networks.py
commit:a5121e7a0623	touches	file:modules/ui_tempdir.py
commit:a5121e7a0623	touches	file:modules/upscaler.py
commit:a5121e7a0623	touches	file:pyproject.toml
commit:a5121e7a0623	touches	file:scripts/prompts_from_file.py
commit:a5121e7a0623	touches	file:scripts/sd_upscale.py
commit:a5121e7a0623	touches	file:scripts/xyz_grid.py
commit:a51721cb09aa	touches	file:modules/shared_options.py
commit:a5436a3ac0d0	touches	file:extensions-builtin/Lora/network_oft.py
commit:a551a43164b8	touches	file:html/extra-networks-pane-dirs.html
commit:a551a43164b8	touches	file:html/extra-networks-pane-tree.html
commit:a551a43164b8	touches	file:html/extra-networks-pane.html
commit:a551a43164b8	touches	file:javascript/extraNetworks.js
commit:a551a43164b8	touches	file:modules/shared_options.py
commit:a551a43164b8	touches	file:modules/ui_extra_networks.py
commit:a551a43164b8	touches	file:style.css
commit:a58ae0b7174d	touches	file:modules/progress.py
commit:a58ae0b7174d	touches	file:modules/shared.py
commit:a5b6a5a3adcc	touches	file:modules/img2img.py
commit:a5c2b5ed8991	touches	file:modules/processing.py
commit:a5cef4932f6c	touches	file:modules/cmd_args.py
commit:a5e851028e23	touches	file:javascript/profilerVisualization.js
commit:a5e851028e23	touches	file:modules/script_callbacks.py
commit:a5e851028e23	touches	file:style.css
commit:a5f61aa8c593	touches	file:modules/sd_hijack.py
commit:a5f66b500352	touches	file:modules/sd_schedulers.py
commit:a609bd56b420	touches	file:launch.py
commit:a609bd56b420	touches	file:modules/processing.py
commit:a609bd56b420	touches	file:modules/sd_models.py
commit:a609bd56b420	touches	file:modules/shared.py
commit:a609bd56b420	touches	file:requirements_versions.txt
commit:a617d6488275	touches	file:pyproject.toml
commit:a61cbef02c76	touches	file:modules/processing.py
commit:a61cbef02c76	touches	file:modules/sd_samplers_kdiffusion.py
commit:a625a7bb817c	touches	file:modules/ui.py
commit:a63946233b71	touches	file:requirements_versions.txt
commit:a64fbe892888	touches	file:modules/processing.py
commit:a65dd315adca	touches	file:modules/models/sd3/other_impls.py
commit:a669b8a6bcf0	touches	file:modules/script_callbacks.py
commit:a68f4690307b	touches	file:extensions-builtin/Lora/networks.py
commit:a69b71a37f1f	touches	file:modules/generation_parameters_copypaste.py
commit:a69b71a37f1f	touches	file:modules/sd_samplers_kdiffusion.py
commit:a69b71a37f1f	touches	file:scripts/xyz_grid.py
commit:a69daae01245	touches	file:modules/ui_extra_networks.py
commit:a6a5bfb15531	touches	file:scripts/xyz_grid.py
commit:a6b245e46f28	touches	file:modules/shared.py
commit:a6b5a513f9b8	touches	file:modules/sd_samplers_custom_schedulers.py
commit:a6b5a513f9b8	touches	file:modules/sd_samplers_kdiffusion.py
commit:a6b5a513f9b8	touches	file:modules/shared_options.py
commit:a6b618d07248	touches	file:modules/images.py
commit:a6b618d07248	touches	file:modules/ui_extra_networks.py
commit:a6bbc6aa8c6d	touches	file:modules/shared.py
commit:a6e584645305	touches	file:modules/processing.py
commit:a6e653be26cc	touches	file:modules/sd_hijack.py
commit:a6e653be26cc	touches	file:webui.py
commit:a6f840b4dc09	touches	file:modules/shared_options.py
commit:a70ae917ea86	touches	file:modules/ui_extra_networks.py
commit:a70ae917ea86	touches	file:style.css
commit:a70dfb64a86b	touches	file:modules/devices.py
commit:a70dfb64a86b	touches	file:modules/interrogate.py
commit:a70dfb64a86b	touches	file:modules/sd_models_xl.py
commit:a70dfb64a86b	touches	file:modules/upscaler_utils.py
commit:a70dfb64a86b	touches	file:modules/xlmr.py
commit:a70dfb64a86b	touches	file:modules/xlmr_m18.py
commit:a70dfb64a86b	touches	file:test/test_torch_utils.py
commit:a7116aa9a11c	touches	file:modules/models/sd3/mmdit.py
commit:a7116aa9a11c	touches	file:modules/models/sd3/other_impls.py
commit:a7116aa9a11c	touches	file:modules/models/sd3/sd3_impls.py
commit:a71b7b5ec09a	touches	file:modules/images.py
commit:a73f3bf0cfc8	touches	file:scripts/postprocessing_upscale.py
commit:a73f3bf0cfc8	touches	file:style.css
commit:a742facd9518	touches	file:modules/generation_parameters_copypaste.py
commit:a742facd9518	touches	file:modules/ui.py
commit:a74c014425d4	touches	file:extensions-builtin/canvas-zoom-and-pan/scripts/hotkey_config.py
commit:a75314b41f93	touches	file:modules/styles.py
commit:a75d756a6fc3	touches	file:modules/ui_loadsave.py
commit:a75dfe1c0de1	touches	file:modules/ui_common.py
commit:a772fd980494	touches	file:webui-macos-env.sh
commit:a80d7d090ce1	touches	file:modules/script_callbacks.py
commit:a81dc43fcd99	touches	file:modules/images.py
commit:a862428902c4	touches	file:javascript/dragdrop.js
commit:a862428902c4	touches	file:javascript/imageParams.js
commit:a8a256f9b5b4	touches	file:modules/processing.py
commit:a8a256f9b5b4	touches	file:modules/sd_hijack.py
commit:a8a256f9b5b4	touches	file:modules/sd_hijack_inpainting.py
commit:a8a256f9b5b4	touches	file:modules/sd_samplers.py
commit:a8a256f9b5b4	touches	file:modules/sd_samplers_cfg_denoiser.py
commit:a8a256f9b5b4	touches	file:modules/sd_samplers_compvis.py
commit:a8a256f9b5b4	touches	file:modules/sd_samplers_kdiffusion.py
commit:a8a256f9b5b4	touches	file:modules/sd_samplers_timesteps.py
commit:a8cbe50c9fa3	touches	file:extensions-builtin/Lora/networks.py
commit:a8cbe50c9fa3	touches	file:modules/textual_inversion/textual_inversion.py
commit:a8d4213317c6	touches	file:modules/cmd_args.py
commit:a8d4213317c6	touches	file:modules/launch_utils.py
commit:a8d4213317c6	touches	file:modules/timer.py
commit:a8fba9af35a0	touches	file:modules/lowvram.py
commit:a8fba9af35a0	touches	file:modules/models/sd3/mmdit.py
commit:a8fba9af35a0	touches	file:modules/models/sd3/sd3_model.py
commit:a8fba9af35a0	touches	file:modules/sd_samplers_common.py
commit:a95326bec434	touches	file:modules/script_loading.py
commit:a95dc02535ce	touches	file:modules/script_callbacks.py
commit:a95dc02535ce	touches	file:webui.py
commit:a9674359ca4c	touches	file:modules/processing.py
commit:a97147bc8a43	touches	file:modules/dat_model.py
commit:a97147bc8a43	touches	file:modules/shared_items.py
commit:a97147bc8a43	touches	file:modules/shared_options.py
commit:a97832033427	touches	file:modules/processing.py
commit:a98ae89bde80	touches	file:scripts/xyz_grid.py
commit:a9902ca33119	touches	file:modules/generation_parameters_copypaste.py
commit:a99d5708e6d6	touches	file:modules/launch_utils.py
commit:a99d5708e6d6	touches	file:requirements_versions.txt
commit:a99d5708e6d6	touches	file:webui.py
commit:a9eab236d7e8	touches	file:modules/devices.py
commit:a9eef1fbb1dc	touches	file:scripts/loopback.py
commit:aa108bd02a82	touches	file:modules/images.py
commit:aa108bd02a82	touches	file:modules/shared.py
commit:aa10faa591f1	touches	file:modules/sd_models.py
commit:aa26f8eb40c2	touches	file:modules/sd_samplers_kdiffusion.py
commit:aa42c0ff8e51	touches	file:modules/sd_samplers_common.py
commit:aa4688eb8345	touches	file:configs/instruct-pix2pix.yaml
commit:aa54a9d41680	touches	file:modules/sd_samplers.py
commit:aa54a9d41680	touches	file:modules/sd_samplers_common.py
commit:aa54a9d41680	touches	file:modules/sd_samplers_compvis.py
commit:aa57a89a21d7	touches	file:extensions-builtin/Lora/network_full.py
commit:aa6e55e00140	touches	file:modules/textual_inversion/textual_inversion.py
commit:aa6e98e43c2c	touches	file:webui.sh
commit:aa744cadc8e3	touches	file:modules/generation_parameters_copypaste.py
commit:aa744cadc8e3	touches	file:modules/processing.py
commit:aaa367e35ce4	touches	file:javascript/extraNetworks.js
commit:aaa367e35ce4	touches	file:modules/shared.py
commit:aaacf4823241	touches	file:modules/img2img.py
commit:aaacf4823241	touches	file:modules/processing.py
commit:aaacf4823241	touches	file:modules/sd_samplers_cfg_denoiser.py
commit:aaacf4823241	touches	file:modules/sd_samplers_common.py
commit:aaacf4823241	touches	file:modules/soft_inpainting.py
commit:aaacf4823241	touches	file:modules/ui.py
commit:aaacf4823241	touches	file:scripts/outpainting_mk_2.py
commit:aaacf4823241	touches	file:scripts/poor_mans_outpainting.py
commit:aaacf4823241	touches	file:test/test_img2img.py
commit:aab385d01b43	touches	file:extensions-builtin/Lora/ui_extra_networks_lora.py
commit:aab385d01b43	touches	file:modules/ui_extra_networks.py
commit:aab385d01b43	touches	file:modules/ui_extra_networks_checkpoints.py
commit:aab385d01b43	touches	file:modules/ui_extra_networks_hypernets.py
commit:aab385d01b43	touches	file:modules/ui_extra_networks_textual_inversion.py
commit:aac478cb9d39	touches	file:modules/api/api.py
commit:aafbb5b403e5	touches	file:modules/sd_samplers_cfg_denoiser.py
commit:ab059b6e4863	touches	file:modules/generation_parameters_copypaste.py
commit:ab195ab0da78	touches	file:requirements_versions.txt
commit:ab1e0fa9bff1	touches	file:javascript/resizeHandle.js
commit:ab287682bfe7	touches	file:CHANGELOG.md
commit:ab3d3528a18e	touches	file:modules/cmd_args.py
commit:ab3d3528a18e	touches	file:modules/initialize.py
commit:ab4ab4e595e8	touches	file:launch.py
commit:ab4ab4e595e8	touches	file:modules/processing.py
commit:ab4ab4e595e8	touches	file:modules/shared.py
commit:ab4ab4e595e8	touches	file:modules/ui.py
commit:ab5741717546	touches	file:modules/processing.py
commit:ab63054f95a7	touches	file:modules/images.py
commit:abacb735f4f2	touches	file:modules/images.py
commit:abacb735f4f2	touches	file:scripts/xyz_grid.py
commit:abb948dab098	touches	file:modules/shared.py
commit:abbecb3e7363	touches	file:modules/processing.py
commit:abc4d3a6934f	touches	file:modules/ui_extra_networks.py
commit:abfa4ad8bc99	touches	file:modules/sd_hijack_optimizations.py
commit:ac02216e540c	touches	file:modules/sd_hijack.py
commit:ac02216e540c	touches	file:modules/sd_unet.py
commit:ac0ecf3b4b9d	touches	file:modules/processing.py
commit:ac0ecf3b4b9d	touches	file:modules/shared_options.py
commit:ac1abf3de686	touches	file:modules/ui.py
commit:ac2a981c4f30	touches	file:modules/ui_extensions.py
commit:ac2d47ff4c00	touches	file:modules/sd_vae_approx.py
commit:ac4578912395	touches	file:modules/processing.py
commit:ac4578912395	touches	file:modules/scripts.py
commit:ac4578912395	touches	file:modules/sd_samplers_cfg_denoiser.py
commit:ac4c7f05cd38	touches	file:modules/codeformer_model.py
commit:ac4ccfa1369e	touches	file:modules/hypernetworks/hypernetwork.py
commit:ac4ccfa1369e	touches	file:modules/launch_utils.py
commit:ac4ccfa1369e	touches	file:modules/sd_hijack_optimizations.py
commit:ac4ccfa1369e	touches	file:modules/sd_models_xl.py
commit:ac790fc49b31	touches	file:modules/sd_samplers_kdiffusion.py
commit:ac83627a31da	touches	file:modules/generation_parameters_copypaste.py
commit:ac83627a31da	touches	file:modules/processing.py
commit:ac83627a31da	touches	file:modules/sd_models.py
commit:ac83627a31da	touches	file:modules/shared.py
commit:ac8a5d18d3ed	touches	file:modules/sd_models.py
commit:ac8a5d18d3ed	touches	file:modules/sd_samplers_kdiffusion.py
commit:ac8a5d18d3ed	touches	file:modules/shared_options.py
commit:ac8dfd938678	touches	file:modules/ui.py
commit:ac9aa44cb8f9	touches	file:modules/processing.py
commit:ac9aa44cb8f9	touches	file:modules/sd_samplers_kdiffusion.py
commit:acb20338b1c7	touches	file:modules/sd_models.py
commit:acb20338b1c7	touches	file:modules/shared.py
commit:acbec2255499	touches	file:modules/images.py
commit:ad3a7f2ab9bb	touches	file:modules/styles.py
commit:ad3b8a1c41b8	touches	file:modules/restart.py
commit:ad3d6d9a22ee	touches	file:extensions-builtin/canvas-zoom-and-pan/javascript/zoom.js
commit:ad510b2cd312	touches	file:modules/ui_common.py
commit:ad5afcaae0b4	touches	file:javascript/extensions.js
commit:ad5afcaae0b4	touches	file:modules/extensions.py
commit:ad5afcaae0b4	touches	file:modules/paths_internal.py
commit:ad5afcaae0b4	touches	file:modules/shared.py
commit:ad5afcaae0b4	touches	file:modules/ui_extensions.py
commit:ad5afcaae0b4	touches	file:webui.py
commit:ad6ec0226118	touches	file:javascript/ui.js
commit:ad6ec0226118	touches	file:modules/ui.py
commit:ada17dbd7c4c	touches	file:modules/devices.py
commit:ada17dbd7c4c	touches	file:modules/processing.py
commit:ada17dbd7c4c	touches	file:modules/realesrgan_model.py
commit:ada17dbd7c4c	touches	file:modules/sd_hijack.py
commit:ada17dbd7c4c	touches	file:modules/sd_hijack_unet.py
commit:ae0b2cc19644	touches	file:modules/processing.py
commit:ae0b2cc19644	touches	file:modules/sd_samplers_common.py
commit:ae0b2cc19644	touches	file:modules/shared_options.py
commit:ae17c775dcb3	touches	file:scripts/xyz_grid.py
commit:ae17e97898af	touches	file:modules/models/diffusion/uni_pc/uni_pc.py
commit:ae1bde1aa1a9	touches	file:modules/sd_samplers_kdiffusion.py
commit:ae252cd5bc6d	touches	file:modules/cmd_args.py
commit:ae252cd5bc6d	touches	file:webui.py
commit:ae36e0899fe9	touches	file:modules/processing.py
commit:ae36e0899fe9	touches	file:modules/scripts.py
commit:ae7291fb49fc	touches	file:modules/processing.py
commit:aea0fa9fd52d	signed_off_by	person:diego_casorran
commit:aea0fa9fd52d	touches	file:javascript/imageviewer.js
commit:aeb76ef174bc	touches	file:modules/sd_samplers_timesteps.py
commit:aeb76ef174bc	touches	file:modules/sd_samplers_timesteps_impl.py
commit:aeba3cadd5ef	touches	file:modules/sysinfo.py
commit:aeba3cadd5ef	touches	file:modules/ui_settings.py
commit:aeba3cadd5ef	touches	file:style.css
commit:aed52d163245	touches	file:javascript/resizeHandle.js
commit:aee6d9bb74d9	touches	file:webui.py
commit:aef42bfec09a	touches	file:webui.py
commit:aefe1325df60	touches	file:modules/sd_samplers_extra.py
commit:aefe1325df60	touches	file:modules/sd_samplers_kdiffusion.py
commit:af050dcaa75e	touches	file:modules/modelloader.py
commit:af081211ee93	touches	file:modules/launch_utils.py
commit:af081211ee93	touches	file:modules/paths.py
commit:af081211ee93	touches	file:modules/prompt_parser.py
commit:af081211ee93	touches	file:modules/sd_hijack.py
commit:af081211ee93	touches	file:modules/sd_hijack_open_clip.py
commit:af081211ee93	touches	file:modules/sd_models.py
commit:af081211ee93	touches	file:modules/sd_models_config.py
commit:af081211ee93	touches	file:modules/sd_models_xl.py
commit:af081211ee93	touches	file:modules/sd_samplers_kdiffusion.py
commit:af27b716e536	touches	file:modules/processing.py
commit:af2951ed53da	touches	file:modules/paths_internal.py
commit:af2951ed53da	touches	file:modules/shared_options.py
commit:af2db25c84c9	touches	file:modules/shared.py
commit:af2db25c84c9	touches	file:modules/ui.py
commit:af2db25c84c9	touches	file:modules/ui_extensions.py
commit:af2db25c84c9	touches	file:style.css
commit:af2db25c84c9	touches	file:webui.py
commit:af45872fdb8a	touches	file:modules/hypertile.py
commit:af528552d600	touches	file:modules/ui.py
commit:af528552d600	touches	file:webui.py
commit:af5d2e8e5fc4	touches	file:modules/sd_models.py
commit:af9158a8c708	touches	file:modules/images.py
commit:afaf120bc267	touches	file:.github/ISSUE_TEMPLATE/bug_report.yml
commit:afbb0b5f863e	touches	file:extensions-builtin/canvas-zoom-and-pan/javascript/zoom.js
commit:afc349c2c0d7	touches	file:modules/extras.py
commit:afd062458760	touches	file:scripts/xyz_grid.py
commit:afea99a72b48	touches	file:javascript/extensions.js
commit:afea99a72b48	touches	file:modules/ui_extensions.py
commit:afea99a72b48	touches	file:style.css
commit:b010eea520ca	touches	file:extensions-builtin/Lora/extra_networks_lora.py
commit:b012d70f1564	touches	file:modules/api/api.py
commit:b012d70f1564	touches	file:modules/api/models.py
commit:b0211ff7f865	touches	file:modules/errors.py
commit:b0211ff7f865	touches	file:requirements.txt
commit:b0211ff7f865	touches	file:requirements_versions.txt
commit:b023940032b3	touches	file:.github/ISSUE_TEMPLATE/bug_report.yml
commit:b06205eaf6fc	touches	file:modules/shared.py
commit:b06205eaf6fc	touches	file:modules/ui_components.py
commit:b07b7057f063	touches	file:extensions/update-all.bat
commit:b07b7057f063	touches	file:extensions/update-all.sh
commit:b07b7057f063	touches	file:launch.py
commit:b0a6d61d733e	touches	file:modules/shared_gradio_themes.py
commit:b0ec69b36083	touches	file:modules/processing.py
commit:b0ec69b36083	touches	file:modules/scripts.py
commit:b0f265354121	touches	file:modules/ui.py
commit:b0f59342346b	touches	file:extensions-builtin/ScuNET/scripts/scunet_model.py
commit:b0f59342346b	touches	file:extensions-builtin/ScuNET/scunet_model_arch.py
commit:b0f59342346b	touches	file:extensions-builtin/SwinIR/scripts/swinir_model.py
commit:b0f59342346b	touches	file:extensions-builtin/SwinIR/swinir_model_arch.py
commit:b0f59342346b	touches	file:extensions-builtin/SwinIR/swinir_model_arch_v2.py
commit:b0f59342346b	touches	file:modules/codeformer/codeformer_arch.py
commit:b0f59342346b	touches	file:modules/codeformer/vqgan_arch.py
commit:b0f59342346b	touches	file:modules/codeformer_model.py
commit:b0f59342346b	touches	file:modules/esrgan_model.py
commit:b0f59342346b	touches	file:modules/esrgan_model_arch.py
commit:b0f59342346b	touches	file:modules/gfpgan_model.py
commit:b0f59342346b	touches	file:modules/launch_utils.py
commit:b0f59342346b	touches	file:modules/modelloader.py
commit:b0f59342346b	touches	file:modules/paths.py
commit:b0f59342346b	touches	file:modules/realesrgan_model.py
commit:b0f59342346b	touches	file:modules/sysinfo.py
commit:b0f59342346b	touches	file:modules/upscaler.py
commit:b0f59342346b	touches	file:requirements.txt
commit:b0f59342346b	touches	file:requirements_versions.txt
commit:b0f7f4a99125	touches	file:requirements.txt
commit:b13806c15065	touches	file:modules/ui_loadsave.py
commit:b14d8b61bdc4	touches	file:requirements_versions.txt
commit:b14e23529f52	touches	file:webui.py
commit:b15bc73c99e6	touches	file:modules/modelloader.py
commit:b1695c1b68f0	touches	file:scripts/xyz_grid.py
commit:b1717c0a4804	touches	file:modules/sd_models.py
commit:b1717c0a4804	touches	file:modules/shared.py
commit:b1717c0a4804	touches	file:modules/ui.py
commit:b1717c0a4804	touches	file:webui.py
commit:b186045fee0d	touches	file:modules/sd_hijack.py
commit:b186045fee0d	touches	file:webui.py
commit:b1a16a298c7f	touches	file:modules/api/api.py
commit:b1a16a298c7f	touches	file:webui.py
commit:b1a72bc7e292	touches	file:modules/sd_hijack_optimizations.py
commit:b1c6e39620dd	touches	file:style.css
commit:b1cd0189bc30	touches	file:modules/extensions.py
commit:b20737815a55	touches	file:modules/processing.py
commit:b2080756fcdc	touches	file:modules/ui_common.py
commit:b2080756fcdc	touches	file:style.css
commit:b217ebc49000	touches	file:README.md
commit:b217ebc49000	touches	file:html/licenses.html
commit:b235022c615a	touches	file:modules/lowvram.py
commit:b235022c615a	touches	file:modules/sd_hijack.py
commit:b235022c615a	touches	file:modules/sd_hijack_inpainting.py
commit:b235022c615a	touches	file:modules/sd_models.py
commit:b235022c615a	touches	file:modules/sd_models_xl.py
commit:b235022c615a	touches	file:modules/shared.py
commit:b2414476ef16	touches	file:scripts/soft_inpainting.py
commit:b25c126ccdbc	touches	file:modules/sd_models.py
commit:b270ded268c9	touches	file:.github/workflows/run_tests.yaml
commit:b270ded268c9	touches	file:modules/api/models.py
commit:b270ded268c9	touches	file:modules/cmd_args.py
commit:b270ded268c9	touches	file:modules/sd_models.py
commit:b293ed30610c	touches	file:modules/processing.py
commit:b293ed30610c	touches	file:modules/processing_scripts/refiner.py
commit:b293ed30610c	touches	file:modules/sd_samplers_common.py
commit:b29fc6d4de88	touches	file:modules/hypertile.py
commit:b29fc6d4de88	touches	file:modules/processing.py
commit:b2ae4490b9c2	touches	file:extensions-builtin/Lora/networks.py
commit:b2b06eee02a6	touches	file:modules/ui.py
commit:b2c574891f49	touches	file:modules/images.py
commit:b2e039d07bed	touches	file:webui-macos-env.sh
commit:b2f0040da7df	touches	file:modules/launch_utils.py
commit:b2f6e0704e17	touches	file:modules/cmd_args.py
commit:b2f6e0704e17	touches	file:webui.py
commit:b2f6e0704e17	touches	file:webui.sh
commit:b2f9709538ee	touches	file:modules/ui_extra_networks.py
commit:b2fc7dba2ede	touches	file:modules/textual_inversion/preprocess.py
commit:b2fc7dba2ede	touches	file:modules/ui.py
commit:b30cc87b786d	touches	file:modules/gradio_extensons.py
commit:b313221ca6d1	touches	file:javascript/aspectRatioSliders.js
commit:b313221ca6d1	touches	file:style.css
commit:b315c207564a	touches	file:README.md
commit:b32a334e3da7	touches	file:modules/processing.py
commit:b3397c2492db	touches	file:webui.sh
commit:b3593d0997bf	touches	file:modules/processing.py
commit:b3593d0997bf	touches	file:modules/shared.py
commit:b372fb6165c2	touches	file:modules/postprocessing.py
commit:b397f63e00bb	touches	file:modules/shared.py
commit:b397f63e00bb	touches	file:modules/ui.py
commit:b39d9364d8a3	touches	file:modules/shared_options.py
commit:b3e593edcb72	touches	file:style.css
commit:b40538a7fe2e	touches	file:style.css
commit:b443fdcf7670	touches	file:modules/models/sd3/sd3_model.py
commit:b443fdcf7670	touches	file:modules/sd_models.py
commit:b47756385d3f	touches	file:javascript/resizeHandle.js
commit:b4c44e659ba3	touches	file:javascript/extraNetworks.js
commit:b4c44e659ba3	touches	file:javascript/resizeHandle.js
commit:b4c44e659ba3	touches	file:modules/ui_extra_networks.py
commit:b4d21e711338	touches	file:modules/api/api.py
commit:b4d21e711338	touches	file:modules/options.py
commit:b4d21e711338	touches	file:modules/shared_options.py
commit:b5230197a69d	touches	file:javascript/ui.js
commit:b5230197a69d	touches	file:modules/api/api.py
commit:b5230197a69d	touches	file:modules/postprocessing.py
commit:b5230197a69d	touches	file:modules/scripts.py
commit:b5230197a69d	touches	file:modules/scripts_postprocessing.py
commit:b5230197a69d	touches	file:modules/shared.py
commit:b5230197a69d	touches	file:modules/ui.py
commit:b5230197a69d	touches	file:modules/ui_common.py
commit:b5230197a69d	touches	file:modules/ui_components.py
commit:b5230197a69d	touches	file:modules/ui_postprocessing.py
commit:b5230197a69d	touches	file:scripts/postprocessing_codeformer.py
commit:b5230197a69d	touches	file:scripts/postprocessing_gfpgan.py
commit:b5230197a69d	touches	file:scripts/postprocessing_upscale.py
commit:b531b0bbef78	touches	file:modules/processing_scripts/comments.py
commit:b53989b19548	touches	file:CHANGELOG.md
commit:b5481c619583	touches	file:modules/shared_gradio_themes.py
commit:b5481c619583	touches	file:modules/ui_gradio_extensions.py
commit:b55f09c4e13c	touches	file:extensions-builtin/extra-options-section/scripts/extra_options_section.py
commit:b57a70f37322	touches	file:modules/sd_models.py
commit:b57a816038cb	touches	file:extensions-builtin/Lora/networks.py
commit:b58d061e41cb	touches	file:modules/generation_parameters_copypaste.py
commit:b58d061e41cb	touches	file:modules/processing.py
commit:b58d061e41cb	touches	file:modules/shared_items.py
commit:b58d061e41cb	touches	file:modules/shared_options.py
commit:b58ed1b2432c	touches	file:requirements_versions.txt
commit:b5a0c6da3745	touches	file:style.css
commit:b5b04912b523	touches	file:modules/initialize.py
commit:b5b1487f6a7c	touches	file:modules/images.py
commit:b5c33341a18f	touches	file:modules/ui_extra_networks.py
commit:b5f69ad6afcd	touches	file:modules/ui.py
commit:b617c634a8c8	touches	file:.github/ISSUE_TEMPLATE/bug_report.yml
commit:b621a63cf68c	touches	file:.github/workflows/run_tests.yaml
commit:b621a63cf68c	touches	file:.gitignore
commit:b621a63cf68c	touches	file:modules/codeformer_model.py
commit:b621a63cf68c	touches	file:modules/face_restoration_utils.py
commit:b621a63cf68c	touches	file:modules/gfpgan_model.py
commit:b621a63cf68c	touches	file:requirements.txt
commit:b621a63cf68c	touches	file:requirements_versions.txt
commit:b621a63cf68c	touches	file:test/conftest.py
commit:b621a63cf68c	touches	file:test/test_face_restorers.py
commit:b621a63cf68c	touches	file:test/test_files/two-faces.jpg
commit:b621a63cf68c	touches	file:test/test_outputs/.gitkeep
commit:b6596cdb1941	touches	file:modules/prompt_parser.py
commit:b67a49441fc4	touches	file:html/extra-networks-pane.html
commit:b67a49441fc4	touches	file:modules/shared_options.py
commit:b67a49441fc4	touches	file:modules/ui_extra_networks.py
commit:b6c02174050b	touches	file:CHANGELOG.md
commit:b6c1a1bbbf29	touches	file:modules/api/api.py
commit:b6c1a1bbbf29	touches	file:modules/api/models.py
commit:b6c1a1bbbf29	touches	file:modules/gitpython_hack.py
commit:b6c1a1bbbf29	touches	file:modules/prompt_parser.py
commit:b6c1a1bbbf29	touches	file:modules/script_callbacks.py
commit:b6c1a1bbbf29	touches	file:modules/sub_quadratic_attention.py
commit:b6c1a1bbbf29	touches	file:modules/ui.py
commit:b6dc307c99a2	touches	file:modules/extensions.py
commit:b6f74e936e4d	touches	file:modules/upscaler_utils.py
commit:b70001e618d0	touches	file:webui.py
commit:b717eb7e56a4	touches	file:modules/launch_utils.py
commit:b7269f781c0c	touches	file:javascript/notification.js
commit:b73c405013f6	touches	file:modules/ui_extra_networks.py
commit:b75b004fe628	touches	file:extensions-builtin/Lora/extra_networks_lora.py
commit:b75b004fe628	touches	file:extensions-builtin/Lora/lora.py
commit:b75b004fe628	touches	file:extensions-builtin/Lora/lyco_helpers.py
commit:b75b004fe628	touches	file:extensions-builtin/Lora/network.py
commit:b75b004fe628	touches	file:extensions-builtin/Lora/network_hada.py
commit:b75b004fe628	touches	file:extensions-builtin/Lora/network_lora.py
commit:b75b004fe628	touches	file:extensions-builtin/Lora/network_lyco.py
commit:b75b004fe628	touches	file:extensions-builtin/Lora/networks.py
commit:b75b004fe628	touches	file:extensions-builtin/Lora/scripts/lora_script.py
commit:b75b004fe628	touches	file:extensions-builtin/Lora/ui_extra_networks_lora.py
commit:b78c5e87baaf	touches	file:modules/script_callbacks.py
commit:b78c5e87baaf	touches	file:modules/sd_samplers_kdiffusion.py
commit:b7aa425344ea	touches	file:webui.sh
commit:b7c14ed041e6	touches	file:javascript/extraNetworks.js
commit:b7d2af8c7fa4	touches	file:extensions-builtin/Lora/extra_networks_lora.py
commit:b7d2af8c7fa4	touches	file:extensions-builtin/Lora/scripts/lora_script.py
commit:b7d2af8c7fa4	touches	file:modules/extra_networks_hypernet.py
commit:b7d2af8c7fa4	touches	file:modules/shared.py
commit:b7dbeda0d9e4	touches	file:modules/sd_models.py
commit:b7e0d4a7e171	touches	file:modules/xpu_specific.py
commit:b7e160a87d07	touches	file:modules/progress.py
commit:b7e160a87d07	touches	file:modules/shared.py
commit:b7f0e815624d	touches	file:modules/extra_networks.py
commit:b7f45e67dcf4	touches	file:modules/processing_scripts/comments.py
commit:b7f45e67dcf4	touches	file:modules/script_callbacks.py
commit:b7f45e67dcf4	touches	file:modules/ui.py
commit:b8159d0919dc	touches	file:modules/sd_models_xl.py
commit:b8159d0919dc	touches	file:modules/sd_vae_approx.py
commit:b8159d0919dc	touches	file:modules/sd_vae_taesd.py
commit:b82caf132274	touches	file:modules/ui_gradio_extensions.py
commit:b82d4a65fe9b	touches	file:javascript/hints.js
commit:b85ec2b9b664	touches	file:modules/processing.py
commit:b85fc7187d95	touches	file:modules/devices.py
commit:b85fc7187d95	touches	file:modules/mac_specific.py
commit:b88645d9ebdd	touches	file:modules/img2img.py
commit:b8a903efbe76	touches	file:modules/extensions.py
commit:b8bd8ce4cf68	touches	file:modules/api/api.py
commit:b908bed8838f	touches	file:modules/shared_items.py
commit:b90cad7f3136	touches	file:modules/ui.py
commit:b921a52071cf	touches	file:javascript/imageviewer.js
commit:b957dcfece29	touches	file:modules/generation_parameters_copypaste.py
commit:b95a41ad724c	touches	file:modules/img2img.py
commit:b9664ab61548	touches	file:modules/api/api.py
commit:b9664ab61548	touches	file:webui.py
commit:b980c8140ba3	touches	file:modules/extensions.py
commit:b98fa1c397a6	touches	file:temp
commit:b9a66b02d0b8	touches	file:launch.py
commit:b9abdb50a368	touches	file:CHANGELOG.md
commit:b9abdb50a368	touches	file:extensions-builtin/Lora/lora.py
commit:b9fdb9f701e5	touches	file:modules/processing.py
commit:ba05e3278968	touches	file:modules/cmd_args.py
commit:ba110bf09302	touches	file:modules/img2img.py
commit:ba2a737ccece	touches	file:webui.sh
commit:ba66cf8d69b7	touches	file:modules/hypernetworks/hypernetwork.py
commit:ba66cf8d69b7	touches	file:modules/sd_hijack_clip.py
commit:ba6a4e7e9431	touches	file:modules/sd_samplers_kdiffusion.py
commit:ba70a220e317	touches	file:modules/api/api.py
commit:ba70a220e317	touches	file:modules/api/models.py
commit:ba70a220e317	touches	file:modules/codeformer_model.py
commit:ba70a220e317	touches	file:modules/devices.py
commit:ba70a220e317	touches	file:modules/generation_parameters_copypaste.py
commit:ba70a220e317	touches	file:modules/hypernetworks/hypernetwork.py
commit:ba70a220e317	touches	file:modules/paths.py
commit:ba7d0d225a97	touches	file:style.css
commit:ba92135a2ba9	touches	file:modules/api/api.py
commit:ba92135a2ba9	touches	file:modules/generation_parameters_copypaste.py
commit:baa81126c485	touches	file:javascript/imageviewerGamepad.js
commit:baaf39b6f92f	touches	file:modules/sd_samplers_cfg_denoiser.py
commit:bab918f049dd	touches	file:javascript/resizeHandle.js
commit:bab972ff8ab6	touches	file:scripts/xyz_grid.py
commit:bae2fca52332	touches	file:modules/ui.py
commit:baef594e4a2c	touches	file:README.md
commit:bb04d400c95d	touches	file:modules/sd_samplers_cfg_denoiser.py
commit:bb07cb6a0df6	touches	file:modules/api/api.py
commit:bb07cb6a0df6	touches	file:modules/api/models.py
commit:bb07cb6a0df6	touches	file:modules/generation_parameters_copypaste.py
commit:bb07cb6a0df6	touches	file:modules/processing.py
commit:bb07cb6a0df6	touches	file:modules/processing_scripts/refiner.py
commit:bb07cb6a0df6	touches	file:modules/processing_scripts/seed.py
commit:bb07cb6a0df6	touches	file:modules/ui.py
commit:bb24c13ed791	touches	file:modules/infotext_utils.py
commit:bb24c13ed791	touches	file:modules/infotext_versions.py
commit:bb24c13ed791	touches	file:modules/sd_samplers_common.py
commit:bb426de1cd13	touches	file:modules/interrogate.py
commit:bb431df52bf3	touches	file:modules/ui.py
commit:bb431df52bf3	touches	file:modules/ui_extra_networks.py
commit:bb7dd7b64668	touches	file:modules/cache.py
commit:bb80eea9d4a6	touches	file:javascript/hints.js
commit:bb80eea9d4a6	touches	file:javascript/ui.js
commit:bb90b0ff42ea	touches	file:modules/ui.py
commit:bb99f5271241	touches	file:javascript/resizeHandle.js
commit:bba306d414f1	touches	file:modules/script_callbacks.py
commit:bbb1e35ea29f	touches	file:modules/processing.py
commit:bbb1e35ea29f	touches	file:modules/ui.py
commit:bbba133f0547	touches	file:modules/processing.py
commit:bbc7a778d8a2	touches	file:modules/img2img.py
commit:bbce16730509	touches	file:modules/img2img.py
commit:bbe8e02d74ab	touches	file:modules/styles.py
commit:bbf00a96afb2	touches	file:extensions-builtin/Lora/network_oft.py
commit:bbfff771d733	touches	file:modules/cmd_args.py
commit:bbfff771d733	touches	file:modules/extensions.py
commit:bbfff771d733	touches	file:modules/ui_extensions.py
commit:bc1a450124ab	touches	file:modules/extensions.py
commit:bc50936745e1	touches	file:modules/hypernetworks/hypernetwork.py
commit:bc50936745e1	touches	file:modules/textual_inversion/textual_inversion.py
commit:bc53ecf29847	touches	file:.eslintrc.js
commit:bc53ecf29847	touches	file:script.js
commit:bc5ae74c7d89	touches	file:extensions-builtin/Lora/ui_edit_user_metadata.py
commit:bc5ae74c7d89	touches	file:extensions-builtin/Lora/ui_extra_networks_lora.py
commit:bc5ae74c7d89	touches	file:javascript/extraNetworks.js
commit:bc5ae74c7d89	touches	file:modules/ui_extra_networks.py
commit:bc63339df3d4	touches	file:modules/launch_utils.py
commit:bc7906e6d62b	touches	file:extensions-builtin/canvas-zoom-and-pan/javascript/zoom.js
commit:bc7906e6d62b	touches	file:extensions-builtin/canvas-zoom-and-pan/scripts/hotkey_config.py
commit:bc90592031d2	touches	file:modules/shared.py
commit:bc91f15ed32a	touches	file:modules/scripts.py
commit:bcdcc8be7d5f	touches	file:extensions-builtin/canvas-zoom-and-pan/scripts/hotkey_config.py
commit:bce09eb9871e	touches	file:modules/launch_utils.py
commit:bcfaf3979a9f	touches	file:modules/hypertile.py
commit:bcfaf3979a9f	touches	file:modules/processing.py
commit:bcfaf3979a9f	touches	file:modules/shared_options.py
commit:bcff763b6e71	touches	file:modules/images.py
commit:bd4b4292ef6c	touches	file:modules/txt2img.py
commit:bd4da4474bef	touches	file:extensions-builtin/Lora/network.py
commit:bd4da4474bef	touches	file:extensions-builtin/Lora/network_norm.py
commit:bd4da4474bef	touches	file:extensions-builtin/Lora/networks.py
commit:bd4da4474bef	touches	file:extensions-builtin/Lora/scripts/lora_script.py
commit:bd52a6d89970	touches	file:launch.py
commit:bd5c16e8da58	touches	file:CHANGELOG.md
commit:bd5c16e8da58	touches	file:modules/generation_parameters_copypaste.py
commit:bd67c41f5415	touches	file:modules/shared.py
commit:bd6f07088270	touches	file:CITATION.cff
commit:bd85b3f19b35	touches	file:modules/shared_options.py
commit:bd877d7b5adb	touches	file:modules/ui.py
commit:bd9700405a06	touches	file:javascript/hints.js
commit:bd9700405a06	touches	file:javascript/ui.js
commit:bd9700405a06	touches	file:modules/call_queue.py
commit:bd9700405a06	touches	file:modules/progress.py
commit:bd9700405a06	touches	file:modules/ui.py
commit:bd9700405a06	touches	file:webui.py
commit:bd9b3d15e8f6	touches	file:modules/img2img.py
commit:bd9b55ee908c	touches	file:requirements.txt
commit:bd9b55ee908c	touches	file:requirements_versions.txt
commit:bd9b9d425a35	touches	file:modules/sd_samplers_common.py
commit:bda2ecdbf58f	touches	file:requirements_versions.txt
commit:bda86f0fd965	touches	file:webui.sh
commit:bdc371983ea8	touches	file:webui.sh
commit:bde439ef6777	touches	file:modules/extensions.py
commit:be16d274f85a	touches	file:CHANGELOG.md
commit:be301f224d26	touches	file:modules/sd_models.py
commit:be31e7e71a08	touches	file:modules/options.py
commit:beb7dda5d6d5	touches	file:modules/sd_hijack_unet.py
commit:bef193189500	touches	file:requirements_versions.txt
commit:bf0b08321688	touches	file:modules/ui_prompt_styles.py
commit:bf348032bc07	touches	file:modules/sd_samplers_common.py
commit:bf35c661834b	touches	file:modules/upscaler.py
commit:bf5067f50ca3	touches	file:modules/sd_models.py
commit:bf5067f50ca3	touches	file:modules/sd_models_xl.py
commit:bf5e5f4269a2	touches	file:modules/ui_extensions.py
commit:bf67a5dcf44c	touches	file:extensions-builtin/LDSR/scripts/ldsr_model.py
commit:bf67a5dcf44c	touches	file:extensions-builtin/ScuNET/scripts/scunet_model.py
commit:bf67a5dcf44c	touches	file:extensions-builtin/SwinIR/scripts/swinir_model.py
commit:bf67a5dcf44c	touches	file:modules/esrgan_model.py
commit:bf67a5dcf44c	touches	file:modules/realesrgan_model.py
commit:bf9b1d64a310	touches	file:modules/shared.py
commit:bf9b1d64a310	touches	file:webui.py
commit:bfa14db2cb0e	touches	file:javascript/imageviewer.js
commit:bfa20d2758b6	touches	file:scripts/postprocessing_upscale.py
commit:bfbca310744e	touches	file:extensions-builtin/Lora/network.py
commit:bfc48fbc2441	touches	file:modules/infotext_utils.py
commit:bfc5c0810979	touches	file:modules/shared_cmd_options.py
commit:bfc5c0810979	touches	file:webui.py
commit:bfe418a58d39	touches	file:modules/processing.py
commit:bfe418a58d39	touches	file:modules/sd_models_xl.py
commit:bfe7e7f15fbc	touches	file:javascript/hints.js
commit:c0113872c5f8	touches	file:javascript/settings.js
commit:c0113872c5f8	touches	file:javascript/token-counters.js
commit:c0113872c5f8	touches	file:javascript/ui.js
commit:c0113872c5f8	touches	file:modules/ui_settings.py
commit:c0113872c5f8	touches	file:style.css
commit:c01dc1cb30f7	touches	file:scripts/xyz_grid.py
commit:c03856bfdf30	touches	file:scripts/xyz_grid.py
commit:c04c4b95debd	touches	file:modules/ui_tempdir.py
commit:c069c2c56287	touches	file:modules/api/api.py
commit:c0725ba2d098	touches	file:modules/hypertile.py
commit:c09bc2c60856	touches	file:modules/processing.py
commit:c0ca6348e848	touches	file:modules/modelloader.py
commit:c0f9821c35d5	touches	file:modules/processing.py
commit:c1027806936f	touches	file:modules/ui_extra_networks_user_metadata.py
commit:c10633f93a64	touches	file:modules/call_queue.py
commit:c10633f93a64	touches	file:modules/errors.py
commit:c10633f93a64	touches	file:modules/sysinfo.py
commit:c11104fed5ff	touches	file:modules/processing.py
commit:c11104fed5ff	touches	file:modules/shared.py
commit:c1294d849a50	touches	file:launch.py
commit:c134a480164b	touches	file:modules/sd_samplers_common.py
commit:c19530f1a590	touches	file:extensions-builtin/Lora/lora.py
commit:c19530f1a590	touches	file:extensions-builtin/Lora/ui_extra_networks_lora.py
commit:c19530f1a590	touches	file:html/extra-networks-card.html
commit:c19530f1a590	touches	file:javascript/extraNetworks.js
commit:c19530f1a590	touches	file:modules/sd_models.py
commit:c19530f1a590	touches	file:modules/ui_extra_networks.py
commit:c19530f1a590	touches	file:style.css
commit:c19618f37059	touches	file:modules/postprocessing.py
commit:c19618f37059	touches	file:modules/ui_postprocessing.py
commit:c1a31ec9f75c	touches	file:modules/sd_samplers_cfg_denoiser.py
commit:c1a31ec9f75c	touches	file:modules/sd_samplers_timesteps.py
commit:c1a5068ebea1	touches	file:requirements.txt
commit:c1a5068ebea1	touches	file:requirements_versions.txt
commit:c1c04928596f	touches	file:modules/api/api.py
commit:c1c816006e47	touches	file:modules/shared_options.py
commit:c1c816006e47	touches	file:modules/ui_extra_networks.py
commit:c1deec64cb89	touches	file:modules/api/api.py
commit:c1deec64cb89	touches	file:modules/textual_inversion/dataset.py
commit:c1e04c63b3d2	touches	file:modules/processing.py
commit:c1e04c63b3d2	touches	file:modules/scripts.py
commit:c1fdba59045c	touches	file:javascript/edit-attention.js
commit:c2279da52260	touches	file:modules/generation_parameters_copypaste.py
commit:c2297b89d3af	touches	file:extensions-builtin/Lora/network.py
commit:c2297b89d3af	touches	file:extensions-builtin/Lora/network_lyco.py
commit:c251e8db8d71	touches	file:modules/processing.py
commit:c251e8db8d71	touches	file:modules/scripts.py
commit:c258dd34a888	touches	file:modules/ui.py
commit:c278e60131d3	touches	file:modules/ui_extra_networks.py
commit:c27c0de0f73c	touches	file:modules/processing.py
commit:c27c0de0f73c	touches	file:modules/sd_samplers_kdiffusion.py
commit:c2808f3040ba	touches	file:modules/launch_utils.py
commit:c2808f3040ba	touches	file:webui.py
commit:c2c05fcca8f3	touches	file:modules/devices.py
commit:c2ea571005da	touches	file:modules/ui.py
commit:c2ed4132037a	touches	file:style.css
commit:c2fdb44880e0	touches	file:modules/processing.py
commit:c321680b3d6e	touches	file:modules/upscaler.py
commit:c321680b3d6e	touches	file:modules/upscaler_utils.py
commit:c32c51a0fc49	touches	file:javascript/ui.js
commit:c364b6077640	touches	file:extensions-builtin/canvas-zoom-and-pan/javascript/zoom.js
commit:c3699d4fd185	touches	file:modules/shared_options.py
commit:c39efa6ba643	touches	file:extensions-builtin/canvas-zoom-and-pan/javascript/zoom.js
commit:c3bd113a0b96	touches	file:modules/processing.py
commit:c3c88ca8b46a	touches	file:modules/sd_hijack_clip.py
commit:c3d51fc696bb	touches	file:.github/ISSUE_TEMPLATE/bug_report.yml
commit:c3d8b78b47dd	touches	file:extensions-builtin/Lora/networks.py
commit:c3eced22fc7b	touches	file:extensions-builtin/Lora/lora.py
commit:c3ef381cd8c8	touches	file:modules/sd_hijack_unet.py
commit:c3ef381cd8c8	touches	file:modules/sd_models_config.py
commit:c3f75d1d8543	touches	file:extensions-builtin/canvas-zoom-and-pan/javascript/zoom.js
commit:c40be2252ab1	touches	file:modules/processing.py
commit:c40f33ca0475	touches	file:modules/styles.py
commit:c4255d12f753	touches	file:modules/ui_toprow.py
commit:c4402500c76e	touches	file:extensions-builtin/Lora/network.py
commit:c4402500c76e	touches	file:extensions-builtin/Lora/ui_extra_networks_lora.py
commit:c4402500c76e	touches	file:modules/ui_extra_networks.py
commit:c46525b70b54	touches	file:modules/launch_utils.py
commit:c4664b5a9c2f	touches	file:modules/extensions.py
commit:c485a7d12e26	touches	file:modules/ui_loadsave.py
commit:c48ab36cb9e0	touches	file:javascript/hints.js
commit:c48ab36cb9e0	touches	file:javascript/progressbar.js
commit:c48ab36cb9e0	touches	file:javascript/ui.js
commit:c48ab36cb9e0	touches	file:modules/call_queue.py
commit:c48ab36cb9e0	touches	file:modules/progress.py
commit:c48ab36cb9e0	touches	file:modules/ui.py
commit:c48bbccf12f1	touches	file:modules/api/api.py
commit:c48bbccf12f1	touches	file:modules/api/models.py
commit:c4a00affc501	touches	file:html/extra-networks-copy-path-button.html
commit:c4a00affc501	touches	file:modules/ui_extra_networks.py
commit:c4afdb7895a5	touches	file:extensions-builtin/Lora/network_oft.py
commit:c4b11ec54e23	touches	file:style.css
commit:c4b9b07db627	touches	file:modules/sd_hijack.py
commit:c4b9ed1a2791	touches	file:modules/ui.py
commit:c4bfd20f3172	touches	file:modules/sd_hijack.py
commit:c4c63dd5e476	touches	file:modules/img2img.py
commit:c4c63dd5e476	touches	file:modules/ui.py
commit:c4c8a641115b	touches	file:webui.sh
commit:c4ea16a03f8f	touches	file:modules/sd_models.py
commit:c4ee6d9b7330	touches	file:scripts/xyz_grid.py
commit:c50b7e4eff88	touches	file:modules/cmd_args.py
commit:c50b7e4eff88	touches	file:modules/infotext_utils.py
commit:c50b7e4eff88	touches	file:modules/processing.py
commit:c510cfd24b99	touches	file:modules/shared.py
commit:c5142e2fbecb	touches	file:html/licenses.html
commit:c5142e2fbecb	touches	file:modules/mac_specific.py
commit:c5496c76461c	touches	file:modules/infotext.py
commit:c58cf73c806f	touches	file:modules/launch_utils.py
commit:c5934fb6e300	touches	file:modules/sd_hijack.py
commit:c5a0c59a83c9	touches	file:modules/options.py
commit:c5ae2254182b	touches	file:modules/safe.py
commit:c5b7559856c5	touches	file:modules/textual_inversion/textual_inversion.py
commit:c5c7fa06aae1	touches	file:modules/img2img.py
commit:c5c7fa06aae1	touches	file:modules/processing.py
commit:c5c7fa06aae1	touches	file:modules/sd_samplers_cfg_denoiser.py
commit:c5c7fa06aae1	touches	file:modules/sd_samplers_common.py
commit:c5c7fa06aae1	touches	file:modules/ui.py
commit:c5c7fa06aae1	touches	file:scripts/outpainting_mk_2.py
commit:c5c7fa06aae1	touches	file:scripts/poor_mans_outpainting.py
commit:c5c7fa06aae1	touches	file:test/test_img2img.py
commit:c5d70fe1d368	touches	file:extensions-builtin/canvas-zoom-and-pan/javascript/zoom.js
commit:c5d70fe1d368	touches	file:extensions-builtin/canvas-zoom-and-pan/style.css
commit:c5f9f7c23759	touches	file:javascript/ui.js
commit:c5f9f7c23759	touches	file:modules/ui.py
commit:c5f9f7c23759	touches	file:style.css
commit:c602471b85d2	touches	file:modules/ui_extra_networks.py
commit:c6278c15a81b	touches	file:modules/shared.py
commit:c63d46ceb8dd	touches	file:modules/processing.py
commit:c68aabc85215	touches	file:modules/txt2img.py
commit:c69773d7e8f2	touches	file:modules/sd_models.py
commit:c6b826d796d1	touches	file:modules/ui_checkpoint_merger.py
commit:c6c2a59333c7	touches	file:modules/api/api.py
commit:c6f20f72629f	touches	file:extensions-builtin/Lora/lora.py
commit:c702010e575d	touches	file:.github/workflows/run_tests.yaml
commit:c707b7df95a6	touches	file:modules/processing.py
commit:c71430026591	touches	file:javascript/contextMenus.js
commit:c71430026591	touches	file:javascript/extensions.js
commit:c71430026591	touches	file:javascript/ui.js
commit:c721884cf5b9	touches	file:modules/sd_samplers_kdiffusion.py
commit:c74c708ed8c4	touches	file:javascript/extraNetworks.js
commit:c74c708ed8c4	touches	file:modules/ui_extra_networks.py
commit:c74c708ed8c4	touches	file:style.css
commit:c756133541da	touches	file:modules/hat_model.py
commit:c75bda867be5	touches	file:modules/shared.py
commit:c75bda867be5	touches	file:webui.py
commit:c76a30af41e5	touches	file:launch.py
commit:c76a30af41e5	touches	file:modules/launch_utils.py
commit:c77f01ff3107	touches	file:modules/sd_models.py
commit:c77f01ff3107	touches	file:modules/shared.py
commit:c7808825b12c	touches	file:CHANGELOG.md
commit:c7a1ff872075	touches	file:modules/processing.py
commit:c7a1ff872075	touches	file:modules/sd_samplers_cfg_denoiser.py
commit:c7a1ff872075	touches	file:test/test_img2img.py
commit:c7c16f805c9e	touches	file:modules/api/models.py
commit:c7c16f805c9e	touches	file:modules/processing.py
commit:c7cd9b441d90	touches	file:javascript/ui.js
commit:c7e810a98566	touches	file:.eslintrc.js
commit:c7e810a98566	touches	file:javascript/token-counters.js
commit:c7e810a98566	touches	file:javascript/ui.js
commit:c803e11505ca	touches	file:javascript/progressbar.js
commit:c8109f0dea0a	touches	file:scripts/xyz_grid.py
commit:c81b52ffbd62	touches	file:modules/img2img.py
commit:c81b52ffbd62	touches	file:modules/ui.py
commit:c8336c45b98c	touches	file:modules/api/api.py
commit:c84118d70d7c	touches	file:scripts/xyz_grid.py
commit:c84c9df73799	touches	file:modules/sd_hijack_optimizations.py
commit:c8732dfa6f76	touches	file:modules/sub_quadratic_attention.py
commit:c88dcc20d495	touches	file:modules/processing.py
commit:c88dcc20d495	touches	file:modules/sd_samplers.py
commit:c88dcc20d495	touches	file:modules/sd_samplers_compvis.py
commit:c8b52c797556	touches	file:scripts/xyz_grid.py
commit:c8b55f29e283	touches	file:modules/processing.py
commit:c8c73eae5934	touches	file:modules/ui_loadsave.py
commit:c8d453e91561	touches	file:scripts/xyz_grid.py
commit:c8e67b67320f	touches	file:modules/img2img.py
commit:c9174253fb60	touches	file:modules/face_restoration_utils.py
commit:c9174253fb60	touches	file:requirements.txt
commit:c9174253fb60	touches	file:requirements_versions.txt
commit:c928c228af42	touches	file:extensions-builtin/canvas-zoom-and-pan/javascript/zoom.js
commit:c92ec3a9255a	touches	file:modules/processing.py
commit:c938b172a494	touches	file:javascript/progressbar.js
commit:c9647c8d23ef	touches	file:modules/shared.py
commit:c9647c8d23ef	touches	file:modules/ui.py
commit:c9647c8d23ef	touches	file:webui.py
commit:c96e4750d895	touches	file:modules/sd_models.py
commit:c96e4750d895	touches	file:modules/sd_vae.py
commit:c96e4750d895	touches	file:modules/shared.py
commit:c96e4750d895	touches	file:modules/ui_extra_networks_checkpoints_user_metadata.py
commit:c96e4750d895	touches	file:webui.py
commit:c985d23c52b5	touches	file:modules/ui_extensions.py
commit:c9c457eda8de	touches	file:modules/ui.py
commit:c9c692c4d96a	touches	file:scripts/img2imgalt.py
commit:ca2b8faa8307	touches	file:html/extra-networks-card.html
commit:ca2b8faa8307	touches	file:modules/shared.py
commit:ca2b8faa8307	touches	file:modules/ui_extra_networks.py
commit:ca45ff1ae6fd	touches	file:modules/processing.py
commit:ca45ff1ae6fd	touches	file:modules/scripts.py
commit:ca671e5d7b9d	touches	file:modules/devices.py
commit:cad87bf4e3e0	touches	file:modules/prompt_parser.py
commit:caf84e823323	touches	file:modules/processing.py
commit:caf84e823323	touches	file:modules/shared.py
commit:cb2a4f24247c	touches	file:modules/ui_extensions.py
commit:cb3f8ff59fe8	touches	file:modules/shared.py
commit:cb3f8ff59fe8	touches	file:modules/ui_extra_networks.py
commit:cb52279c3e7c	touches	file:modules/shared_options.py
commit:cb52279c3e7c	touches	file:modules/ui_common.py
commit:cb52279c3e7c	touches	file:modules/ui_tempdir.py
commit:cb5f0823c6f7	touches	file:modules/errors.py
commit:cb5f0823c6f7	touches	file:requirements.txt
commit:cb5f0823c6f7	touches	file:requirements_versions.txt
commit:cb5f61281a95	touches	file:modules/safe.py
commit:cb7573489670	touches	file:modules/sd_hijack.py
commit:cb81087b592b	touches	file:CHANGELOG.md
commit:cb8c447f0d37	touches	file:html/extra-networks-card.html
commit:cb940a583d90	touches	file:modules/ui_extensions.py
commit:cbc38a903b12	touches	file:modules/images.py
commit:cbd6329488be	touches	file:launch.py
commit:cc2f6e3b7b8d	touches	file:javascript/dragdrop.js
commit:cc3f60431045	touches	file:modules/devices.py
commit:cc3f60431045	touches	file:modules/initialize.py
commit:cc3f60431045	touches	file:modules/launch_utils.py
commit:cc3f60431045	touches	file:modules/npu_specific.py
commit:cc3f60431045	touches	file:modules/textual_inversion/textual_inversion.py
commit:cc3f60431045	touches	file:requirements.txt
commit:cc3f60431045	touches	file:requirements_npu.txt
commit:cc3f60431045	touches	file:requirements_versions.txt
commit:cc41cc434951	touches	file:style.css
commit:cc53db6652b1	touches	file:modules/processing.py
commit:cc80a09d82af	touches	file:requirements_versions.txt
commit:cc8c9b7474d9	touches	file:modules/extras.py
commit:cc8c9b7474d9	touches	file:modules/sd_hijack_ip2p.py
commit:cc8ea32501e0	touches	file:modules/ui_loadsave.py
commit:cc9c1719786d	touches	file:.github/workflows/run_tests.yaml
commit:cc9c1719786d	touches	file:modules/api/api.py
commit:cc9c1719786d	touches	file:modules/cmd_args.py
commit:cc9ca67664ef	touches	file:modules/sd_hijack_unet.py
commit:cca5782d183c	touches	file:javascript/imageviewerGamepad.js
commit:ccb92339348f	touches	file:modules/processing.py
commit:ccd97886da1f	touches	file:modules/cache.py
commit:ccd97886da1f	touches	file:modules/ui_extra_networks.py
commit:ccd97886da1f	touches	file:modules/ui_extra_networks_checkpoints.py
commit:ccee26b0653b	touches	file:javascript/extraNetworks.js
commit:ccee26b0653b	touches	file:modules/ui_extra_networks.py
commit:ccee26b0653b	touches	file:modules/ui_extra_networks_checkpoints.py
commit:cd03317c05b5	touches	file:modules/ui_extensions.py
commit:cd3cd0fca0f1	touches	file:modules/scripts.py
commit:cd48308a2a37	touches	file:modules/processing.py
commit:cd4e053e5e73	touches	file:modules/img2img.py
commit:cd6990c243e9	touches	file:javascript/localization.js
commit:cd7ec5f728d4	touches	file:modules/sysinfo.py
commit:cd7f2b19f45a	touches	file:style.css
commit:cd8a510ca907	touches	file:modules/sd_models.py
commit:cd9ce2e31c4a	touches	file:modules/shared_options.py
commit:cd9e9e404955	touches	file:extensions-builtin/Lora/ui_extra_networks_lora.py
commit:cda2f0a1620c	touches	file:modules/scripts.py
commit:cdac5ace1456	touches	file:modules/processing.py
commit:cdac5ace1456	touches	file:modules/sd_samplers.py
commit:cdac5ace1456	touches	file:modules/sd_samplers_common.py
commit:cdac5ace1456	touches	file:modules/sd_samplers_compvis.py
commit:cdac5ace1456	touches	file:modules/sd_samplers_kdiffusion.py
commit:cdb60a690dcd	touches	file:modules/logging_config.py
commit:cdc2fa209a3e	touches	file:modules/extras.py
commit:cde0d642f34b	touches	file:modules/images.py
commit:ce0aab36432c	touches	file:modules/api/api.py
commit:ce0aab36432c	touches	file:webui.py
commit:ce38ee8f26d0	touches	file:modules/shared.py
commit:ce4be668fe1d	touches	file:modules/sd_samplers_kdiffusion.py
commit:ce515b81c57a	touches	file:javascript/ui_settings_hints.js
commit:ce515b81c57a	touches	file:modules/shared.py
commit:ce515b81c57a	touches	file:style.css
commit:ce68ab8d0dfd	touches	file:extensions-builtin/Lora/ui_extra_networks_lora.py
commit:ce68ab8d0dfd	touches	file:modules/ui_extra_networks.py
commit:ce68ab8d0dfd	touches	file:modules/ui_extra_networks_checkpoints.py
commit:ce68ab8d0dfd	touches	file:modules/ui_extra_networks_hypernets.py
commit:ce68ab8d0dfd	touches	file:modules/ui_extra_networks_textual_inversion.py
commit:cee1a4065162	touches	file:script.js
commit:cf07983a6e5a	touches	file:modules/launch_utils.py
commit:cf07983a6e5a	touches	file:webui.py
commit:cf0cfefe910b	touches	file:modules/processing.py
commit:cf0cfefe910b	touches	file:modules/sd_samplers_kdiffusion.py
commit:cf14a6a7aaf8	touches	file:extensions-builtin/ScuNET/scripts/scunet_model.py
commit:cf14a6a7aaf8	touches	file:extensions-builtin/SwinIR/scripts/swinir_model.py
commit:cf14a6a7aaf8	touches	file:modules/upscaler_utils.py
commit:cf17dfcd648e	touches	file:extensions-builtin/prompt-bracket-checker/javascript/prompt-bracket-checker.js
commit:cf1edc2b54d7	touches	file:modules/shared_state.py
commit:cf5a5773bfd1	touches	file:modules/shared.py
commit:cfb90a938eff	touches	file:modules/txt2img.py
commit:cfbe68184c6e	touches	file:scripts/xyz_grid.py
commit:cfdd1b941897	touches	file:modules/processing.py
commit:d0026da4833c	touches	file:launch.py
commit:d0026da4833c	touches	file:modules/cmd_args.py
commit:d0026da4833c	touches	file:modules/launch_utils.py
commit:d006108d75d7	touches	file:webui.sh
commit:d00f6dca2825	touches	file:modules/ui_extra_networks.py
commit:d02c4da483a6	touches	file:modules/options.py
commit:d02c4da483a6	touches	file:modules/processing.py
commit:d04e3e921e8e	touches	file:modules/sd_hijack.py
commit:d04e3e921e8e	touches	file:modules/sd_models_config.py
commit:d06af4e51786	touches	file:modules/api/api.py
commit:d0bf509fa14b	touches	file:extensions-builtin/Lora/networks.py
commit:d0d5075914ef	touches	file:CHANGELOG.md
commit:d10c4db57ed0	touches	file:extensions-builtin/Lora/network_oft.py
commit:d10c4db57ed0	touches	file:extensions-builtin/Lora/networks.py
commit:d118cb6ea3f1	touches	file:modules/modelloader.py
commit:d132481058f8	touches	file:modules/extras.py
commit:d132481058f8	touches	file:modules/sd_models.py
commit:d132481058f8	touches	file:modules/ui.py
commit:d1750e5eca6f	touches	file:extensions-builtin/hypertile/hypertile.py
commit:d18eb10ecdbf	touches	file:modules/ui_postprocessing.py
commit:d1a70c3f0534	touches	file:modules/sd_samplers_common.py
commit:d1a70c3f0534	touches	file:modules/sd_samplers_kdiffusion.py
commit:d1ba46b6e15d	touches	file:modules/processing.py
commit:d1ba46b6e15d	touches	file:modules/prompt_parser.py
commit:d1ba46b6e15d	touches	file:modules/shared.py
commit:d1bfc86ffcbe	touches	file:modules/launch_utils.py
commit:d1d6ce29831d	touches	file:modules/processing.py
commit:d1e62b296146	touches	file:modules/cmd_args.py
commit:d1e62b296146	touches	file:webui.py
commit:d1ff57e1cb60	touches	file:modules/shared.py
commit:d2097dbdd99a	touches	file:javascript/ui.js
commit:d2097dbdd99a	touches	file:script.js
commit:d20eb11c9e21	touches	file:scripts/xyz_grid.py
commit:d212fb59fe89	touches	file:modules/textual_inversion/image_embedding.py
commit:d224fed0ce16	touches	file:modules/infotext_utils.py
commit:d22eb8a17f8d	touches	file:modules/images.py
commit:d243e24f539d	touches	file:modules/devices.py
commit:d25219b7e889	touches	file:extensions-builtin/LDSR/ldsr_model_arch.py
commit:d25219b7e889	touches	file:extensions-builtin/LDSR/sd_hijack_autoencoder.py
commit:d25219b7e889	touches	file:extensions-builtin/LDSR/sd_hijack_ddpm_v1.py
commit:d25219b7e889	touches	file:modules/api/api.py
commit:d25219b7e889	touches	file:modules/models/diffusion/ddpm_edit.py
commit:d25219b7e889	touches	file:modules/models/diffusion/uni_pc/uni_pc.py
commit:d25219b7e889	touches	file:modules/sd_hijack_inpainting.py
commit:d25c4b13e4be	touches	file:test/basic_features/extras_test.py
commit:d25c4b13e4be	touches	file:test/basic_features/img2img_test.py
commit:d261bec1ec5a	touches	file:modules/generation_parameters_copypaste.py
commit:d274b8297e85	touches	file:CHANGELOG.md
commit:d274b8297e85	touches	file:scripts/prompts_from_file.py
commit:d282d248000a	touches	file:CHANGELOG.md
commit:d286df0a7145	touches	file:style.css
commit:d2878a8b0b95	touches	file:scripts/xyz_grid.py
commit:d295e97a0d7c	touches	file:script.js
commit:d29fe44e467c	touches	file:webui.sh
commit:d2ac95fa7b2a	touches	file:configs/instruct-pix2pix.yaml
commit:d2ac95fa7b2a	touches	file:configs/v1-inpainting-inference.yaml
commit:d2ac95fa7b2a	touches	file:modules/api/api.py
commit:d2ac95fa7b2a	touches	file:modules/devices.py
commit:d2ac95fa7b2a	touches	file:modules/sd_hijack_inpainting.py
commit:d2ac95fa7b2a	touches	file:modules/sd_models.py
commit:d2ac95fa7b2a	touches	file:modules/sd_models_config.py
commit:d2ac95fa7b2a	touches	file:modules/shared.py
commit:d2ac95fa7b2a	touches	file:modules/shared_items.py
commit:d2ac95fa7b2a	touches	file:modules/timer.py
commit:d2b842ce0799	touches	file:modules/shared.py
commit:d2cc8ccb1155	touches	file:webui.bat
commit:d2cc8ccb1155	touches	file:webui.sh
commit:d2ccdcdc97f8	touches	file:modules/ui.py
commit:d2e0c1ca132f	touches	file:README.md
commit:d2e0c1ca132f	touches	file:extensions-builtin/hypertile/hypertile.py
commit:d2e0c1ca132f	touches	file:extensions-builtin/hypertile/scripts/hypertile_script.py
commit:d2e0c1ca132f	touches	file:modules/processing.py
commit:d2e0c1ca132f	touches	file:modules/shared_options.py
commit:d306d25e5652	touches	file:extensions-builtin/canvas-zoom-and-pan/javascript/zoom.js
commit:d306d25e5652	touches	file:extensions-builtin/canvas-zoom-and-pan/scripts/hotkey_config.py
commit:d30ac02f28bf	touches	file:scripts/xyz_grid.py
commit:d31dc7a73996	touches	file:modules/postprocessing.py
commit:d33cb2b8122f	touches	file:script.js
commit:d380f939b5ab	touches	file:modules/shared.py
commit:d3b188c82d10	touches	file:modules/scripts.py
commit:d3b188c82d10	touches	file:style.css
commit:d3c86e517872	touches	file:modules/img2img.py
commit:d3c86e517872	touches	file:modules/processing.py
commit:d3c86e517872	touches	file:modules/txt2img.py
commit:d3dcb05904de	touches	file:modules/ui_extra_networks.py
commit:d3dcb05904de	touches	file:style.css
commit:d3fdc4af61b7	touches	file:modules/processing.py
commit:d40e44ade479	touches	file:modules/devices.py
commit:d40e44ade479	touches	file:modules/sd_samplers_common.py
commit:d40e44ade479	touches	file:modules/sd_samplers_kdiffusion.py
commit:d40e44ade479	touches	file:modules/shared.py
commit:d43333ff7193	touches	file:modules/sd_samplers_common.py
commit:d44f241317d6	touches	file:style.css
commit:d456fb797ad9	touches	file:modules/sd_vae.py
commit:d47324b898d0	touches	file:modules/ui_extensions.py
commit:d4945f4422e5	touches	file:extensions-builtin/Lora/ui_edit_user_metadata.py
commit:d4945f4422e5	touches	file:extensions-builtin/Lora/ui_extra_networks_lora.py
commit:d4b814aed609	touches	file:modules/models/sd3/sd3_model.py
commit:d4bd67bd678d	touches	file:requirements_versions.txt
commit:d4d3134f6d2d	touches	file:modules/devices.py
commit:d4d3134f6d2d	touches	file:modules/processing.py
commit:d4d3134f6d2d	touches	file:modules/sd_models.py
commit:d5063e07e8b4	touches	file:.gitignore
commit:d5063e07e8b4	touches	file:environment-wsl2.yaml
commit:d5063e07e8b4	touches	file:launch.py
commit:d5063e07e8b4	touches	file:requirements.txt
commit:d5063e07e8b4	touches	file:requirements_versions.txt
commit:d5063e07e8b4	touches	file:webui-macos-env.sh
commit:d5063e07e8b4	touches	file:webui.py
commit:d50b95b5a32b	touches	file:modules/shared.py
commit:d52a1e1a22f1	touches	file:modules/sd_schedulers.py
commit:d537a1f1b62d	touches	file:launch.py
commit:d558cb69b029	touches	file:javascript/resizeHandle.js
commit:d57ff884edd5	touches	file:modules/infotext_utils.py
commit:d5a5f2f29fc1	touches	file:modules/ui_extensions.py
commit:d5f6fdb3c442	touches	file:modules/ui_extensions.py
commit:d5f6fdb3c442	touches	file:style.css
commit:d608926f817b	touches	file:modules/textual_inversion/autocrop.py
commit:d609f6030ec4	touches	file:modules/images.py
commit:d609f6030ec4	touches	file:modules/processing.py
commit:d613cd17c72c	touches	file:modules/infotext.py
commit:d613cd17c72c	touches	file:modules/infotext_versions.py
commit:d613cd17c72c	touches	file:modules/shared_options.py
commit:d63117ace543	touches	file:modules/sysinfo.py
commit:d6478a60aa7c	touches	file:javascript/extraNetworks.js
commit:d64ff4248bab	touches	file:modules/textual_inversion/textual_inversion.py
commit:d6668347c8b8	touches	file:modules/textual_inversion/logging.py
commit:d667fc435f62	touches	file:javascript/ui.js
commit:d667fc435f62	touches	file:modules/img2img.py
commit:d667fc435f62	touches	file:modules/ui.py
commit:d667fc435f62	touches	file:style.css
commit:d66c64b9d765	touches	file:javascript/hints.js
commit:d67348a0a54a	touches	file:modules/models/sd3/sd3_model.py
commit:d67348a0a54a	touches	file:modules/processing.py
commit:d686e73daa6c	touches	file:modules/models/sd3/sd3_cond.py
commit:d686e73daa6c	touches	file:modules/models/sd3/sd3_model.py
commit:d686e73daa6c	touches	file:modules/prompt_parser.py
commit:d686e73daa6c	touches	file:modules/sd_hijack.py
commit:d686e73daa6c	touches	file:modules/sd_hijack_clip.py
commit:d686e73daa6c	touches	file:modules/sd_models.py
commit:d6b4444069d3	touches	file:modules/sd_schedulers.py
commit:d6d0b22e6657	touches	file:extensions-builtin/Lora/network_oft.py
commit:d727ddfccdc6	touches	file:extensions-builtin/Lora/network_oft.py
commit:d75ed52bfc07	touches	file:extensions-builtin/Lora/lora.py
commit:d78c4375833f	touches	file:webui-user.sh
commit:d7c9c6142071	touches	file:modules/sd_samplers_common.py
commit:d7d3166a2749	touches	file:html/extra-networks-tree.html
commit:d7d3166a2749	touches	file:style.css
commit:d7d6e8cfc8b8	touches	file:extensions-builtin/Lora/lora.py
commit:d7d6e8cfc8b8	touches	file:modules/shared.py
commit:d7d6e8cfc8b8	touches	file:modules/ui_extra_networks.py
commit:d7e3ea68b360	touches	file:modules/ui_prompt_styles.py
commit:d7e9ac2aff6b	touches	file:CHANGELOG.md
commit:d7f48472ccb2	touches	file:html/extra-networks-copy-path-button.html
commit:d7f48472ccb2	touches	file:html/extra-networks-edit-item-button.html
commit:d7f48472ccb2	touches	file:html/extra-networks-metadata-button.html
commit:d7f48472ccb2	touches	file:javascript/extraNetworks.js
commit:d7f48472ccb2	touches	file:modules/ui_extra_networks.py
commit:d8071647760a	touches	file:modules/textual_inversion/logging.py
commit:d80962681ae0	touches	file:webui.py
commit:d8126be578c7	touches	file:modules/infotext.py
commit:d8126be578c7	touches	file:modules/infotext_versions.py
commit:d8126be578c7	touches	file:modules/postprocessing.py
commit:d81d3fa8cde8	touches	file:modules/processing.py
commit:d82d471bf779	touches	file:.github/ISSUE_TEMPLATE/bug_report.yml
commit:d8371d0b3c90	touches	file:modules/shared.py
commit:d83a1ba65be1	touches	file:extensions-builtin/Lora/ui_edit_user_metadata.py
commit:d8419762c145	touches	file:extensions-builtin/Lora/extra_networks_lora.py
commit:d8419762c145	touches	file:extensions-builtin/Lora/networks.py
commit:d8419762c145	touches	file:extensions-builtin/Lora/scripts/lora_script.py
commit:d8419762c145	touches	file:modules/processing.py
commit:d84f3cf7a774	touches	file:webui.py
commit:d859cec696a9	touches	file:extensions-builtin/extra-options-section/scripts/extra_options_section.py
commit:d859cec696a9	touches	file:modules/api/api.py
commit:d859cec696a9	touches	file:modules/img2img.py
commit:d859cec696a9	touches	file:modules/postprocessing.py
commit:d859cec696a9	touches	file:modules/processing.py
commit:d859cec696a9	touches	file:modules/processing_scripts/refiner.py
commit:d859cec696a9	touches	file:modules/processing_scripts/seed.py
commit:d859cec696a9	touches	file:modules/shared_items.py
commit:d859cec696a9	touches	file:modules/txt2img.py
commit:d859cec696a9	touches	file:modules/ui.py
commit:d859cec696a9	touches	file:modules/ui_common.py
commit:d859cec696a9	touches	file:modules/ui_extra_networks.py
commit:d859cec696a9	touches	file:modules/ui_extra_networks_user_metadata.py
commit:d859cec696a9	touches	file:modules/ui_postprocessing.py
commit:d859de37d9ec	touches	file:modules/api/api.py
commit:d859de37d9ec	touches	file:modules/processing.py
commit:d859de37d9ec	touches	file:modules/progress.py
commit:d86beb822832	touches	file:javascript/hints.js
commit:d86beb822832	touches	file:modules/shared.py
commit:d86beb822832	touches	file:requirements.txt
commit:d86d12e91177	touches	file:modules/processing.py
commit:d86d12e91177	touches	file:modules/shared.py
commit:d875cda56517	touches	file:modules/processing.py
commit:d875cda56517	touches	file:modules/sd_models.py
commit:d88424ef2a5d	touches	file:html/extra-networks-tree-button.html
commit:d88424ef2a5d	touches	file:javascript/extraNetworks.js
commit:d88424ef2a5d	touches	file:modules/ui_extra_networks.py
commit:d88424ef2a5d	touches	file:style.css
commit:d89a915b74cd	touches	file:modules/ui.py
commit:d9034b48a526	touches	file:modules/cache.py
commit:d9034b48a526	touches	file:modules/extensions.py
commit:d9034b48a526	touches	file:modules/extra_networks.py
commit:d9034b48a526	touches	file:modules/infotext_utils.py
commit:d9034b48a526	touches	file:modules/launch_utils.py
commit:d9034b48a526	touches	file:modules/postprocessing.py
commit:d9034b48a526	touches	file:modules/shared_init.py
commit:d9034b48a526	touches	file:modules/ui_gradio_extensions.py
commit:d9034b48a526	touches	file:modules/ui_loadsave.py
commit:d9034b48a526	touches	file:modules/util.py
commit:d92ce145bba7	touches	file:modules/import_hook.py
commit:d9499f430101	touches	file:javascript/extraNetworks.js
commit:d9499f430101	touches	file:modules/shared_options.py
commit:d9499f430101	touches	file:modules/ui_extra_networks.py
commit:d9708c92b444	touches	file:modules/ui_extensions.py
commit:d9968e61082f	touches	file:launch.py
commit:d9cc0910c8ac	touches	file:modules/sd_hijack_optimizations.py
commit:d9cc27cb2992	touches	file:extensions-builtin/Lora/networks.py
commit:d9d94141dcfc	touches	file:modules/sd_models.py
commit:d9ddc5d4cd9e	touches	file:modules/sd_samplers_common.py
commit:d9fdb5214922	touches	file:script.js
commit:da0712ee7d6e	touches	file:temp
commit:da10de022f69	touches	file:modules/progress.py
commit:da10de022f69	touches	file:modules/shared.py
commit:da14f6a6632e	touches	file:modules/images.py
commit:da14f6a6632e	touches	file:modules/shared.py
commit:da45e73b4ffd	touches	file:modules/api/api.py
commit:da464a3fb39e	touches	file:modules/launch_utils.py
commit:da464a3fb39e	touches	file:modules/lowvram.py
commit:da464a3fb39e	touches	file:modules/paths.py
commit:da464a3fb39e	touches	file:modules/processing.py
commit:da464a3fb39e	touches	file:modules/prompt_parser.py
commit:da464a3fb39e	touches	file:modules/sd_hijack.py
commit:da464a3fb39e	touches	file:modules/sd_hijack_clip.py
commit:da464a3fb39e	touches	file:modules/sd_hijack_open_clip.py
commit:da464a3fb39e	touches	file:modules/sd_hijack_optimizations.py
commit:da464a3fb39e	touches	file:modules/sd_models.py
commit:da464a3fb39e	touches	file:modules/sd_models_config.py
commit:da464a3fb39e	touches	file:modules/sd_models_xl.py
commit:da464a3fb39e	touches	file:modules/sd_samplers_kdiffusion.py
commit:da464a3fb39e	touches	file:modules/shared.py
commit:da464a3fb39e	touches	file:requirements.txt
commit:da464a3fb39e	touches	file:requirements_versions.txt
commit:da468a585bb6	touches	file:modules/api/api.py
commit:da468a585bb6	touches	file:modules/processing.py
commit:da468a585bb6	touches	file:modules/sd_models.py
commit:da67afe5f684	touches	file:modules/sd_models.py
commit:da8916f92649	touches	file:extensions-builtin/LDSR/ldsr_model_arch.py
commit:da8916f92649	touches	file:extensions-builtin/ScuNET/scripts/scunet_model.py
commit:da8916f92649	touches	file:extensions-builtin/SwinIR/scripts/swinir_model.py
commit:da8916f92649	touches	file:modules/codeformer_model.py
commit:da8916f92649	touches	file:modules/devices.py
commit:da8916f92649	touches	file:modules/sd_models.py
commit:daa1b33247e5	touches	file:modules/initialize.py
commit:daa1b33247e5	touches	file:modules/shared_options.py
commit:dab5002c59ce	touches	file:modules/textual_inversion/textual_inversion.py
commit:dac45299dd57	touches	file:launch.py
commit:daee41e0d64e	touches	file:style.css
commit:daf41a273485	touches	file:modules/mac_specific.py
commit:dafe5193633e	touches	file:javascript/edit-order.js
commit:db19c46d6de3	touches	file:javascript/token-counters.js
commit:db263df5d5c1	touches	file:modules/masking.py
commit:db263df5d5c1	touches	file:modules/processing.py
commit:db40d26d086b	touches	file:extensions-builtin/Lora/extra_networks_lora.py
commit:db4632f4ba8d	signed_off_by	person:alex_he
commit:db4632f4ba8d	touches	file:webui.sh
commit:db56bdce3326	touches	file:scripts/xyz_grid.py
commit:db5c304e2968	touches	file:extensions-builtin/mobile/javascript/mobile.js
commit:db5c304e2968	touches	file:javascript/progressbar.js
commit:db5c304e2968	touches	file:style.css
commit:db602b100e27	touches	file:modules/api/api.py
commit:db6c7ff08429	touches	file:webui.sh
commit:db85421da18c	touches	file:javascript/imageviewer.js
commit:db85421da18c	touches	file:style.css
commit:dbb10fbd8c2d	touches	file:javascript/imageviewer.js
commit:dbca51215434	touches	file:modules/progress.py
commit:dbca51215434	touches	file:webui.py
commit:dbcb6fac77f6	touches	file:html/image-update.svg
commit:dbcb6fac77f6	touches	file:style.css
commit:dbd13dee3aa7	touches	file:CHANGELOG.md
commit:dbda59e58a7c	touches	file:javascript/contextMenus.js
commit:dc1adeecdd02	touches	file:modules/sd_models.py
commit:dc25a31d1a38	touches	file:modules/shared.py
commit:dc25a31d1a38	touches	file:webui.py
commit:dc273f747314	touches	file:extensions-builtin/canvas-zoom-and-pan/javascript/zoom.js
commit:dc3906185656	touches	file:extensions-builtin/Lora/lora.py
commit:dc57ec0296e7	touches	file:modules/processing.py
commit:dc5b5ee9c6be	touches	file:scripts/xyz_grid.py
commit:dc7a1bbb1c70	touches	file:javascript/aspectRatioOverlay.js
commit:dc7a1bbb1c70	touches	file:javascript/contextMenus.js
commit:dc7a1bbb1c70	touches	file:javascript/generationParams.js
commit:dc7a1bbb1c70	touches	file:javascript/imageMaskFix.js
commit:dc7a1bbb1c70	touches	file:javascript/imageviewer.js
commit:dc7a1bbb1c70	touches	file:javascript/notification.js
commit:dc7a1bbb1c70	touches	file:javascript/ui.js
commit:dca121e9035b	touches	file:modules/processing.py
commit:dca9007ac7a9	touches	file:modules/sd_models.py
commit:dcd4f880a86e	touches	file:modules/shared_options.py
commit:dcd4f880a86e	touches	file:scripts/postprocessing_upscale.py
commit:dd07b5193efa	touches	file:modules/api/api.py
commit:dd1641ecc4bb	touches	file:javascript/extraNetworks.js
commit:dd20fc0fda5a	touches	file:launch.py
commit:dd268c48c909	touches	file:javascript/extensions.js
commit:dd268c48c909	touches	file:modules/ui_extensions.py
commit:dd377637caad	touches	file:CHANGELOG.md
commit:dd3ca9adf707	touches	file:launch.py
commit:dd4b0b95d5a5	touches	file:modules/cmd_args.py
commit:dd4b0b95d5a5	touches	file:modules/images.py
commit:dd4f798b97de	touches	file:modules/sysinfo.py
commit:dd93c47abfd9	touches	file:javascript/imageviewer.js
commit:dda067f64d32	touches	file:modules/sd_models.py
commit:ddbf4a73f5c0	touches	file:modules/sd_samplers_kdiffusion.py
commit:ddc2a3499b8c	touches	file:modules/devices.py
commit:ddf3d1a7ac51	touches	file:style.css
commit:de022c4c8024	touches	file:modules/ui_extensions.py
commit:de03882d6ca5	touches	file:modules/api/api.py
commit:de04573438bc	touches	file:modules/util.py
commit:de1809bd1445	touches	file:scripts/xyz_grid.py
commit:de3abc29ae91	touches	file:modules/ui_extra_networks.py
commit:de3abc29ae91	touches	file:webui.py
commit:de401d8ffb46	touches	file:modules/mac_specific.py
commit:de5a8c5cb400	touches	file:modules/processing.py
commit:de5a8c5cb400	touches	file:modules/shared_options.py
commit:de5bb4ca88df	touches	file:modules/hypernetworks/hypernetwork.py
commit:de7604fa7718	touches	file:javascript/extraNetworks.js
commit:de7604fa7718	touches	file:javascript/resizeHandle.js
commit:de79597ab989	touches	file:modules/processing.py
commit:de8ee92ed88b	touches	file:extensions-builtin/Lora/network_oft.py
commit:dea5e43c8359	touches	file:modules/img2img.py
commit:dea5e43c8359	touches	file:modules/shared_options.py
commit:debf836fcc8d	touches	file:modules/img2img.py
commit:debf836fcc8d	touches	file:modules/processing.py
commit:debf836fcc8d	touches	file:modules/sd_samplers_common.py
commit:debf836fcc8d	touches	file:modules/ui.py
commit:debf836fcc8d	touches	file:scripts/outpainting_mk_2.py
commit:debf836fcc8d	touches	file:scripts/poor_mans_outpainting.py
commit:debf836fcc8d	touches	file:test/test_img2img.py
commit:dec5cdd9b89d	touches	file:extensions-builtin/ScuNET/scripts/scunet_model.py
commit:dec5cdd9b89d	touches	file:modules/shared.py
commit:dec791d35ddc	touches	file:modules/processing.py
commit:deeec0b34359	touches	file:modules/generation_parameters_copypaste.py
commit:df004be2fc4b	touches	file:modules/sd_hijack_optimizations.py
commit:df004be2fc4b	touches	file:webui.py
commit:df02498d03e4	touches	file:extensions-builtin/extra-options-section/scripts/extra_options_section.py
commit:df02498d03e4	touches	file:modules/processing.py
commit:df02498d03e4	touches	file:modules/scripts.py
commit:df02498d03e4	touches	file:modules/shared_items.py
commit:df02498d03e4	touches	file:modules/ui.py
commit:df02498d03e4	touches	file:modules/ui_common.py
commit:df02498d03e4	touches	file:modules/ui_gradio_extensions.py
commit:df02498d03e4	touches	file:modules/ui_settings.py
commit:df4da02ab00b	touches	file:modules/cache.py
commit:df595ae3135e	touches	file:.eslintrc.js
commit:df595ae3135e	touches	file:extensions-builtin/resize-handle/javascript/resize-handle.js
commit:df595ae3135e	touches	file:extensions-builtin/resize-handle/style.css
commit:df595ae3135e	touches	file:javascript/resizeHandle.js
commit:df595ae3135e	touches	file:modules/ui.py
commit:df595ae3135e	touches	file:modules/ui_components.py
commit:df595ae3135e	touches	file:style.css
commit:df59b74cedf6	touches	file:javascript/imageviewerGamepad.js
commit:df5a3cbefe46	touches	file:modules/launch_utils.py
commit:df6fffb054f8	touches	file:extensions-builtin/LDSR/scripts/ldsr_model.py
commit:df6fffb054f8	touches	file:extensions-builtin/ScuNET/scripts/scunet_model.py
commit:df6fffb054f8	touches	file:extensions-builtin/SwinIR/scripts/swinir_model.py
commit:df6fffb054f8	touches	file:modules/esrgan_model.py
commit:df6fffb054f8	touches	file:modules/modelloader.py
commit:df6fffb054f8	touches	file:modules/realesrgan_model.py
commit:df6fffb054f8	touches	file:modules/upscaler.py
commit:df7070eca222	touches	file:modules/images.py
commit:df7070eca222	touches	file:modules/textual_inversion/image_embedding.py
commit:df8aa69a99e3	touches	file:html/extra-networks-card-minimal.html
commit:df8aa69a99e3	touches	file:html/extra-networks-card.html
commit:df8aa69a99e3	touches	file:javascript/extraNetworks.js
commit:df8aa69a99e3	touches	file:modules/shared_options.py
commit:df8aa69a99e3	touches	file:modules/ui_extra_networks.py
commit:df8aa69a99e3	touches	file:style.css
commit:df8ee5f6b059	touches	file:javascript/hints.js
commit:df9fd1d3ae5e	touches	file:modules/img2img.py
commit:dfa258de5f87	touches	file:modules/api/api.py
commit:dfab42c94942	touches	file:javascript/resizeHandle.js
commit:dfbdb5a135b2	touches	file:modules/img2img.py
commit:dfc01c68cd20	touches	file:modules/shared.py
commit:dfc4c27b2402	touches	file:scripts/prompts_from_file.py
commit:dfd6ea3fcaf2	touches	file:modules/cmd_args.py
commit:dfd6ea3fcaf2	touches	file:modules/sd_samplers_cfg_denoiser.py
commit:dfd6ea3fcaf2	touches	file:modules/shared.py
commit:dfd6ea3fcaf2	touches	file:modules/shared_options.py
commit:dfdc51246c67	touches	file:extensions-builtin/SwinIR/scripts/swinir_model.py
commit:dfeee786f903	touches	file:modules/timer.py
commit:dfeee786f903	touches	file:webui.py
commit:dff60e2e7496	touches	file:modules/sd_models.py
commit:e00365962b17	touches	file:modules/devices.py
commit:e053e21af656	touches	file:.eslintrc.js
commit:e053e21af656	touches	file:javascript/localStorage.js
commit:e053e21af656	touches	file:javascript/ui.js
commit:e0906096c57c	touches	file:modules/launch_utils.py
commit:e0906096c57c	touches	file:modules/sysinfo.py
commit:e0b58527ff04	touches	file:modules/call_queue.py
commit:e0b58527ff04	touches	file:modules/progress.py
commit:e0c9361b7dd6	touches	file:modules/ui_extra_networks.py
commit:e0d923bdf849	touches	file:webui.sh
commit:e0df864b8c1f	touches	file:webui-macos-env.sh
commit:e0e64bcdf606	touches	file:modules/config_states.py
commit:e12a1be1ca23	touches	file:extensions-builtin/canvas-zoom-and-pan/javascript/zoom.js
commit:e1323fc1b704	touches	file:temp
commit:e14b586d0494	touches	file:modules/sd_samplers_common.py
commit:e14b586d0494	touches	file:modules/sd_vae_taesd.py
commit:e14b586d0494	touches	file:modules/shared.py
commit:e14b586d0494	touches	file:webui.py
commit:e161b5a0259c	touches	file:modules/img2img.py
commit:e1640314df34	touches	file:CHANGELOG.md
commit:e16eb3d0cb5a	touches	file:modules/extensions.py
commit:e16ebc917dfc	touches	file:modules/sd_models.py
commit:e179b6098ac1	touches	file:modules/textual_inversion/textual_inversion.py
commit:e18fc29bbfed	touches	file:README.md
commit:e1a29266b294	touches	file:modules/launch_utils.py
commit:e1b37a066d9b	touches	file:style.css
commit:e1c44267ea23	touches	file:modules/img2img.py
commit:e1dfd452c044	touches	file:modules/txt2img.py
commit:e219211ff6ff	touches	file:modules/img2img.py
commit:e280eb40556d	touches	file:extensions-builtin/Lora/networks.py
commit:e285af6e4817	touches	file:scripts/xyz_grid.py
commit:e294e46d46a8	touches	file:extensions-builtin/extra-options-section/scripts/extra_options_section.py
commit:e294e46d46a8	touches	file:modules/shared_options.py
commit:e2b19900ec37	touches	file:modules/infotext_utils.py
commit:e2b19900ec37	touches	file:modules/processing.py
commit:e2b19900ec37	touches	file:modules/sd_emphasis.py
commit:e2b19900ec37	touches	file:modules/sd_hijack_clip.py
commit:e2b19900ec37	touches	file:modules/sd_hijack_clip_old.py
commit:e2b19900ec37	touches	file:modules/shared_options.py
commit:e2c71a4bd414	touches	file:modules/ui.py
commit:e2cd92ea2308	touches	file:modules/sd_models.py
commit:e30502a64b6f	touches	file:webui-macos-env.sh
commit:e334758ec281	touches	file:modules/sub_quadratic_attention.py
commit:e33e2c51753b	touches	file:webui.sh
commit:e34949be52a8	touches	file:javascript/edit-attention.js
commit:e3507a1be482	touches	file:javascript/edit-order.js
commit:e36827af3254	touches	file:modules/masking.py
commit:e36827af3254	touches	file:modules/processing.py
commit:e368cd2810af	touches	file:modules/images.py
commit:e373fd0c009b	touches	file:script.js
commit:e378590d33ae	touches	file:javascript/extraNetworks.js
commit:e3939f33394d	touches	file:modules/ui_settings.py
commit:e3a973a68df3	touches	file:extensions-builtin/ScuNET/scripts/scunet_model.py
commit:e3a973a68df3	touches	file:modules/esrgan_model.py
commit:e3aabe6959c2	touches	file:modules/processing.py
commit:e3b53fd295ac	touches	file:modules/devices.py
commit:e3b53fd295ac	touches	file:modules/processing.py
commit:e3b53fd295ac	touches	file:modules/sd_hijack_optimizations.py
commit:e3b53fd295ac	touches	file:modules/shared.py
commit:e3b53fd295ac	touches	file:modules/sub_quadratic_attention.py
commit:e3fa46f26f78	touches	file:CHANGELOG.md
commit:e3fa46f26f78	touches	file:_typos.toml
commit:e3fa46f26f78	touches	file:extensions-builtin/LDSR/sd_hijack_ddpm_v1.py
commit:e3fa46f26f78	touches	file:extensions-builtin/Lora/lyco_helpers.py
commit:e3fa46f26f78	touches	file:extensions-builtin/Lora/networks.py
commit:e3fa46f26f78	touches	file:extensions-builtin/canvas-zoom-and-pan/javascript/zoom.js
commit:e3fa46f26f78	touches	file:extensions-builtin/canvas-zoom-and-pan/scripts/hotkey_config.py
commit:e3fa46f26f78	touches	file:extensions-builtin/soft-inpainting/scripts/soft_inpainting.py
commit:e3fa46f26f78	touches	file:javascript/aspectRatioOverlay.js
commit:e3fa46f26f78	touches	file:javascript/extraNetworks.js
commit:e3fa46f26f78	touches	file:javascript/ui.js
commit:e3fa46f26f78	touches	file:modules/api/api.py
commit:e3fa46f26f78	touches	file:modules/call_queue.py
commit:e3fa46f26f78	touches	file:modules/devices.py
commit:e3fa46f26f78	touches	file:modules/extra_networks.py
commit:e3fa46f26f78	touches	file:modules/initialize.py
commit:e3fa46f26f78	touches	file:modules/mac_specific.py
commit:e3fa46f26f78	touches	file:modules/modelloader.py
commit:e3fa46f26f78	touches	file:modules/models/diffusion/ddpm_edit.py
commit:e3fa46f26f78	touches	file:modules/rng.py
commit:e3fa46f26f78	touches	file:modules/scripts.py
commit:e3fa46f26f78	touches	file:modules/sd_emphasis.py
commit:e3fa46f26f78	touches	file:modules/sd_hijack_clip.py
commit:e3fa46f26f78	touches	file:modules/sd_models.py
commit:e3fa46f26f78	touches	file:modules/shared.py
commit:e3fa46f26f78	touches	file:modules/shared_options.py
commit:e3fa46f26f78	touches	file:modules/shared_state.py
commit:e3fa46f26f78	touches	file:modules/textual_inversion/autocrop.py
commit:e3fa46f26f78	touches	file:modules/textual_inversion/image_embedding.py
commit:e3fa46f26f78	touches	file:modules/textual_inversion/textual_inversion.py
commit:e3fa46f26f78	touches	file:modules/ui_common.py
commit:e3fa46f26f78	touches	file:modules/ui_components.py
commit:e3fa46f26f78	touches	file:modules/ui_extensions.py
commit:e3fa46f26f78	touches	file:modules/ui_prompt_styles.py
commit:e3fa46f26f78	touches	file:scripts/outpainting_mk_2.py
commit:e3fa46f26f78	touches	file:scripts/xyz_grid.py
commit:e407d1af897a	touches	file:extensions-builtin/Lora/lora.py
commit:e40b2d947d87	touches	file:javascript/ui.js
commit:e40b2d947d87	touches	file:modules/ui.py
commit:e422f19ee9f7	touches	file:modules/shared_cmd_options.py
commit:e422f19ee9f7	touches	file:webui.py
commit:e425b9812b06	touches	file:launch.py
commit:e42de4b8a235	touches	file:pyproject.toml
commit:e4303443477b	touches	file:modules/api/api.py
commit:e46bfa5a9e9b	touches	file:modules/images.py
commit:e46bfa5a9e9b	touches	file:scripts/xyz_grid.py
commit:e472383acbb9	touches	file:modules/esrgan_model.py
commit:e472383acbb9	touches	file:modules/upscaler_utils.py
commit:e4726cccf960	touches	file:modules/sd_models.py
commit:e4a66bb8e340	touches	file:style.css
commit:e4b4a9c4acf0	touches	file:modules/xpu_specific.py
commit:e5381320b99f	touches	file:javascript/extraNetworks.js
commit:e57b5f7c5560	touches	file:modules/generation_parameters_copypaste.py
commit:e5d3ae2bf4e9	touches	file:extensions-builtin/Lora/ui_extra_networks_lora.py
commit:e5d3ae2bf4e9	touches	file:html/extra-networks-card.html
commit:e5d3ae2bf4e9	touches	file:javascript/extraNetworks.js
commit:e5d3ae2bf4e9	touches	file:modules/ui_extra_networks.py
commit:e5d3ae2bf4e9	touches	file:modules/ui_extra_networks_checkpoints.py
commit:e5d3ae2bf4e9	touches	file:modules/ui_extra_networks_hypernets.py
commit:e5d3ae2bf4e9	touches	file:modules/ui_extra_networks_user_metadata.py
commit:e5d3ae2bf4e9	touches	file:style.css
commit:e5dd4b4ebf81	touches	file:javascript/ui.js
commit:e5dd4b4ebf81	touches	file:modules/ui.py
commit:e5dd5d733577	touches	file:style.css
commit:e6269cba7fd8	touches	file:modules/img2img.py
commit:e6269cba7fd8	touches	file:modules/processing.py
commit:e6269cba7fd8	touches	file:modules/sd_samplers_kdiffusion.py
commit:e6269cba7fd8	touches	file:modules/txt2img.py
commit:e6269cba7fd8	touches	file:modules/ui.py
commit:e6269cba7fd8	touches	file:scripts/xyz_grid.py
commit:e651ca8adb00	touches	file:javascript/resizeHandle.js
commit:e7140a36c07c	touches	file:modules/shared.py
commit:e715e46b6aa7	touches	file:modules/sd_samplers_cfg_denoiser.py
commit:e735be8b5b45	touches	file:javascript/edit-attention.js
commit:e736c3b36b5e	touches	file:modules/images.py
commit:e73a7e40067c	signed_off_by	person:storyicon
commit:e73a7e40067c	touches	file:modules/script_loading.py
commit:e785402b6acc	touches	file:extensions-builtin/Lora/ui_extra_networks_lora.py
commit:e785402b6acc	touches	file:modules/ui_extra_networks_checkpoints.py
commit:e785402b6acc	touches	file:modules/ui_extra_networks_hypernets.py
commit:e785402b6acc	touches	file:modules/ui_extra_networks_textual_inversion.py
commit:e7965a5eb804	touches	file:modules/generation_parameters_copypaste.py
commit:e7ac09b25a88	touches	file:scripts/xyz_grid.py
commit:e7dbefc3408c	touches	file:modules/ui_tempdir.py
commit:e837124f4b1b	touches	file:CHANGELOG.md
commit:e84703b2539c	touches	file:CHANGELOG.md
commit:e85e327ae040	touches	file:modules/ui_extensions.py
commit:e866c354626e	touches	file:modules/ui.py
commit:e8a9d213e451	touches	file:modules/initialize_util.py
commit:e8c3d03f7d99	touches	file:modules/postprocessing.py
commit:e8e7fe11e903	touches	file:modules/generation_parameters_copypaste.py
commit:e8e7fe11e903	touches	file:modules/sd_samplers_kdiffusion.py
commit:e8e7fe11e903	touches	file:modules/shared.py
commit:e8e7fe11e903	touches	file:scripts/xyz_grid.py
commit:e90d4334ad37	touches	file:modules/sd_samplers_cfg_denoiser.py
commit:e90d4334ad37	touches	file:modules/sd_samplers_common.py
commit:e960781511eb	touches	file:modules/generation_parameters_copypaste.py
commit:e960781511eb	touches	file:modules/processing.py
commit:e960781511eb	touches	file:modules/shared.py
commit:e9809de65121	touches	file:extensions-builtin/hypertile/scripts/hypertile_xyz.py
commit:e9b8a89b3c77	touches	file:extensions-builtin/canvas-zoom-and-pan/javascript/zoom.js
commit:e9bd18c57bd8	touches	file:modules/ui_extensions.py
commit:e9c591b10194	touches	file:modules/shared.py
commit:e9d4da7b567b	touches	file:modules/paths_internal.py
commit:ea272152e0b5	touches	file:modules/generation_parameters_copypaste.py
commit:ea272152e0b5	touches	file:modules/processing.py
commit:ea49bb061252	touches	file:modules/ui_settings.py
commit:ea83180761d4	touches	file:modules/codeformer_model.py
commit:eaa9f5162fbc	touches	file:modules/devices.py
commit:eaa9f5162fbc	touches	file:modules/processing.py
commit:eaa9f5162fbc	touches	file:modules/sd_models.py
commit:eaace155cebe	touches	file:webui.py
commit:eaba3d7349c6	touches	file:modules/sd_disable_initialization.py
commit:eaba3d7349c6	touches	file:modules/sd_models.py
commit:eabea24eb8ba	touches	file:modules/shared.py
commit:eabecc21ecd2	touches	file:modules/ui.py
commit:eae0bb89fd0e	touches	file:modules/scripts.py
commit:eaf5e0289a2e	touches	file:CHANGELOG.md
commit:eafaf14167cf	touches	file:modules/ui.py
commit:eb01d7f0e0fb	touches	file:extensions-builtin/Lora/network_oft.py
commit:eb0b84c56438	touches	file:html/extra-networks-pane.html
commit:eb0b84c56438	touches	file:javascript/resizeHandle.js
commit:eb0b84c56438	touches	file:modules/shared_options.py
commit:eb0b84c56438	touches	file:modules/ui_extra_networks.py
commit:eb10da8bb74a	touches	file:modules/shared.py
commit:eb29ff211af8	touches	file:scripts/xyz_grid.py
commit:eb2ea8df1de2	touches	file:extensions-builtin/canvas-zoom-and-pan/javascript/zoom.js
commit:eb52c803b849	touches	file:modules/sd_disable_initialization.py
commit:eb5eb8aa117c	touches	file:modules/script_callbacks.py
commit:eb5eb8aa117c	touches	file:webui.py
commit:eb667e715ad3	touches	file:extensions-builtin/Lora/network_oft.py
commit:eb6d330bb74d	touches	file:javascript/badScaleChecker.js
commit:eb6f2df82608	touches	file:extensions-builtin/Lora/lyco_helpers.py
commit:eb9580950106	touches	file:extensions-builtin/Lora/lora.py
commit:eb9580950106	touches	file:extensions-builtin/Lora/scripts/api.py
commit:eb9580950106	touches	file:extensions-builtin/Lora/scripts/lora_script.py
commit:ebe8be9028b1	touches	file:modules/models/sd3/other_impls.py
commit:ec0da07236d2	touches	file:extensions-builtin/Lora/lora.py
commit:ec0da07236d2	touches	file:extensions-builtin/Lora/scripts/lora_script.py
commit:ec124607f473	touches	file:modules/devices.py
commit:ec124607f473	touches	file:modules/initialize.py
commit:ec124607f473	touches	file:modules/npu_specific.py
commit:ec124607f473	touches	file:modules/textual_inversion/textual_inversion.py
commit:ec124607f473	touches	file:requirements.txt
commit:ec124607f473	touches	file:requirements_versions.txt
commit:ec124607f473	touches	file:webui.sh
commit:ec194b637476	touches	file:modules/processing.py
commit:ec3c31e7a19f	touches	file:webui-macos-env.sh
commit:ec3c31e7a19f	touches	file:webui.sh
commit:ec54257cb21b	touches	file:style.css
commit:ec580374e54c	touches	file:modules/shared_gradio_themes.py
commit:ec580374e54c	touches	file:modules/ui_gradio_extensions.py
commit:ec6ee5c13bf3	touches	file:modules/shared_options.py
commit:ec718f76b58b	touches	file:extensions-builtin/Lora/network_oft.py
commit:ec718f76b58b	touches	file:extensions-builtin/Lora/networks.py
commit:ec78354efa17	touches	file:extensions-builtin/hypertile/scripts/hypertile_xyz.py
commit:ec83db897887	touches	file:style.css
commit:ec8774729e17	touches	file:scripts/xyz_grid.py
commit:ec9acb314505	touches	file:modules/sd_hijack_utils.py
commit:ecdc6471e7d6	touches	file:requirements.txt
commit:ecdc6471e7d6	touches	file:requirements_versions.txt
commit:ecffe8513e8f	touches	file:javascript/extraNetworks.js
commit:ed01d2ee3b22	touches	file:extensions-builtin/canvas-zoom-and-pan/javascript/zoom.js
commit:ed383eb5a0db	touches	file:scripts/postprocessing_upscale.py
commit:ed386c84b63b	touches	file:modules/processing.py
commit:ed43a822b2df	touches	file:javascript/progressbar.js
commit:ed46abea3569	touches	file:modules/api/api.py
commit:ed49c7c246c3	touches	file:style.css
commit:ed594d7ba69c	touches	file:scripts/postprocessing_split_oversized.py
commit:ed82f1c5f167	touches	file:modules/api/models.py
commit:edabd927296d	touches	file:scripts/prompt_matrix.py
commit:edb10092de51	touches	file:modules/hypernetworks/hypernetwork.py
commit:edb10092de51	touches	file:modules/textual_inversion/dataset.py
commit:edb10092de51	touches	file:modules/textual_inversion/textual_inversion.py
commit:edb10092de51	touches	file:modules/ui.py
commit:edd766e70ae3	touches	file:scripts/xyz_grid.py
commit:eddcdb806101	touches	file:modules/ui.py
commit:edf3ad5aed94	touches	file:modules/ui_extra_networks_user_metadata.py
commit:edfae95d90a4	touches	file:modules/scripts.py
commit:edfae9e78af2	touches	file:modules/cmd_args.py
commit:edfae9e78af2	touches	file:modules/initialize_util.py
commit:edfae9e78af2	touches	file:modules/launch_utils.py
commit:edfae9e78af2	touches	file:modules/logging_config.py
commit:edfae9e78af2	touches	file:webui.py
commit:ee029a8cad76	touches	file:extensions-builtin/canvas-zoom-and-pan/javascript/zoom.js
commit:ee029a8cad76	touches	file:extensions-builtin/canvas-zoom-and-pan/scripts/hotkey_config.py
commit:ee0a0da32441	touches	file:modules/models/diffusion/ddpm_edit.py
commit:ee0a0da32441	touches	file:modules/sd_hijack_ip2p.py
commit:ee0a0da32441	touches	file:modules/sd_models.py
commit:ee172c0fc13a	touches	file:javascript/edit-attention.js
commit:ee470cc6a32a	touches	file:modules/sd_models.py
commit:ee65e729319e	touches	file:javascript/dragdrop.js
commit:ee65e729319e	touches	file:javascript/imageParams.js
commit:ee65e729319e	touches	file:modules/ui.py
commit:ee71eee1818f	touches	file:launch.py
commit:ee71eee1818f	touches	file:modules/safe.py
commit:ee71eee1818f	touches	file:requirements_versions.txt
commit:ee71eee1818f	touches	file:webui.py
commit:ee96a6a58852	touches	file:modules/processing.py
commit:ee973dcf1d1d	touches	file:javascript/imageMaskFix.js
commit:ee9d4870811a	touches	file:modules/txt2img.py
commit:ee9fdf7f6298	touches	file:modules/shared.py
commit:ee9fdf7f6298	touches	file:webui.py
commit:eeb685b0e53c	touches	file:requirements_versions.txt
commit:eec540b22798	touches	file:modules/processing.py
commit:eed7b2776ec7	touches	file:CHANGELOG.md
commit:eed963e97261	touches	file:extensions-builtin/Lora/networks.py
commit:eed963e97261	touches	file:extensions-builtin/Lora/scripts/lora_script.py
commit:ef046fae3986	touches	file:requirements_versions.txt
commit:ef11c197b329	touches	file:requirements_versions.txt
commit:ef356193255d	touches	file:scripts/postprocessing_upscale.py
commit:ef5dac778691	touches	file:extensions-builtin/Lora/network_hada.py
commit:ef5dac778691	touches	file:extensions-builtin/Lora/networks.py
commit:ef6b8123dc57	touches	file:modules/scripts.py
commit:ef7713fbb29f	touches	file:webui-macos-env.sh
commit:ef83f6831fd7	touches	file:modules/infotext_utils.py
commit:ef8c0440512f	touches	file:modules/cmd_args.py
commit:efc985305954	touches	file:modules/api/api.py
commit:efceed8c7f99	touches	file:style.css
commit:efe81620a091	touches	file:.github/ISSUE_TEMPLATE/bug_report.yml
commit:efe98ca0900b	touches	file:webui.py
commit:eff00413ae76	touches	file:modules/img2img.py
commit:eff00413ae76	touches	file:modules/txt2img.py
commit:f00eaa4d0008	touches	file:script.js
commit:f010dfffb9b6	touches	file:modules/models/diffusion/ddpm_edit.py
commit:f015b94176d6	touches	file:modules/sd_samplers_timesteps_impl.py
commit:f01682ee01e8	touches	file:extensions-builtin/Lora/lora_patches.py
commit:f01682ee01e8	touches	file:extensions-builtin/Lora/networks.py
commit:f01682ee01e8	touches	file:extensions-builtin/Lora/scripts/lora_script.py
commit:f01682ee01e8	touches	file:modules/patches.py
commit:f04bd037a51d	touches	file:modules/api/api.py
commit:f07af8db6489	touches	file:CHANGELOG.md
commit:f07af8db6489	touches	file:requirements.txt
commit:f07af8db6489	touches	file:requirements_versions.txt
commit:f084e6bbd083	touches	file:modules/errors.py
commit:f084e6bbd083	touches	file:modules/launch_utils.py
commit:f093c9d39d0f	touches	file:modules/processing.py
commit:f093c9d39d0f	touches	file:modules/processing_scripts/seed.py
commit:f093c9d39d0f	touches	file:modules/scripts.py
commit:f098e726d3e6	touches	file:modules/extra_networks.py
commit:f098e726d3e6	touches	file:modules/processing.py
commit:f0b72b812118	touches	file:modules/img2img.py
commit:f0b72b812118	touches	file:modules/processing_scripts/seed.py
commit:f0b72b812118	touches	file:modules/scripts.py
commit:f0b72b812118	touches	file:modules/shared_items.py
commit:f0b72b812118	touches	file:modules/txt2img.py
commit:f0b72b812118	touches	file:modules/ui.py
commit:f0b72b812118	touches	file:style.css
commit:f0c1063a707a	touches	file:modules/hypernetworks/hypernetwork.py
commit:f0c1063a707a	touches	file:modules/processing.py
commit:f0c1063a707a	touches	file:modules/sd_hijack.py
commit:f0c1063a707a	touches	file:modules/sd_samplers_common.py
commit:f0c1063a707a	touches	file:modules/textual_inversion/textual_inversion.py
commit:f0e2098f1a53	touches	file:modules/sd_hijack_unet.py
commit:f0e2098f1a53	touches	file:modules/sd_models.py
commit:f0e2e8b93011	touches	file:webui.py
commit:f0efc8c211fc	touches	file:modules/shared.py
commit:f0f100e67b78	touches	file:javascript/settings.js
commit:f0f100e67b78	touches	file:modules/options.py
commit:f0f100e67b78	touches	file:modules/shared_options.py
commit:f0f100e67b78	touches	file:style.css
commit:f117bb64fc51	touches	file:CHANGELOG.md
commit:f11eec81e31b	touches	file:modules/processing.py
commit:f12886aefa4f	touches	file:modules/launch_utils.py
commit:f131f84e13d6	touches	file:scripts/xyz_grid.py
commit:f1533de98235	touches	file:modules/sd_models.py
commit:f1533de98235	touches	file:modules/shared.py
commit:f15b7e52e33d	touches	file:modules/ui.py
commit:f18a03219039	touches	file:modules/processing.py
commit:f190b85182a8	touches	file:modules/ui_common.py
commit:f1975b0213f5	touches	file:modules/processing.py
commit:f1975b0213f5	touches	file:modules/sd_models.py
commit:f1975b0213f5	touches	file:modules/sd_samplers_common.py
commit:f1975b0213f5	touches	file:modules/sd_samplers_compvis.py
commit:f1975b0213f5	touches	file:modules/sd_samplers_kdiffusion.py
commit:f1975b0213f5	touches	file:modules/shared.py
commit:f1a6c5fe17ce	touches	file:modules/scripts_postprocessing.py
commit:f1a6c5fe17ce	touches	file:modules/shared_options.py
commit:f1e0bfebfc94	touches	file:javascript/progressbar.js
commit:f1ff932cafa2	touches	file:scripts/soft_inpainting.py
commit:f207eb7a0d8b	touches	file:extensions-builtin/hypertile/scripts/hypertile_xyz.py
commit:f22d0dde4e57	touches	file:modules/extensions.py
commit:f23e5ce2daad	touches	file:modules/processing.py
commit:f25c81a74462	touches	file:javascript/extraNetworks.js
commit:f25c81a74462	touches	file:modules/ui_extra_networks.py
commit:f261a4a53c15	touches	file:modules/models/diffusion/uni_pc/sampler.py
commit:f284ae23bcdf	touches	file:scripts/soft_inpainting.py
commit:f29b4cd7cb4d	touches	file:modules/realesrgan_model.py
commit:f29c41bf6dd0	touches	file:launch.py
commit:f2b83517aa49	touches	file:modules/cmd_args.py
commit:f2c55523c0cd	touches	file:CHANGELOG.md
commit:f2ed6295b904	touches	file:webui.py
commit:f325783abd82	touches	file:extensions-builtin/canvas-zoom-and-pan/javascript/zoom.js
commit:f325783abd82	touches	file:extensions-builtin/canvas-zoom-and-pan/scripts/hotkey_config.py
commit:f331821b2711	touches	file:scripts/xyz_grid.py
commit:f3320b802c12	touches	file:.gitignore
commit:f3320b802c12	touches	file:javascript/extensions.js
commit:f3320b802c12	touches	file:modules/config_states.py
commit:f3320b802c12	touches	file:modules/ui_extensions.py
commit:f3320b802c12	touches	file:webui.py
commit:f36ba9949a64	touches	file:README.md
commit:f3715795710b	touches	file:modules/api/api.py
commit:f383af2729ec	touches	file:modules/launch_utils.py
commit:f3b96d4998d8	touches	file:modules/processing_scripts/seed.py
commit:f3b96d4998d8	touches	file:style.css
commit:f3ca6a92adf4	touches	file:modules/processing.py
commit:f3ca6a92adf4	touches	file:scripts/xyz_grid.py
commit:f3d1631aab82	touches	file:modules/custom_statics.py
commit:f3d1631aab82	touches	file:modules/generation_parameters_copypaste.py
commit:f3d1631aab82	touches	file:webui-user.bat
commit:f4391796416a	touches	file:javascript/badScaleChecker.js
commit:f44feb6a10aa	touches	file:modules/api/api.py
commit:f44feb6a10aa	touches	file:modules/call_queue.py
commit:f44feb6a10aa	touches	file:modules/extras.py
commit:f44feb6a10aa	touches	file:modules/interrogate.py
commit:f44feb6a10aa	touches	file:modules/postprocessing.py
commit:f44feb6a10aa	touches	file:modules/shared.py
commit:f4633cb9c03c	touches	file:modules/sd_models.py
commit:f4757032e7a0	touches	file:modules/shared_options.py
commit:f476649c02cf	touches	file:modules/face_restoration_utils.py
commit:f4869f8de3ed	touches	file:modules/shared_options.py
commit:f48bce5f688f	touches	file:javascript/zoom.js
commit:f4979422dd93	touches	file:modules/sd_samplers_kdiffusion.py
commit:f49c220c03f9	touches	file:html/extra-networks-card.html
commit:f49c220c03f9	touches	file:html/extra-networks-copy-path-button.html
commit:f49c220c03f9	touches	file:html/extra-networks-edit-item-button.html
commit:f49c220c03f9	touches	file:html/extra-networks-metadata-button.html
commit:f49c220c03f9	touches	file:html/extra-networks-tree-button.html
commit:f49c220c03f9	touches	file:html/extra-networks-tree.html
commit:f49c220c03f9	touches	file:javascript/extraNetworks.js
commit:f49c220c03f9	touches	file:modules/ui_extra_networks.py
commit:f49c220c03f9	touches	file:style.css
commit:f4b332f0419e	touches	file:extensions-builtin/Lora/extra_networks_lora.py
commit:f4b332f0419e	touches	file:extensions-builtin/Lora/scripts/lora_script.py
commit:f4b332f0419e	touches	file:modules/extra_networks_hypernet.py
commit:f4b332f0419e	touches	file:modules/shared.py
commit:f4d0538bf2f6	touches	file:modules/sd_samplers_kdiffusion.py
commit:f4d9297127eb	touches	file:scripts/xyz_grid.py
commit:f4dbb0c82034	touches	file:modules/launch_utils.py
commit:f4e931f18fa4	touches	file:html/extra-networks-pane.html
commit:f4e931f18fa4	touches	file:javascript/extraNetworks.js
commit:f4e931f18fa4	touches	file:modules/ui.py
commit:f4e931f18fa4	touches	file:modules/ui_extra_networks.py
commit:f4e931f18fa4	touches	file:style.css
commit:f4ec411f2c9d	touches	file:modules/extras.py
commit:f4eeff659e18	touches	file:style.css
commit:f5092164e8e4	touches	file:modules/ui_extra_networks.py
commit:f517838c7501	touches	file:modules/ui_extra_networks.py
commit:f537e5a519d0	touches	file:javascript/settings.js
commit:f55a7e04d812	touches	file:modules/sd_samplers_kdiffusion.py
commit:f564d8ed2c5c	touches	file:modules/ui_extra_networks_user_metadata.py
commit:f56a30943299	touches	file:modules/sd_hijack_clip.py
commit:f56cebf5ba24	touches	file:modules/script_callbacks.py
commit:f56cebf5ba24	touches	file:modules/sd_samplers_cfg_denoiser.py
commit:f57bc1a21ba3	touches	file:modules/launch_utils.py
commit:f5866199c478	touches	file:modules/ui.py
commit:f586f4973a0f	touches	file:modules/xpu_specific.py
commit:f593cbfec417	touches	file:modules/images.py
commit:f5959c1c3022	touches	file:extensions-builtin/Lora/ui_extra_networks_lora.py
commit:f5959c1c3022	touches	file:modules/ui_extra_networks_hypernets.py
commit:f5959c1c3022	touches	file:modules/ui_extra_networks_textual_inversion.py
commit:f5994e84a213	touches	file:modules/ui.py
commit:f5d719d1f1ba	touches	file:modules/initialize_util.py
commit:f5d73b6a6646	touches	file:launch.py
commit:f5ea1e9d928e	touches	file:CHANGELOG.md
commit:f5ea1e9d928e	touches	file:launch.py
commit:f603275d8430	touches	file:modules/processing.py
commit:f603275d8430	touches	file:modules/shared.py
commit:f62217b65d93	touches	file:modules/sd_models.py
commit:f62540b2d2a2	touches	file:modules/ui_tempdir.py
commit:f6374934db00	touches	file:modules/img2img.py
commit:f64af77adcd2	touches	file:modules/processing.py
commit:f651405427df	touches	file:modules/api/api.py
commit:f661fb0fd39c	touches	file:script.js
commit:f6762d2ad95e	touches	file:modules/ui_extra_networks.py
commit:f6a40a2ffaca	touches	file:javascript/aspectRatioOverlay.js
commit:f6a40a2ffaca	touches	file:javascript/contextMenus.js
commit:f6a40a2ffaca	touches	file:javascript/extensions.js
commit:f6a40a2ffaca	touches	file:javascript/extraNetworks.js
commit:f6a40a2ffaca	touches	file:javascript/imageMaskFix.js
commit:f6a40a2ffaca	touches	file:javascript/imageParams.js
commit:f6a40a2ffaca	touches	file:javascript/notification.js
commit:f6a40a2ffaca	touches	file:javascript/progressbar.js
commit:f6a40a2ffaca	touches	file:javascript/ui.js
commit:f6a622bcefce	touches	file:html/extra-networks-card.html
commit:f6b7768f84a3	touches	file:extensions-builtin/Lora/ui_extra_networks_lora.py
commit:f6b7768f84a3	touches	file:html/extra-networks-card.html
commit:f6b7768f84a3	touches	file:javascript/extraNetworks.js
commit:f6b7768f84a3	touches	file:modules/sd_models.py
commit:f6b7768f84a3	touches	file:modules/ui_extra_networks.py
commit:f6b7768f84a3	touches	file:modules/ui_extra_networks_checkpoints.py
commit:f6b7768f84a3	touches	file:modules/ui_extra_networks_hypernets.py
commit:f6b7768f84a3	touches	file:modules/ui_extra_networks_textual_inversion.py
commit:f6c52f4f41f4	touches	file:javascript/progressbar.js
commit:f6c52f4f41f4	touches	file:style.css
commit:f6c8201e5663	touches	file:extensions-builtin/Lora/lyco_helpers.py
commit:f6c8201e5663	touches	file:extensions-builtin/Lora/network_oft.py
commit:f6e273784046	touches	file:modules/processing.py
commit:f6e476d7a88b	touches	file:modules/ui.py
commit:f6f055a93df4	touches	file:modules/sd_schedulers.py
commit:f6fc7916c461	touches	file:modules/api/api.py
commit:f6fc7916c461	touches	file:modules/api/models.py
commit:f6fc7916c461	touches	file:modules/scripts.py
commit:f70ded89365f	touches	file:extensions-builtin/Lora/networks.py
commit:f71a3c9c3a8f	touches	file:modules/images.py
commit:f71e919ecb00	touches	file:modules/api/api.py
commit:f7215906af57	touches	file:modules/styles.py
commit:f731a728c680	touches	file:modules/processing.py
commit:f739e3e05d52	touches	file:modules/scripts.py
commit:f741a98bacca	touches	file:extensions-builtin/Lora/lora.py
commit:f741a98bacca	touches	file:extensions-builtin/ScuNET/scripts/scunet_model.py
commit:f741a98bacca	touches	file:extensions-builtin/SwinIR/scripts/swinir_model.py
commit:f741a98bacca	touches	file:modules/codeformer/codeformer_arch.py
commit:f741a98bacca	touches	file:modules/codeformer/vqgan_arch.py
commit:f741a98bacca	touches	file:modules/codeformer_model.py
commit:f741a98bacca	touches	file:modules/config_states.py
commit:f741a98bacca	touches	file:modules/esrgan_model.py
commit:f741a98bacca	touches	file:modules/esrgan_model_arch.py
commit:f741a98bacca	touches	file:modules/extensions.py
commit:f741a98bacca	touches	file:modules/generation_parameters_copypaste.py
commit:f741a98bacca	touches	file:modules/hypernetworks/hypernetwork.py
commit:f741a98bacca	touches	file:modules/hypernetworks/ui.py
commit:f741a98bacca	touches	file:modules/images.py
commit:f741a98bacca	touches	file:modules/img2img.py
commit:f741a98bacca	touches	file:modules/mac_specific.py
commit:f741a98bacca	touches	file:modules/modelloader.py
commit:f741a98bacca	touches	file:modules/models/diffusion/uni_pc/uni_pc.py
commit:f741a98bacca	touches	file:modules/processing.py
commit:f741a98bacca	touches	file:modules/sd_hijack.py
commit:f741a98bacca	touches	file:modules/sd_hijack_inpainting.py
commit:f741a98bacca	touches	file:modules/sd_hijack_ip2p.py
commit:f741a98bacca	touches	file:modules/sd_hijack_xlmr.py
commit:f741a98bacca	touches	file:modules/sd_models.py
commit:f741a98bacca	touches	file:modules/sd_models_config.py
commit:f741a98bacca	touches	file:modules/sd_samplers_kdiffusion.py
commit:f741a98bacca	touches	file:modules/sd_vae.py
commit:f741a98bacca	touches	file:modules/shared.py
commit:f741a98bacca	touches	file:modules/styles.py
commit:f741a98bacca	touches	file:modules/textual_inversion/autocrop.py
commit:f741a98bacca	touches	file:modules/textual_inversion/image_embedding.py
commit:f741a98bacca	touches	file:modules/textual_inversion/preprocess.py
commit:f741a98bacca	touches	file:modules/textual_inversion/textual_inversion.py
commit:f741a98bacca	touches	file:modules/txt2img.py
commit:f741a98bacca	touches	file:modules/ui.py
commit:f741a98bacca	touches	file:modules/ui_extra_networks.py
commit:f741a98bacca	touches	file:modules/ui_postprocessing.py
commit:f741a98bacca	touches	file:modules/upscaler.py
commit:f741a98bacca	touches	file:modules/xlmr.py
commit:f741a98bacca	touches	file:pyproject.toml
commit:f741a98bacca	touches	file:scripts/custom_code.py
commit:f741a98bacca	touches	file:scripts/outpainting_mk_2.py
commit:f741a98bacca	touches	file:scripts/poor_mans_outpainting.py
commit:f741a98bacca	touches	file:scripts/prompt_matrix.py
commit:f741a98bacca	touches	file:scripts/prompts_from_file.py
commit:f741a98bacca	touches	file:scripts/sd_upscale.py
commit:f741a98bacca	touches	file:scripts/xyz_grid.py
commit:f741a98bacca	touches	file:webui.py
commit:f74fb5049506	touches	file:modules/shared.py
commit:f7813fad1cf6	touches	file:scripts/xyz_grid.py
commit:f7ae0e68c9c9	touches	file:javascript/hints.js
commit:f7e349cea497	touches	file:modules/ui.py
commit:f8042cb323f0	touches	file:modules/img2img.py
commit:f80ff3c1e444	touches	file:javascript/extraNetworks.js
commit:f80ff3c1e444	touches	file:modules/ui_extra_networks.py
commit:f81931c591d4	touches	file:script.js
commit:f82105144319	touches	file:modules/processing.py
commit:f82105144319	touches	file:modules/shared.py
commit:f82105144319	touches	file:modules/ui.py
commit:f82105144319	touches	file:scripts/xyz_grid.py
commit:f82e08cf45e9	touches	file:extensions-builtin/Lora/network.py
commit:f85a192f998d	touches	file:modules/api/api.py
commit:f8640662c56d	touches	file:modules/sd_schedulers.py
commit:f865d3e11647	touches	file:CHANGELOG.md
commit:f867d7b429d2	touches	file:README.md
commit:f87389029839	touches	file:modules/sd_samplers_kdiffusion.py
commit:f874b1bcad05	touches	file:modules/sd_models.py
commit:f88169a9e740	touches	file:.eslintrc.js
commit:f8871dedcfe3	touches	file:javascript/imageviewer.js
commit:f8871dedcfe3	touches	file:modules/shared_options.py
commit:f898833ea387	touches	file:README.md
commit:f89b5dbbd282	touches	file:modules/sd_models.py
commit:f89f01f9d854	touches	file:style.css
commit:f8ca37b9035d	touches	file:webui.py
commit:f8e219bad9f3	touches	file:modules/api/api.py
commit:f8e219bad9f3	touches	file:modules/api/models.py
commit:f8f38c7c28e4	touches	file:extensions-builtin/Lora/network_oft.py
commit:f8f4ff2bb8f5	touches	file:modules/sd_hijack.py
commit:f8fb74b93ab3	touches	file:modules/gfpgan_model.py
commit:f8fb74b93ab3	touches	file:modules/modelloader.py
commit:f8fb74b93ab3	touches	file:requirements_versions.txt
commit:f8fcad502ec9	touches	file:modules/sd_samplers.py
commit:f8feeaaedb89	touches	file:javascript/extensions.js
commit:f8feeaaedb89	touches	file:modules/ui_extensions.py
commit:f8ff8c063899	touches	file:modules/sd_samplers_cfg_denoiser.py
commit:f8ff8c063899	touches	file:modules/sd_samplers_common.py
commit:f8ff8c063899	touches	file:modules/sd_samplers_kdiffusion.py
commit:f8ff8c063899	touches	file:modules/sd_samplers_timesteps.py
commit:f90798c6b6cc	touches	file:modules/extras.py
commit:f91068f426a3	touches	file:modules/shared.py
commit:f9253cee660a	touches	file:extensions-builtin/Lora/lora.py
commit:f93547be1864	touches	file:modules/scripts.py
commit:f93547be1864	touches	file:modules/ui.py
commit:f93547be1864	touches	file:modules/ui_common.py
commit:f93547be1864	touches	file:style.css
commit:f97e3548e54c	touches	file:scripts/postprocessing_split_oversized.py
commit:f98f4f73aa48	touches	file:modules/generation_parameters_copypaste.py
commit:f98f4f73aa48	touches	file:modules/shared.py
commit:f98f4f73aa48	touches	file:modules/styles.py
commit:f98f4f73aa48	touches	file:modules/ui.py
commit:f99352582084	touches	file:extensions-builtin/SwinIR/scripts/swinir_model.py
commit:f9950da3e30e	touches	file:modules/shared.py
commit:f9abe4cddcdc	touches	file:extensions-builtin/Lora/lora.py
commit:f9abe4cddcdc	touches	file:extensions-builtin/Lora/scripts/api.py
commit:f9ba7e648ad5	touches	file:modules/devices.py
commit:f9be4dc498e2	touches	file:modules/cmd_args.py
commit:f9c2216ffaa7	touches	file:modules/api/api.py
commit:f9edd578e9e2	touches	file:modules/devices.py
commit:f9fe5e5f9d7b	touches	file:launch.py
commit:f9fe5e5f9d7b	touches	file:modules/launch_utils.py
commit:fa68d66c9824	touches	file:extensions-builtin/canvas-zoom-and-pan/javascript/zoom.js
commit:fa74daacbd98	touches	file:requirements.txt
commit:fa9370b74111	touches	file:modules/processing.py
commit:fa9370b74111	touches	file:modules/processing_scripts/refiner.py
commit:fa9370b74111	touches	file:modules/sd_samplers_common.py
commit:fa9d2ac2ff7c	touches	file:modules/call_queue.py
commit:fabdae089e47	touches	file:modules/ui.py
commit:faca86620d53	touches	file:javascript/inputAccordion.js
commit:faca86620d53	touches	file:modules/ui.py
commit:fadbab378183	touches	file:modules/ui_common.py
commit:fae8bdfa48c2	touches	file:modules/ui.py
commit:faff08f396f1	touches	file:modules/images.py
commit:fb088bfb6409	touches	file:requirements_versions.txt
commit:fb088bfb6409	touches	file:webui.py
commit:fb1cb6d36420	touches	file:modules/cmd_args.py
commit:fb2354cb2ae4	touches	file:modules/images.py
commit:fb2354cb2ae4	touches	file:modules/shared.py
commit:fb274229b2c5	touches	file:modules/models/diffusion/uni_pc/sampler.py
commit:fb274229b2c5	touches	file:modules/processing.py
commit:fb44838176f5	touches	file:modules/img2img.py
commit:fb58fa62400b	touches	file:scripts/xyz_grid.py
commit:fb5d0ef2090b	touches	file:modules/images.py
commit:fb5d0ef2090b	touches	file:modules/shared.py
commit:fb5d0ef2090b	touches	file:modules/ui_common.py
commit:fb62f1fb4090	touches	file:modules/ui_extra_networks_user_metadata.py
commit:fb62f1fb4090	touches	file:modules/util.py
commit:fb661e089f24	touches	file:modules/images.py
commit:fb68d93b6a57	touches	file:webui-user.sh
commit:fb72066ef6a2	touches	file:modules/ui.py
commit:fb87a05fe836	touches	file:javascript/ui.js
commit:fb97acef63ef	touches	file:modules/sd_models.py
commit:fbab3fc6d122	touches	file:modules/processing.py
commit:fbaf6e4fd897	touches	file:modules/extras.py
commit:fbc5c531b9cf	touches	file:modules/prompt_parser.py
commit:fbc8d2135460	touches	file:modules/processing.py
commit:fbd34a68478c	touches	file:javascript/edit-attention.js
commit:fbf88343deff	touches	file:modules/processing.py
commit:fc3063d9b924	touches	file:webui.py
commit:fc3e246c0f4f	touches	file:scripts/soft_inpainting.py
commit:fc4d593b4e06	touches	file:webui.py
commit:fc8b126673bd	touches	file:modules/models/sd3/other_impls.py
commit:fc8e1008ea93	touches	file:javascript/extensions.js
commit:fc8e1008ea93	touches	file:launch.py
commit:fc8e1008ea93	touches	file:modules/extensions.py
commit:fc8e1008ea93	touches	file:modules/shared.py
commit:fc8e1008ea93	touches	file:modules/ui_extensions.py
commit:fc966c029943	touches	file:javascript/ui.js
commit:fc966c029943	touches	file:modules/ui.py
commit:fca42949a359	touches	file:modules/devices.py
commit:fca42949a359	touches	file:modules/sd_samplers_common.py
commit:fcc194afad8a	touches	file:extensions-builtin/prompt-bracket-checker/javascript/prompt-bracket-checker.js
commit:fccc39834a61	touches	file:modules/generation_parameters_copypaste.py
commit:fccd0b00c2ca	touches	file:modules/ui_extra_networks.py
commit:fce86ab7d756	touches	file:extensions-builtin/Lora/network_oft.py
commit:fd1639346584	touches	file:modules/cmd_args.py
commit:fd383140cf40	touches	file:extensions-builtin/Lora/network_oft.py
commit:fd435585864d	touches	file:README.md
commit:fd4ac5187a1a	touches	file:javascript/ComponentControllers.js
commit:fd4ac5187a1a	touches	file:javascript/aspectRatioSliders.js
commit:fd4ac5187a1a	touches	file:modules/shared.py
commit:fd4ac5187a1a	touches	file:modules/ui.py
commit:fd4ac5187a1a	touches	file:style.css
commit:fd51b8501e1d	touches	file:javascript/edit-attention.js
commit:fd617fad006b	touches	file:scripts/xyz_grid.py
commit:fd672a79afc9	touches	file:modules/textual_inversion/textual_inversion.py
commit:fd71b761ff6b	touches	file:modules/ui_postprocessing.py
commit:fd83d4eec385	touches	file:modules/shared_options.py
commit:fdaf0147b6d2	touches	file:CHANGELOG.md
commit:fdecf813b63d	touches	file:javascript/dragdrop.js
commit:fe1967a4c4a0	touches	file:extensions-builtin/Lora/network_oft.py
commit:fe33be6cac14	touches	file:modules/images.py
commit:fe46a08f52c3	touches	file:modules/ui_extra_networks.py
commit:fe4d084390d3	touches	file:webui.py
commit:fe73d6439ab8	touches	file:modules/ui.py
commit:fe7d7dfd5ae9	touches	file:scripts/xyz_grid.py
commit:fec0a895119a	touches	file:html/licenses.html
commit:fec0a895119a	touches	file:modules/sd_hijack.py
commit:fec0a895119a	touches	file:modules/sd_hijack_optimizations.py
commit:fec0a895119a	touches	file:modules/shared.py
commit:fee593a07f57	touches	file:modules/extensions.py
commit:feeb6802aa71	touches	file:modules/sd_samplers_cfg_denoiser.py
commit:ff0d97c1e3da	touches	file:modules/cmd_args.py
commit:ff0e17174f8d	touches	file:modules/generation_parameters_copypaste.py
commit:ff0e17174f8d	touches	file:modules/processing.py
commit:ff0e17174f8d	touches	file:modules/shared.py
commit:ff0e17174f8d	touches	file:modules/txt2img.py
commit:ff0e17174f8d	touches	file:modules/ui.py
commit:ff1609f91ea0	touches	file:modules/sd_hijack.py
commit:ff1609f91ea0	touches	file:modules/sd_models.py
commit:ff1609f91ea0	touches	file:modules/sd_models_types.py
commit:ff1bfd01ba33	touches	file:modules/ui.py
commit:ff216820fd68	touches	file:modules/ui_extra_networks.py
commit:ff216820fd68	touches	file:style.css
commit:ff2952f10551	touches	file:modules/ui.py
commit:ff6acd35d080	touches	file:modules/img2img.py
commit:ff7027ffc075	touches	file:modules/localization.py
commit:ff73841c608f	touches	file:modules/launch_utils.py
commit:ff73841c608f	touches	file:modules/paths.py
commit:ffa7f8201d84	touches	file:modules/processing.py
commit:ffd0f8ddc309	touches	file:modules/hypertile.py
commit:ffead92d4e36	touches	file:modules/sd_hijack_unet.py
commit:ffead92d4e36	touches	file:modules/sd_models_config.py
commit:fff1a0c74fb7	touches	file:javascript/edit-attention.js
commit:fff1a0c74fb7	touches	file:modules/shared_options.py
file:.eslintignore	under	subsys:_root
file:.eslintrc.js	under	subsys:_root
file:.fleet/settings.json	under	subsys:.fleet/settings.json
file:.git-blame-ignore-revs	under	subsys:_root
file:.github/ISSUE_TEMPLATE/bug_report.yml	under	subsys:.github/ISSUE_TEMPLATE
file:.github/pull_request_template.md	under	subsys:.github/pull_request_template.md
file:.github/workflows/on_pull_request.yaml	under	subsys:.github/workflows
file:.github/workflows/run_tests.yaml	under	subsys:.github/workflows
file:.github/workflows/warns_merge_master.yml	under	subsys:.github/workflows
file:.gitignore	under	subsys:_root
file:CHANGELOG.md	under	subsys:_root
file:CITATION.cff	under	subsys:_root
file:README.md	under	subsys:_root
file:_typos.toml	under	subsys:_root
file:configs/alt-diffusion-inference.yaml	under	subsys:configs/alt-diffusion-inference.yaml
file:configs/alt-diffusion-m18-inference.yaml	under	subsys:configs/alt-diffusion-m18-inference.yaml
file:configs/instruct-pix2pix.yaml	under	subsys:configs/instruct-pix2pix.yaml
file:configs/sd3-inference.yaml	under	subsys:configs/sd3-inference.yaml
file:configs/sd_xl_inpaint.yaml	under	subsys:configs/sd_xl_inpaint.yaml
file:configs/v1-inference.yaml	under	subsys:configs/v1-inference.yaml
file:configs/v1-inpainting-inference.yaml	under	subsys:configs/v1-inpainting-inference.yaml
file:environment-wsl2.yaml	under	subsys:_root
file:extensions-builtin/LDSR/ldsr_model_arch.py	under	subsys:extensions-builtin/LDSR
file:extensions-builtin/LDSR/scripts/ldsr_model.py	under	subsys:extensions-builtin/LDSR
file:extensions-builtin/LDSR/sd_hijack_autoencoder.py	under	subsys:extensions-builtin/LDSR
file:extensions-builtin/LDSR/sd_hijack_ddpm_v1.py	under	subsys:extensions-builtin/LDSR
file:extensions-builtin/LDSR/vqvae_quantize.py	under	subsys:extensions-builtin/LDSR
file:extensions-builtin/Lora/extra_networks_lora.py	under	subsys:extensions-builtin/Lora
file:extensions-builtin/Lora/lora.py	under	subsys:extensions-builtin/Lora
file:extensions-builtin/Lora/lora_logger.py	under	subsys:extensions-builtin/Lora
file:extensions-builtin/Lora/lora_patches.py	under	subsys:extensions-builtin/Lora
file:extensions-builtin/Lora/lyco_helpers.py	under	subsys:extensions-builtin/Lora
file:extensions-builtin/Lora/network.py	under	subsys:extensions-builtin/Lora
file:extensions-builtin/Lora/network_full.py	under	subsys:extensions-builtin/Lora
file:extensions-builtin/Lora/network_glora.py	under	subsys:extensions-builtin/Lora
file:extensions-builtin/Lora/network_hada.py	under	subsys:extensions-builtin/Lora
file:extensions-builtin/Lora/network_ia3.py	under	subsys:extensions-builtin/Lora
file:extensions-builtin/Lora/network_lokr.py	under	subsys:extensions-builtin/Lora
file:extensions-builtin/Lora/network_lora.py	under	subsys:extensions-builtin/Lora
file:extensions-builtin/Lora/network_lyco.py	under	subsys:extensions-builtin/Lora
file:extensions-builtin/Lora/network_norm.py	under	subsys:extensions-builtin/Lora
file:extensions-builtin/Lora/network_oft.py	under	subsys:extensions-builtin/Lora
file:extensions-builtin/Lora/networks.py	under	subsys:extensions-builtin/Lora
file:extensions-builtin/Lora/preload.py	under	subsys:extensions-builtin/Lora
file:extensions-builtin/Lora/scripts/api.py	under	subsys:extensions-builtin/Lora
file:extensions-builtin/Lora/scripts/lora_script.py	under	subsys:extensions-builtin/Lora
file:extensions-builtin/Lora/ui_edit_user_metadata.py	under	subsys:extensions-builtin/Lora
file:extensions-builtin/Lora/ui_extra_networks_lora.py	under	subsys:extensions-builtin/Lora
file:extensions-builtin/ScuNET/scripts/scunet_model.py	under	subsys:extensions-builtin/ScuNET
file:extensions-builtin/ScuNET/scunet_model_arch.py	under	subsys:extensions-builtin/ScuNET
file:extensions-builtin/SwinIR/scripts/swinir_model.py	under	subsys:extensions-builtin/SwinIR
file:extensions-builtin/SwinIR/swinir_model_arch.py	under	subsys:extensions-builtin/SwinIR
file:extensions-builtin/SwinIR/swinir_model_arch_v2.py	under	subsys:extensions-builtin/SwinIR
file:extensions-builtin/canvas-zoom-and-pan/javascript/zoom.js	under	subsys:extensions-builtin/canvas-zoom-and-pan
file:extensions-builtin/canvas-zoom-and-pan/scripts/hotkey_config.py	under	subsys:extensions-builtin/canvas-zoom-and-pan
file:extensions-builtin/canvas-zoom-and-pan/style.css	under	subsys:extensions-builtin/canvas-zoom-and-pan
file:extensions-builtin/extra-options-section/scripts/extra_options_section.py	under	subsys:extensions-builtin/extra-options-section
file:extensions-builtin/hypertile/hypertile.py	under	subsys:extensions-builtin/hypertile
file:extensions-builtin/hypertile/scripts/hypertile_script.py	under	subsys:extensions-builtin/hypertile
file:extensions-builtin/hypertile/scripts/hypertile_xyz.py	under	subsys:extensions-builtin/hypertile
file:extensions-builtin/mobile/javascript/mobile.js	under	subsys:extensions-builtin/mobile
file:extensions-builtin/postprocessing-for-training/scripts/postprocessing_autosized_crop.py	under	subsys:extensions-builtin/postprocessing-for-training
file:extensions-builtin/postprocessing-for-training/scripts/postprocessing_caption.py	under	subsys:extensions-builtin/postprocessing-for-training
file:extensions-builtin/postprocessing-for-training/scripts/postprocessing_create_flipped_copies.py	under	subsys:extensions-builtin/postprocessing-for-training
file:extensions-builtin/postprocessing-for-training/scripts/postprocessing_focal_crop.py	under	subsys:extensions-builtin/postprocessing-for-training
file:extensions-builtin/postprocessing-for-training/scripts/postprocessing_split_oversized.py	under	subsys:extensions-builtin/postprocessing-for-training
file:extensions-builtin/prompt-bracket-checker/javascript/prompt-bracket-checker.js	under	subsys:extensions-builtin/prompt-bracket-checker
file:extensions-builtin/resize-handle/javascript/resize-handle.js	under	subsys:extensions-builtin/resize-handle
file:extensions-builtin/resize-handle/style.css	under	subsys:extensions-builtin/resize-handle
file:extensions-builtin/soft-inpainting/scripts/soft_inpainting.py	under	subsys:extensions-builtin/soft-inpainting
file:extensions/update-all.bat	under	subsys:extensions/update-all.bat
file:extensions/update-all.sh	under	subsys:extensions/update-all.sh
file:html/extra-networks-card-minimal.html	under	subsys:html/extra-networks-card-minimal.html
file:html/extra-networks-card.html	under	subsys:html/extra-networks-card.html
file:html/extra-networks-copy-path-button.html	under	subsys:html/extra-networks-copy-path-button.html
file:html/extra-networks-edit-item-button.html	under	subsys:html/extra-networks-edit-item-button.html
file:html/extra-networks-metadata-button.html	under	subsys:html/extra-networks-metadata-button.html
file:html/extra-networks-pane-dirs.html	under	subsys:html/extra-networks-pane-dirs.html
file:html/extra-networks-pane-tree.html	under	subsys:html/extra-networks-pane-tree.html
file:html/extra-networks-pane.html	under	subsys:html/extra-networks-pane.html
file:html/extra-networks-tree-button.html	under	subsys:html/extra-networks-tree-button.html
file:html/extra-networks-tree-directory.html	under	subsys:html/extra-networks-tree-directory.html
file:html/extra-networks-tree-file.html	under	subsys:html/extra-networks-tree-file.html
file:html/extra-networks-tree.html	under	subsys:html/extra-networks-tree.html
file:html/footer.html	under	subsys:html/footer.html
file:html/image-update.svg	under	subsys:html/image-update.svg
file:html/licenses.html	under	subsys:html/licenses.html
file:javascript/ComponentControllers.js	under	subsys:javascript/ComponentControllers.js
file:javascript/aspectRatioOverlay.js	under	subsys:javascript/aspectRatioOverlay.js
file:javascript/aspectRatioSliders.js	under	subsys:javascript/aspectRatioSliders.js
file:javascript/badScaleChecker.js	under	subsys:javascript/badScaleChecker.js
file:javascript/contextMenus.js	under	subsys:javascript/contextMenus.js
file:javascript/dragdrop.js	under	subsys:javascript/dragdrop.js
file:javascript/edit-attention.js	under	subsys:javascript/edit-attention.js
file:javascript/edit-order.js	under	subsys:javascript/edit-order.js
file:javascript/extensions.js	under	subsys:javascript/extensions.js
file:javascript/extraNetworks.js	under	subsys:javascript/extraNetworks.js
file:javascript/generationParams.js	under	subsys:javascript/generationParams.js
file:javascript/hints.js	under	subsys:javascript/hints.js
file:javascript/hires_fix.js	under	subsys:javascript/hires_fix.js
file:javascript/imageMaskFix.js	under	subsys:javascript/imageMaskFix.js
file:javascript/imageParams.js	under	subsys:javascript/imageParams.js
file:javascript/imageviewer.js	under	subsys:javascript/imageviewer.js
file:javascript/imageviewerGamepad.js	under	subsys:javascript/imageviewerGamepad.js
file:javascript/inputAccordion.js	under	subsys:javascript/inputAccordion.js
file:javascript/localStorage.js	under	subsys:javascript/localStorage.js
file:javascript/localization.js	under	subsys:javascript/localization.js
file:javascript/notification.js	under	subsys:javascript/notification.js
file:javascript/profilerVisualization.js	under	subsys:javascript/profilerVisualization.js
file:javascript/progressbar.js	under	subsys:javascript/progressbar.js
file:javascript/resizeHandle.js	under	subsys:javascript/resizeHandle.js
file:javascript/settings.js	under	subsys:javascript/settings.js
file:javascript/textualInversion.js	under	subsys:javascript/textualInversion.js
file:javascript/token-counters.js	under	subsys:javascript/token-counters.js
file:javascript/ui.js	under	subsys:javascript/ui.js
file:javascript/ui_settings_hints.js	under	subsys:javascript/ui_settings_hints.js
file:javascript/zoom.js	under	subsys:javascript/zoom.js
file:launch.py	under	subsys:_root
file:models/karlo/ViT-L-14_stats.th	under	subsys:models/karlo
file:modules/Roboto-Regular.ttf	under	subsys:modules/Roboto-Regular.ttf
file:modules/api/api.py	under	subsys:modules/api
file:modules/api/models.py	under	subsys:modules/api
file:modules/cache.py	under	subsys:modules/cache.py
file:modules/call_queue.py	under	subsys:modules/call_queue.py
file:modules/cmd_args.py	under	subsys:modules/cmd_args.py
file:modules/codeformer/codeformer_arch.py	under	subsys:modules/codeformer
file:modules/codeformer/vqgan_arch.py	under	subsys:modules/codeformer
file:modules/codeformer_model.py	under	subsys:modules/codeformer_model.py
file:modules/config_states.py	under	subsys:modules/config_states.py
file:modules/custom_statics.py	under	subsys:modules/custom_statics.py
file:modules/dat_model.py	under	subsys:modules/dat_model.py
file:modules/deepbooru.py	under	subsys:modules/deepbooru.py
file:modules/deepbooru_model.py	under	subsys:modules/deepbooru_model.py
file:modules/devices.py	under	subsys:modules/devices.py
file:modules/errors.py	under	subsys:modules/errors.py
file:modules/esrgan_model.py	under	subsys:modules/esrgan_model.py
file:modules/esrgan_model_arch.py	under	subsys:modules/esrgan_model_arch.py
file:modules/extensions.py	under	subsys:modules/extensions.py
file:modules/extra_networks.py	under	subsys:modules/extra_networks.py
file:modules/extra_networks_hypernet.py	under	subsys:modules/extra_networks_hypernet.py
file:modules/extras.py	under	subsys:modules/extras.py
file:modules/face_restoration_utils.py	under	subsys:modules/face_restoration_utils.py
file:modules/fifo_lock.py	under	subsys:modules/fifo_lock.py
file:modules/generation_parameters_copypaste.py	under	subsys:modules/generation_parameters_copypaste.py
file:modules/gfpgan_model.py	under	subsys:modules/gfpgan_model.py
file:modules/gitpython_hack.py	under	subsys:modules/gitpython_hack.py
file:modules/gradio_extensons.py	under	subsys:modules/gradio_extensons.py
file:modules/hashes.py	under	subsys:modules/hashes.py
file:modules/hat_model.py	under	subsys:modules/hat_model.py
file:modules/hypernetworks/hypernetwork.py	under	subsys:modules/hypernetworks
file:modules/hypernetworks/ui.py	under	subsys:modules/hypernetworks
file:modules/hypertile.py	under	subsys:modules/hypertile.py
file:modules/images.py	under	subsys:modules/images.py
file:modules/img2img.py	under	subsys:modules/img2img.py
file:modules/import_hook.py	under	subsys:modules/import_hook.py
file:modules/infotext.py	under	subsys:modules/infotext.py
file:modules/infotext_utils.py	under	subsys:modules/infotext_utils.py
file:modules/infotext_versions.py	under	subsys:modules/infotext_versions.py
file:modules/initialize.py	under	subsys:modules/initialize.py
file:modules/initialize_util.py	under	subsys:modules/initialize_util.py
file:modules/interrogate.py	under	subsys:modules/interrogate.py
file:modules/launch_utils.py	under	subsys:modules/launch_utils.py
file:modules/localization.py	under	subsys:modules/localization.py
file:modules/logging_config.py	under	subsys:modules/logging_config.py
file:modules/lowvram.py	under	subsys:modules/lowvram.py
file:modules/mac_specific.py	under	subsys:modules/mac_specific.py
file:modules/masking.py	under	subsys:modules/masking.py
file:modules/memmon.py	under	subsys:modules/memmon.py
file:modules/modelloader.py	under	subsys:modules/modelloader.py
file:modules/models/diffusion/ddpm_edit.py	under	subsys:modules/models
file:modules/models/diffusion/uni_pc/__init__.py	under	subsys:modules/models
file:modules/models/diffusion/uni_pc/sampler.py	under	subsys:modules/models
file:modules/models/diffusion/uni_pc/uni_pc.py	under	subsys:modules/models
file:modules/models/sd3/mmdit.py	under	subsys:modules/models
file:modules/models/sd3/other_impls.py	under	subsys:modules/models
file:modules/models/sd3/sd3_cond.py	under	subsys:modules/models
file:modules/models/sd3/sd3_impls.py	under	subsys:modules/models
file:modules/models/sd3/sd3_model.py	under	subsys:modules/models
file:modules/ngrok.py	under	subsys:modules/ngrok.py
file:modules/npu_specific.py	under	subsys:modules/npu_specific.py
file:modules/options.py	under	subsys:modules/options.py
file:modules/patches.py	under	subsys:modules/patches.py
file:modules/paths.py	under	subsys:modules/paths.py
file:modules/paths_internal.py	under	subsys:modules/paths_internal.py
file:modules/postprocessing.py	under	subsys:modules/postprocessing.py
file:modules/processing.py	under	subsys:modules/processing.py
file:modules/processing_scripts/comments.py	under	subsys:modules/processing_scripts
file:modules/processing_scripts/refiner.py	under	subsys:modules/processing_scripts
file:modules/processing_scripts/sampler.py	under	subsys:modules/processing_scripts
file:modules/processing_scripts/seed.py	under	subsys:modules/processing_scripts
file:modules/profiling.py	under	subsys:modules/profiling.py
file:modules/progress.py	under	subsys:modules/progress.py
file:modules/prompt_parser.py	under	subsys:modules/prompt_parser.py
file:modules/realesrgan_model.py	under	subsys:modules/realesrgan_model.py
file:modules/restart.py	under	subsys:modules/restart.py
file:modules/rng.py	under	subsys:modules/rng.py
file:modules/rng_philox.py	under	subsys:modules/rng_philox.py
file:modules/safe.py	under	subsys:modules/safe.py
file:modules/script_callbacks.py	under	subsys:modules/script_callbacks.py
file:modules/script_loading.py	under	subsys:modules/script_loading.py
file:modules/scripts.py	under	subsys:modules/scripts.py
file:modules/scripts_auto_postprocessing.py	under	subsys:modules/scripts_auto_postprocessing.py
file:modules/scripts_postprocessing.py	under	subsys:modules/scripts_postprocessing.py
file:modules/sd_disable_initialization.py	under	subsys:modules/sd_disable_initialization.py
file:modules/sd_emphasis.py	under	subsys:modules/sd_emphasis.py
file:modules/sd_hijack.py	under	subsys:modules/sd_hijack.py
file:modules/sd_hijack_checkpoint.py	under	subsys:modules/sd_hijack_checkpoint.py
file:modules/sd_hijack_clip.py	under	subsys:modules/sd_hijack_clip.py
file:modules/sd_hijack_clip_old.py	under	subsys:modules/sd_hijack_clip_old.py
file:modules/sd_hijack_inpainting.py	under	subsys:modules/sd_hijack_inpainting.py
file:modules/sd_hijack_ip2p.py	under	subsys:modules/sd_hijack_ip2p.py
file:modules/sd_hijack_open_clip.py	under	subsys:modules/sd_hijack_open_clip.py
file:modules/sd_hijack_optimizations.py	under	subsys:modules/sd_hijack_optimizations.py
file:modules/sd_hijack_unet.py	under	subsys:modules/sd_hijack_unet.py
file:modules/sd_hijack_utils.py	under	subsys:modules/sd_hijack_utils.py
file:modules/sd_hijack_xlmr.py	under	subsys:modules/sd_hijack_xlmr.py
file:modules/sd_models.py	under	subsys:modules/sd_models.py
file:modules/sd_models_config.py	under	subsys:modules/sd_models_config.py
file:modules/sd_models_types.py	under	subsys:modules/sd_models_types.py
file:modules/sd_models_xl.py	under	subsys:modules/sd_models_xl.py
file:modules/sd_samplers.py	under	subsys:modules/sd_samplers.py
file:modules/sd_samplers_cfg_denoiser.py	under	subsys:modules/sd_samplers_cfg_denoiser.py
file:modules/sd_samplers_common.py	under	subsys:modules/sd_samplers_common.py
file:modules/sd_samplers_compvis.py	under	subsys:modules/sd_samplers_compvis.py
file:modules/sd_samplers_custom_schedulers.py	under	subsys:modules/sd_samplers_custom_schedulers.py
file:modules/sd_samplers_extra.py	under	subsys:modules/sd_samplers_extra.py
file:modules/sd_samplers_kdiffusion.py	under	subsys:modules/sd_samplers_kdiffusion.py
file:modules/sd_samplers_lcm.py	under	subsys:modules/sd_samplers_lcm.py
file:modules/sd_samplers_timesteps.py	under	subsys:modules/sd_samplers_timesteps.py
file:modules/sd_samplers_timesteps_impl.py	under	subsys:modules/sd_samplers_timesteps_impl.py
file:modules/sd_schedulers.py	under	subsys:modules/sd_schedulers.py
file:modules/sd_unet.py	under	subsys:modules/sd_unet.py
file:modules/sd_vae.py	under	subsys:modules/sd_vae.py
file:modules/sd_vae_approx.py	under	subsys:modules/sd_vae_approx.py
file:modules/sd_vae_taesd.py	under	subsys:modules/sd_vae_taesd.py
file:modules/shared.py	under	subsys:modules/shared.py
file:modules/shared_cmd_options.py	under	subsys:modules/shared_cmd_options.py
file:modules/shared_gradio_themes.py	under	subsys:modules/shared_gradio_themes.py
file:modules/shared_init.py	under	subsys:modules/shared_init.py
file:modules/shared_items.py	under	subsys:modules/shared_items.py
file:modules/shared_options.py	under	subsys:modules/shared_options.py
file:modules/shared_state.py	under	subsys:modules/shared_state.py
file:modules/shared_total_tqdm.py	under	subsys:modules/shared_total_tqdm.py
file:modules/soft_inpainting.py	under	subsys:modules/soft_inpainting.py
file:modules/styles.py	under	subsys:modules/styles.py
file:modules/sub_quadratic_attention.py	under	subsys:modules/sub_quadratic_attention.py
file:modules/sysinfo.py	under	subsys:modules/sysinfo.py
file:modules/temp	under	subsys:modules/temp
file:modules/textual_inversion/autocrop.py	under	subsys:modules/textual_inversion
file:modules/textual_inversion/dataset.py	under	subsys:modules/textual_inversion
file:modules/textual_inversion/image_embedding.py	under	subsys:modules/textual_inversion
file:modules/textual_inversion/learn_schedule.py	under	subsys:modules/textual_inversion
file:modules/textual_inversion/logging.py	under	subsys:modules/textual_inversion
file:modules/textual_inversion/preprocess.py	under	subsys:modules/textual_inversion
file:modules/textual_inversion/saving_settings.py	under	subsys:modules/textual_inversion
file:modules/textual_inversion/textual_inversion.py	under	subsys:modules/textual_inversion
file:modules/textual_inversion/ui.py	under	subsys:modules/textual_inversion
file:modules/timer.py	under	subsys:modules/timer.py
file:modules/torch_utils.py	under	subsys:modules/torch_utils.py
file:modules/txt2img.py	under	subsys:modules/txt2img.py
file:modules/ui.py	under	subsys:modules/ui.py
file:modules/ui_checkpoint_merger.py	under	subsys:modules/ui_checkpoint_merger.py
file:modules/ui_common.py	under	subsys:modules/ui_common.py
file:modules/ui_components.py	under	subsys:modules/ui_components.py
file:modules/ui_extensions.py	under	subsys:modules/ui_extensions.py
file:modules/ui_extra_networks.py	under	subsys:modules/ui_extra_networks.py
file:modules/ui_extra_networks_checkpoints.py	under	subsys:modules/ui_extra_networks_checkpoints.py
file:modules/ui_extra_networks_checkpoints_user_metadata.py	under	subsys:modules/ui_extra_networks_checkpoints_user_metadata.py
file:modules/ui_extra_networks_hypernets.py	under	subsys:modules/ui_extra_networks_hypernets.py
file:modules/ui_extra_networks_textual_inversion.py	under	subsys:modules/ui_extra_networks_textual_inversion.py
file:modules/ui_extra_networks_user_metadata.py	under	subsys:modules/ui_extra_networks_user_metadata.py
file:modules/ui_gradio_extensions.py	under	subsys:modules/ui_gradio_extensions.py
file:modules/ui_loadsave.py	under	subsys:modules/ui_loadsave.py
file:modules/ui_postprocessing.py	under	subsys:modules/ui_postprocessing.py
file:modules/ui_prompt_styles.py	under	subsys:modules/ui_prompt_styles.py
file:modules/ui_settings.py	under	subsys:modules/ui_settings.py
file:modules/ui_tempdir.py	under	subsys:modules/ui_tempdir.py
file:modules/ui_toprow.py	under	subsys:modules/ui_toprow.py
file:modules/upscaler.py	under	subsys:modules/upscaler.py
file:modules/upscaler_utils.py	under	subsys:modules/upscaler_utils.py
file:modules/util.py	under	subsys:modules/util.py
file:modules/xlmr.py	under	subsys:modules/xlmr.py
file:modules/xlmr_m18.py	under	subsys:modules/xlmr_m18.py
file:modules/xpu_specific.py	under	subsys:modules/xpu_specific.py
file:package.json	under	subsys:_root
file:pyproject.toml	under	subsys:_root
file:requirements-test.txt	under	subsys:_root
file:requirements.txt	under	subsys:_root
file:requirements_npu.txt	under	subsys:_root
file:requirements_versions.txt	under	subsys:_root
file:ruff.toml	under	subsys:_root
file:run.ps1	under	subsys:_root
file:run_local.ps1	under	subsys:_root
file:script.js	under	subsys:_root
file:scripts/custom_code.py	under	subsys:scripts/custom_code.py
file:scripts/img2imgalt.py	under	subsys:scripts/img2imgalt.py
file:scripts/loopback.py	under	subsys:scripts/loopback.py
file:scripts/outpainting_mk_2.py	under	subsys:scripts/outpainting_mk_2.py
file:scripts/poor_mans_outpainting.py	under	subsys:scripts/poor_mans_outpainting.py
file:scripts/postprocessing_caption.py	under	subsys:scripts/postprocessing_caption.py
file:scripts/postprocessing_codeformer.py	under	subsys:scripts/postprocessing_codeformer.py
file:scripts/postprocessing_create_flipped_copies.py	under	subsys:scripts/postprocessing_create_flipped_copies.py
file:scripts/postprocessing_focal_crop.py	under	subsys:scripts/postprocessing_focal_crop.py
file:scripts/postprocessing_gfpgan.py	under	subsys:scripts/postprocessing_gfpgan.py
file:scripts/postprocessing_split_oversized.py	under	subsys:scripts/postprocessing_split_oversized.py
file:scripts/postprocessing_upscale.py	under	subsys:scripts/postprocessing_upscale.py
file:scripts/processing_autosized_crop.py	under	subsys:scripts/processing_autosized_crop.py
file:scripts/prompt_matrix.py	under	subsys:scripts/prompt_matrix.py
file:scripts/prompts_from_file.py	under	subsys:scripts/prompts_from_file.py
file:scripts/sd_upscale.py	under	subsys:scripts/sd_upscale.py
file:scripts/soft_inpainting.py	under	subsys:scripts/soft_inpainting.py
file:scripts/xy_grid.py	under	subsys:scripts/xy_grid.py
file:scripts/xyz_grid.py	under	subsys:scripts/xyz_grid.py
file:style.css	under	subsys:_root
file:temp	under	subsys:_root
file:test/basic_features/__init__.py	under	subsys:test/basic_features
file:test/basic_features/extras_test.py	under	subsys:test/basic_features
file:test/basic_features/img2img_test.py	under	subsys:test/basic_features
file:test/basic_features/txt2img_test.py	under	subsys:test/basic_features
file:test/basic_features/utils_test.py	under	subsys:test/basic_features
file:test/conftest.py	under	subsys:test/conftest.py
file:test/server_poll.py	under	subsys:test/server_poll.py
file:test/test_extras.py	under	subsys:test/test_extras.py
file:test/test_face_restorers.py	under	subsys:test/test_face_restorers.py
file:test/test_files/two-faces.jpg	under	subsys:test/test_files
file:test/test_img2img.py	under	subsys:test/test_img2img.py
file:test/test_outputs/.gitkeep	under	subsys:test/test_outputs
file:test/test_torch_utils.py	under	subsys:test/test_torch_utils.py
file:test/test_txt2img.py	under	subsys:test/test_txt2img.py
file:test/test_utils.py	under	subsys:test/test_utils.py
file:update.ps1	under	subsys:_root
file:webui-ipex-user.bat	under	subsys:_root
file:webui-macos-env.sh	under	subsys:_root
file:webui-user.bat	under	subsys:_root
file:webui-user.sh	under	subsys:_root
file:webui.bat	under	subsys:_root
file:webui.py	under	subsys:_root
file:webui.sh	under	subsys:_root
person:10sa	authored	commit:c50b7e4eff88
person:112292454	authored	commit:2c58d373dd40
person:112292454	authored	commit:2fa91cbee654
person:a666	authored	commit:b6c1a1bbbf29
person:aarni_koskela	authored	commit:0011640ab187
person:aarni_koskela	authored	commit:00dfe27f5972
person:aarni_koskela	authored	commit:018f77f0b859
person:aarni_koskela	authored	commit:066afda2f6f6
person:aarni_koskela	authored	commit:06f167da37cd
person:aarni_koskela	authored	commit:08f9b705cda4
person:aarni_koskela	authored	commit:098d2fda5250
person:aarni_koskela	authored	commit:0afbc0c2355e
person:aarni_koskela	authored	commit:0f28aee9cd12
person:aarni_koskela	authored	commit:101375893361
person:aarni_koskela	authored	commit:12c6f37f8e4b
person:aarni_koskela	authored	commit:1332c46b71b1
person:aarni_koskela	authored	commit:13d8d65ef98c
person:aarni_koskela	authored	commit:13f4c62ba387
person:aarni_koskela	authored	commit:1465dab71564
person:aarni_koskela	authored	commit:1482c8937603
person:aarni_koskela	authored	commit:165ab44f03cc
person:aarni_koskela	authored	commit:16e4d7912241
person:aarni_koskela	authored	commit:16f0739db022
person:aarni_koskela	authored	commit:1f57b948b78d
person:aarni_koskela	authored	commit:208f066e0e83
person:aarni_koskela	authored	commit:21ee46eea791
person:aarni_koskela	authored	commit:247f371d3eaa
person:aarni_koskela	authored	commit:2667f47ffbf7
person:aarni_koskela	authored	commit:2725dfd8a66d
person:aarni_koskela	authored	commit:2941e1f1f3cf
person:aarni_koskela	authored	commit:2cacbc124c49
person:aarni_koskela	authored	commit:2d4c66f7b5cb
person:aarni_koskela	authored	commit:30f4f25b2ed7
person:aarni_koskela	authored	commit:315f109427a5
person:aarni_koskela	authored	commit:32b0f7c9bbb9
person:aarni_koskela	authored	commit:330f14d27a59
person:aarni_koskela	authored	commit:34a6ad80d5a3
person:aarni_koskela	authored	commit:3636c2c6eda6
person:aarni_koskela	authored	commit:3909c2b2a08e
person:aarni_koskela	authored	commit:393a5b82ba6d
person:aarni_koskela	authored	commit:3ba6c3c83c09
person:aarni_koskela	authored	commit:3d31d5c27beb
person:aarni_koskela	authored	commit:3d42411c3dba
person:aarni_koskela	authored	commit:3d524fd3f1bd
person:aarni_koskela	authored	commit:431bc5a297ff
person:aarni_koskela	authored	commit:44c27ebc7393
person:aarni_koskela	authored	commit:451d255b5859
person:aarni_koskela	authored	commit:46a5bd64edec
person:aarni_koskela	authored	commit:47b669bc9ff3
person:aarni_koskela	authored	commit:4897e5277bcb
person:aarni_koskela	authored	commit:48a2a1a437a4
person:aarni_koskela	authored	commit:49a55b410b66
person:aarni_koskela	authored	commit:49b1dc5e0782
person:aarni_koskela	authored	commit:49db24ce273e
person:aarni_koskela	authored	commit:4ad0c0c0a805
person:aarni_koskela	authored	commit:4bb441bb08aa
person:aarni_koskela	authored	commit:4f11f285f912
person:aarni_koskela	authored	commit:51864790fd72
person:aarni_koskela	authored	commit:522a8b9f6299
person:aarni_koskela	authored	commit:54696dce056e
person:aarni_koskela	authored	commit:55d222a9f4fb
person:aarni_koskela	authored	commit:563e88dd91c8
person:aarni_koskela	authored	commit:5768afc776a6
person:aarni_koskela	authored	commit:5b592669f991
person:aarni_koskela	authored	commit:5c6a33b3e11f
person:aarni_koskela	authored	commit:5ed970b94972
person:aarni_koskela	authored	commit:5fbb13e0da8e
person:aarni_koskela	authored	commit:5fcdaa6a7f19
person:aarni_koskela	authored	commit:6163b38ad996
person:aarni_koskela	authored	commit:618c59b01d8b
person:aarni_koskela	authored	commit:62470ee23443
person:aarni_koskela	authored	commit:62bd7624d2ad
person:aarni_koskela	authored	commit:674e80c62556
person:aarni_koskela	authored	commit:67d4360453e0
person:aarni_koskela	authored	commit:68cda4f21394
person:aarni_koskela	authored	commit:6f86b62a1be7
person:aarni_koskela	authored	commit:6fa42e919f27
person:aarni_koskela	authored	commit:71f4a4afdfe2
person:aarni_koskela	authored	commit:7569677e9edb
person:aarni_koskela	authored	commit:777af661a218
person:aarni_koskela	authored	commit:77a10c62c9a4
person:aarni_koskela	authored	commit:793a491923ba
person:aarni_koskela	authored	commit:7aa27b000a30
person:aarni_koskela	authored	commit:7ad6899bf987
person:aarni_koskela	authored	commit:8200e0c27bb4
person:aarni_koskela	authored	commit:85b4f89926f7
person:aarni_koskela	authored	commit:875990a23213
person:aarni_koskela	authored	commit:875bc270093b
person:aarni_koskela	authored	commit:89352a2f52c6
person:aarni_koskela	authored	commit:89cfbc3bbe40
person:aarni_koskela	authored	commit:8a178e67172f
person:aarni_koskela	authored	commit:8ccc27127bd5
person:aarni_koskela	authored	commit:8ce9b36e0fe5
person:aarni_koskela	authored	commit:8f6b24ce5922
person:aarni_koskela	authored	commit:8fd20bd4c3cd
person:aarni_koskela	authored	commit:8fe1e1952281
person:aarni_koskela	authored	commit:9574ebe2128a
person:aarni_koskela	authored	commit:958d68fb146f
person:aarni_koskela	authored	commit:96f0593c8fcf
person:aarni_koskela	authored	commit:9805f35c6f3e
person:aarni_koskela	authored	commit:990ca80cb645
person:aarni_koskela	authored	commit:999a03e4a770
person:aarni_koskela	authored	commit:9c54b78d9dde
person:aarni_koskela	authored	commit:a0005121aee9
person:aarni_koskela	authored	commit:a09e1e6e18e8
person:aarni_koskela	authored	commit:af050dcaa75e
person:aarni_koskela	authored	commit:afbb0b5f863e
person:aarni_koskela	authored	commit:b0f59342346b
person:aarni_koskela	authored	commit:b2c574891f49
person:aarni_koskela	authored	commit:b58ed1b2432c
person:aarni_koskela	authored	commit:b621a63cf68c
person:aarni_koskela	authored	commit:b70001e618d0
person:aarni_koskela	authored	commit:b7269f781c0c
person:aarni_koskela	authored	commit:b82d4a65fe9b
person:aarni_koskela	authored	commit:b85fc7187d95
person:aarni_koskela	authored	commit:ba70a220e317
person:aarni_koskela	authored	commit:bc53ecf29847
person:aarni_koskela	authored	commit:bf67a5dcf44c
person:aarni_koskela	authored	commit:c0ca6348e848
person:aarni_koskela	authored	commit:c1a5068ebea1
person:aarni_koskela	authored	commit:c32c51a0fc49
person:aarni_koskela	authored	commit:c702010e575d
person:aarni_koskela	authored	commit:c71430026591
person:aarni_koskela	authored	commit:c756133541da
person:aarni_koskela	authored	commit:c9174253fb60
person:aarni_koskela	authored	commit:cd6990c243e9
person:aarni_koskela	authored	commit:cf14a6a7aaf8
person:aarni_koskela	authored	commit:d4bd67bd678d
person:aarni_koskela	authored	commit:d66c64b9d765
person:aarni_koskela	authored	commit:d75ed52bfc07
person:aarni_koskela	authored	commit:d8071647760a
person:aarni_koskela	authored	commit:d9034b48a526
person:aarni_koskela	authored	commit:d92ce145bba7
person:aarni_koskela	authored	commit:d9968e61082f
person:aarni_koskela	authored	commit:da10de022f69
person:aarni_koskela	authored	commit:da468a585bb6
person:aarni_koskela	authored	commit:dc7a1bbb1c70
person:aarni_koskela	authored	commit:dd3ca9adf707
person:aarni_koskela	authored	commit:de3abc29ae91
person:aarni_koskela	authored	commit:df004be2fc4b
person:aarni_koskela	authored	commit:df4da02ab00b
person:aarni_koskela	authored	commit:df7070eca222
person:aarni_koskela	authored	commit:dfdc51246c67
person:aarni_koskela	authored	commit:e3a973a68df3
person:aarni_koskela	authored	commit:e3fa46f26f78
person:aarni_koskela	authored	commit:e4303443477b
person:aarni_koskela	authored	commit:e472383acbb9
person:aarni_koskela	authored	commit:ee973dcf1d1d
person:aarni_koskela	authored	commit:ef11c197b329
person:aarni_koskela	authored	commit:f44feb6a10aa
person:aarni_koskela	authored	commit:f476649c02cf
person:aarni_koskela	authored	commit:f661fb0fd39c
person:aarni_koskela	authored	commit:f6a40a2ffaca
person:aarni_koskela	authored	commit:f81931c591d4
person:aarni_koskela	authored	commit:f8fb74b93ab3
person:aarni_koskela	authored	commit:fb87a05fe836
person:aarni_koskela	authored	commit:fcc194afad8a
person:acncagua	authored	commit:078e16e4d33c
person:acncagua_slt	authored	commit:1bebb50da977
person:acncagua_slt	authored	commit:efe98ca0900b
person:adam_huganir	authored	commit:1e1a32b130ea
person:adam_huganir	authored	commit:6d92d95a33e4
person:adam_huganir	authored	commit:b14d8b61bdc4
person:adjointoperator	authored	commit:dec5cdd9b89d
person:akiba	authored	commit:0416a7bfbaec
person:akiba	authored	commit:268dc9b30813
person:alcacode	authored	commit:6dd53ce63dc7
person:alessandro_de_oliveira_faria_(a.k.a._cabelo)	authored	commit:50190ca669fd
person:alessandro_de_oliveira_faria_(a.k.a._cabelo)	authored	commit:66767e3876dd
person:alessandro_de_oliveira_faria_(a.k.a._cabelo)	authored	commit:6a86b3ad9bc7
person:alex_"mcmonkey"_goodwin	authored	commit:05ec128ca94f
person:alex_"mcmonkey"_goodwin	authored	commit:48df6d66ea62
person:alex_"mcmonkey"_goodwin	authored	commit:7fd19fa4e703
person:alex_"mcmonkey"_goodwin	authored	commit:88a46e8427fb
person:alex_"mcmonkey"_goodwin	authored	commit:a7116aa9a11c
person:alex_"mcmonkey"_goodwin	authored	commit:a71b7b5ec09a
person:alex_"mcmonkey"_goodwin	authored	commit:af9158a8c708
person:alex_"mcmonkey"_goodwin	authored	commit:c9c692c4d96a
person:alex_"mcmonkey"_goodwin	authored	commit:e179b6098ac1
person:alex_he	authored	commit:db4632f4ba8d
person:alexander_ljungberg	authored	commit:d9cc0910c8ac
person:alexandre_macabies	authored	commit:0085e719a91a
person:alon_burg	authored	commit:67d8dafe4474
person:alulkesh	authored	commit:5a25826d841a
person:alulkesh	authored	commit:9ecf3471339d
person:analysisjp	authored	commit:2ba0277b52d3
person:analysisjp	authored	commit:69f9564a6db8
person:andray	authored	commit:01033656975c
person:andray	authored	commit:06c5dd0907ab
person:andray	authored	commit:0a7d1e756f33
person:andray	authored	commit:0e0e41eabc57
person:andray	authored	commit:1142201a3a1d
person:andray	authored	commit:203afa39c4cf
person:andray	authored	commit:221ac0b9abd2
person:andray	authored	commit:26cccd8faab7
person:andray	authored	commit:281e0a007b10
person:andray	authored	commit:2d57a2df660e
person:andray	authored	commit:2e3a0f39f6bc
person:andray	authored	commit:33c8fe1221cd
person:andray	authored	commit:3a9982463802
person:andray	authored	commit:3ba575216a8e
person:andray	authored	commit:3d2dbefcde40
person:andray	authored	commit:4079b17dd979
person:andray	authored	commit:44bce3c74ee7
person:andray	authored	commit:4ccbae320e0d
person:andray	authored	commit:4e2bb7250fc9
person:andray	authored	commit:51cc1ff2c9d4
person:andray	authored	commit:56676ff92349
person:andray	authored	commit:58985e6b372d
person:andray	authored	commit:589dda3cf295
person:andray	authored	commit:5d9f1e6a431f
person:andray	authored	commit:695e24dbceb2
person:andray	authored	commit:6e6cc2922d39
person:andray	authored	commit:6f51e0555376
person:andray	authored	commit:7195c4d42cf4
person:andray	authored	commit:721c4309c263
person:andray	authored	commit:731eb7277454
person:andray	authored	commit:7598a92436be
person:andray	authored	commit:79514e5b8e11
person:andray	authored	commit:81be35792524
person:andray	authored	commit:82e2e25325f7
person:andray	authored	commit:85abbbb8fa8f
person:andray	authored	commit:86861f8379e9
person:andray	authored	commit:9142ce8188cc
person:andray	authored	commit:9211febbfc9c
person:andray	authored	commit:99c6c4a51bd8
person:andray	authored	commit:9cc7142dd7c8
person:andray	authored	commit:9d4fdc45d3c4
person:andray	authored	commit:ab1e0fa9bff1
person:andray	authored	commit:b1cd0189bc30
person:andray	authored	commit:b4c44e659ba3
person:andray	authored	commit:b6dc307c99a2
person:andray	authored	commit:b82caf132274
person:andray	authored	commit:b980c8140ba3
person:andray	authored	commit:bab918f049dd
person:andray	authored	commit:bb99f5271241
person:andray	authored	commit:c321680b3d6e
person:andray	authored	commit:c364b6077640
person:andray	authored	commit:c3f75d1d8543
person:andray	authored	commit:cc8ea32501e0
person:andray	authored	commit:d31dc7a73996
person:andray	authored	commit:d57ff884edd5
person:andray	authored	commit:dbda59e58a7c
person:andray	authored	commit:dd4b0b95d5a5
person:andray	authored	commit:de7604fa7718
person:andray	authored	commit:e85e327ae040
person:andray	authored	commit:e9b8a89b3c77
person:andray	authored	commit:eb0b84c56438
person:andray	authored	commit:eb10da8bb74a
person:andray	authored	commit:eb2ea8df1de2
person:andray	authored	commit:ed383eb5a0db
person:andray	authored	commit:ef356193255d
person:andray	authored	commit:fd83d4eec385
person:andre_ubuntu	authored	commit:48c06af8dc71
person:andre_ubuntu	authored	commit:52a8f286ef99
person:andrey	authored	commit:0450d90605f4
person:andrey	authored	commit:0c7c36a6c6f1
person:andrey	authored	commit:274474105a51
person:andrey	authored	commit:2db8ed32cd71
person:andrey	authored	commit:3ec7e19f2b0e
person:andrey	authored	commit:449531a6c59b
person:andrey	authored	commit:5feae71dd218
person:andrey	authored	commit:6e78f6a89618
person:andrey	authored	commit:9118b0860682
person:andrey	authored	commit:a5cef4932f6c
person:andrey	authored	commit:f4d0538bf2f6
person:andrey	authored	commit:f8fcad502ec9
person:andrey_efremov	authored	commit:32fdf18203ce
person:andrey_efremov	authored	commit:f8640662c56d
person:andrii_skaliuk	authored	commit:2aac1d97782b
person:angelbottomless	authored	commit:47033afa5c08
person:angelbottomless	authored	commit:472c22cc8a46
person:angelbottomless	authored	commit:a292d2c47f51
person:angelbottomless	authored	commit:bcfaf3979a9f
person:angelbottomless	authored	commit:de5bb4ca88df
person:angelbottomless	authored	commit:f593cbfec417
person:aniaan	authored	commit:7ea5be3e29dd
person:anoncantcode	authored	commit:0b6ca8e77b49
person:anoncantcode	authored	commit:3758744eb67d
person:anthony_fu	authored	commit:3d15e58b0a30
person:anthony_fu	authored	commit:8aa13d5dce27
person:anyisalin	authored	commit:1cbfafafd2dc
person:anyisalin	authored	commit:1fe2dcaa2a5c
person:anyisalin	authored	commit:24f21583cdba
person:anyisalin	authored	commit:317d00b2a6f8
person:anyisalin	authored	commit:3b2f51602dbd
person:anyisalin	authored	commit:71a0f6ef85f2
person:arch-fan	authored	commit:5576a7232207
person:aria1th	authored	commit:23c36f59b4a4
person:aria1th	authored	commit:294f8a514f98
person:aria1th	authored	commit:524d6a4dbae6
person:aria1th	authored	commit:601a7b4ce5b2
person:aria1th	authored	commit:97431f29feb1
person:aria1th	authored	commit:af45872fdb8a
person:aria1th	authored	commit:b29fc6d4de88
person:aria1th	authored	commit:c0725ba2d098
person:aria1th	authored	commit:c40be2252ab1
person:aria1th	authored	commit:ec78354efa17
person:aria1th	authored	commit:f207eb7a0d8b
person:aria1th	authored	commit:ffd0f8ddc309
person:arrix	authored	commit:05d7a63bbbe4
person:arrowm	authored	commit:00bd271faffb
person:art_gourieff	authored	commit:61f488302f37
person:art_gourieff	authored	commit:702edb288e53
person:art_gourieff	authored	commit:8ec890192141
person:artem_kotov	authored	commit:23314a6e27a2
person:artem_kotov	authored	commit:49f4b4be67fa
person:artem_kotov	authored	commit:6c610a8a951e
person:artem_kotov	authored	commit:ba110bf09302
person:artem_kotov	authored	commit:c8e67b67320f
person:arthurheitmann	authored	commit:e1c44267ea23
person:arturo_albacete	authored	commit:315e40a49c32
person:arturo_albacete	authored	commit:4aa99f77abd4
person:arturo_albacete	authored	commit:8459015017fd
person:arturo_albacete	authored	commit:a75dfe1c0de1
person:arturo_albacete	authored	commit:f190b85182a8
person:asdfire1	authored	commit:9691ca5f59d8
person:automatic	authored	commit:005849331e82
person:automatic	authored	commit:00dab8f10def
person:automatic	authored	commit:028d3f6425d8
person:automatic	authored	commit:040ec7a80e23
person:automatic	authored	commit:05933840f067
person:automatic	authored	commit:0834d4ce3742
person:automatic	authored	commit:083dc3c76ab7
person:automatic	authored	commit:0a8515085ef2
person:automatic	authored	commit:0bfaf613a846
person:automatic	authored	commit:0cc05fc492a9
person:automatic	authored	commit:0d2a4b608c07
person:automatic	authored	commit:0d3a80e2692f
person:automatic	authored	commit:0e1c41998af5
person:automatic	authored	commit:101a18fc8466
person:automatic	authored	commit:10dbee0d5936
person:automatic	authored	commit:11183b4d905d
person:automatic	authored	commit:11ae5399f667
person:automatic	authored	commit:1210548cba9d
person:automatic	authored	commit:133fd7bea558
person:automatic	authored	commit:14b70aa97ba3
person:automatic	authored	commit:1514add5597d
person:automatic	authored	commit:15e89ef0f6f2
person:automatic	authored	commit:15f4b217b104
person:automatic	authored	commit:160780283a99
person:automatic	authored	commit:164699163718
person:automatic	authored	commit:17a66931da70
person:automatic	authored	commit:18acc0b30d91
person:automatic	authored	commit:18fb2162a44a
person:automatic	authored	commit:194cbd065e46
person:automatic	authored	commit:19de2a626b92
person:automatic	authored	commit:1a43524018ea
person:automatic	authored	commit:1a50272e7cb4
person:automatic	authored	commit:1ace16e799c1
person:automatic	authored	commit:1b63afbedc77
person:automatic	authored	commit:1bab1797c033
person:automatic	authored	commit:1bfa1be6dd86
person:automatic	authored	commit:1bfec873fa13
person:automatic	authored	commit:1ca5e76f7b12
person:automatic	authored	commit:1d11e896984c
person:automatic	authored	commit:1d8e06d54217
person:automatic	authored	commit:20ae71faa8ef
person:automatic	authored	commit:2140bd1c108d
person:automatic	authored	commit:216b0fa6c904
person:automatic	authored	commit:22bcc7be428c
person:automatic	authored	commit:231562ea13e4
person:automatic	authored	commit:23d68bfc9a4d
person:automatic	authored	commit:24129368f1b7
person:automatic	authored	commit:2473bafa67b2
person:automatic	authored	commit:2582a0fd3b3e
person:automatic	authored	commit:27e319dc4f09
person:automatic	authored	commit:27eedb696661
person:automatic	authored	commit:27f7fbf35cd7
person:automatic	authored	commit:28189985e6f5
person:automatic	authored	commit:2abd89acc664
person:automatic	authored	commit:2b96a7b694d3
person:automatic	authored	commit:2c1bb46c7ad5
person:automatic	authored	commit:2cb3b0be1def
person:automatic	authored	commit:2cfaffb239bb
person:automatic	authored	commit:2e23c9c56861
person:automatic	authored	commit:30410fd355c0
person:automatic	authored	commit:31397986e70d
person:automatic	authored	commit:31545abe145a
person:automatic	authored	commit:333e63c0911c
person:automatic	authored	commit:3366e494a114
person:automatic	authored	commit:339b5315700a
person:automatic	authored	commit:3531a50080e6
person:automatic	authored	commit:36888092afa8
person:automatic	authored	commit:3690e4e82c58
person:automatic	authored	commit:3694379f2650
person:automatic	authored	commit:379fd6204dfc
person:automatic	authored	commit:3856ada5cc9a
person:automatic	authored	commit:399720dac254
person:automatic	authored	commit:39ec4f06ffb2
person:automatic	authored	commit:3c922d983bf6
person:automatic	authored	commit:3d09b4e99fc7
person:automatic	authored	commit:3d76eabbca3a
person:automatic	authored	commit:3e0f9a75438f
person:automatic	authored	commit:3ec7b705c78b
person:automatic	authored	commit:3ee12386307b
person:automatic	authored	commit:3f50b7d71cf6
person:automatic	authored	commit:40e51fd6efa9
person:automatic	authored	commit:41265a026de6
person:automatic	authored	commit:41359378767e
person:automatic	authored	commit:42a70d74771e
person:automatic	authored	commit:433b3ab70175
person:automatic	authored	commit:43a0912a0737
person:automatic	authored	commit:44c37f94e176
person:automatic	authored	commit:46482decd5ec
person:automatic	authored	commit:4697def23516
person:automatic	authored	commit:477199357f4f
person:automatic	authored	commit:483545252f86
person:automatic	authored	commit:48875af7a1d7
person:automatic	authored	commit:48a15821de76
person:automatic	authored	commit:48d171bbb373
person:automatic	authored	commit:4aa7f5b5b996
person:automatic	authored	commit:4b07984d1b92
person:automatic	authored	commit:4b854806d98c
person:automatic	authored	commit:4bd490c28dd8
person:automatic	authored	commit:4c1ad743e3ba
person:automatic	authored	commit:4c52dfe4ac98
person:automatic	authored	commit:4df63d2d197f
person:automatic	authored	commit:505a10ad928e
person:automatic	authored	commit:5228ec8bdada
person:automatic	authored	commit:52dcf0f0c70f
person:automatic	authored	commit:550256db1ce1
person:automatic	authored	commit:56a267283175
person:automatic	authored	commit:57b75f4a0376
person:automatic	authored	commit:57c1baa774d0
person:automatic	authored	commit:57ef617251a5
person:automatic	authored	commit:583fb9f066e1
person:automatic	authored	commit:58b5b7c2f1d3
person:automatic	authored	commit:58c3144d2b2e
person:automatic	authored	commit:59146621e256
person:automatic	authored	commit:59419bd64a15
person:automatic	authored	commit:5a666f3904c3
person:automatic	authored	commit:5ab7f213bec2
person:automatic	authored	commit:5c1cb9263f98
person:automatic	authored	commit:5c9f2bbb7473
person:automatic	authored	commit:5cea278d3ad3
person:automatic	authored	commit:5cf3822e4633
person:automatic	authored	commit:5d14f282c281
person:automatic	authored	commit:5e4a0e3d2413
person:automatic	authored	commit:5edb0acfeb42
person:automatic	authored	commit:5fcd4bfa3d86
person:automatic	authored	commit:5fe0dd79beaa
person:automatic	authored	commit:602a1864b050
person:automatic	authored	commit:6033de18bff6
person:automatic	authored	commit:6095ade1479d
person:automatic	authored	commit:616cc13b6b82
person:automatic	authored	commit:61ee563df911
person:automatic	authored	commit:6302978ff8e5
person:automatic	authored	commit:633867ecc606
person:automatic	authored	commit:635499e8329d
person:automatic	authored	commit:642d96dcc83a
person:automatic	authored	commit:650ddc9dd3c1
person:automatic	authored	commit:65995a2ea38a
person:automatic	authored	commit:668d7e9b9aba
person:automatic	authored	commit:669b518cbd2b
person:automatic	authored	commit:66cfd1dcfc89
person:automatic	authored	commit:67f5c2abb0a9
person:automatic	authored	commit:68953a4705b7
person:automatic	authored	commit:696f16e9012e
person:automatic	authored	commit:69eb2a9ee867
person:automatic	authored	commit:6a04a7f20fcc
person:automatic	authored	commit:6a5901a3fd5b
person:automatic	authored	commit:6cff44018242
person:automatic	authored	commit:6da2027213c3
person:automatic	authored	commit:6eacaad4a92f
person:automatic	authored	commit:6f31d2210c18
person:automatic	authored	commit:72cd27a13587
person:automatic	authored	commit:72dd5785d972
person:automatic	authored	commit:737b73a82058
person:automatic	authored	commit:7393c1f99c9e
person:automatic	authored	commit:7428fb5176cc
person:automatic	authored	commit:75e03785fe1f
person:automatic	authored	commit:762265eab58c
person:automatic	authored	commit:76ebf750a463
person:automatic	authored	commit:77f9db3b080f
person:automatic	authored	commit:789d47f832a5
person:automatic	authored	commit:78dd988e12e1
person:automatic	authored	commit:7a14c8ab45da
person:automatic	authored	commit:7b1c7ba87b14
person:automatic	authored	commit:7d1f2a3a4953
person:automatic	authored	commit:7e3539df6f4e
person:automatic	authored	commit:7f2005127ff2
person:automatic	authored	commit:7ff1ef77dd22
person:automatic	authored	commit:80b26d2a6961
person:automatic	authored	commit:81823407d9b3
person:automatic	authored	commit:82905f520c6e
person:automatic	authored	commit:847ceae1f71e
person:automatic	authored	commit:865af20d8a4a
person:automatic	authored	commit:86bafb625ae2
person:automatic	authored	commit:87702febe08b
person:automatic	authored	commit:87c3aa7389ce
person:automatic	authored	commit:884435796ad6
person:automatic	authored	commit:8863b31d83b5
person:automatic	authored	commit:889f5e38a1bb
person:automatic	authored	commit:8a3d23283993
person:automatic	authored	commit:8a561d94e67b
person:automatic	authored	commit:8aa87c564a79
person:automatic	authored	commit:8c3e64f4f6d6
person:automatic	authored	commit:8c801362b430
person:automatic	authored	commit:8ca50f8240fc
person:automatic	authored	commit:8d7382ab2475
person:automatic	authored	commit:8ea8e712c43e
person:automatic	authored	commit:8faac8b96313
person:automatic	authored	commit:8fe9ea7f4d8f
person:automatic	authored	commit:90e465982270
person:automatic	authored	commit:915d1da1cda9
person:automatic	authored	commit:92902e180e57
person:automatic	authored	commit:9320139bd834
person:automatic	authored	commit:938578e8a948
person:automatic	authored	commit:93fad28a9797
person:automatic	authored	commit:94754c60c5e4
person:automatic	authored	commit:94ffa9fc5386
person:automatic	authored	commit:96d6ca4199e7
person:automatic	authored	commit:994f56c3f930
person:automatic	authored	commit:9a86932c8bba
person:automatic	authored	commit:9b2f20540004
person:automatic	authored	commit:9bb1fcfad431
person:automatic	authored	commit:9beb794e0b0d
person:automatic	authored	commit:9e1afa9eb421
person:automatic	authored	commit:9e82896d5f03
person:automatic	authored	commit:9ed04e759d8b
person:automatic	authored	commit:9f0da9f6edfb
person:automatic	authored	commit:9fd6c1e3430f
person:automatic	authored	commit:a00cd8b9c1e9
person:automatic	authored	commit:a00e42556ffb
person:automatic	authored	commit:a375acdd2635
person:automatic	authored	commit:a47abe1b7b66
person:automatic	authored	commit:a5121e7a0623
person:automatic	authored	commit:a58ae0b7174d
person:automatic	authored	commit:a5e851028e23
person:automatic	authored	commit:a617d6488275
person:automatic	authored	commit:a61cbef02c76
person:automatic	authored	commit:a6b618d07248
person:automatic	authored	commit:a6bbc6aa8c6d
person:automatic	authored	commit:a6e653be26cc
person:automatic	authored	commit:a70ae917ea86
person:automatic	authored	commit:a742facd9518
person:automatic	authored	commit:a95dc02535ce
person:automatic	authored	commit:a9674359ca4c
person:automatic	authored	commit:aa4688eb8345
person:automatic	authored	commit:aa54a9d41680
person:automatic	authored	commit:aa6e55e00140
person:automatic	authored	commit:aaa367e35ce4
person:automatic	authored	commit:ab059b6e4863
person:automatic	authored	commit:ab287682bfe7
person:automatic	authored	commit:ab4ab4e595e8
person:automatic	authored	commit:ad3a7f2ab9bb
person:automatic	authored	commit:ad6ec0226118
person:automatic	authored	commit:ae252cd5bc6d
person:automatic	authored	commit:aeba3cadd5ef
person:automatic	authored	commit:aee6d9bb74d9
person:automatic	authored	commit:af2db25c84c9
person:automatic	authored	commit:b06205eaf6fc
person:automatic	authored	commit:b1717c0a4804
person:automatic	authored	commit:b186045fee0d
person:automatic	authored	commit:b217ebc49000
person:automatic	authored	commit:b397f63e00bb
person:automatic	authored	commit:b40538a7fe2e
person:automatic	authored	commit:b5230197a69d
person:automatic	authored	commit:b5a0c6da3745
person:automatic	authored	commit:b5f69ad6afcd
person:automatic	authored	commit:b7c14ed041e6
person:automatic	authored	commit:b7d2af8c7fa4
person:automatic	authored	commit:b7e160a87d07
person:automatic	authored	commit:b908bed8838f
person:automatic	authored	commit:b957dcfece29
person:automatic	authored	commit:b9abdb50a368
person:automatic	authored	commit:bb431df52bf3
person:automatic	authored	commit:bb80eea9d4a6
person:automatic	authored	commit:bd52a6d89970
person:automatic	authored	commit:bd877d7b5adb
person:automatic	authored	commit:bd9700405a06
person:automatic	authored	commit:bef193189500
person:automatic	authored	commit:c1294d849a50
person:automatic	authored	commit:c19530f1a590
person:automatic	authored	commit:c48ab36cb9e0
person:automatic	authored	commit:c4b9ed1a2791
person:automatic	authored	commit:c6f20f72629f
person:automatic	authored	commit:c81b52ffbd62
person:automatic	authored	commit:cb940a583d90
person:automatic	authored	commit:cbd6329488be
person:automatic	authored	commit:cc2f6e3b7b8d
person:automatic	authored	commit:cc8c9b7474d9
person:automatic	authored	commit:cd7ec5f728d4
person:automatic	authored	commit:cd7f2b19f45a
person:automatic	authored	commit:cd8a510ca907
person:automatic	authored	commit:cdac5ace1456
person:automatic	authored	commit:ce38ee8f26d0
person:automatic	authored	commit:ce515b81c57a
person:automatic	authored	commit:ce68ab8d0dfd
person:automatic	authored	commit:cfdd1b941897
person:automatic	authored	commit:d04e3e921e8e
person:automatic	authored	commit:d06af4e51786
person:automatic	authored	commit:d1d6ce29831d
person:automatic	authored	commit:d25219b7e889
person:automatic	authored	commit:d274b8297e85
person:automatic	authored	commit:d2ac95fa7b2a
person:automatic	authored	commit:d3dcb05904de
person:automatic	authored	commit:d50b95b5a32b
person:automatic	authored	commit:d667fc435f62
person:automatic	authored	commit:d7e9ac2aff6b
person:automatic	authored	commit:d84f3cf7a774
person:automatic	authored	commit:dac45299dd57
person:automatic	authored	commit:dbd13dee3aa7
person:automatic	authored	commit:dd377637caad
person:automatic	authored	commit:df02498d03e4
person:automatic	authored	commit:df6fffb054f8
person:automatic	authored	commit:dfeee786f903
person:automatic	authored	commit:e2c71a4bd414
person:automatic	authored	commit:e30502a64b6f
person:automatic	authored	commit:e334758ec281
person:automatic	authored	commit:e407d1af897a
person:automatic	authored	commit:e40b2d947d87
person:automatic	authored	commit:e42de4b8a235
person:automatic	authored	commit:e4a66bb8e340
person:automatic	authored	commit:e5dd4b4ebf81
person:automatic	authored	commit:e8c3d03f7d99
person:automatic	authored	commit:e8e7fe11e903
person:automatic	authored	commit:eabea24eb8ba
person:automatic	authored	commit:eb9580950106
person:automatic	authored	commit:ec0da07236d2
person:automatic	authored	commit:ee65e729319e
person:automatic	authored	commit:ee71eee1818f
person:automatic	authored	commit:ee9fdf7f6298
person:automatic	authored	commit:eeb685b0e53c
person:automatic	authored	commit:eed7b2776ec7
person:automatic	authored	commit:f07af8db6489
person:automatic	authored	commit:f1533de98235
person:automatic	authored	commit:f15b7e52e33d
person:automatic	authored	commit:f261a4a53c15
person:automatic	authored	commit:f36ba9949a64
person:automatic	authored	commit:f5ea1e9d928e
person:automatic	authored	commit:f62540b2d2a2
person:automatic	authored	commit:f6a622bcefce
person:automatic	authored	commit:f6b7768f84a3
person:automatic	authored	commit:f6fc7916c461
person:automatic	authored	commit:f741a98bacca
person:automatic	authored	commit:f88169a9e740
person:automatic	authored	commit:f8ca37b9035d
person:automatic	authored	commit:f8feeaaedb89
person:automatic	authored	commit:f91068f426a3
person:automatic	authored	commit:f9253cee660a
person:automatic	authored	commit:f93547be1864
person:automatic	authored	commit:f98f4f73aa48
person:automatic	authored	commit:f9be4dc498e2
person:automatic	authored	commit:f9fe5e5f9d7b
person:automatic	authored	commit:fabdae089e47
person:automatic	authored	commit:faff08f396f1
person:automatic	authored	commit:fb2354cb2ae4
person:automatic	authored	commit:fbf88343deff
person:automatic	authored	commit:fc966c029943
person:automatic	authored	commit:fdaf0147b6d2
person:automatic	authored	commit:fe46a08f52c3
person:automatic	authored	commit:fe73d6439ab8
person:automatic	authored	commit:ff0d97c1e3da
person:automatic	authored	commit:ff0e17174f8d
person:automatic	authored	commit:ff216820fd68
person:automatic1111	authored	commit:003b91f08361
person:automatic1111	authored	commit:00429544905a
person:automatic1111	authored	commit:007ecfbb2977
person:automatic1111	authored	commit:00e393ce1090
person:automatic1111	authored	commit:016554e43740
person:automatic1111	authored	commit:01997f45ba08
person:automatic1111	authored	commit:02038036ff57
person:automatic1111	authored	commit:0232a987bb8c
person:automatic1111	authored	commit:024a32a09bb8
person:automatic1111	authored	commit:0283826179cd
person:automatic1111	authored	commit:02ab75b86a91
person:automatic1111	authored	commit:0411eced8968
person:automatic1111	authored	commit:04b90328c0aa
person:automatic1111	authored	commit:04cfcf91d9a5
person:automatic1111	authored	commit:05230c026060
person:automatic1111	authored	commit:052fbde3ac41
person:automatic1111	authored	commit:055461ae4143
person:automatic1111	authored	commit:05ccb4d0e3ff
person:automatic1111	authored	commit:05d23c78376c
person:automatic1111	authored	commit:0619df983583
person:automatic1111	authored	commit:063848798c4d
person:automatic1111	authored	commit:06af73bd1d17
person:automatic1111	authored	commit:06bc1f4f67f9
person:automatic1111	authored	commit:06d0a5ab4d44
person:automatic1111	authored	commit:06fe174c74fe
person:automatic1111	authored	commit:070b034cd5b4
person:automatic1111	authored	commit:073c0ebba380
person:automatic1111	authored	commit:0743ee9b3eda
person:automatic1111	authored	commit:0769aa318a18
person:automatic1111	authored	commit:07be13caa357
person:automatic1111	authored	commit:07cf95c76ef0
person:automatic1111	authored	commit:0815c45bcdec
person:automatic1111	authored	commit:088381059232
person:automatic1111	authored	commit:0904df84e296
person:automatic1111	authored	commit:09b5ce68a99d
person:automatic1111	authored	commit:09c1be967485
person:automatic1111	authored	commit:0a6628bad061
person:automatic1111	authored	commit:0a89cd1a584b
person:automatic1111	authored	commit:0aa7c53c0b94
person:automatic1111	authored	commit:0aa8d538e147
person:automatic1111	authored	commit:0aacd4c72b40
person:automatic1111	authored	commit:0af4127fd143
person:automatic1111	authored	commit:0b07a6cf2663
person:automatic1111	authored	commit:0b64633584e9
person:automatic1111	authored	commit:0c7bdcc1b130
person:automatic1111	authored	commit:0c9282b84d68
person:automatic1111	authored	commit:0cdbd90d6b1a
person:automatic1111	authored	commit:0d5dc9a6e7f6
person:automatic1111	authored	commit:0d65d0eabded
person:automatic1111	authored	commit:0d90064e9e00
person:automatic1111	authored	commit:0dc12861efee
person:automatic1111	authored	commit:0dc74545c0b5
person:automatic1111	authored	commit:0dfffe53ec11
person:automatic1111	authored	commit:0e83c675257f
person:automatic1111	authored	commit:0ea20a0d526a
person:automatic1111	authored	commit:10ff071e3368
person:automatic1111	authored	commit:11a435b4697c
person:automatic1111	authored	commit:11cfe0dd0549
person:automatic1111	authored	commit:11d23e8ca55c
person:automatic1111	authored	commit:11dc92dc0ae8
person:automatic1111	authored	commit:11f339733de8
person:automatic1111	authored	commit:11f996a096e4
person:automatic1111	authored	commit:120a84bd2f01
person:automatic1111	authored	commit:12171ca9612c
person:automatic1111	authored	commit:127635409a79
person:automatic1111	authored	commit:12c78138dd56
person:automatic1111	authored	commit:1341b2208185
person:automatic1111	authored	commit:135b61bc0bb9
person:automatic1111	authored	commit:136c8859a49a
person:automatic1111	authored	commit:1394ecaf36da
person:automatic1111	authored	commit:139848578904
person:automatic1111	authored	commit:13e371af7364
person:automatic1111	authored	commit:140d58b51213
person:automatic1111	authored	commit:141a17e96930
person:automatic1111	authored	commit:1466daeafc1c
person:automatic1111	authored	commit:14cf434bc36d
person:automatic1111	authored	commit:151b8ed3a627
person:automatic1111	authored	commit:15322e1b1a9e
person:automatic1111	authored	commit:15ec54dd969d
person:automatic1111	authored	commit:16781ba09abe
person:automatic1111	authored	commit:16ab17429016
person:automatic1111	authored	commit:179ae47d642d
person:automatic1111	authored	commit:18256c5f0174
person:automatic1111	authored	commit:18d801a13d71
person:automatic1111	authored	commit:18fb522660a7
person:automatic1111	authored	commit:19772c3c9764
person:automatic1111	authored	commit:1a51b166a042
person:automatic1111	authored	commit:1a7ffa2c76b0
person:automatic1111	authored	commit:1ac11b3dae49
person:automatic1111	authored	commit:1aefb5025929
person:automatic1111	authored	commit:1b3093fe3aed
person:automatic1111	authored	commit:1b46863f2418
person:automatic1111	authored	commit:1d71c36de2d7
person:automatic1111	authored	commit:1d7e9eca098d
person:automatic1111	authored	commit:1da05297ea18
person:automatic1111	authored	commit:1e5afd4fa977
person:automatic1111	authored	commit:1f59be5188c0
person:automatic1111	authored	commit:1ff1c5be6420
person:automatic1111	authored	commit:1ffdedc11d49
person:automatic1111	authored	commit:20549a50cb3c
person:automatic1111	authored	commit:21aec6f567f5
person:automatic1111	authored	commit:22e23dbf29b0
person:automatic1111	authored	commit:233c66b36eba
person:automatic1111	authored	commit:238adeaffb03
person:automatic1111	authored	commit:23c06a51ccc5
person:automatic1111	authored	commit:23c6b5f1242f
person:automatic1111	authored	commit:23c947ab0374
person:automatic1111	authored	commit:246d1f1f7062
person:automatic1111	authored	commit:24bad5dc7b4d
person:automatic1111	authored	commit:24dae9bc4cc0
person:automatic1111	authored	commit:250c416474a5
person:automatic1111	authored	commit:259768f27fc4
person:automatic1111	authored	commit:25cd53d77561
person:automatic1111	authored	commit:260037065937
person:automatic1111	authored	commit:274a3e21babe
person:automatic1111	authored	commit:282903bb6798
person:automatic1111	authored	commit:284822323a75
person:automatic1111	authored	commit:2860c3be3e29
person:automatic1111	authored	commit:28bc85a20a28
person:automatic1111	authored	commit:29d7e31d89e9
person:automatic1111	authored	commit:29f04149b60b
person:automatic1111	authored	commit:2a40d3c60344
person:automatic1111	authored	commit:2b1bae0d755c
person:automatic1111	authored	commit:2b50233f3ffa
person:automatic1111	authored	commit:2be85f8fe035
person:automatic1111	authored	commit:2c11e9009ea1
person:automatic1111	authored	commit:2c5106ed0604
person:automatic1111	authored	commit:2d8e4a654480
person:automatic1111	authored	commit:2e07a8ae6b1d
person:automatic1111	authored	commit:2e1b61e5903f
person:automatic1111	authored	commit:2f55d669a26c
person:automatic1111	authored	commit:2f6ea8b10312
person:automatic1111	authored	commit:2f98a35fc450
person:automatic1111	authored	commit:3039925b2746
person:automatic1111	authored	commit:3069716510c8
person:automatic1111	authored	commit:310d6b9075c6
person:automatic1111	authored	commit:31306ce6721e
person:automatic1111	authored	commit:3163d1269af7
person:automatic1111	authored	commit:31992eff9b97
person:automatic1111	authored	commit:31f2be3dcedf
person:automatic1111	authored	commit:320a217b7804
person:automatic1111	authored	commit:321b2db06710
person:automatic1111	authored	commit:323dcadea2a0
person:automatic1111	authored	commit:33446acf47a8
person:automatic1111	authored	commit:3345218439ab
person:automatic1111	authored	commit:338d0b610344
person:automatic1111	authored	commit:340a9108ca80
person:automatic1111	authored	commit:34b4443cc32d
person:automatic1111	authored	commit:353c876172a4
person:automatic1111	authored	commit:35510f7529dc
person:automatic1111	authored	commit:35db3665b39c
person:automatic1111	authored	commit:3602602260ab
person:automatic1111	authored	commit:362789a37930
person:automatic1111	authored	commit:3670b4f49e07
person:automatic1111	authored	commit:368d66c9ccca
person:automatic1111	authored	commit:36ca80d0046f
person:automatic1111	authored	commit:3786f3742fda
person:automatic1111	authored	commit:384fab962794
person:automatic1111	authored	commit:386245a26427
person:automatic1111	authored	commit:390bffa81b74
person:automatic1111	authored	commit:3989d7e88bf8
person:automatic1111	authored	commit:3a66c3c9e1ce
person:automatic1111	authored	commit:3a9bf4ac10d9
person:automatic1111	authored	commit:3ac950248df3
person:automatic1111	authored	commit:3bca90b249d7
person:automatic1111	authored	commit:3bd75adb1c5a
person:automatic1111	authored	commit:3be90740316f
person:automatic1111	authored	commit:3ca4655a18eb
person:automatic1111	authored	commit:3d83683a2809
person:automatic1111	authored	commit:3e0146f9bdd7
person:automatic1111	authored	commit:3ec5ce941626
person:automatic1111	authored	commit:3f18a09c8638
person:automatic1111	authored	commit:3f451f3042cc
person:automatic1111	authored	commit:401ba1b879ec
person:automatic1111	authored	commit:40cd59207b96
person:automatic1111	authored	commit:420cc8f68e6a
person:automatic1111	authored	commit:420f56c2e85e
person:automatic1111	authored	commit:42b72fe2463b
person:automatic1111	authored	commit:42ca30d6c1b7
person:automatic1111	authored	commit:4334d25978de
person:automatic1111	authored	commit:444f10296417
person:automatic1111	authored	commit:4549f2a9cc0e
person:automatic1111	authored	commit:45601766409e
person:automatic1111	authored	commit:4573195894ff
person:automatic1111	authored	commit:45b7bba3d06f
person:automatic1111	authored	commit:45b8a499a7e6
person:automatic1111	authored	commit:45be87afc6b1
person:automatic1111	authored	commit:46375f059276
person:automatic1111	authored	commit:46466f09d0b0
person:automatic1111	authored	commit:464fbcd92118
person:automatic1111	authored	commit:4652fc5ac36d
person:automatic1111	authored	commit:46f3ee959470
person:automatic1111	authored	commit:471a5a66b739
person:automatic1111	authored	commit:47d9dd024087
person:automatic1111	authored	commit:48dd4d9eaeae
person:automatic1111	authored	commit:48fae7ccdc2f
person:automatic1111	authored	commit:4981c7d3704e
person:automatic1111	authored	commit:4a2bf65fea0a
person:automatic1111	authored	commit:4a666381bf98
person:automatic1111	authored	commit:4afaaf8a020c
person:automatic1111	authored	commit:4b43480fe8b6
person:automatic1111	authored	commit:4b5a63aa1135
person:automatic1111	authored	commit:4c4d7dd01f77
person:automatic1111	authored	commit:4c72377bbf22
person:automatic1111	authored	commit:4d4a9e733219
person:automatic1111	authored	commit:4d93f48f090e
person:automatic1111	authored	commit:4d9b09666328
person:automatic1111	authored	commit:4da92281f65a
person:automatic1111	authored	commit:4e8690906c02
person:automatic1111	authored	commit:4f6582cb668d
person:automatic1111	authored	commit:4ff1fabc86db
person:automatic1111	authored	commit:501993ebf210
person:automatic1111	authored	commit:503bd3fc0fa9
person:automatic1111	authored	commit:5084b39ea58b
person:automatic1111	authored	commit:50973ec77c29
person:automatic1111	authored	commit:510e5fc8c60d
person:automatic1111	authored	commit:51206edb620b
person:automatic1111	authored	commit:5251733c0d69
person:automatic1111	authored	commit:530fea2bc4a2
person:automatic1111	authored	commit:532c34082903
person:automatic1111	authored	commit:5359dc0a1031
person:automatic1111	authored	commit:5360ae2cc57a
person:automatic1111	authored	commit:5429e4cff514
person:automatic1111	authored	commit:547778b10f25
person:automatic1111	authored	commit:5692bf1517c3
person:automatic1111	authored	commit:570f42afd122
person:automatic1111	authored	commit:57727e554d8f
person:automatic1111	authored	commit:57d61de25cb6
person:automatic1111	authored	commit:57e59c14c8a1
person:automatic1111	authored	commit:57e6d05a43e4
person:automatic1111	authored	commit:57e8a11d17a6
person:automatic1111	authored	commit:58c3df32f3a7
person:automatic1111	authored	commit:58dc35a64ac3
person:automatic1111	authored	commit:5904e3f6b3d4
person:automatic1111	authored	commit:594c8e7b263d
person:automatic1111	authored	commit:59544321aa01
person:automatic1111	authored	commit:599f61a1e0bd
person:automatic1111	authored	commit:5a0db84b6c73
person:automatic1111	authored	commit:5b2a60b8e2b7
person:automatic1111	authored	commit:5c5594ff1632
person:automatic1111	authored	commit:5c8f91b22975
person:automatic1111	authored	commit:5cae08f2c32b
person:automatic1111	authored	commit:5cb1ce470df8
person:automatic1111	authored	commit:5cc7bf387661
person:automatic1111	authored	commit:5cf623c58ef3
person:automatic1111	authored	commit:5d7d1823afab
person:automatic1111	authored	commit:5daf7983d141
person:automatic1111	authored	commit:5decbf184b18
person:automatic1111	authored	commit:5dee0fa1f812
person:automatic1111	authored	commit:5e30f737b0a4
person:automatic1111	authored	commit:5e80d9ee99c5
person:automatic1111	authored	commit:5ef759032489
person:automatic1111	authored	commit:60183eebc37a
person:automatic1111	authored	commit:603509ec905a
person:automatic1111	authored	commit:611faaddef09
person:automatic1111	authored	commit:6136db1409b1
person:automatic1111	authored	commit:6139b145f003
person:automatic1111	authored	commit:61f6479ea9a8
person:automatic1111	authored	commit:6214aa7d2a84
person:automatic1111	authored	commit:62e32634677f
person:automatic1111	authored	commit:636ff513b0b5
person:automatic1111	authored	commit:63c3c4dbc357
person:automatic1111	authored	commit:63d3150dc4f5
person:automatic1111	authored	commit:6427ffde4dc6
person:automatic1111	authored	commit:642faa1f6555
person:automatic1111	authored	commit:64311faa6848
person:automatic1111	authored	commit:643836007f6f
person:automatic1111	authored	commit:6558716018c8
person:automatic1111	authored	commit:656437e0a502
person:automatic1111	authored	commit:65b6f8d3d58f
person:automatic1111	authored	commit:66355b47756e
person:automatic1111	authored	commit:66c32e40e8c0
person:automatic1111	authored	commit:66c5f1bb1556
person:automatic1111	authored	commit:66d763070517
person:automatic1111	authored	commit:67ea4eabc3e7
person:automatic1111	authored	commit:6816ad5ed806
person:automatic1111	authored	commit:682ff8936df0
person:automatic1111	authored	commit:690d56f3c10e
person:automatic1111	authored	commit:696d6813e061
person:automatic1111	authored	commit:699108bfbb05
person:automatic1111	authored	commit:6a0d498c8ec5
person:automatic1111	authored	commit:6aa26a26d5be
person:automatic1111	authored	commit:6ad666e4794a
person:automatic1111	authored	commit:6adf2b71c2c8
person:automatic1111	authored	commit:6b877c35da12
person:automatic1111	authored	commit:6b8c661c4979
person:automatic1111	authored	commit:6bc35be10a02
person:automatic1111	authored	commit:6bfd4dfecfd0
person:automatic1111	authored	commit:6c23061a7d03
person:automatic1111	authored	commit:6c5f83b19b33
person:automatic1111	authored	commit:6ca7a453d401
person:automatic1111	authored	commit:6d3a0c950626
person:automatic1111	authored	commit:6d8dcdefa07d
person:automatic1111	authored	commit:6e7828e1d271
person:automatic1111	authored	commit:6ef0ff39f2a3
person:automatic1111	authored	commit:6f0abbb71a3f
person:automatic1111	authored	commit:6f23da603d3c
person:automatic1111	authored	commit:6f4f6bff6b4a
person:automatic1111	authored	commit:6f754ab98bcd
person:automatic1111	authored	commit:704628b903fc
person:automatic1111	authored	commit:70c63c1208d3
person:automatic1111	authored	commit:714c920c20d0
person:automatic1111	authored	commit:726aaea0fe87
person:automatic1111	authored	commit:72ee347eabf0
person:automatic1111	authored	commit:738e133b24e2
person:automatic1111	authored	commit:74069addc31e
person:automatic1111	authored	commit:757dda9ade9d
person:automatic1111	authored	commit:758e8d7b4157
person:automatic1111	authored	commit:76ae1019b96c
person:automatic1111	authored	commit:76ebb175ca99
person:automatic1111	authored	commit:76f8436bfab8
person:automatic1111	authored	commit:7745db6fc02f
person:automatic1111	authored	commit:77761e7bad8a
person:automatic1111	authored	commit:77c52ea701be
person:automatic1111	authored	commit:780c70f6eadc
person:automatic1111	authored	commit:783a5754d5b5
person:automatic1111	authored	commit:78e421e4ea83
person:automatic1111	authored	commit:7989765faad6
person:automatic1111	authored	commit:79cbc92abfee
person:automatic1111	authored	commit:79d4e8198417
person:automatic1111	authored	commit:79d6e9cd3253
person:automatic1111	authored	commit:79de09c3df95
person:automatic1111	authored	commit:79fd17ee6332
person:automatic1111	authored	commit:7a6abc59ea1e
person:automatic1111	authored	commit:7a7fa25d02d4
person:automatic1111	authored	commit:7b052eb70eb2
person:automatic1111	authored	commit:7ba8f11688be
person:automatic1111	authored	commit:7c22bbd3ad5a
person:automatic1111	authored	commit:7d1368c51ca3
person:automatic1111	authored	commit:7d26c479eebe
person:automatic1111	authored	commit:7d60076b8b27
person:automatic1111	authored	commit:7d81ecbea6b5
person:automatic1111	authored	commit:7dae6bb3b52a
person:automatic1111	authored	commit:7dfe959f4b9f
person:automatic1111	authored	commit:7e4b06fcd0b9
person:automatic1111	authored	commit:7e5cdaab4b38
person:automatic1111	authored	commit:7e5e67330b09
person:automatic1111	authored	commit:7e77a38cbc15
person:automatic1111	authored	commit:7e88f57aaa92
person:automatic1111	authored	commit:7ee2114cd9c4
person:automatic1111	authored	commit:7f691612caf6
person:automatic1111	authored	commit:7f7db1700bda
person:automatic1111	authored	commit:801b72b92b4f
person:automatic1111	authored	commit:80873b1538e6
person:automatic1111	authored	commit:80d639a44092
person:automatic1111	authored	commit:80f618ea95f1
person:automatic1111	authored	commit:8100e901ab0c
person:automatic1111	authored	commit:81105ee0135f
person:automatic1111	authored	commit:8197f24dbcfe
person:automatic1111	authored	commit:8220cf37da81
person:automatic1111	authored	commit:8284ebd94c4d
person:automatic1111	authored	commit:8285a149d8c4
person:automatic1111	authored	commit:82a973c04367
person:automatic1111	authored	commit:835a7dbf0e73
person:automatic1111	authored	commit:84b6fcd02ca6
person:automatic1111	authored	commit:85fcb7b8dfe7
person:automatic1111	authored	commit:86221269f98e
person:automatic1111	authored	commit:86708463f176
person:automatic1111	authored	commit:86b3aa94e2d3
person:automatic1111	authored	commit:86ff43b93007
person:automatic1111	authored	commit:87a083d1b23e
person:automatic1111	authored	commit:87b50397a6da
person:automatic1111	authored	commit:87cca029d713
person:automatic1111	authored	commit:883d6a2b34a2
person:automatic1111	authored	commit:888b928f0da7
person:automatic1111	authored	commit:88f70ce63cb9
person:automatic1111	authored	commit:896fde789ee6
person:automatic1111	authored	commit:897312de4635
person:automatic1111	authored	commit:89e6dfff717e
person:automatic1111	authored	commit:8a7a4275a83f
person:automatic1111	authored	commit:8aa51f682c17
person:automatic1111	authored	commit:8b08b78c03f0
person:automatic1111	authored	commit:8b3d98c5a580
person:automatic1111	authored	commit:8d54739de5d7
person:automatic1111	authored	commit:8f1826375943
person:automatic1111	authored	commit:9043b91649f3
person:automatic1111	authored	commit:908d522057b9
person:automatic1111	authored	commit:90eb731ff1d7
person:automatic1111	authored	commit:9158d0fd1215
person:automatic1111	authored	commit:9199b6b7ebe9
person:automatic1111	authored	commit:91a131aa6ca2
person:automatic1111	authored	commit:9251ae3bc78e
person:automatic1111	authored	commit:92ab0ef7d65e
person:automatic1111	authored	commit:935d9d899c40
person:automatic1111	authored	commit:93c7b9d7fc45
person:automatic1111	authored	commit:93eae69895c3
person:automatic1111	authored	commit:94d4b3c8e78d
person:automatic1111	authored	commit:953c3eab7b3b
person:automatic1111	authored	commit:956e69bf3a93
person:automatic1111	authored	commit:95821f0132f5
person:automatic1111	authored	commit:95c5c4d64ef7
person:automatic1111	authored	commit:95ee0cb18817
person:automatic1111	authored	commit:965c72891486
person:automatic1111	authored	commit:978c7fadb35e
person:automatic1111	authored	commit:980970d39091
person:automatic1111	authored	commit:995ff5902fe0
person:automatic1111	authored	commit:99a64edea8d7
person:automatic1111	authored	commit:99e65ec6182c
person:automatic1111	authored	commit:99ef3b6c5218
person:automatic1111	authored	commit:9a3f35b028a8
person:automatic1111	authored	commit:9a4a1aac81df
person:automatic1111	authored	commit:9aa9e980a9a2
person:automatic1111	authored	commit:9ab52caf022f
person:automatic1111	authored	commit:9b471436b222
person:automatic1111	authored	commit:9bcfb92a00df
person:automatic1111	authored	commit:9c1c0da026cb
person:automatic1111	authored	commit:9cebe308e9f3
person:automatic1111	authored	commit:9d0ec135968d
person:automatic1111	authored	commit:9d2299ed0bd6
person:automatic1111	authored	commit:9d3dd64fe9e9
person:automatic1111	authored	commit:9d78d317ae49
person:automatic1111	authored	commit:9dd0c4add57b
person:automatic1111	authored	commit:9e1f3feb12a7
person:automatic1111	authored	commit:9e4019c5ffb3
person:automatic1111	authored	commit:9e404c315432
person:automatic1111	authored	commit:9e7de49fc593
person:automatic1111	authored	commit:9f3ba383143e
person:automatic1111	authored	commit:a04c95512148
person:automatic1111	authored	commit:a0af2852b678
person:automatic1111	authored	commit:a0d721e109d7
person:automatic1111	authored	commit:a109c7aeb887
person:automatic1111	authored	commit:a10c8df8761c
person:automatic1111	authored	commit:a183ea4ba773
person:automatic1111	authored	commit:a196319edf55
person:automatic1111	authored	commit:a1d6ada69ac6
person:automatic1111	authored	commit:a2a97e57f069
person:automatic1111	authored	commit:a3e27019e44e
person:automatic1111	authored	commit:a43ce7eabbdd
person:automatic1111	authored	commit:a459075d26ee
person:automatic1111	authored	commit:a551a43164b8
person:automatic1111	authored	commit:a5f61aa8c593
person:automatic1111	authored	commit:a64fbe892888
person:automatic1111	authored	commit:a65dd315adca
person:automatic1111	authored	commit:a6f840b4dc09
person:automatic1111	authored	commit:a70dfb64a86b
person:automatic1111	authored	commit:a8a256f9b5b4
person:automatic1111	authored	commit:a8cbe50c9fa3
person:automatic1111	authored	commit:a8d4213317c6
person:automatic1111	authored	commit:a8fba9af35a0
person:automatic1111	authored	commit:a99d5708e6d6
person:automatic1111	authored	commit:aa10faa591f1
person:automatic1111	authored	commit:aa42c0ff8e51
person:automatic1111	authored	commit:aafbb5b403e5
person:automatic1111	authored	commit:ab63054f95a7
person:automatic1111	authored	commit:abb948dab098
person:automatic1111	authored	commit:abbecb3e7363
person:automatic1111	authored	commit:ac02216e540c
person:automatic1111	authored	commit:ac0ecf3b4b9d
person:automatic1111	authored	commit:ac1abf3de686
person:automatic1111	authored	commit:ac2d47ff4c00
person:automatic1111	authored	commit:ac4ccfa1369e
person:automatic1111	authored	commit:ac8a5d18d3ed
person:automatic1111	authored	commit:ac9aa44cb8f9
person:automatic1111	authored	commit:acb20338b1c7
person:automatic1111	authored	commit:ad3b8a1c41b8
person:automatic1111	authored	commit:ad510b2cd312
person:automatic1111	authored	commit:ae0b2cc19644
person:automatic1111	authored	commit:ae1bde1aa1a9
person:automatic1111	authored	commit:ae36e0899fe9
person:automatic1111	authored	commit:ae7291fb49fc
person:automatic1111	authored	commit:aeb76ef174bc
person:automatic1111	authored	commit:aefe1325df60
person:automatic1111	authored	commit:af081211ee93
person:automatic1111	authored	commit:af528552d600
person:automatic1111	authored	commit:afea99a72b48
person:automatic1111	authored	commit:b010eea520ca
person:automatic1111	authored	commit:b0211ff7f865
person:automatic1111	authored	commit:b13806c15065
person:automatic1111	authored	commit:b2080756fcdc
person:automatic1111	authored	commit:b235022c615a
person:automatic1111	authored	commit:b270ded268c9
person:automatic1111	authored	commit:b293ed30610c
person:automatic1111	authored	commit:b2f9709538ee
person:automatic1111	authored	commit:b372fb6165c2
person:automatic1111	authored	commit:b443fdcf7670
person:automatic1111	authored	commit:b47756385d3f
person:automatic1111	authored	commit:b4d21e711338
person:automatic1111	authored	commit:b531b0bbef78
person:automatic1111	authored	commit:b53989b19548
person:automatic1111	authored	commit:b5481c619583
person:automatic1111	authored	commit:b55f09c4e13c
person:automatic1111	authored	commit:b57a816038cb
person:automatic1111	authored	commit:b58d061e41cb
person:automatic1111	authored	commit:b6c02174050b
person:automatic1111	authored	commit:b717eb7e56a4
person:automatic1111	authored	commit:b75b004fe628
person:automatic1111	authored	commit:b7dbeda0d9e4
person:automatic1111	authored	commit:b7e0d4a7e171
person:automatic1111	authored	commit:b7f0e815624d
person:automatic1111	authored	commit:b7f45e67dcf4
person:automatic1111	authored	commit:b8159d0919dc
person:automatic1111	authored	commit:b88645d9ebdd
person:automatic1111	authored	commit:b8bd8ce4cf68
person:automatic1111	authored	commit:b98fa1c397a6
person:automatic1111	authored	commit:ba92135a2ba9
person:automatic1111	authored	commit:baaf39b6f92f
person:automatic1111	authored	commit:bb07cb6a0df6
person:automatic1111	authored	commit:bb24c13ed791
person:automatic1111	authored	commit:bb7dd7b64668
person:automatic1111	authored	commit:bb90b0ff42ea
person:automatic1111	authored	commit:bd5c16e8da58
person:automatic1111	authored	commit:bd6f07088270
person:automatic1111	authored	commit:bda2ecdbf58f
person:automatic1111	authored	commit:be16d274f85a
person:automatic1111	authored	commit:bf35c661834b
person:automatic1111	authored	commit:bfa20d2758b6
person:automatic1111	authored	commit:bfc5c0810979
person:automatic1111	authored	commit:c0113872c5f8
person:automatic1111	authored	commit:c09bc2c60856
person:automatic1111	authored	commit:c0f9821c35d5
person:automatic1111	authored	commit:c10633f93a64
person:automatic1111	authored	commit:c1a31ec9f75c
person:automatic1111	authored	commit:c1deec64cb89
person:automatic1111	authored	commit:c2297b89d3af
person:automatic1111	authored	commit:c251e8db8d71
person:automatic1111	authored	commit:c3699d4fd185
person:automatic1111	authored	commit:c4664b5a9c2f
person:automatic1111	authored	commit:c4a00affc501
person:automatic1111	authored	commit:c4c8a641115b
person:automatic1111	authored	commit:c5496c76461c
person:automatic1111	authored	commit:c58cf73c806f
person:automatic1111	authored	commit:c5934fb6e300
person:automatic1111	authored	commit:c5a0c59a83c9
person:automatic1111	authored	commit:c6278c15a81b
person:automatic1111	authored	commit:c63d46ceb8dd
person:automatic1111	authored	commit:c6b826d796d1
person:automatic1111	authored	commit:c721884cf5b9
person:automatic1111	authored	commit:c74c708ed8c4
person:automatic1111	authored	commit:c76a30af41e5
person:automatic1111	authored	commit:c7808825b12c
person:automatic1111	authored	commit:c7c16f805c9e
person:automatic1111	authored	commit:c7cd9b441d90
person:automatic1111	authored	commit:c7e810a98566
person:automatic1111	authored	commit:c8c73eae5934
person:automatic1111	authored	commit:c96e4750d895
person:automatic1111	authored	commit:c9c457eda8de
person:automatic1111	authored	commit:cad87bf4e3e0
person:automatic1111	authored	commit:cb52279c3e7c
person:automatic1111	authored	commit:cb5f0823c6f7
person:automatic1111	authored	commit:cb81087b592b
person:automatic1111	authored	commit:cbc38a903b12
person:automatic1111	authored	commit:cc53db6652b1
person:automatic1111	authored	commit:ccb92339348f
person:automatic1111	authored	commit:ccd97886da1f
person:automatic1111	authored	commit:cd48308a2a37
person:automatic1111	authored	commit:cd9ce2e31c4a
person:automatic1111	authored	commit:cd9e9e404955
person:automatic1111	authored	commit:cda2f0a1620c
person:automatic1111	authored	commit:ce0aab36432c
person:automatic1111	authored	commit:d0026da4833c
person:automatic1111	authored	commit:d02c4da483a6
person:automatic1111	authored	commit:d0bf509fa14b
person:automatic1111	authored	commit:d0d5075914ef
person:automatic1111	authored	commit:d1750e5eca6f
person:automatic1111	authored	commit:d2097dbdd99a
person:automatic1111	authored	commit:d282d248000a
person:automatic1111	authored	commit:d2b842ce0799
person:automatic1111	authored	commit:d2e0c1ca132f
person:automatic1111	authored	commit:d43333ff7193
person:automatic1111	authored	commit:d4b814aed609
person:automatic1111	authored	commit:d558cb69b029
person:automatic1111	authored	commit:d613cd17c72c
person:automatic1111	authored	commit:d63117ace543
person:automatic1111	authored	commit:d67348a0a54a
person:automatic1111	authored	commit:d686e73daa6c
person:automatic1111	authored	commit:d7c9c6142071
person:automatic1111	authored	commit:d7d6e8cfc8b8
person:automatic1111	authored	commit:d8126be578c7
person:automatic1111	authored	commit:d81d3fa8cde8
person:automatic1111	authored	commit:d8419762c145
person:automatic1111	authored	commit:d859cec696a9
person:automatic1111	authored	commit:d86d12e91177
person:automatic1111	authored	commit:d9499f430101
person:automatic1111	authored	commit:d9708c92b444
person:automatic1111	authored	commit:da0712ee7d6e
person:automatic1111	authored	commit:da464a3fb39e
person:automatic1111	authored	commit:da67afe5f684
person:automatic1111	authored	commit:da8916f92649
person:automatic1111	authored	commit:daa1b33247e5
person:automatic1111	authored	commit:db19c46d6de3
person:automatic1111	authored	commit:db40d26d086b
person:automatic1111	authored	commit:db5c304e2968
person:automatic1111	authored	commit:dc3906185656
person:automatic1111	authored	commit:dca121e9035b
person:automatic1111	authored	commit:dcd4f880a86e
person:automatic1111	authored	commit:dd1641ecc4bb
person:automatic1111	authored	commit:de03882d6ca5
person:automatic1111	authored	commit:de5a8c5cb400
person:automatic1111	authored	commit:df595ae3135e
person:automatic1111	authored	commit:dfab42c94942
person:automatic1111	authored	commit:dfbdb5a135b2
person:automatic1111	authored	commit:dfd6ea3fcaf2
person:automatic1111	authored	commit:e053e21af656
person:automatic1111	authored	commit:e0906096c57c
person:automatic1111	authored	commit:e0c9361b7dd6
person:automatic1111	authored	commit:e1323fc1b704
person:automatic1111	authored	commit:e161b5a0259c
person:automatic1111	authored	commit:e1640314df34
person:automatic1111	authored	commit:e16eb3d0cb5a
person:automatic1111	authored	commit:e16ebc917dfc
person:automatic1111	authored	commit:e18fc29bbfed
person:automatic1111	authored	commit:e294e46d46a8
person:automatic1111	authored	commit:e2b19900ec37
person:automatic1111	authored	commit:e3507a1be482
person:automatic1111	authored	commit:e368cd2810af
person:automatic1111	authored	commit:e5d3ae2bf4e9
person:automatic1111	authored	commit:e651ca8adb00
person:automatic1111	authored	commit:e7140a36c07c
person:automatic1111	authored	commit:e7965a5eb804
person:automatic1111	authored	commit:e837124f4b1b
person:automatic1111	authored	commit:e84703b2539c
person:automatic1111	authored	commit:e8a9d213e451
person:automatic1111	authored	commit:eaba3d7349c6
person:automatic1111	authored	commit:eabecc21ecd2
person:automatic1111	authored	commit:eaf5e0289a2e
person:automatic1111	authored	commit:eb52c803b849
person:automatic1111	authored	commit:eb6d330bb74d
person:automatic1111	authored	commit:ebe8be9028b1
person:automatic1111	authored	commit:ec194b637476
person:automatic1111	authored	commit:ec83db897887
person:automatic1111	authored	commit:ed82f1c5f167
person:automatic1111	authored	commit:edf3ad5aed94
person:automatic1111	authored	commit:edfae9e78af2
person:automatic1111	authored	commit:ee470cc6a32a
person:automatic1111	authored	commit:ee96a6a58852
person:automatic1111	authored	commit:eec540b22798
person:automatic1111	authored	commit:eed963e97261
person:automatic1111	authored	commit:ef5dac778691
person:automatic1111	authored	commit:ef6b8123dc57
person:automatic1111	authored	commit:efceed8c7f99
person:automatic1111	authored	commit:f01682ee01e8
person:automatic1111	authored	commit:f084e6bbd083
person:automatic1111	authored	commit:f093c9d39d0f
person:automatic1111	authored	commit:f0b72b812118
person:automatic1111	authored	commit:f0c1063a707a
person:automatic1111	authored	commit:f0e2e8b93011
person:automatic1111	authored	commit:f0f100e67b78
person:automatic1111	authored	commit:f1975b0213f5
person:automatic1111	authored	commit:f1a6c5fe17ce
person:automatic1111	authored	commit:f23e5ce2daad
person:automatic1111	authored	commit:f2c55523c0cd
person:automatic1111	authored	commit:f331821b2711
person:automatic1111	authored	commit:f3b96d4998d8
person:automatic1111	authored	commit:f4979422dd93
person:automatic1111	authored	commit:f4e931f18fa4
person:automatic1111	authored	commit:f6c52f4f41f4
person:automatic1111	authored	commit:f6e476d7a88b
person:automatic1111	authored	commit:f739e3e05d52
person:automatic1111	authored	commit:f82e08cf45e9
person:automatic1111	authored	commit:f865d3e11647
person:automatic1111	authored	commit:f874b1bcad05
person:automatic1111	authored	commit:f8871dedcfe3
person:automatic1111	authored	commit:f8ff8c063899
person:automatic1111	authored	commit:f97e3548e54c
person:automatic1111	authored	commit:f9950da3e30e
person:automatic1111	authored	commit:fa9370b74111
person:automatic1111	authored	commit:faca86620d53
person:automatic1111	authored	commit:fadbab378183
person:automatic1111	authored	commit:fae8bdfa48c2
person:automatic1111	authored	commit:fc8b126673bd
person:automatic1111	authored	commit:fca42949a359
person:automatic1111	authored	commit:fd4ac5187a1a
person:automatic1111	authored	commit:ff73841c608f
person:automatic1111	authored	commit:ffead92d4e36
person:avantcontra	authored	commit:236dd55dbe89
person:avantcontra	authored	commit:443ca983ade3
person:bannsec	authored	commit:b315c207564a
person:baptiste_rajaut	authored	commit:484948f5c0b7
person:baptiste_rajaut	authored	commit:b3397c2492db
person:bbonvi	authored	commit:8ae8aeca75de
person:bbonvi	authored	commit:c938b172a494
person:beinsezii	authored	commit:1d7c51fb9f75
person:beinsezii	authored	commit:737a013377dd
person:bluelovers	authored	commit:04924241218b
person:bluelovers	authored	commit:1631e96a98e5
person:bluelovers	authored	commit:1bb21f351023
person:bluelovers	authored	commit:6447ff49d335
person:bluelovers	authored	commit:739686b1c521
person:bluelovers	authored	commit:c84118d70d7c
person:bluelovers	authored	commit:cb2a4f24247c
person:bluelovers	authored	commit:d64ff4248bab
person:bluelovers	authored	commit:d83a1ba65be1
person:bluelovers	authored	commit:db85421da18c
person:bluelovers	authored	commit:dd93c47abfd9
person:bluelovers	authored	commit:f564d8ed2c5c
person:bluelovers	authored	commit:fd672a79afc9
person:bobzilladev	authored	commit:0d31f20cbd55
person:boning	authored	commit:f62217b65d93
person:brad_smith	authored	commit:27b9ec60e4ed
person:brad_smith	authored	commit:b15bc73c99e6
person:brad_smith	authored	commit:d118cb6ea3f1
person:brad_smith	authored	commit:dab5002c59ce
person:brendan_hoar	authored	commit:3902aa222b00
person:brendan_hoar	authored	commit:44afb48447c2
person:brendan_hoar	authored	commit:60c079995824
person:brendan_hoar	authored	commit:8dc920228e7c
person:brendan_hoar	authored	commit:c5ae2254182b
person:brendan_hoar	authored	commit:c5b7559856c5
person:brkirch	authored	commit:02b8b957d763
person:brkirch	authored	commit:0cab07b2f107
person:brkirch	authored	commit:10421f93c3f7
person:brkirch	authored	commit:1b8af15f13cb
person:brkirch	authored	commit:201673381443
person:brkirch	authored	commit:2035cbbd5d6e
person:brkirch	authored	commit:2217331cd124
person:brkirch	authored	commit:232c931f4082
person:brkirch	authored	commit:2489252099c2
person:brkirch	authored	commit:27fe3eb6a9d8
person:brkirch	authored	commit:299b8096bc19
person:brkirch	authored	commit:4306659c4dab
person:brkirch	authored	commit:4738486d8f52
person:brkirch	authored	commit:54209c1639d0
person:brkirch	authored	commit:5df535b7c237
person:brkirch	authored	commit:7738c057ce93
person:brkirch	authored	commit:7aab389d6fc8
person:brkirch	authored	commit:84d9ce30cb42
person:brkirch	authored	commit:87dd685224b5
person:brkirch	authored	commit:9058620cec27
person:brkirch	authored	commit:9efb809f7c2f
person:brkirch	authored	commit:a4cb96d4ae82
person:brkirch	authored	commit:abfa4ad8bc99
person:brkirch	authored	commit:ada17dbd7c4c
person:brkirch	authored	commit:bc63339df3d4
person:brkirch	authored	commit:c4b9b07db627
person:brkirch	authored	commit:c5142e2fbecb
person:brkirch	authored	commit:de401d8ffb46
person:brkirch	authored	commit:e0df864b8c1f
person:brkirch	authored	commit:e3b53fd295ac
person:brkirch	authored	commit:f0e2098f1a53
person:brkirch	authored	commit:f4dbb0c82034
person:brkirch	authored	commit:f64af77adcd2
person:brkirch	authored	commit:f9edd578e9e2
person:butaixianran	authored	commit:803d44c4740f
person:butaixianran	authored	commit:946797b01de3
person:cade_schlaefli	authored	commit:959f8b32d599
person:cade_schlaefli	authored	commit:f9c2216ffaa7
person:camenduru	authored	commit:6a147db1287f
person:camenduru	authored	commit:9d7390d2d19a
person:caoxipeng	authored	commit:6cc5a886ae9f
person:carat-johyun	authored	commit:92e173d414e5
person:catalpaaa	authored	commit:24d4475bdb62
person:catalpaaa	authored	commit:b2f6e0704e17
person:catalpaaa	authored	commit:ecdc6471e7d6
person:catboxanon	authored	commit:06ab10a1be81
person:catboxanon	authored	commit:0f77139253f5
person:catboxanon	authored	commit:13f1357b7f1e
person:catboxanon	authored	commit:1ae9dacb4b03
person:catboxanon	authored	commit:20df81b0cc14
person:catboxanon	authored	commit:215466282635
person:catboxanon	authored	commit:234fa9a57da0
person:catboxanon	authored	commit:25189b29afb0
person:catboxanon	authored	commit:254be4eeb259
person:catboxanon	authored	commit:259805947e4e
person:catboxanon	authored	commit:2b8484a29d7d
person:catboxanon	authored	commit:2ceb4f81e2f2
person:catboxanon	authored	commit:2dc2bc4ab538
person:catboxanon	authored	commit:3003b10e0ab8
person:catboxanon	authored	commit:3078001439d2
person:catboxanon	authored	commit:31506f077188
person:catboxanon	authored	commit:36791cb6af16
person:catboxanon	authored	commit:371b24b17c1c
person:catboxanon	authored	commit:373903d8518c
person:catboxanon	authored	commit:386202895f87
person:catboxanon	authored	commit:3a618e3d2439
person:catboxanon	authored	commit:3af152d488db
person:catboxanon	authored	commit:3bd2c68eb4df
person:catboxanon	authored	commit:3c47b050367e
person:catboxanon	authored	commit:3ca3c7f1c62f
person:catboxanon	authored	commit:3ce5fb8e5c3a
person:catboxanon	authored	commit:446cd5a58b22
person:catboxanon	authored	commit:44d4e7c500a9
person:catboxanon	authored	commit:46988af63696
person:catboxanon	authored	commit:46e8898f654f
person:catboxanon	authored	commit:496cef956b33
person:catboxanon	authored	commit:4cc0cede6d4c
person:catboxanon	authored	commit:4d0c8163036b
person:catboxanon	authored	commit:4fafc34e4981
person:catboxanon	authored	commit:51d672890d16
person:catboxanon	authored	commit:525b55b1e9dc
person:catboxanon	authored	commit:549b475be9b5
person:catboxanon	authored	commit:5681bf801664
person:catboxanon	authored	commit:56f8a6b081e3
person:catboxanon	authored	commit:57275da90379
person:catboxanon	authored	commit:592b0dcfa705
person:catboxanon	authored	commit:5ab5405b6f50
person:catboxanon	authored	commit:5afc44aab148
person:catboxanon	authored	commit:5b28b7dbc7a3
person:catboxanon	authored	commit:60062b51d821
person:catboxanon	authored	commit:60a74051656e
person:catboxanon	authored	commit:63c02314ccad
person:catboxanon	authored	commit:67312653d766
person:catboxanon	authored	commit:69f49c8d3942
person:catboxanon	authored	commit:6ee4012c0a4d
person:catboxanon	authored	commit:70833919314b
person:catboxanon	authored	commit:73f69a74534b
person:catboxanon	authored	commit:766f6e3eca38
person:catboxanon	authored	commit:76fd487818b1
person:catboxanon	authored	commit:7785d484ae8a
person:catboxanon	authored	commit:7a1bbf99da7c
person:catboxanon	authored	commit:7ab16e99eedf
person:catboxanon	authored	commit:7bcfb4654f67
person:catboxanon	authored	commit:7c5480eb969a
person:catboxanon	authored	commit:7c9c19b2a23d
person:catboxanon	authored	commit:7d8f55ec7c2d
person:catboxanon	authored	commit:7dca8e769810
person:catboxanon	authored	commit:7fa5ee54b159
person:catboxanon	authored	commit:801461eea209
person:catboxanon	authored	commit:81b276a1ea94
person:catboxanon	authored	commit:822597db4921
person:catboxanon	authored	commit:83e8c322762c
person:catboxanon	authored	commit:85c2c138d2f5
person:catboxanon	authored	commit:867be74244dc
person:catboxanon	authored	commit:867c8a1083e8
person:catboxanon	authored	commit:8b3773424408
person:catboxanon	authored	commit:8b7b99f8d582
person:catboxanon	authored	commit:8eaa7e9f0446
person:catboxanon	authored	commit:8f31b139b889
person:catboxanon	authored	commit:9009e25cb1a7
person:catboxanon	authored	commit:9213d5cb3b56
person:catboxanon	authored	commit:9528d66c9479
person:catboxanon	authored	commit:976963ab6dc4
person:catboxanon	authored	commit:99acbd5ebe3e
person:catboxanon	authored	commit:99f5f8e76b31
person:catboxanon	authored	commit:9a442702d10a
person:catboxanon	authored	commit:9d1d63afcaff
person:catboxanon	authored	commit:9d8d279d0d4d
person:catboxanon	authored	commit:9de729889895
person:catboxanon	authored	commit:a3c8510c053b
person:catboxanon	authored	commit:a68f4690307b
person:catboxanon	authored	commit:ac790fc49b31
person:catboxanon	authored	commit:ac8dfd938678
person:catboxanon	authored	commit:aed52d163245
person:catboxanon	authored	commit:af27b716e536
person:catboxanon	authored	commit:b14e23529f52
person:catboxanon	authored	commit:b2b06eee02a6
person:catboxanon	authored	commit:b6596cdb1941
person:catboxanon	authored	commit:bcff763b6e71
person:catboxanon	authored	commit:bd4b4292ef6c
person:catboxanon	authored	commit:c11104fed5ff
person:catboxanon	authored	commit:c4402500c76e
person:catboxanon	authored	commit:caf84e823323
person:catboxanon	authored	commit:cb3f8ff59fe8
person:catboxanon	authored	commit:cb5f61281a95
person:catboxanon	authored	commit:cd4e053e5e73
person:catboxanon	authored	commit:ce4be668fe1d
person:catboxanon	authored	commit:d1a70c3f0534
person:catboxanon	authored	commit:d456fb797ad9
person:catboxanon	authored	commit:d89a915b74cd
person:catboxanon	authored	commit:daee41e0d64e
person:catboxanon	authored	commit:db56bdce3326
person:catboxanon	authored	commit:de79597ab989
person:catboxanon	authored	commit:df9fd1d3ae5e
person:catboxanon	authored	commit:dfc01c68cd20
person:catboxanon	authored	commit:e219211ff6ff
person:catboxanon	authored	commit:e3939f33394d
person:catboxanon	authored	commit:ec54257cb21b
person:catboxanon	authored	commit:ec6ee5c13bf3
person:catboxanon	authored	commit:ecffe8513e8f
person:catboxanon	authored	commit:ed386c84b63b
person:catboxanon	authored	commit:f18a03219039
person:catboxanon	authored	commit:f4757032e7a0
person:catboxanon	authored	commit:f5994e84a213
person:catboxanon	authored	commit:f7813fad1cf6
person:catboxanon	authored	commit:f89f01f9d854
person:catboxanon	authored	commit:f99352582084
person:catboxanon	authored	commit:fbab3fc6d122
person:catboxanon	authored	commit:ff1bfd01ba33
person:catboxanon	authored	commit:ffa7f8201d84
person:chanchana_sornsoontorn	authored	commit:68d842328858
person:charlie_joynt	authored	commit:26a0c29587da
person:charlie_joynt	authored	commit:9621ca4d64bb
person:chengsong_zhang	authored	commit:37906e429ae5
person:chi2nagisa	authored	commit:e280eb40556d
person:christopher_layne	authored	commit:3c0177a24b49
person:codehatchling	authored	commit:0ef4a4cb2365
person:codehatchling	authored	commit:1455159cf44c
person:codehatchling	authored	commit:259d33c3c8e2
person:codehatchling	authored	commit:284fd8f415ec
person:codehatchling	authored	commit:28a2b5b4aab4
person:codehatchling	authored	commit:2abc417834d7
person:codehatchling	authored	commit:4608f6236fc2
person:codehatchling	authored	commit:49bbf1140731
person:codehatchling	authored	commit:552f8bc832cd
person:codehatchling	authored	commit:56604f08a185
person:codehatchling	authored	commit:57f29bd61dc3
person:codehatchling	authored	commit:609dea36ea91
person:codehatchling	authored	commit:60c602232fd7
person:codehatchling	authored	commit:659f62e120b2
person:codehatchling	authored	commit:6fc12428e3c5
person:codehatchling	authored	commit:73ab982d1b73
person:codehatchling	authored	commit:8dbacc7d0187
person:codehatchling	authored	commit:976c1053efeb
person:codehatchling	authored	commit:a6e584645305
person:codehatchling	authored	commit:aaacf4823241
person:codehatchling	authored	commit:ac4578912395
person:codehatchling	authored	commit:b2414476ef16
person:codehatchling	authored	commit:b32a334e3da7
person:codehatchling	authored	commit:bb04d400c95d
person:codehatchling	authored	commit:bbba133f0547
person:codehatchling	authored	commit:c5c7fa06aae1
person:codehatchling	authored	commit:c7a1ff872075
person:codehatchling	authored	commit:debf836fcc8d
person:codehatchling	authored	commit:dec791d35ddc
person:codehatchling	authored	commit:e715e46b6aa7
person:codehatchling	authored	commit:e90d4334ad37
person:codehatchling	authored	commit:f1ff932cafa2
person:codehatchling	authored	commit:f284ae23bcdf
person:codehatchling	authored	commit:fc3e246c0f4f
person:cody_brownstein	authored	commit:fb97acef63ef
person:continue-revolution	authored	commit:425507bd10c5
person:continue-revolution	authored	commit:73e635ce6e03
person:continue-revolution	authored	commit:7d59b3b5643c
person:continue-revolution	authored	commit:8e292373ec5c
person:continue-revolution	authored	commit:f56cebf5ba24
person:ctwrs	authored	commit:92bae77b88fd
person:cuba3	authored	commit:9e60cdbc3f39
person:curtisds	authored	commit:584f782391b4
person:cyberbeing	authored	commit:74b214a92a29
person:dalton	authored	commit:2a6054f83657
person:dalton	authored	commit:32ba7575010a
person:dalton	authored	commit:41907b25f0ba
person:dalton	authored	commit:49779413aafe
person:dalton	authored	commit:4bc296332021
person:dalton	authored	commit:4e6e2574aba1
person:dalton	authored	commit:4eb5e0987372
person:dalton	authored	commit:51cb20ec39e1
person:dalton	authored	commit:5fd9a40b92c5
person:dalton	authored	commit:61f321756fd3
person:dalton	authored	commit:86276832e020
person:dalton	authored	commit:8f450321fef8
person:dalton	authored	commit:b5b04912b523
person:dalton	authored	commit:bce09eb9871e
person:dalton	authored	commit:f010dfffb9b6
person:dan	authored	commit:453a5ac1d0ad
person:daniel_dengler	authored	commit:168eac319d0f
person:danil_boldyrev	authored	commit:0432e37843cd
person:danil_boldyrev	authored	commit:045f7408926a
person:danil_boldyrev	authored	commit:1a4917833092
person:danil_boldyrev	authored	commit:1e0ab4015dbd
person:danil_boldyrev	authored	commit:32e790a47e13
person:danil_boldyrev	authored	commit:38aca6f605d2
person:danil_boldyrev	authored	commit:3a41d7c551b8
person:danil_boldyrev	authored	commit:3e3635b114bf
person:danil_boldyrev	authored	commit:433c70b403e8
person:danil_boldyrev	authored	commit:4a64d340010a
person:danil_boldyrev	authored	commit:4d7b63f489c9
person:danil_boldyrev	authored	commit:54fbdcf46725
person:danil_boldyrev	authored	commit:5b682be59a64
person:danil_boldyrev	authored	commit:662af7597398
person:danil_boldyrev	authored	commit:68c4beab4669
person:danil_boldyrev	authored	commit:6a87e35bef2b
person:danil_boldyrev	authored	commit:8519d52ef505
person:danil_boldyrev	authored	commit:8ab4e55fe3a7
person:danil_boldyrev	authored	commit:8fd155817991
person:danil_boldyrev	authored	commit:9a2da597c5e3
person:danil_boldyrev	authored	commit:9b687f013d95
person:danil_boldyrev	authored	commit:9e69009d1b35
person:danil_boldyrev	authored	commit:a74c014425d4
person:danil_boldyrev	authored	commit:ad3d6d9a22ee
person:danil_boldyrev	authored	commit:bc7906e6d62b
person:danil_boldyrev	authored	commit:c39efa6ba643
person:danil_boldyrev	authored	commit:c5d70fe1d368
person:danil_boldyrev	authored	commit:c928c228af42
person:danil_boldyrev	authored	commit:d306d25e5652
person:danil_boldyrev	authored	commit:dc273f747314
person:danil_boldyrev	authored	commit:e12a1be1ca23
person:danil_boldyrev	authored	commit:ed01d2ee3b22
person:danil_boldyrev	authored	commit:ee029a8cad76
person:danil_boldyrev	authored	commit:f325783abd82
person:danil_boldyrev	authored	commit:f48bce5f688f
person:danil_boldyrev	authored	commit:fa68d66c9824
person:darnell8	authored	commit:bb426de1cd13
person:david_benson	authored	commit:88b2ef3b04c3
person:david_benson	authored	commit:dfc4c27b2402
person:david_chuang	authored	commit:3fc8aeb48d10
person:daxijiu	authored	commit:82b415c9c141
person:db_eriospermum	authored	commit:ed594d7ba69c
person:deciare	authored	commit:d40e44ade479
person:dejitarujin	authored	commit:2ba880704b97
person:dejitarujin	authored	commit:2d9635cce5d8
person:dejitarujin	authored	commit:c8b52c797556
person:dejitarujin	authored	commit:eb29ff211af8
person:dejitarujin	authored	commit:fe7d7dfd5ae9
person:dennissheng	authored	commit:54f657ffbc3c
person:dennissheng	authored	commit:bbc7a778d8a2
person:der_chien	authored	commit:0ad38a9b87b7
person:devdn	authored	commit:42082e8a3239
person:devdn	authored	commit:44e8e9c36807
person:devdn	authored	commit:bc90592031d2
person:dgdev91	authored	commit:2788ce8c7bd7
person:dgdev91	authored	commit:2efc7c1b0535
person:dgdev91	authored	commit:3a5b47e26e8c
person:dgdev91	authored	commit:62860c221ef9
person:dgdev91	authored	commit:74e2e5279c6a
person:dgdev91	authored	commit:8262cd71c49e
person:dgdev91	authored	commit:864676880104
person:dgdev91	authored	commit:8d98532b6531
person:dgdev91	authored	commit:95d4d650d4f4
person:dgdev91	authored	commit:9edd4b6e516e
person:dgdev91	authored	commit:9fbfb8ad3244
person:dgdev91	authored	commit:e0d923bdf849
person:dhwz	authored	commit:1f7fc4d7a350
person:dhwz	authored	commit:2a72d76d6f3d
person:dhwz	authored	commit:41363e0d27bb
person:dhwz	authored	commit:5070ab80042e
person:dhwz	authored	commit:7e5fcdaf6943
person:dhwz	authored	commit:8ece321df34a
person:diabolicdiabetic	authored	commit:9cbf3461f7ec
person:diego_casorran	authored	commit:aea0fa9fd52d
person:diego_casorran	authored	commit:e866c354626e
person:dongwenpu	authored	commit:7d4d871d4679
person:drbiggusdickus	authored	commit:ea83180761d4
person:drhead	authored	commit:01491d303ce2
person:drhead	authored	commit:029adbe5318b
person:drhead	authored	commit:09d2e5881120
person:drhead	authored	commit:25eeeaa65f81
person:drhead	authored	commit:309a606c2fa6
person:drhead	authored	commit:33cbbf9f8b46
person:drhead	authored	commit:39a6d5655f6c
person:drhead	authored	commit:3a215deff23d
person:drhead	authored	commit:4a43334376d9
person:drhead	authored	commit:4dae91a1fe96
person:drhead	authored	commit:5381405eaa1e
person:drhead	authored	commit:53d67088ee0f
person:drhead	authored	commit:588a52891dca
person:drhead	authored	commit:648f6a8e0cdf
person:drhead	authored	commit:668ae34e21df
person:drhead	authored	commit:6d0a8dcd892f
person:drhead	authored	commit:6e9b69a33853
person:drhead	authored	commit:78acdcf677a9
person:drhead	authored	commit:8016d78a4b9c
person:drhead	authored	commit:81c4ddf6ebeb
person:drhead	authored	commit:83182d2799f1
person:drhead	authored	commit:83266205d0b5
person:drhead	authored	commit:94f23d00a76e
person:drhead	authored	commit:9c1ece89784e
person:drhead	authored	commit:a1aa0af8a45f
person:drhead	authored	commit:b25c126ccdbc
person:drhead	authored	commit:bf348032bc07
person:drhead	authored	commit:cc9ca67664ef
person:drhead	authored	commit:d52a1e1a22f1
person:drhead	authored	commit:dc1adeecdd02
person:drhead	authored	commit:e2cd92ea2308
person:drhead	authored	commit:f4869f8de3ed
person:drhead	authored	commit:feeb6802aa71
person:dtlnor	authored	commit:f537e5a519d0
person:eatmoreapple	authored	commit:10f8d0f84216
person:elf-mouse	authored	commit:ef7713fbb29f
person:ellangok	authored	commit:0ca1a64cfccb
person:ellangok	authored	commit:32d389ef0f7c
person:ellangok	authored	commit:38335e1b8fe3
person:ellangok	authored	commit:48f4abd2e61e
person:ellangok	authored	commit:4d634dc592ff
person:ellangok	authored	commit:591b68e56c53
person:ellangok	authored	commit:659d602dce42
person:ellangok	authored	commit:8a3f85c4cc19
person:ellangok	authored	commit:920fe8057cb3
person:ellangok	authored	commit:9a22c63f47e8
person:ellangok	authored	commit:9fc354e13034
person:ellangok	authored	commit:a6a5bfb15531
person:ellangok	authored	commit:bab972ff8ab6
person:ellangok	authored	commit:ca2b8faa8307
person:ellangok	authored	commit:d30ac02f28bf
person:ellangok	authored	commit:e46bfa5a9e9b
person:ellangok	authored	commit:e57b5f7c5560
person:ellangok	authored	commit:e7ac09b25a88
person:ellangok	authored	commit:ec8774729e17
person:ellangok	authored	commit:fb58fa62400b
person:emily_zeng	authored	commit:3a4a6c43a4ca
person:emily_zeng	authored	commit:759515316e8e
person:emily_zeng	authored	commit:9aa4d098f076
person:emily_zeng	authored	commit:a625a7bb817c
person:emily_zeng	authored	commit:ff2952f10551
person:ezt19	authored	commit:fdecf813b63d
person:ferdinand_weynschenk	authored	commit:7ad48120d45e
person:ferdinand_weynschenk	authored	commit:928bd42da466
person:ferdinand_weynschenk	authored	commit:c4c63dd5e476
person:file_xor	authored	commit:596556162efd
person:file_xor	authored	commit:acbec2255499
person:fkunn1326@users.noreply.github.com	authored	commit:b90cad7f3136
person:fluttyproger	authored	commit:f71e919ecb00
person:fnspd	authored	commit:254d9946439b
person:fnspd	authored	commit:280ed8f00fde
person:fnspd	authored	commit:2f0181405f25
person:fnspd	authored	commit:91cfa9718cea
person:fnspd	authored	commit:a9eab236d7e8
person:fnspd	authored	commit:beb7dda5d6d5
person:fnspd	authored	commit:c84c9df73799
person:for_sure	authored	commit:b3593d0997bf
person:forsurefr	authored	commit:63a6f9b4d98a
person:francesco_manzali	authored	commit:17b24e45e883
person:francesco_manzali	authored	commit:5afd9e82c382
person:frank_tao	authored	commit:e33e2c51753b
person:fraz0815	authored	commit:db6c7ff08429
person:ftps	authored	commit:147d2922ff57
person:ftps	authored	commit:4845db4e324d
person:ftps	authored	commit:6f5a5ad2057a
person:ftps	authored	commit:79ed567b12c7
person:fuchen.ljl	authored	commit:4d56383025f2
person:fuchen.ljl	authored	commit:6d77a6e1c6b2
person:fuchen.ljl	authored	commit:98fc525a2c3e
person:fumitaka.yano	authored	commit:1db7d212836e
person:garrett_sutula	authored	commit:43186ad08407
person:garrett_sutula	authored	commit:aac478cb9d39
person:garrett_sutula	authored	commit:d1e62b296146
person:garrett_sutula	authored	commit:ed46abea3569
person:garrett_sutula	authored	commit:fa74daacbd98
person:gayshub	authored	commit:1242ba08e19f
person:gayshub	authored	commit:6d7e57ba6a4d
person:gayshub	authored	commit:d859de37d9ec
person:gayshub	authored	commit:da45e73b4ffd
person:gazzoo-byte	authored	commit:eafaf14167cf
person:george_gu	authored	commit:d2ccdcdc97f8
person:georglegato	authored	commit:d9fdb5214922
person:gerryde	authored	commit:9ba991cad8a1
person:gerschel	authored	commit:374fe636b801
person:gerschel	authored	commit:5d483bf307c7
person:gibiee	authored	commit:2b06cefe6668
person:gitama2023	authored	commit:f4391796416a
person:gk	authored	commit:8af4b3bbe46d
person:gk	authored	commit:d609f6030ec4
person:gleb_alekseev	authored	commit:44d14bc32e4a
person:glop102	authored	commit:09a142a05a6d
person:gmasil	authored	commit:f7215906af57
person:grimatoma	authored	commit:a4d5fdd3c245
person:gshawn3	authored	commit:8a07c59baa67
person:guillermo_moreno	authored	commit:66eef11ce7f3
person:guillermo_moreno	authored	commit:985c0b8e9abd
person:guillermo_moreno	authored	commit:dbcb6fac77f6
person:guillermo_moreno	authored	commit:f80ff3c1e444
person:hako-mikan	authored	commit:6b3f7039b6b7
person:hako-mikan	authored	commit:6b9795849d49
person:hako-mikan	authored	commit:b0ec69b36083
person:hako-mikan	authored	commit:c3c88ca8b46a
person:hao-wu	authored	commit:daf41a273485
person:haoming	authored	commit:4e17fc36d87a
person:haoming	authored	commit:d18eb10ecdbf
person:haoming	authored	commit:f5866199c478
person:haoming	authored	commit:fd71b761ff6b
person:hidenorly	authored	commit:39eae9f009c8
person:hidenorly	authored	commit:58c19545c83f
person:hidenorly	authored	commit:81c00728b8ec
person:hidenorly	authored	commit:a0096c58977c
person:high_byte	authored	commit:4d26c7da57a6
person:high_byte	authored	commit:5ed5e95fb8a0
person:high_byte	authored	commit:79d261b7d47e
person:hina	authored	commit:bda86f0fd965
person:hitomi	authored	commit:2ba42bfbd268
person:hitomi	authored	commit:539a69860baf
person:hsieh_tsungyu	authored	commit:9d5dc582be54
person:huchenlei	authored	commit:022d835565f2
person:huchenlei	authored	commit:0e9852936547
person:huchenlei	authored	commit:0f82948e4f46
person:huchenlei	authored	commit:17e846150c49
person:huchenlei	authored	commit:2a8a60c2c504
person:huchenlei	authored	commit:373ff5a217ec
person:huchenlei	authored	commit:3d3fc81f4858
person:huchenlei	authored	commit:3e20b36e8f1b
person:huchenlei	authored	commit:47f1d42a7e77
person:huchenlei	authored	commit:51b13a8c5485
person:huchenlei	authored	commit:58eec83a546b
person:huchenlei	authored	commit:6a48476502d6
person:huchenlei	authored	commit:8c11b126e5bd
person:huchenlei	authored	commit:9eb2f786316c
person:huchenlei	authored	commit:a95326bec434
person:huchenlei	authored	commit:b2ae4490b9c2
person:huchenlei	authored	commit:b57a70f37322
person:huchenlei	authored	commit:c3ef381cd8c8
person:huchenlei	authored	commit:d875cda56517
person:huchenlei	authored	commit:dca9007ac7a9
person:huchenlei	authored	commit:f89b5dbbd282
person:hunshcn	authored	commit:0bc0e652a3d8
person:ibrainventures	authored	commit:02e7824e6a9c
person:ibrainventures	authored	commit:ba7d0d225a97
person:ibrainventures	authored	commit:f11eec81e31b
person:iheuzio	authored	commit:f5092164e8e4
person:ikko_eltociear_ashimine	authored	commit:09ff5b5416e9
person:ikko_eltociear_ashimine	authored	commit:16522cb0e345
person:ikko_eltociear_ashimine	authored	commit:afaf120bc267
person:illtellyoulater	authored	commit:639ccf254bd4
person:ilya_khadykin	authored	commit:c19618f37059
person:invincibledude	authored	commit:1fa777c1d775
person:invincibledude	authored	commit:2aaee73633ef
person:invincibledude	authored	commit:3bc8ee998db5
person:invincibledude	authored	commit:425eab34641e
person:invincibledude	authored	commit:51f81efb0287
person:invincibledude	authored	commit:6127d2ff1bc5
person:invincibledude	authored	commit:7f62300f7d49
person:invincibledude	authored	commit:9beeef6267ec
person:invincibledude	authored	commit:a5c2b5ed8991
person:invincibledude	authored	commit:b9fdb9f701e5
person:invincibledude	authored	commit:bbb1e35ea29f
person:invincibledude	authored	commit:c3bd113a0b96
person:invincibledude	authored	commit:c92ec3a9255a
person:invincibledude	authored	commit:d261bec1ec5a
person:invincibledude	authored	commit:f6e273784046
person:invincibledude	authored	commit:fccc39834a61
person:itsolegdm	authored	commit:1e22f48f4dbe
person:itsolegdm	authored	commit:29d2d6a094a1
person:itsolegdm	authored	commit:a43fafb481fe
person:itsolegdm	authored	commit:f4eeff659e18
person:i̇brahim_süren	authored	commit:3971c015624c
person:jabasukuriputo_wang	authored	commit:118529a6dc94
person:jabasukuriputo_wang	authored	commit:16eddc622e6d
person:jabasukuriputo_wang	authored	commit:1f6844eb7e3a
person:jabasukuriputo_wang	authored	commit:2a7e34fe79c8
person:jabasukuriputo_wang	authored	commit:2d9d53be21d3
person:jabasukuriputo_wang	authored	commit:2f1d5b6b04fd
person:jabasukuriputo_wang	authored	commit:33694baea1a8
person:jabasukuriputo_wang	authored	commit:3c26734d6035
person:jabasukuriputo_wang	authored	commit:5a705c246880
person:jabasukuriputo_wang	authored	commit:5cedc8f9b2b5
person:jabasukuriputo_wang	authored	commit:7afe7375e104
person:jabasukuriputo_wang	authored	commit:86b99b1e98fc
person:jabasukuriputo_wang	authored	commit:895456c4a2e8
person:jabasukuriputo_wang	authored	commit:8b036d8a8253
person:jabasukuriputo_wang	authored	commit:955542a6540e
person:jabasukuriputo_wang	authored	commit:b2f0040da7df
person:jabasukuriputo_wang	authored	commit:c46525b70b54
person:jabasukuriputo_wang	authored	commit:d5a5f2f29fc1
person:james	authored	commit:42e020c1c1c3
person:james_railton	authored	commit:33b853914740
person:james_railton	authored	commit:a9eef1fbb1dc
person:janek_mann	authored	commit:8218f6cd3704
person:jared_deckard	authored	commit:8f18e672439f
person:jared_deckard	authored	commit:d3c86e517872
person:jared_deckard	authored	commit:f603275d8430
person:jared_deckard	authored	commit:fa9d2ac2ff7c
person:jaredtherriault	authored	commit:022639a14575
person:jaredtherriault	authored	commit:8f3b02f09535
person:jaredtherriault	authored	commit:f3d1631aab82
person:jetvarimax	authored	commit:fd435585864d
person:jibaku789	authored	commit:a5b6a5a3adcc
person:jibaku789	authored	commit:c2ea571005da
person:jlipnerpitt	authored	commit:e736c3b36b5e
person:joey_sanchez	authored	commit:0426b3478937
person:jorden_tse	authored	commit:2580235c72b0
person:jovijovi	authored	commit:259967b7c60c
person:ju1-js	authored	commit:1e30e4d9ebd9
person:ju1-js	authored	commit:7990ed92be7f
person:ju1-js	authored	commit:dc25a31d1a38
person:ju1-js	authored	commit:fc3063d9b924
person:kaalibro	authored	commit:1a79a5049bdf
person:kaalibro	authored	commit:1d42babd324b
person:kaalibro	authored	commit:39ec4cfea904
person:kaalibro	authored	commit:6513470f0db1
person:kaalibro	authored	commit:6b8143a84e11
person:kaalibro	authored	commit:94e966956666
person:kaalibro	authored	commit:9c201550ddae
person:kaalibro	authored	commit:c1c816006e47
person:kaalibro	authored	commit:cee1a4065162
person:kaalibro	authored	commit:f3ca6a92adf4
person:kaanyalova	authored	commit:49fee7c8dbb7
person:kamil_krzyżanowski	authored	commit:161b2944b8b9
person:keith	authored	commit:aef42bfec09a
person:keith	authored	commit:f517838c7501
person:kernelmethod	authored	commit:d29fe44e467c
person:keshav_nischal	authored	commit:88ba095fd022
person:khachatur_avanesian	authored	commit:3e223523ced2
person:khachatur_avanesian	authored	commit:77bd953da2f9
person:khachatur_avanesian	authored	commit:d295e97a0d7c
person:khachatur_avanesian	authored	commit:d33cb2b8122f
person:khachatur_avanesian	authored	commit:f00eaa4d0008
person:kilvoctu	authored	commit:247a34498b33
person:kilvoctu	authored	commit:32a4c8d961df
person:klimaleksus	authored	commit:4635f31270d1
person:kohaku-blueleaf	authored	commit:0181c1f76b97
person:kohaku-blueleaf	authored	commit:043d2edcf6a5
person:kohaku-blueleaf	authored	commit:073342c8878a
person:kohaku-blueleaf	authored	commit:094c416a801b
person:kohaku-blueleaf	authored	commit:0beb131c7ffa
person:kohaku-blueleaf	authored	commit:0dc179ee7256
person:kohaku-blueleaf	authored	commit:0ea61a74be5e
person:kohaku-blueleaf	authored	commit:12bcacf41393
person:kohaku-blueleaf	authored	commit:1601fccebca2
person:kohaku-blueleaf	authored	commit:1792e193b1ad
person:kohaku-blueleaf	authored	commit:17e14ed2d945
person:kohaku-blueleaf	authored	commit:1846ad36a3bd
person:kohaku-blueleaf	authored	commit:18ca987c92f5
person:kohaku-blueleaf	authored	commit:199c51d688c5
person:kohaku-blueleaf	authored	commit:1df6c8bfec47
person:kohaku-blueleaf	authored	commit:1f6bfdea80f5
person:kohaku-blueleaf	authored	commit:1fd69655fe34
person:kohaku-blueleaf	authored	commit:209c26a1cb9e
person:kohaku-blueleaf	authored	commit:21000f13a169
person:kohaku-blueleaf	authored	commit:2282eb8dd590
person:kohaku-blueleaf	authored	commit:23f03d4796be
person:kohaku-blueleaf	authored	commit:265bc26c2126
person:kohaku-blueleaf	authored	commit:27962ded4a53
person:kohaku-blueleaf	authored	commit:2aa485b5afb1
person:kohaku-blueleaf	authored	commit:2cb1b6530925
person:kohaku-blueleaf	authored	commit:302d95c72697
person:kohaku-blueleaf	authored	commit:370a77f8e78e
person:kohaku-blueleaf	authored	commit:3772a82a7076
person:kohaku-blueleaf	authored	commit:38aaad654bec
person:kohaku-blueleaf	authored	commit:3d31caf4a53c
person:kohaku-blueleaf	authored	commit:3d8b1af6beb9
person:kohaku-blueleaf	authored	commit:403b304162b6
person:kohaku-blueleaf	authored	commit:40ac134c553a
person:kohaku-blueleaf	authored	commit:4365c35bf9e2
person:kohaku-blueleaf	authored	commit:44744d6005da
person:kohaku-blueleaf	authored	commit:4830b2513664
person:kohaku-blueleaf	authored	commit:4a66d2fb2285
person:kohaku-blueleaf	authored	commit:4b88e24ebe77
person:kohaku-blueleaf	authored	commit:4eb949625c8c
person:kohaku-blueleaf	authored	commit:50a21cb09fe3
person:kohaku-blueleaf	authored	commit:5881dcb8873b
person:kohaku-blueleaf	authored	commit:58d5b042cd02
person:kohaku-blueleaf	authored	commit:591470d86d56
person:kohaku-blueleaf	authored	commit:598da5cd4928
person:kohaku-blueleaf	authored	commit:5a8dd0c549c0
person:kohaku-blueleaf	authored	commit:5dfb1f597b47
person:kohaku-blueleaf	authored	commit:5f9ddfa46f28
person:kohaku-blueleaf	authored	commit:6346d8eeaa17
person:kohaku-blueleaf	authored	commit:64179c32213f
person:kohaku-blueleaf	authored	commit:65a87ccc9bf9
person:kohaku-blueleaf	authored	commit:672dc4efa8e0
person:kohaku-blueleaf	authored	commit:6e7f0860f7ae
person:kohaku-blueleaf	authored	commit:70650f87a426
person:kohaku-blueleaf	authored	commit:72377b02518f
person:kohaku-blueleaf	authored	commit:735c9e805938
person:kohaku-blueleaf	authored	commit:750dd6014a45
person:kohaku-blueleaf	authored	commit:75336dfc84ca
person:kohaku-blueleaf	authored	commit:7882f76da45d
person:kohaku-blueleaf	authored	commit:78aed1fa4a98
person:kohaku-blueleaf	authored	commit:7c128bbdac0d
person:kohaku-blueleaf	authored	commit:7dc9d9e27e15
person:kohaku-blueleaf	authored	commit:81126027f522
person:kohaku-blueleaf	authored	commit:81e94de3185d
person:kohaku-blueleaf	authored	commit:851c3d51eda1
person:kohaku-blueleaf	authored	commit:890181e1d456
person:kohaku-blueleaf	authored	commit:891ccb767c38
person:kohaku-blueleaf	authored	commit:89c44bbc1548
person:kohaku-blueleaf	authored	commit:8fc67f3851ba
person:kohaku-blueleaf	authored	commit:90441294db16
person:kohaku-blueleaf	authored	commit:90ec557d6028
person:kohaku-blueleaf	authored	commit:9c1eba2af3a6
person:kohaku-blueleaf	authored	commit:a10487986925
person:kohaku-blueleaf	authored	commit:a2b83050965a
person:kohaku-blueleaf	authored	commit:a5436a3ac0d0
person:kohaku-blueleaf	authored	commit:a69b71a37f1f
person:kohaku-blueleaf	authored	commit:a6b245e46f28
person:kohaku-blueleaf	authored	commit:a6b5a513f9b8
person:kohaku-blueleaf	authored	commit:a97832033427
person:kohaku-blueleaf	authored	commit:aa26f8eb40c2
person:kohaku-blueleaf	authored	commit:aa57a89a21d7
person:kohaku-blueleaf	authored	commit:aa744cadc8e3
person:kohaku-blueleaf	authored	commit:b2e039d07bed
person:kohaku-blueleaf	authored	commit:b85ec2b9b664
person:kohaku-blueleaf	authored	commit:bd4da4474bef
person:kohaku-blueleaf	authored	commit:bf5067f50ca3
person:kohaku-blueleaf	authored	commit:bfbca310744e
person:kohaku-blueleaf	authored	commit:c134a480164b
person:kohaku-blueleaf	authored	commit:c2c05fcca8f3
person:kohaku-blueleaf	authored	commit:c4afdb7895a5
person:kohaku-blueleaf	authored	commit:ca671e5d7b9d
person:kohaku-blueleaf	authored	commit:d243e24f539d
person:kohaku-blueleaf	authored	commit:d4d3134f6d2d
person:kohaku-blueleaf	authored	commit:d8371d0b3c90
person:kohaku-blueleaf	authored	commit:d9cc27cb2992
person:kohaku-blueleaf	authored	commit:d9ddc5d4cd9e
person:kohaku-blueleaf	authored	commit:dda067f64d32
person:kohaku-blueleaf	authored	commit:e00365962b17
person:kohaku-blueleaf	authored	commit:e6269cba7fd8
person:kohaku-blueleaf	authored	commit:ea272152e0b5
person:kohaku-blueleaf	authored	commit:eaa9f5162fbc
person:kohaku-blueleaf	authored	commit:f383af2729ec
person:kohaku-blueleaf	authored	commit:f5d719d1f1ba
person:kohaku-blueleaf	authored	commit:f70ded89365f
person:kohaku-blueleaf	authored	commit:f82105144319
person:kohaku-blueleaf	authored	commit:f8f38c7c28e4
person:kohaku-blueleaf	authored	commit:f9ba7e648ad5
person:kohakublueleaf	authored	commit:42e6df723c68
person:kohakublueleaf	authored	commit:9f2ae1cb8501
person:kohakublueleaf	authored	commit:ddc2a3499b8c
person:kopyl	authored	commit:0c4ca5f43e5e
person:kopyl	authored	commit:2b42f73e3d19
person:kopyl	authored	commit:6094310704f4
person:kurilee	authored	commit:b2fc7dba2ede
person:kyle	authored	commit:269833067de1
person:kyle	authored	commit:3b2ad20ac175
person:kyle	authored	commit:67303fd5fc7b
person:kyle	authored	commit:6c6c6636bb12
person:kyle	authored	commit:ba6a4e7e9431
person:kyle	authored	commit:bd9b55ee908c
person:kyle	authored	commit:c27c0de0f73c
person:kyle	authored	commit:c8109f0dea0a
person:kyle	authored	commit:cf0cfefe910b
person:kyle	authored	commit:ee0a0da32441
person:laksjdjf	authored	commit:327186b484c3
person:laksjdjf	authored	commit:534cf60afb54
person:laksjdjf	authored	commit:9a1435946ce7
person:lambertae	authored	commit:128d59c9ccfb
person:lambertae	authored	commit:15a94d6cf7fa
person:lambertae	authored	commit:2f57a559ac33
person:lambertae	authored	commit:37e048a7e235
person:lambertae	authored	commit:40a18d38a8fc
person:lambertae	authored	commit:6233268964fe
person:lambertae	authored	commit:7bb0fbed136c
person:lambertae	authored	commit:8de6d3ff77e8
person:lambertae	authored	commit:ddbf4a73f5c0
person:lambertae	authored	commit:f87389029839
person:lanyeeee	authored	commit:00d4a4d4ac75
person:lanyeeee	authored	commit:91560e98c47f
person:lanyeeee	authored	commit:c069c2c56287
person:lanyeeee	authored	commit:f651405427df
person:learwin	authored	commit:a2f23f9d22dd
person:learwin	authored	commit:b6f74e936e4d
person:learwin	authored	commit:bc5ae74c7d89
person:learwin	authored	commit:d4945f4422e5
person:lenankamp	authored	commit:bbce16730509
person:lenankamp	authored	commit:ff6acd35d080
person:leo_mozoloa	authored	commit:c3eced22fc7b
person:leon	authored	commit:9821625a7617
person:leon	authored	commit:ab3d3528a18e
person:leon_feng	authored	commit:d380f939b5ab
person:leon_feng	authored	commit:d6668347c8b8
person:liam	authored	commit:54fd00ff8f6f
person:linkoid	authored	commit:1f0fdede1769
person:linkoid	authored	commit:3829afec365b
person:lipecarmel	authored	commit:5c7ab90a4ea0
person:littleor	authored	commit:187323a606bc
person:littleor	authored	commit:b73c405013f6
person:liubo0902	authored	commit:0c1c9e74cda6
person:liubo0902	authored	commit:413123f08a74
person:liubo0902	authored	commit:ff7027ffc075
person:ljleb	authored	commit:0674fabd0d82
person:ljleb	authored	commit:541a3db05ba7
person:ljleb	authored	commit:5b06607476d1
person:ljleb	authored	commit:6b68b590321f
person:ljleb	authored	commit:7b44b85730d3
person:ljleb	authored	commit:88a3e1d30624
person:ljleb	authored	commit:ca45ff1ae6fd
person:logan	authored	commit:1d7448281751
person:logan	authored	commit:73d1caf8f28a
person:logan	authored	commit:d6b4444069d3
person:loganbooker	authored	commit:f7e349cea497
person:louis_del_valle	authored	commit:c8732dfa6f76
person:lucas_daniel_velazquez_m	authored	commit:236eb82c3a91
person:lucas_daniel_velazquez_m	authored	commit:cdb60a690dcd
person:mackerel	authored	commit:3752aad23d4b
person:marcus_adams	authored	commit:5d94088eac40
person:marcusnyne	authored	commit:5fbac49791d9
person:marcusnyne	authored	commit:d2cc8ccb1155
person:marsel_markhabulin	authored	commit:989b89b12a8c
person:martín_(netux)_rodríguez	authored	commit:dd268c48c909
person:matěj_račinský	authored	commit:eddcdb806101
person:max_audron	authored	commit:14c0884fd094
person:max_audron	authored	commit:23a9d5e27390
person:max_audron	authored	commit:5eee2ac39863
person:max_audron	authored	commit:6b3981c0685c
person:meerkov	authored	commit:fbc5c531b9cf
person:michael_bachmann	authored	commit:cf17dfcd648e
person:micky_brunetti	authored	commit:749a93295e52
person:micky_brunetti	authored	commit:7fd3a4e6d7b1
person:micky_brunetti	authored	commit:d537a1f1b62d
person:mikhail_gribanov	authored	commit:1823526c103e
person:minux302	authored	commit:33947a3c6631
person:missionfloyd	authored	commit:01c8f1803a77
person:missionfloyd	authored	commit:06725af40b94
person:missionfloyd	authored	commit:0935d2c30472
person:missionfloyd	authored	commit:09a2da835ef9
person:missionfloyd	authored	commit:0b0767939d4c
person:missionfloyd	authored	commit:0e071ae504a8
person:missionfloyd	authored	commit:0eb5fde2fd42
person:missionfloyd	authored	commit:1615f786eeb5
person:missionfloyd	authored	commit:1cc7c4bfb31b
person:missionfloyd	authored	commit:1d096ed1456c
person:missionfloyd	authored	commit:254ad09ef3b3
person:missionfloyd	authored	commit:27d02597c78a
person:missionfloyd	authored	commit:3562b0dc7427
person:missionfloyd	authored	commit:3da13f0cc912
person:missionfloyd	authored	commit:3e67017dfb76
person:missionfloyd	authored	commit:3ebdd2afd376
person:missionfloyd	authored	commit:3f763d41e8ff
person:missionfloyd	authored	commit:3fa1ebed6295
person:missionfloyd	authored	commit:3fee3c34f1b0
person:missionfloyd	authored	commit:43bdaa2f0eda
person:missionfloyd	authored	commit:463ab841803b
person:missionfloyd	authored	commit:468056958b63
person:missionfloyd	authored	commit:4c7b22d37d14
person:missionfloyd	authored	commit:56ef5e9d4875
person:missionfloyd	authored	commit:575c17a8f9bc
person:missionfloyd	authored	commit:579f1ef27808
person:missionfloyd	authored	commit:5cb567c1384a
person:missionfloyd	authored	commit:5cbc1c5d438e
person:missionfloyd	authored	commit:5f4203bf9b62
person:missionfloyd	authored	commit:64fc936738d2
person:missionfloyd	authored	commit:679e8738759b
person:missionfloyd	authored	commit:69ad46b04767
person:missionfloyd	authored	commit:73a97cac1145
person:missionfloyd	authored	commit:76b1ad7daf35
person:missionfloyd	authored	commit:79a6c5a666ba
person:missionfloyd	authored	commit:7ef5551634f8
person:missionfloyd	authored	commit:7f46f81dd7b5
person:missionfloyd	authored	commit:7ff54005fee4
person:missionfloyd	authored	commit:8048f36072c8
person:missionfloyd	authored	commit:8052a4971e1b
person:missionfloyd	authored	commit:83a9dd82db51
person:missionfloyd	authored	commit:84c5b0801a25
person:missionfloyd	authored	commit:85bd9b3d3147
person:missionfloyd	authored	commit:86a46e81892c
person:missionfloyd	authored	commit:8e3ced73a8c8
person:missionfloyd	authored	commit:909c3dfe83ac
person:missionfloyd	authored	commit:954499a49409
person:missionfloyd	authored	commit:99aa702015b2
person:missionfloyd	authored	commit:99f3bf07d297
person:missionfloyd	authored	commit:9e23bacfbcb3
person:missionfloyd	authored	commit:a46c23b10f97
person:missionfloyd	authored	commit:a69daae01245
person:missionfloyd	authored	commit:a73f3bf0cfc8
person:missionfloyd	authored	commit:a862428902c4
person:missionfloyd	authored	commit:aa108bd02a82
person:missionfloyd	authored	commit:b3e593edcb72
person:missionfloyd	authored	commit:b5c33341a18f
person:missionfloyd	authored	commit:baa81126c485
person:missionfloyd	authored	commit:bf0b08321688
person:missionfloyd	authored	commit:bf9b1d64a310
person:missionfloyd	authored	commit:c04c4b95debd
person:missionfloyd	authored	commit:c1fdba59045c
person:missionfloyd	authored	commit:c4ea16a03f8f
person:missionfloyd	authored	commit:c602471b85d2
person:missionfloyd	authored	commit:c8336c45b98c
person:missionfloyd	authored	commit:cb8c447f0d37
person:missionfloyd	authored	commit:cca5782d183c
person:missionfloyd	authored	commit:d00f6dca2825
person:missionfloyd	authored	commit:d212fb59fe89
person:missionfloyd	authored	commit:d286df0a7145
person:missionfloyd	authored	commit:d7e3ea68b360
person:missionfloyd	authored	commit:d7f48472ccb2
person:missionfloyd	authored	commit:dafe5193633e
person:missionfloyd	authored	commit:df59b74cedf6
person:missionfloyd	authored	commit:e34949be52a8
person:missionfloyd	authored	commit:e5381320b99f
person:missionfloyd	authored	commit:e735be8b5b45
person:missionfloyd	authored	commit:ee172c0fc13a
person:missionfloyd	authored	commit:f4b332f0419e
person:missionfloyd	authored	commit:f731a728c680
person:missionfloyd	authored	commit:fbd34a68478c
person:missionfloyd	authored	commit:fd51b8501e1d
person:missionfloyd	authored	commit:fff1a0c74fb7
person:misterseajay	authored	commit:1c64bb71402c
person:misterseajay	authored	commit:a75314b41f93
person:mmp0	authored	commit:0998256fc5e0
person:mmp0	authored	commit:70283a9f4aa4
person:mmp0	authored	commit:96edfb560b32
person:mmp0	authored	commit:c4b11ec54e23
person:mmp0	authored	commit:e1b37a066d9b
person:mmp0	authored	commit:ed49c7c246c3
person:monty_anderson	authored	commit:efc985305954
person:mouhao	authored	commit:5427b7128db9
person:mrcheeze	authored	commit:1f0860034529
person:mrcheeze	authored	commit:293f44e6c1de
person:mrcheeze	authored	commit:6080045b2a09
person:mrcheeze	authored	commit:6b82efd73782
person:mrcheeze	authored	commit:8a34671fe91e
person:muhammad_rehan_aslam	authored	commit:0d5941edbc4c
person:muhammad_rehan_aslam	authored	commit:fe4d084390d3
person:mykeehu	authored	commit:82a28bfe3592
person:n0kovo	authored	commit:1ddb886a804d
person:n0kovo	authored	commit:2e7efe47b6c7
person:n0kovo	authored	commit:a97147bc8a43
person:nathanael_santoso	authored	commit:2edf73b38fbe
person:nathanael_santoso	authored	commit:3158d17ccf6a
person:nathanael_santoso	authored	commit:5ebe3b25044e
person:neil_mahseth	authored	commit:c258dd34a888
person:nelson_chen	authored	commit:a369a0cf658c
person:nick_harrison	authored	commit:844c23975f36
person:nick_harrison	authored	commit:be31e7e71a08
person:nick_harrison	authored	commit:f2b83517aa49
person:nicolas_patry	authored	commit:4f415ad639e8
person:nocrypt	authored	commit:45ab7475d61f
person:nocrypt	authored	commit:b0a6d61d733e
person:nocrypt	authored	commit:d22eb8a17f8d
person:nocrypt	authored	commit:da14f6a6632e
person:nocrypt	authored	commit:f74fb5049506
person:nonnonstop	authored	commit:b9a66b02d0b8
person:noubernou	authored	commit:25bbf31f5701
person:noubernou	authored	commit:53f62674ae55
person:nuullll	authored	commit:049d5642e58d
person:nuullll	authored	commit:16b4d2cf3f51
person:nuullll	authored	commit:59429793440f
person:nuullll	authored	commit:73786c047f14
person:nuullll	authored	commit:746783f7a47f
person:nuullll	authored	commit:7499148ad4db
person:nuullll	authored	commit:818d6a11e709
person:nuullll	authored	commit:87cd07b3af74
person:nuullll	authored	commit:8b40f475a311
person:nuullll	authored	commit:96871e4f7444
person:nuullll	authored	commit:a183de04e3f9
person:nuullll	authored	commit:e4b4a9c4acf0
person:nuullll	authored	commit:ec9acb314505
person:nuullll	authored	commit:f586f4973a0f
person:nyqui	authored	commit:bae2fca52332
person:obsol	authored	commit:3cd6e1d0a087
person:ochen1	authored	commit:5461b00e89eb
person:olivier_lacan	authored	commit:b0f7f4a99125
person:omahs	authored	commit:f898833ea387
person:onyasumi	authored	commit:5a32d4fcb195
person:opparco	authored	commit:b78c5e87baaf
person:pablo_cholaky	authored	commit:8d970a4a9714
person:pam	authored	commit:0981dea94832
person:pam	authored	commit:37acba263389
person:pam	authored	commit:8d7fa2f67cb0
person:pam	authored	commit:fec0a895119a
person:pangbo13	authored	commit:3ac5f9c471e4
person:pangbo13	authored	commit:c01dc1cb30f7
person:papuspartan	authored	commit:1c1106260300
person:papuspartan	authored	commit:26ab018253cb
person:papuspartan	authored	commit:55e52c878ab6
person:papuspartan	authored	commit:56680cd84ab6
person:papuspartan	authored	commit:5c8e53d5e98d
person:papuspartan	authored	commit:8c88bf40060c
person:papuspartan	authored	commit:917faa532537
person:papuspartan	authored	commit:a609bd56b420
person:papuspartan	authored	commit:a9902ca33119
person:papuspartan	authored	commit:ab195ab0da78
person:papuspartan	authored	commit:ac83627a31da
person:papuspartan	authored	commit:c2fdb44880e0
person:papuspartan	authored	commit:c510cfd24b99
person:papuspartan	authored	commit:c707b7df95a6
person:papuspartan	authored	commit:cf5a5773bfd1
person:papuspartan	authored	commit:dff60e2e7496
person:papuspartan	authored	commit:e960781511eb
person:papuspartan	authored	commit:ef8c0440512f
person:papuspartan	authored	commit:f0efc8c211fc
person:parityerror	authored	commit:5c051c0618be
person:parityerror	authored	commit:6439e72df2cd
person:parityerror	authored	commit:d78c4375833f
person:parityerror	authored	commit:f867d7b429d2
person:parityerror	authored	commit:fb68d93b6a57
person:permissiondenied7335	authored	commit:6ab0b65ed157
person:pieresimakp	authored	commit:252f15e046b0
person:pieresimakp	authored	commit:771ea212de13
person:pieresimakp	authored	commit:774c691df8b9
person:pieresimakp	authored	commit:fb72066ef6a2
person:pinanew	authored	commit:50bb6e117974
person:piotr_pomierski	authored	commit:bfe7e7f15fbc
person:pluventi	authored	commit:9a4e650800ad
person:qiuwen.wang	authored	commit:813535d38bbc
person:ramyma	authored	commit:31f57455dd60
person:ramyma	authored	commit:32788873176e
person:ramyma	authored	commit:3539885f0ecd
person:ramyma	authored	commit:4faaf3e723dd
person:ramyma	authored	commit:74d001bc68c2
person:ramyma	authored	commit:8c8c3617a703
person:ramyma	authored	commit:c1c04928596f
person:ravi_panchumarthy	authored	commit:7d94e5f33b70
person:rcins	authored	commit:9e27af76d14d
person:rcins	authored	commit:f55a7e04d812
person:reddeltas	authored	commit:18ec22bffea7
person:reimoo	authored	commit:527680cd7026
person:reimoo	authored	commit:6f77567e1322
person:reimoo	authored	commit:88515267b94c
person:remixer_dec	authored	commit:22bfcf135f8d
person:rene_kroon	authored	commit:16bdcce92d5b
person:richard_tallent	authored	commit:7b2917255a7d
person:ritesh_gangnani	authored	commit:44c5097375ae
person:ritesh_gangnani	authored	commit:44db35fb1ad5
person:ritesh_gangnani	authored	commit:ff1609f91ea0
person:robert_barron	authored	commit:085c903229af
person:robert_barron	authored	commit:54f926b11d29
person:robert_barron	authored	commit:8a40e30d08d4
person:robert_barron	authored	commit:99ab3d43a71e
person:robert_barron	authored	commit:c4ee6d9b7330
person:robert_barron	authored	commit:d1ba46b6e15d
person:roman_beltiukov	authored	commit:09d9c3d287ee
person:roman_beltiukov	authored	commit:bdc371983ea8
person:rucadi	authored	commit:3662a274e2b6
person:rucadi	authored	commit:a80d7d090ce1
person:rucadi	authored	commit:eb5eb8aa117c
person:ryankashi	authored	commit:4dd555916220
person:s-del	authored	commit:64d5fa1efd94
person:sakura-luna	authored	commit:1dcd6723242c
person:sakura-luna	authored	commit:29e13867bff5
person:sakura-luna	authored	commit:2c24e09dfc43
person:sakura-luna	authored	commit:32af211f4c6e
person:sakura-luna	authored	commit:35e5916af9cc
person:sakura-luna	authored	commit:38583be7af64
person:sakura-luna	authored	commit:4fb2cc0f060d
person:sakura-luna	authored	commit:57a3d146e3e1
person:sakura-luna	authored	commit:5c66fedb6418
person:sakura-luna	authored	commit:742da3193290
person:sakura-luna	authored	commit:7a13a3f4ba86
person:sakura-luna	authored	commit:8abfc95013d2
person:sakura-luna	authored	commit:8bc4a3a2a8d6
person:sakura-luna	authored	commit:91a15dca80f4
person:sakura-luna	authored	commit:96cba45d71cf
person:sakura-luna	authored	commit:988dd02632bf
person:sakura-luna	authored	commit:9a9557ecfc82
person:sakura-luna	authored	commit:a3cdf9aaf853
person:sakura-luna	authored	commit:ae17e97898af
person:sakura-luna	authored	commit:b023940032b3
person:sakura-luna	authored	commit:bd9b9d425a35
person:sakura-luna	authored	commit:cf07983a6e5a
person:sakura-luna	authored	commit:e14b586d0494
person:sakura-luna	authored	commit:e7dbefc3408c
person:sakura-luna	authored	commit:ef046fae3986
person:sakura-luna	authored	commit:efe81620a091
person:sakura-luna	authored	commit:eff00413ae76
person:sakura-luna	authored	commit:f29c41bf6dd0
person:sayo	authored	commit:34a82a345abe
person:sayo	authored	commit:f9abe4cddcdc
person:semjon00	authored	commit:fb661e089f24
person:shinshin86	authored	commit:6a676cc1856e
person:shondoit	authored	commit:21642000b33a
person:shondoit	authored	commit:669dbd9725b3
person:shondoit	authored	commit:bc50936745e1
person:shondoit	authored	commit:c4bfd20f3172
person:shondoit	authored	commit:edb10092de51
person:silver	authored	commit:00e09382cd85
person:silver	authored	commit:91ecc750bebc
person:sirfrags	authored	commit:abc4d3a6934f
person:siutin	authored	commit:3e5b3c79e49e
person:siutin	authored	commit:4242e194e417
person:siutin	authored	commit:70ab21e67d12
person:siutin	authored	commit:90366b8d8564
person:siutin	authored	commit:9407f1731aa8
person:siutin	authored	commit:984970068c2b
person:siutin	authored	commit:dbca51215434
person:siutin	authored	commit:e0b58527ff04
person:siyu_wu	authored	commit:44d66daaad3d
person:sj-si	authored	commit:019f6e3c5ad5
person:sj-si	authored	commit:02e6963325e5
person:sj-si	authored	commit:0726a6e12e85
person:sj-si	authored	commit:1fdc18e6a01e
person:sj-si	authored	commit:2310cd66e538
person:sj-si	authored	commit:261972f92910
person:sj-si	authored	commit:26e1cd7ec47c
person:sj-si	authored	commit:34fc215249e2
person:sj-si	authored	commit:3cc7572f5dec
person:sj-si	authored	commit:3db6938caa71
person:sj-si	authored	commit:46413b20a4d8
person:sj-si	authored	commit:4f9626703345
person:sj-si	authored	commit:50e444fa1d1c
person:sj-si	authored	commit:67a70ad112e1
person:sj-si	authored	commit:69f4f148dce0
person:sj-si	authored	commit:9dd25348248c
person:sj-si	authored	commit:b67a49441fc4
person:sj-si	authored	commit:ccee26b0653b
person:sj-si	authored	commit:d7d3166a2749
person:sj-si	authored	commit:d88424ef2a5d
person:sj-si	authored	commit:df8aa69a99e3
person:sj-si	authored	commit:f25c81a74462
person:sj-si	authored	commit:f49c220c03f9
person:snoppy	authored	commit:13f22974a42d
person:space-nuko	authored	commit:06cb0dc92095
person:space-nuko	authored	commit:0a4917ac4021
person:space-nuko	authored	commit:125319988984
person:space-nuko	authored	commit:1c0544abdbff
person:space-nuko	authored	commit:21880eb9e57b
person:space-nuko	authored	commit:2a4d3d21242d
person:space-nuko	authored	commit:3ccf6f5ae8e5
person:space-nuko	authored	commit:563d04878079
person:space-nuko	authored	commit:56f62d3851ff
person:space-nuko	authored	commit:5eb7ff776878
person:space-nuko	authored	commit:5fef67f6ee94
person:space-nuko	authored	commit:64bbd3bf030a
person:space-nuko	authored	commit:67955ca9e5cb
person:space-nuko	authored	commit:68999d0b15d6
person:space-nuko	authored	commit:716a69237cef
person:space-nuko	authored	commit:7201d940a4fe
person:space-nuko	authored	commit:75e7eb9172fb
person:space-nuko	authored	commit:79d57d02f15a
person:space-nuko	authored	commit:79ffb9453f8e
person:space-nuko	authored	commit:7c016dd642cc
person:space-nuko	authored	commit:7df7e4d22796
person:space-nuko	authored	commit:7ea5d395c44b
person:space-nuko	authored	commit:9377092a8926
person:space-nuko	authored	commit:945f6e5e9941
person:space-nuko	authored	commit:9b1fa8298127
person:space-nuko	authored	commit:a2d635ad1352
person:space-nuko	authored	commit:ad5afcaae0b4
person:space-nuko	authored	commit:afc349c2c0d7
person:space-nuko	authored	commit:b20737815a55
person:space-nuko	authored	commit:c5f9f7c23759
person:space-nuko	authored	commit:c88dcc20d495
person:space-nuko	authored	commit:c9647c8d23ef
person:space-nuko	authored	commit:d132481058f8
person:space-nuko	authored	commit:d3b188c82d10
person:space-nuko	authored	commit:d86beb822832
person:space-nuko	authored	commit:f22d0dde4e57
person:space-nuko	authored	commit:f3320b802c12
person:space-nuko	authored	commit:fb274229b2c5
person:space-nuko	authored	commit:fbaf6e4fd897
person:space-nuko	authored	commit:fc8e1008ea93
person:spaceginner	authored	commit:0cc5f380d5a2
person:spaceginner	authored	commit:1619233a7478
person:spaceginner	authored	commit:2de99d62dd80
person:spaceginner	authored	commit:57096823fadb
person:spaceginner	authored	commit:9ecf1e827c59
person:spaceginner	authored	commit:e425b9812b06
person:spaceginner	authored	commit:f5d73b6a6646
person:speculative_moonstone	authored	commit:ba2a737ccece
person:spensercai	authored	commit:3369fb27df6c
person:spensercai	authored	commit:4760c3c0b580
person:spensercai	authored	commit:dd07b5193efa
person:spezialspezial	authored	commit:6524478850ba
person:splendide_imaginarius	authored	commit:1503af60b055
person:splendide_imaginarius	authored	commit:56888644a672
person:splendide_imaginarius	authored	commit:72815c0211ae
person:splendide_imaginarius	authored	commit:a1825ee741bb
person:stablegeniusdiffuser	authored	commit:27e9e3f6fa41
person:stefan_benten	authored	commit:2974b9cee94d
person:storyicon	authored	commit:0980fdfe8c85
person:storyicon	authored	commit:4068429ac72c
person:storyicon	authored	commit:4f2a4a361511
person:storyicon	authored	commit:71314e47b1e5
person:storyicon	authored	commit:e73a7e40067c
person:strelokhalfer	authored	commit:fb5d0ef2090b
person:su_wei	authored	commit:7e2d39a2d158
person:su_wei	authored	commit:8ca34ad6d8cc
person:sumof2primes	authored	commit:64b7e8382377
person:sumof2primes	authored	commit:cd3cd0fca0f1
person:sunchaser	authored	commit:01f531e9b162
person:sunchaser	authored	commit:9b842e9ec745
person:superhero-7	authored	commit:2d947175b902
person:superhero-7	authored	commit:702a1e1cc702
person:superhero-7	authored	commit:f8f4ff2bb8f5
person:tangjicheng	authored	commit:089a0022ae9d
person:tangjicheng	authored	commit:10d4e4ace2d2
person:tangjicheng	authored	commit:14501f56aaf3
person:techneconn	authored	commit:5a1b62e9f804
person:tfwol	authored	commit:33365f15bf66
person:thatfuckingbird	authored	commit:8e1c3561beb3
person:thierry	authored	commit:384bfe22cd86
person:thierry	authored	commit:3c7b928914eb
person:thierry	authored	commit:baef594e4a2c
person:thomas_young	authored	commit:6825de7bc811
person:thottyottyotty	authored	commit:7b61acbd35e9
person:thottyottyotty	authored	commit:e373fd0c009b
person:thurion	authored	commit:1421e959600e
person:tom_haelbich	authored	commit:314ae1535ea1
person:tom_haelbich	authored	commit:f6762d2ad95e
person:tpinion	authored	commit:ac4c7f05cd38
person:tqwuliao	authored	commit:02e351880796
person:travis_geiselbrecht	authored	commit:bba306d414f1
person:ultranox\chris	authored	commit:9e72dc743480
person:ultranox\chris	authored	commit:cdc2fa209a3e
person:ultranox\chris	authored	commit:f4ec411f2c9d
person:ultranox\chris	authored	commit:f90798c6b6cc
person:uminosachi	authored	commit:042e1d5d0b1f
person:uminosachi	authored	commit:5159edbf0e0e
person:uminosachi	authored	commit:549b0fc5267e
person:uminosachi	authored	commit:8c200c215649
person:uminosachi	authored	commit:af5d2e8e5fc4
person:uminosachi	authored	commit:be301f224d26
person:unknown	authored	commit:40dc0132df0a
person:unknown	authored	commit:54291f9d63f0
person:unknown	authored	commit:8d986727b39e
person:unknown	authored	commit:b921a52071cf
person:unknown	authored	commit:bfa14db2cb0e
person:uservar	authored	commit:a51721cb09aa
person:v0xie	authored	commit:0550659ce6e1
person:v0xie	authored	commit:07805cbeee14
person:v0xie	authored	commit:1c6efdbba774
person:v0xie	authored	commit:2d8c894b274d
person:v0xie	authored	commit:2f1073dc6edf
person:v0xie	authored	commit:321680ccd0e0
person:v0xie	authored	commit:325eaeb584f8
person:v0xie	authored	commit:329c8bacce70
person:v0xie	authored	commit:3a5a66775c4c
person:v0xie	authored	commit:3b8515d2c9ab
person:v0xie	authored	commit:4a50c9638c3e
person:v0xie	authored	commit:613b0d9548a8
person:v0xie	authored	commit:6523edb8a45d
person:v0xie	authored	commit:65ccd6305fcf
person:v0xie	authored	commit:663a4d80dfae
person:v0xie	authored	commit:768354772853
person:v0xie	authored	commit:76f5abdbdb73
person:v0xie	authored	commit:7e1bd3e3c30e
person:v0xie	authored	commit:81c16c965e53
person:v0xie	authored	commit:853e21d98ead
person:v0xie	authored	commit:874954060297
person:v0xie	authored	commit:906d1179e9a3
person:v0xie	authored	commit:94275b115c2a
person:v0xie	authored	commit:9588721197bc
person:v0xie	authored	commit:9de7084884f4
person:v0xie	authored	commit:a2fad6ee055f
person:v0xie	authored	commit:a4668a16b6f8
person:v0xie	authored	commit:a5f66b500352
person:v0xie	authored	commit:a669b8a6bcf0
person:v0xie	authored	commit:bbf00a96afb2
person:v0xie	authored	commit:d10c4db57ed0
person:v0xie	authored	commit:d6d0b22e6657
person:v0xie	authored	commit:d727ddfccdc6
person:v0xie	authored	commit:de8ee92ed88b
person:v0xie	authored	commit:e285af6e4817
person:v0xie	authored	commit:eb01d7f0e0fb
person:v0xie	authored	commit:eb667e715ad3
person:v0xie	authored	commit:eb6f2df82608
person:v0xie	authored	commit:ec718f76b58b
person:v0xie	authored	commit:f6c8201e5663
person:v0xie	authored	commit:f6f055a93df4
person:v0xie	authored	commit:fce86ab7d756
person:v0xie	authored	commit:fd383140cf40
person:v0xie	authored	commit:fe1967a4c4a0
person:vesnica	authored	commit:08f93da17c02
person:vespinian	authored	commit:2174f58daee1
person:vespinian	authored	commit:23f6dfce4cd3
person:vespinian	authored	commit:3b6de96467b0
person:vespinian	authored	commit:49bbdbe4476a
person:vespinian	authored	commit:5546e71a1050
person:vespinian	authored	commit:70a0a1178374
person:vespinian	authored	commit:a39c4cf766a9
person:vespinian	authored	commit:c6c2a59333c7
person:vespinian	authored	commit:db602b100e27
person:vespinian	authored	commit:dfa258de5f87
person:vespinian	authored	commit:f04bd037a51d
person:vespinian	authored	commit:f3715795710b
person:vespinian	authored	commit:f6374934db00
person:viking1304	authored	commit:5867be2914c3
person:viking1304	authored	commit:6ddcd8914ba7
person:viking1304	authored	commit:a772fd980494
person:viking1304	authored	commit:ec3c31e7a19f
person:vivek_k._vasishtha	authored	commit:b1a72bc7e292
person:vladimir_mandic	authored	commit:03a80f198e8c
person:vladimir_mandic	authored	commit:04a561c11c9b
person:vladimir_mandic	authored	commit:1226028b9c1b
person:vladimir_mandic	authored	commit:23d4fb5bf240
person:vladimir_mandic	authored	commit:250193ee933e
person:vladimir_mandic	authored	commit:29ce0bf4f2e7
person:vladimir_mandic	authored	commit:3c6459154fb1
person:vladimir_mandic	authored	commit:3ca41dbded11
person:vladimir_mandic	authored	commit:3ee9ca5cb06b
person:vladimir_mandic	authored	commit:45e270dfc853
person:vladimir_mandic	authored	commit:4c562a983234
person:vladimir_mandic	authored	commit:4fa59b045add
person:vladimir_mandic	authored	commit:5387576c5963
person:vladimir_mandic	authored	commit:6e1b296baf7a
person:vladimir_mandic	authored	commit:7893533674e3
person:vladimir_mandic	authored	commit:7fb72edaffd3
person:vladimir_mandic	authored	commit:80752f43b22a
person:vladimir_mandic	authored	commit:8179901f9cc3
person:vladimir_mandic	authored	commit:83829471decb
person:vladimir_mandic	authored	commit:925dd09c91e7
person:vladimir_mandic	authored	commit:9c7e6d5bbaa5
person:vladimir_mandic	authored	commit:a320d157ec02
person:vladimir_mandic	authored	commit:a47c18297e16
person:vladimir_mandic	authored	commit:b012d70f1564
person:vladimir_mandic	authored	commit:bd67c41f5415
person:vladimir_mandic	authored	commit:d5063e07e8b4
person:vladimir_mandic	authored	commit:ed43a822b2df
person:vladimir_mandic	authored	commit:f2ed6295b904
person:vladimir_mandic	authored	commit:f8e219bad9f3
person:vladimir_mandic	authored	commit:fb088bfb6409
person:vladimir_mandic	authored	commit:fc4d593b4e06
person:vladimir_repin	authored	commit:7dd23973f7e7
person:vladimir_repin	authored	commit:982295aee53d
person:vladimir_repin	authored	commit:d82d471bf779
person:vladimir_repin	authored	commit:df8ee5f6b059
person:vladlearns	authored	commit:09c73710c914
person:vladlearns	authored	commit:13081dd45ece
person:vladlearns	authored	commit:b07b7057f063
person:w-e-w	authored	commit:00901bfbe009
person:w-e-w	authored	commit:014e7323f6f5
person:w-e-w	authored	commit:03ee297aa222
person:w-e-w	authored	commit:0466ee2a8368
person:w-e-w	authored	commit:061a4a295dd5
person:w-e-w	authored	commit:0a0a9d4fe92b
person:w-e-w	authored	commit:0a277ab59183
person:w-e-w	authored	commit:0b83f4c26376
person:w-e-w	authored	commit:0bf09c30c608
person:w-e-w	authored	commit:0c5427960b3a
person:w-e-w	authored	commit:0cac6ab6153d
person:w-e-w	authored	commit:0cf85b24df4c
person:w-e-w	authored	commit:0d1ef296b9f7
person:w-e-w	authored	commit:0dd6bca4f1a4
person:w-e-w	authored	commit:0e3bac8132e6
person:w-e-w	authored	commit:0f40c4b9b116
person:w-e-w	authored	commit:1091e3a37eb3
person:w-e-w	authored	commit:10945aa41a15
person:w-e-w	authored	commit:109bbda70959
person:w-e-w	authored	commit:10f2407f48fa
person:w-e-w	authored	commit:11f827c58b27
person:w-e-w	authored	commit:123641e4ec93
person:w-e-w	authored	commit:13fd466c181e
person:w-e-w	authored	commit:1411a6e74b2f
person:w-e-w	authored	commit:14b9762bcab4
person:w-e-w	authored	commit:14e55a330146
person:w-e-w	authored	commit:18e3e6d6abfc
person:w-e-w	authored	commit:1a1205f601d2
person:w-e-w	authored	commit:1b0823db94ab
person:w-e-w	authored	commit:1c9d1b0ee06c
person:w-e-w	authored	commit:1d60a609a9d7
person:w-e-w	authored	commit:1d7dcdb6c38c
person:w-e-w	authored	commit:1e1176b6eb4b
person:w-e-w	authored	commit:1e696b028adb
person:w-e-w	authored	commit:1f392517f893
person:w-e-w	authored	commit:20123d427b09
person:w-e-w	authored	commit:208ccfbe7c04
person:w-e-w	authored	commit:219e64489c9c
person:w-e-w	authored	commit:21e72d1a5e6c
person:w-e-w	authored	commit:237b70417248
person:w-e-w	authored	commit:23a0e60b9bf9
person:w-e-w	authored	commit:246c269af877
person:w-e-w	authored	commit:24a23e122524
person:w-e-w	authored	commit:24a59ad3d2f9
person:w-e-w	authored	commit:25de9a785cc9
person:w-e-w	authored	commit:25e8273d2f64
person:w-e-w	authored	commit:27947a79d619
person:w-e-w	authored	commit:27d96fa608da
person:w-e-w	authored	commit:28b084ca2538
person:w-e-w	authored	commit:2970d712ee52
person:w-e-w	authored	commit:2996e43ff71c
person:w-e-w	authored	commit:299eb5430836
person:w-e-w	authored	commit:2abc628899aa
person:w-e-w	authored	commit:2aca613a61ac
person:w-e-w	authored	commit:2ad17a6100be
person:w-e-w	authored	commit:2b717bb195a3
person:w-e-w	authored	commit:2bbe3f5f0ace
person:w-e-w	authored	commit:2c10fda39900
person:w-e-w	authored	commit:2ccc832b3333
person:w-e-w	authored	commit:2cf23099ebb8
person:w-e-w	authored	commit:2e1710d88edc
person:w-e-w	authored	commit:33e6bc34ff4f
person:w-e-w	authored	commit:340fce2113b6
person:w-e-w	authored	commit:344eda55d455
person:w-e-w	authored	commit:348c6022f330
person:w-e-w	authored	commit:35d1c94549cf
person:w-e-w	authored	commit:35fd24e857e6
person:w-e-w	authored	commit:36d1fefc19ec
person:w-e-w	authored	commit:36ecff71aea2
person:w-e-w	authored	commit:376f793bded0
person:w-e-w	authored	commit:381674739eff
person:w-e-w	authored	commit:38a7dc54885f
person:w-e-w	authored	commit:3c0c27757944
person:w-e-w	authored	commit:3e068de0dcec
person:w-e-w	authored	commit:3f6dcda3e505
person:w-e-w	authored	commit:4130e5db3d5c
person:w-e-w	authored	commit:41f66849c7fe
person:w-e-w	authored	commit:4412398c4b40
person:w-e-w	authored	commit:45881703c5b1
person:w-e-w	authored	commit:45a51c07e2ce
person:w-e-w	authored	commit:46e4777fd60c
person:w-e-w	authored	commit:46ef1857098d
person:w-e-w	authored	commit:47cf92039b52
person:w-e-w	authored	commit:47ed9b2d3982
person:w-e-w	authored	commit:486aeda3a75e
person:w-e-w	authored	commit:49fb2a337661
person:w-e-w	authored	commit:4a449375a202
person:w-e-w	authored	commit:4bc39d234d65
person:w-e-w	authored	commit:4d9f2c3ec8e7
person:w-e-w	authored	commit:4debd4d3ef62
person:w-e-w	authored	commit:50158a1fc9b4
person:w-e-w	authored	commit:501ac016da8c
person:w-e-w	authored	commit:510f025a0173
person:w-e-w	authored	commit:51e7122f25c2
person:w-e-w	authored	commit:53ccdefc015d
person:w-e-w	authored	commit:542611cce488
person:w-e-w	authored	commit:5432d9301359
person:w-e-w	authored	commit:543ea5730b8c
person:w-e-w	authored	commit:592e40ebe937
person:w-e-w	authored	commit:59d060fd5ea9
person:w-e-w	authored	commit:5a5fe7494ad6
person:w-e-w	authored	commit:5ab7d08a0a99
person:w-e-w	authored	commit:5b761b49ade3
person:w-e-w	authored	commit:5be6c026f557
person:w-e-w	authored	commit:5d5224b322e8
person:w-e-w	authored	commit:600f339c4cf1
person:w-e-w	authored	commit:6091c4e4aa32
person:w-e-w	authored	commit:630563249340
person:w-e-w	authored	commit:63485b2c55d2
person:w-e-w	authored	commit:6387f0e85d20
person:w-e-w	authored	commit:63fd38a04f91
person:w-e-w	authored	commit:640cb1bb8dfb
person:w-e-w	authored	commit:657404b75b2f
person:w-e-w	authored	commit:663fb8797612
person:w-e-w	authored	commit:67cd4ec0aabb
person:w-e-w	authored	commit:681c16dd1e91
person:w-e-w	authored	commit:6916de5c0bd8
person:w-e-w	authored	commit:6a7042fe2fe2
person:w-e-w	authored	commit:6acd8e28fcec
person:w-e-w	authored	commit:6b8458eb9f58
person:w-e-w	authored	commit:6c7c176dc9b2
person:w-e-w	authored	commit:6d11cda41886
person:w-e-w	authored	commit:6d337bf23dae
person:w-e-w	authored	commit:6efdfe3234d0
person:w-e-w	authored	commit:6fb2194d9cc2
person:w-e-w	authored	commit:706f63adfaf3
person:w-e-w	authored	commit:71072f56204c
person:w-e-w	authored	commit:720fc8827307
person:w-e-w	authored	commit:72cfa2829d95
person:w-e-w	authored	commit:72f6367b9b34
person:w-e-w	authored	commit:74b80e72115a
person:w-e-w	authored	commit:74ee8fd1e32d
person:w-e-w	authored	commit:758335176049
person:w-e-w	authored	commit:7749f2d8ade9
person:w-e-w	authored	commit:775fa7696b90
person:w-e-w	authored	commit:7870937c770a
person:w-e-w	authored	commit:7a6460142837
person:w-e-w	authored	commit:7a68ac661574
person:w-e-w	authored	commit:7ca20adc6dc7
person:w-e-w	authored	commit:7d7f7f4b49cc
person:w-e-w	authored	commit:7dfee8a3bd7c
person:w-e-w	authored	commit:7f1d087cba68
person:w-e-w	authored	commit:7f2214aa2b9a
person:w-e-w	authored	commit:81bbe31d9ff1
person:w-e-w	authored	commit:821adc3041b5
person:w-e-w	authored	commit:82884da18c8f
person:w-e-w	authored	commit:851bf4352022
person:w-e-w	authored	commit:854f8c318c26
person:w-e-w	authored	commit:887a5122083d
person:w-e-w	authored	commit:89103b47475b
person:w-e-w	authored	commit:892e703b59b2
person:w-e-w	authored	commit:8941297ceb3e
person:w-e-w	authored	commit:8a1f32b6a5ce
person:w-e-w	authored	commit:8a6e4bda21dd
person:w-e-w	authored	commit:8b74389e76a7
person:w-e-w	authored	commit:8ce613bb3af2
person:w-e-w	authored	commit:8d6f7417385d
person:w-e-w	authored	commit:8d9ca46e0a09
person:w-e-w	authored	commit:8f8405274c6a
person:w-e-w	authored	commit:8fa3fa76c392
person:w-e-w	authored	commit:9142be0a0d8c
person:w-e-w	authored	commit:92501d4f8006
person:w-e-w	authored	commit:92e6aa365371
person:w-e-w	authored	commit:93015964c7c9
person:w-e-w	authored	commit:957185f7eb5a
person:w-e-w	authored	commit:964fc13a99d4
person:w-e-w	authored	commit:969a462ac9ea
person:w-e-w	authored	commit:96e446218cf8
person:w-e-w	authored	commit:9857537053a1
person:w-e-w	authored	commit:98c5fa920158
person:w-e-w	authored	commit:9c2a7f1e8baf
person:w-e-w	authored	commit:9c8075ba8e53
person:w-e-w	authored	commit:9d2cbf8e9783
person:w-e-w	authored	commit:9d3938070561
person:w-e-w	authored	commit:9d964d3fc328
person:w-e-w	authored	commit:9dce2aa735d2
person:w-e-w	authored	commit:9e0f6d2012bf
person:w-e-w	authored	commit:9e9090753255
person:w-e-w	authored	commit:9fd0cd6a805e
person:w-e-w	authored	commit:a15dd151ffb4
person:w-e-w	authored	commit:a18e54ecd756
person:w-e-w	authored	commit:a2e213bc7ba2
person:w-e-w	authored	commit:a3a648bf6bf4
person:w-e-w	authored	commit:a3db187e4f1e
person:w-e-w	authored	commit:a423f23d2892
person:w-e-w	authored	commit:a63946233b71
person:w-e-w	authored	commit:a75d756a6fc3
person:w-e-w	authored	commit:a81dc43fcd99
person:w-e-w	authored	commit:a98ae89bde80
person:w-e-w	authored	commit:aab385d01b43
person:w-e-w	authored	commit:ab5741717546
person:w-e-w	authored	commit:abacb735f4f2
person:w-e-w	authored	commit:ae17c775dcb3
person:w-e-w	authored	commit:af2951ed53da
person:w-e-w	authored	commit:b1695c1b68f0
person:w-e-w	authored	commit:b1a16a298c7f
person:w-e-w	authored	commit:b1c6e39620dd
person:w-e-w	authored	commit:b30cc87b786d
person:w-e-w	authored	commit:b313221ca6d1
person:w-e-w	authored	commit:b5b1487f6a7c
person:w-e-w	authored	commit:b617c634a8c8
person:w-e-w	authored	commit:b8a903efbe76
person:w-e-w	authored	commit:b95a41ad724c
person:w-e-w	authored	commit:b9664ab61548
person:w-e-w	authored	commit:ba05e3278968
person:w-e-w	authored	commit:bbe8e02d74ab
person:w-e-w	authored	commit:bbfff771d733
person:w-e-w	authored	commit:bc91f15ed32a
person:w-e-w	authored	commit:bd85b3f19b35
person:w-e-w	authored	commit:bd9b3d15e8f6
person:w-e-w	authored	commit:bf5e5f4269a2
person:w-e-w	authored	commit:bfc48fbc2441
person:w-e-w	authored	commit:c03856bfdf30
person:w-e-w	authored	commit:c1027806936f
person:w-e-w	authored	commit:c1e04c63b3d2
person:w-e-w	authored	commit:c278e60131d3
person:w-e-w	authored	commit:c2808f3040ba
person:w-e-w	authored	commit:c2ed4132037a
person:w-e-w	authored	commit:c3d51fc696bb
person:w-e-w	authored	commit:c3d8b78b47dd
person:w-e-w	authored	commit:c40f33ca0475
person:w-e-w	authored	commit:c4255d12f753
person:w-e-w	authored	commit:c485a7d12e26
person:w-e-w	authored	commit:c68aabc85215
person:w-e-w	authored	commit:c69773d7e8f2
person:w-e-w	authored	commit:c75bda867be5
person:w-e-w	authored	commit:c77f01ff3107
person:w-e-w	authored	commit:c8b55f29e283
person:w-e-w	authored	commit:c8d453e91561
person:w-e-w	authored	commit:c985d23c52b5
person:w-e-w	authored	commit:cc41cc434951
person:w-e-w	authored	commit:cc80a09d82af
person:w-e-w	authored	commit:cc9c1719786d
person:w-e-w	authored	commit:cd03317c05b5
person:w-e-w	authored	commit:cde0d642f34b
person:w-e-w	authored	commit:cf1edc2b54d7
person:w-e-w	authored	commit:cfb90a938eff
person:w-e-w	authored	commit:cfbe68184c6e
person:w-e-w	authored	commit:d1bfc86ffcbe
person:w-e-w	authored	commit:d1ff57e1cb60
person:w-e-w	authored	commit:d20eb11c9e21
person:w-e-w	authored	commit:d224fed0ce16
person:w-e-w	authored	commit:d2878a8b0b95
person:w-e-w	authored	commit:d3fdc4af61b7
person:w-e-w	authored	commit:d44f241317d6
person:w-e-w	authored	commit:d47324b898d0
person:w-e-w	authored	commit:d5f6fdb3c442
person:w-e-w	authored	commit:d608926f817b
person:w-e-w	authored	commit:d80962681ae0
person:w-e-w	authored	commit:db263df5d5c1
person:w-e-w	authored	commit:dc57ec0296e7
person:w-e-w	authored	commit:dc5b5ee9c6be
person:w-e-w	authored	commit:dd20fc0fda5a
person:w-e-w	authored	commit:dd4f798b97de
person:w-e-w	authored	commit:ddf3d1a7ac51
person:w-e-w	authored	commit:de04573438bc
person:w-e-w	authored	commit:de1809bd1445
person:w-e-w	authored	commit:dea5e43c8359
person:w-e-w	authored	commit:df5a3cbefe46
person:w-e-w	authored	commit:e0e64bcdf606
person:w-e-w	authored	commit:e1a29266b294
person:w-e-w	authored	commit:e1dfd452c044
person:w-e-w	authored	commit:e36827af3254
person:w-e-w	authored	commit:e3aabe6959c2
person:w-e-w	authored	commit:e422f19ee9f7
person:w-e-w	authored	commit:e4726cccf960
person:w-e-w	authored	commit:e785402b6acc
person:w-e-w	authored	commit:e9809de65121
person:w-e-w	authored	commit:e9c591b10194
person:w-e-w	authored	commit:e9d4da7b567b
person:w-e-w	authored	commit:ea49bb061252
person:w-e-w	authored	commit:eaace155cebe
person:w-e-w	authored	commit:eae0bb89fd0e
person:w-e-w	authored	commit:ec580374e54c
person:w-e-w	authored	commit:edd766e70ae3
person:w-e-w	authored	commit:edfae95d90a4
person:w-e-w	authored	commit:ee9d4870811a
person:w-e-w	authored	commit:ef83f6831fd7
person:w-e-w	authored	commit:f015b94176d6
person:w-e-w	authored	commit:f098e726d3e6
person:w-e-w	authored	commit:f117bb64fc51
person:w-e-w	authored	commit:f12886aefa4f
person:w-e-w	authored	commit:f131f84e13d6
person:w-e-w	authored	commit:f4d9297127eb
person:w-e-w	authored	commit:f56a30943299
person:w-e-w	authored	commit:f57bc1a21ba3
person:w-e-w	authored	commit:f5959c1c3022
person:w-e-w	authored	commit:f71a3c9c3a8f
person:w-e-w	authored	commit:f8042cb323f0
person:w-e-w	authored	commit:fb44838176f5
person:w-e-w	authored	commit:fb62f1fb4090
person:w-e-w	authored	commit:fccd0b00c2ca
person:w-e-w	authored	commit:fd1639346584
person:w-e-w	authored	commit:fd617fad006b
person:w-e-w	authored	commit:fe33be6cac14
person:w-e-w	authored	commit:fee593a07f57
person:wangqiuwen	authored	commit:76010a51ef1f
person:wangqiuwen	authored	commit:770ee23f18d1
person:wangqyqq	authored	commit:9feb034e343d
person:wangqyqq	authored	commit:bfe418a58d39
person:wangshuai09	authored	commit:3fb1c2e58d30
person:wangshuai09	authored	commit:994e08aac1f8
person:wangshuai09	authored	commit:b7aa425344ea
person:wangshuai09	authored	commit:ba66cf8d69b7
person:wangshuai09	authored	commit:cc3f60431045
person:wangshuai09	authored	commit:ec124607f473
person:webdev	authored	commit:30f31d23c6d2
person:webdev	authored	commit:39db1d09d1a2
person:webdev	authored	commit:47b52d9b28aa
person:webdev	authored	commit:4dde96109bb9
person:webdev	authored	commit:541881e3188b
person:webdev	authored	commit:92032f2da8e5
person:webdev	authored	commit:bcdcc8be7d5f
person:weidong	authored	commit:152ed34ccc60
person:weiming	authored	commit:95cb492e4106
person:weiming	authored	commit:aa6e98e43c2c
person:weiming	authored	commit:e378590d33ae
person:weiming_dong	authored	commit:251be61a80e9
person:wfjsw	authored	commit:0d1924c48be3
person:wfjsw	authored	commit:0fc7dc1c04a0
person:wfjsw	authored	commit:3bb32befe952
person:wfjsw	authored	commit:3c570421d3a2
person:wfjsw	authored	commit:48d6102b3105
person:wfjsw	authored	commit:520e52f84689
person:wfjsw	authored	commit:75f56406cede
person:wfjsw	authored	commit:7af576e745c7
person:wfjsw	authored	commit:ac2a981c4f30
person:wfjsw	authored	commit:bc1a450124ab
person:wfjsw	authored	commit:bde439ef6777
person:whitebell	authored	commit:b39d9364d8a3
person:whw1sfb	authored	commit:e5dd5d733577
person:will_frey	authored	commit:fb1cb6d36420
person:willtakasan	authored	commit:428143259408
person:won-kyu_park	authored	commit:117ec7199416
person:won-kyu_park	authored	commit:5121846d34d7
person:won-kyu_park	authored	commit:afd062458760
person:won-kyu_park	authored	commit:c2279da52260
person:won-kyu_park	authored	commit:dbb10fbd8c2d
person:won-kyu_park	authored	commit:deeec0b34359
person:won-kyu_park	authored	commit:fbc8d2135460
person:woweenie	authored	commit:d9d94141dcfc
person:wywywywy	authored	commit:80b847e72dac
person:wywywywy	authored	commit:9dc722bcf27d
person:wzgrx	authored	commit:0dcf6436a868
person:wzgrx	authored	commit:952effa8b10d
person:xdonedude	authored	commit:61c1261e4e50
person:xdonedude	authored	commit:956e1d8d90ed
person:xiaomeng_mai	authored	commit:9ec2ba2d28bb
person:xiaomeng_mai	authored	commit:de022c4c8024
person:xiaomeng_mai	authored	commit:e9bd18c57bd8
person:xsinstarx	authored	commit:b0f265354121
person:yajun	authored	commit:f29b4cd7cb4d
person:yea_chen	authored	commit:c48bbccf12f1
person:yea_chen	authored	commit:f85a192f998d
person:yedpodtrzitko	authored	commit:0d2cf9ac186f
person:yevhenii_hurin	authored	commit:1e2b10d2dcdf
person:yevhenii_hurin	authored	commit:5997457fd48c
person:yevhenii_hurin	authored	commit:7c53f81caf81
person:yevhenii_hurin	authored	commit:edabd927296d
person:yfzhou	authored	commit:cb7573489670
person:yike5460	authored	commit:1aba8d82cbb8
person:yike5460	authored	commit:7c62bb2788d9
person:yoinked	authored	commit:905c3fe23ee7
person:your_name	authored	commit:7021cdb1de12
person:ysh	authored	commit:1f8f3a6e8bdb
person:ysh	authored	commit:c803e11505ca
person:ysh	authored	commit:f1e0bfebfc94
person:z_nonymous	authored	commit:18e4ca469442
person:zetclansu	authored	commit:4b4902050684
person:zhang_hua	authored	commit:1fa1ab5249cc
person:zhang_hua	authored	commit:8106117a474a
person:zhang_hua	authored	commit:8e0d16e74675
person:zhang_hua	authored	commit:9abe2f5e74f0
person:zhang_hua	authored	commit:d006108d75d7
person:zhang_hua	authored	commit:d25c4b13e4be
person:zhtttylz	authored	commit:f7ae0e68c9c9
person:zijiren233	authored	commit:4f4debbadbf6
person:zixaphir	authored	commit:26d0d87f5b05
person:zixaphir	authored	commit:41196ccbf755
person:zixaphir	authored	commit:78c1a74660a2
person:zixaphir	authored	commit:d6478a60aa7c
person:zolxys	authored	commit:701feabf496b
person:φφ	authored	commit:4cbbb881ee53
person:王怀宗	authored	commit:250a95b6fecc
person:王怀宗	authored	commit:6c0d5d119857
person:王怀宗	authored	commit:f4633cb9c03c
person:王秋文/qwwang	authored	commit:8e355fbd7552
person:蚊子	authored	commit:8462d07116b8
person:陳鈞	authored	commit:02a4ceabddea
